:10000000C04E0020E1A5000047260100CDA500005C
:10001000CDA50000CDA50000CDA50000000000008A
:1000200000000000000000000000000059A70000D0
:10003000CDA5000000000000F1A60000CDA5000045
:1000400045A900007B49010045A9000045A9000021
:1000500045A9000045A9000045A9000045A90000E8
:100060004B49010045A9000045A900006549010070
:1000700045A9000045A9000045A9000045A90000C8
:1000800045A9000045A9000045A9000045A90000B8
:1000900045A9000045A9000045A9000045A90000A8
:1000A00045A9000045A9000045A9000045A9000098
:1000B00045A9000045A9000045A9000045A9000088
:1000C00045A9000045A9000045A9000045A9000078
:0C00D00045A9000045A9000045A900005A
:1000DC00064B074A9B7802604FF490728280C37182
:1000EC000822FF2382710372704700BFB005002005
:1000FC00E1860000F8B5C41D002824F0070405466D
:10010C0014BF2046002000F0F9FA071E02DA6FF047
:10011C000B00F8BD0DB9FC42F9D4294E3189F08899
:10012C00F37AB27A0331033089B280B207F024FC3F
:10013C000028ECDB317873783C440334002D1944EF
:10014C0024F0030400FB01F114BF2046002000F052
:10015C0061FC20440DB90028D9DBB2780346B2B15A
:10016C00F17CF37811441944FF29D0DC0330002DC5
:10017C0020F0030414BF20460020F289C9B200F01D
:10018C009FFC031EC3DB23440DB9002BBFDB317C6A
:10019C0081B1B27872B10733002D23F0070414BF7C
:1001AC002046002001F08AFE031EB0DB23440DB96B
:1001BC00002BACDB002D0CBF18460020A9E700BFBC
:1001CC00B00500201FB572B6184BDD6AE5B9BFF358
:1001DC004F8F1749174BCA6802F4E0621343CB6088
:1001EC00BFF34F8F00BFFDE7B2FBF6F2DCB2013379
:1001FC00002AF9D104F110036B4403F80C2C0A22E9
:10020C0034B901A8A847E2E7024600230A26EDE725
:10021C00631E04AEDCB256FA83F3B0FBF2F602FBBB
:10022C001600303003F80C0C3046E9E7B00500201E
:10023C0000ED00E00400FA0507B50C4BDA7A8DF8F6
:10024C0001209A7A8DF8002068461A89DB88ADF86F
:10025C000420ADF8023001F0EDF818B1DB210320D9
:10026C00FFF7B0FF03B05DF804FB00BFB005002042
:10027C0038B5054668B306F0C3FB10B94FF0FF3034
:10028C0038BD03F0DFFEB0F5FA7FF7D8134C1448F5
:10029C00E562002500F0ACF92A222946204684F8B4
:1002AC00305006F041FF01236370A3701B23E380E1
:1002BC00238140F2032363811F23E38108232374EA
:1002CC00EFF3108472B600F0D1FC2CB962B6204664
:1002DC00D6E76FF01500D3E72846D1E7B00500202C
:1002EC004502000010B5002842D1244C94F830305F
:1002FC00032B3AD059B1002A3DD00239052937D801
:10030C00DFE801F0031428362B2E137863700020DD
:10031C00FFF7F0FE0028B7BF0123022384F830302A
:10032C006FF00B00A8BF84F8303010BD137913B3F5
:10033C00537903B31188FB291DD81A2953881AD96C
:10034C001B3BE02B17D81368C4F806300C4B928873
:10035C009A80DCE71378A370D9E71388E381D6E79A
:10036C001388FF2B07D82374D1E74FF0FF30DCE75D
:10037C006FF02C00D9E76FF01500D6E7B005002020
:10038C00B6050020F8B50D46064630B329B311F07A
:10039C00070422D1124F97F83030012B02D16FF0A5
:1003AC000B00F8BD032B02D14FF0FF30F9E700F042
:1003BC005FF80028F8D02846FFF79CFE0028EEDBFB
:1003CC0008F05AFB3046214601F078F8FFF734FF6D
:1003DC00032387F830302046E3E76FF01500E0E7A1
:1003EC00B005002010B5074C94F83030032B03D126
:1003FC0001F07CF801F08EFC07F0B4FB002084F8CF
:10040C00300010BDB005002050B1074B03F11402B1
:10041C0053F8041B40F8041B9342F9D10020704799
:10042C006FF01500704700BF2170010010B5074B2D
:10043C0093F830403CB901F027F80120044900F052
:10044C0055F9204610BD4FF0FF30FBE7B0050020FA
:10045C00DD000000024B02681A600020704700BFEC
:10046C00E4050020014B1B68184700BFE405002081
:10047C00024B1868003818BF01207047E4050020B3
:10048C002DE9F743294E0446071D2848376001F033
:10049C0051FC0228054607D12449204606F074FF7A
:1004AC00284603B0BDE8F083042838D13378072BF5
:1004BC0018D13E2000F050F878B9F378327901A9C0
:1004CC0043EA02236846ADF8003007F0A4F900288F
:1004DC00DBD053210820FFF775FE052000F074F8DF
:1004EC000028EAD03146204606F0B3FFB0F5817FF4
:1004FC0001D37221EEE70028C7D094F8008094F85D
:10050C000290404600F028F80028BED0B8F13E0F0B
:10051C00C6D1484600F058F80028C1D1B5E70828E4
:10052C00BED10249204606F05EFFB9E7E80500207F
:10053C00074B4FF0FF3141F6FF72C3E9001205493A
:10054C000022C1E900221F21C3E90212704700BF3B
:10055C00000000202C0600203F280CD801380B4B43
:10056C00C0F3421200F01F0053F8223023FA00F0BF
:10057C0000F001007047FF2806D04038C0F342124B
:10058C00034B00F01F00EFE7012070470000002034
:10059C002C0600200146074B006849681A4603C226
:1005AC0040F48C221A6041F0107242F4FF625A60DF
:1005BC00704700BF000000200246024B00685168E3
:1005CC0003C3704708000020FD281ABF00F1FF305C
:1005DC00C0B23F20054B420903EB820300F01F0021
:1005EC009B6823FA00F000F0010070470000002027
:1005FC00014B1860704700BF3406002010B5FFF7A0
:10060C0097FF07F08CFC034B1B68044603B198471B
:10061C00204610BD340600200B880288F0B5C3F3C9
:10062C000E049EB204F11803C57CC35A02352A4449
:10063C002B4497B213FA82F3013B4288B3FBF7F3D6
:10064C0013FB07439BB29A42044A93BF22EA060368
:10065C00324013439BB20B80F0BD00BF0080FFFF04
:10066C004A1E062A08B50346084604D84FF4D17131
:10067C001520FFF7A7FD094A914202D940F2A311B8
:10068C00F6E711B903B1196008BD2BB11B68002244
:10069C00C3E901211A1D1A600430F5E7FAFFFF7F48
:1006AC0010B5114B00EB41041A786389B3FBF2F3DC
:1006BC0003FB0223013A1A44B2F5706F027928BF8A
:1006CC0000231A448378B2FBF3F0194403FB102087
:1006DC00091AB1FBF3F003FB101313446FEA434305
:1006EC006FEA5343638110BD38060020024B03EBC5
:1006FC0080035960704700BF380600202DE9F04F89
:10070C0010F0070A85B0054604D040F2611117209D
:10071C00FFF758FD554F07F10C06B1460446B0469D
:10072C004FF0010B57F8043B8DF80BA03BB101A81F
:10073C0098479DF80A30082B01D9E821E7E79DF886
:10074C000B1081BB05B13160B94506F10406E9D146
:10075C002DB3DFF81CE100238EF800301E46022278
:10076C0058F82200013A60B190F804A08178BAF1EF
:10077C00FF0F66D14FF000078E4207713CBFCEB21F
:10078C000123511CECD10BB18EF80060022640F60F
:10079C00FF6A58F82670002F65D1013EF9D2601B14
:1007AC0005B0BDE8F08F9DF80AC0BCF1020FE6461B
:1007BC0001F1050238BF4FF0020E0EF1FF3004EBD1
:1007CC0042040444CEF100002040BDF808406444CB
:1007DC00013CCCF1000C04EA0C04B4F5803F4FEA68
:1007EC00420301D3F82192E775B1C31A33609970B3
:1007FC001C8083F803B09DF80C201A71019A1A81A1
:10080C004FEA124CA3F806C004FB01049CE758F80D
:10081C002C90B9F1000F06D099F804B0D34504BF61
:10082C0099F802904F440CF1FF3CBCF1000FEEDA4A
:10083C003944FF29A0D90BB18EF8006040F2271182
:10084C0065E794460027F0E707EB41033846A3F829
:10085C000AA0FFF725FF09F10109BB785FFA89F1BE
:10086C008B42F1D899E74FF00009F6E73C060020DF
:10087C0038060020F8B54FF6FF730380184B03EBD6
:10088C00810305461869B8B186780379B3FBF6F293
:10089C0006FB1233DBB219460A1D00EB4202B2F919
:1008AC0002705488002F09DB0131B1FBF6F206FB14
:1008BC001211C9B28B42EFD10020F8BDFF29FBD039
:1008CC00C4F30E03C4782B8024B94FF4D5711720D0
:1008DC00FFF778FC5380BDE8F84007F02CB800BF58
:1008EC00380600201D4B03EB810370B51C690546CF
:1008FC0044B3030404D54FF4DC711720FFF762FCFA
:10090C000146204606F0F9FFFF28014604D0204698
:10091C00BDE8704007F00FB8A078B5FBF0F300FB12
:10092C001353DBB219460A1D04EB4206B6F90260FA
:10093C00002E09DB0131B1FBF0F200FB1211C9B240
:10094C008B42F0D1002070BDFF29FBD08B4204EB11
:10095C0042021CBF0023E3705580D8E73806002004
:10096C00094B03EB810310B51C690146204606F0C8
:10097C00C4FFFF28014604D02046BDE8104006F015
:10098C00DABF002010BD00BF38060020F8B5104BB0
:10099C0003EB810307461C690146204606F0ADFFB8
:1009AC00FF28054611D0E688238953EA064606D06F
:1009BC000146204606F0BFFF01463846B0472046A8
:1009CC002946FFF76DFE0020F8BD0520FCE700BFAF
:1009DC003806002038B50E4B827903EB82030446AF
:1009EC00186908B9052038BD8278E1799142F9D2AD
:1009FC004B1CE37100EB41035D89B3F90A30002B0A
:100A0C00F3DBA58006F097FF20600020EBE700BF2A
:100A1C003806002070B5044610F003000E4603D0D3
:100A2C004F211820FFF7CEFBFFF71AFE054624B125
:100A3C00034831460460FFF713FE284670BD00BF23
:100A4C00540600202DE9F14FDFF870B09DF828A076
:100A5C009DF82C901E46DBF8003007460D4690465C
:100A6C001BB961211820FFF7ADFB52460921404606
:100A7C0006F0FAFE4A4684B20921304606F0F4FE2E
:100A8C0014FA80F1DBF8000006F013FF386018B997
:100A9C00286001B0BDE8F08F04442C6038685346E0
:100AAC004146092206F0BFFE28684B460922314612
:100ABC0001B0BDE8F04F06F0B6BE00BF54060020F2
:100ACC001F2AF8B5044613460ED89200033222F0C2
:100ADC000303B3F5803F2DD2184DACB1A00710D055
:100AEC005F210920FFF76EFBFF2B4FEA420204D96E
:100AFC00FF339A42A8BF1A46E8E77C2AB8BF7C228B
:100B0C00E4E729706C602B8122F0030201EB810376
:100B1C001204D80001276B68120C0025EEB28E422D
:100B2C0000D3F8BD14B126181F705E601044013557
:100B3C002833F3E74FF0FF30F3E700BF58060020EF
:100B4C0038B5144A147853680021C8B2844203D8CB
:100B5C00AB210920FFF736FB184601310578283305
:100B6C00002DF2D000218170012412894470446858
:100B7C008161C161920800F12001051D21F8022B51
:100B8C00994245F8044B1444F8D100234361037097
:100B9C0038BD00BF580600202DE9F8434B7880463D
:100BAC000C4602F0040602F0FB07D3B1DFB12E4B6A
:100BBC00D4F804901D89B7BB01236370AD08A761FD
:100BCC00E76104F120034A46211D04F1280023F8B3
:100BDC00025B984241F8042B2A44F8D1002363614C
:100BEC0001E0002FE3D0FF23A370002E18BF0226D4
:100BFC00A3191B7D032B03D1022F1CBF0136F6B2A8
:100C0C00A31901221A7506F10C0204EB86060023C7
:100C1C0024F812307268A370C8F80020A8F80430C9
:100C2C004046BDE8F883002114226170A01806F03C
:100C3C007BFAB5F5FF7F0FD26B08ED1AADB209EB5D
:100C4C000502C4F804902584A2606384C4F80C9057
:100C5C00A5842261E384C6E7B5F5EE6F4FF0FF0380
:100C6C00EBD940F27265EAE758060020134B0122DB
:100C7C0000214FF0FF309A60C3F80012C3F808034C
:100C8C00C3F80015C3F804259A60C3F80803C3F829
:100C9C000015C3F804250A490A4A03F580334FF4BA
:100CAC000040C3F80825C1F88000BFF34F8FBFF395
:100CBC006F8FC1F88001C3F80825704700F0004021
:100CCC0000E100E00000F63F014B1876704700BFD2
:100CDC00640600202DE9F04104460D46164690F8B6
:100CEC00F03003F0FF071BB10C273846BDE8F0814C
:100CFC000146454804F08EFD20288046F4D0582249
:100D0C00394604F1C80006F00FFA84F8C880C4F81C
:100D1C00CC50FF2384F8F03035B101F059F800F0D5
:100D2C000700013085F8D40102234FF00008A4F825
:100D3C00003184F8F88003F08FF900F19E0520460D
:100D4C0007F0AEFDADB2014670B307F037FB00F50E
:100D5C00CD6189B2304603F039F93044C4F8FC0057
:100D6C0007F099FF281841F10001C4E94201012064
:100D7C0084F8D000A4F8268007F050FEE53E361A21
:100D8C00C4F8D4604FF0FF326FF00043C4E9442341
:100D9C0094F8C80004F1F80104F082FE48BB4FF44B
:100DAC00E5713020FFF70EFA204607F09DFCDFF8C6
:100DBC005C80E530C4F8FC00B8F8080048B1E08C61
:100DCC0038B101F005F8B8F80830B0FBF3F202FBCB
:100DDC001300054407F05FFF2D1841F10001C4E931
:100DEC004251002ECED0751941F10001C4E9445195
:100DFC00CEE7D4E942230021C4E93823C4E93A23DD
:100E0C00204607F06AFD70E7C17B00001C0700203C
:100E1C00F0B5002385B0CDE9003301238DF8063001
:100E2C006846FFF7D7FD70B11B4E0123B372002744
:100E3C00CDE9027702A8FFF7CDFD0546A8B1002346
:100E4C00B37205B0F0BD009806F06EFFE8E790F8BD
:100E5C00FB0105F0B5FB94F8FB0184F8E45104F0B8
:100E6C000DFD202384F8FB31E2E7029B002BE1D03F
:100E7C0093F8FB21202ADDD018884FF6FF73984297
:100E8C00DDD02946FFF76CFD04460028DFD14FF476
:100E9C009A713020FFF796F91C070020054B0022B1
:100EAC000121DA7219709A7242F210721A81FFF7EC
:100EBC00AFBF00BF1C070020014BD872704700BFAA
:100ECC001C070020014B1881704700BF1C07002035
:100EDC00F0B5070CA7F5AA42144B543A012A03EAC1
:100EEC0090231FD927F4004042F6AA22801A18BF7B
:100EFC0001200022162116461F2487EA060562EA05
:100F0C000505013510D0DD03ADB245EA5606E50303
:100F1C00ADB2013945EA52024FEA53034FEA540489
:100F2C00EBD1F0BD0020E4E70020FAE7E0FF3F0042
:100F3C0010B501210020FFF713FD044670B9012103
:100F4C00FFF7D0FC044620B940F24D313920FFF7B1
:100F5C0039F9034B93F9061007F08EFB204610BDB0
:100F6C002C07002008B507F02BFA00F045FC00F028
:100F7C00DFFA07F0F3FA00F0A7FD00F0B1FF00F084
:100F8C00BBFD094B00221B214FF4A47098801A80E2
:100F9C005980DA71054B064818605A829A75998007
:100FAC005A749A8208BD00BF2C070020540B0020F5
:100FBC0003021B00044B41F64C52C3E902221B22D4
:100FCC001A74FFF7CFBF00BF540B00202DE9FF416F
:100FDC00354DAB68044640F8303F06F0DCFE064663
:100FEC0000F096FA2B7C84F83830304B668710F082
:100FFC00200F1B681DBFAA886988A4F85A101B22F1
:10100C0008BFA4F85A20A4F85C201BB194F9701006
:10101C0020889847AE7CEF7CB5F8148041F64C5391
:10102C00A36116B900F07AFA064687BB00F076FA8F
:10103C00074676B368B303A920468DF80C608DF88B
:10104C000D70ADF80E8007F0FBF901236A88E3857B
:10105C00AB886978019103332978009103329BB2F4
:10106C0092B204F1140104F11000FFF7EBFC2369B8
:10107C0013B94FF4BE6114E0636913B940F2F15136
:10108C000FE0002004B0BDE8F0810920FAE7002E43
:10109C00D1D120880021FFF779FC0028F5D040F24F
:1010AC00D3513920FFF78EF8540B00204800002054
:1010BC00F7B505460E4607F012FB002874D02846FB
:1010CC0007F0EEFB40B1B6F80130013B7F2B03D9A2
:1010DC001224204603B0F0BD284607F0E5FB08B902
:1010EC000C24F6E7284606F0A1FE0028F8D1284685
:1010FC0007F0B3FA04460028F2D1284601F058FA5A
:10110C000028E5D0B6F80170F17842F21073284649
:10111C005F4307F0B2FB284607F0BAFB014658B90B
:10112C003A462846FFF7D6FD04460028D1D041F6B2
:10113C0015213920FFF746F821460DF10600FFF77F
:10114C0099FB064670B3214600F04AFCBDF8063008
:10115C0033802846314607F0B1FB284607F0AAFB3E
:10116C00A0B9296A284607F0A7FB01463046FFF7CD
:10117C002DFF04460028ACD13A4631462846FFF7ED
:10118C00A9FD044620B141F63821D2E70121EDE753
:10119C00064B9B68002B9CD0024606F58D713046A1
:1011AC00984796E70D2494E7422492E72C070020F9
:1011BC00034B5A8802801B7883700020704700BF55
:1011CC00540B0020F0B50778EF2F85B004460D4680
:1011DC0003D91225284605B0F0BDB0F80130ADF8A2
:1011EC000C309DF90C209DF80C30002AF1DB9DF899
:1011FC000D209107EDD1DA063FD49E0603F00302D1
:10120C0038D5002AE5D11807E3D46378190711D42F
:10121C002179E278E07942EA0122617942EA0142DD
:10122C00A17941EA0021207A41EA00418A42D0D8D2
:10123C001F2ACED9627A013A062ACAD8A27A032A80
:10124C00C7D813F0040102D1023A012A03D8E27A7A
:10125C00012ABED811B9A27C032ABAD813F0100106
:10126C00227D19D0012AB4D1227E012AB1D8B1B97C
:10127C001125AFE7032AC6D1ABE713F0600FA8D155
:10128C0003F00F0203F00703052BBED0931E012BB6
:10129C00BBD9002A9DD1B8E7022AE5D199E7DA0734
:1012AC001FD46378227D03F0180108291ED1022A6D
:1012BC00DED11B0709D4E279A37943EA0223227A0F
:1012CC0043EA0243B3F5804FD2D8BFB2012138466E
:1012DC00FFF746FB064678B106F0A8FDB8B10C2521
:1012EC0078E700F0E5F80028DBD1C1E7022AE0D06E
:1012FC00227F002ADDD0BBE701213846FFF7F2FA46
:10130C00064650B3164B93F9061007F0B5F9304664
:10131C0007F0BBFA21462870E074304607F000FA5B
:10132C00E37E0546002B3FF455AF00287FF452AF07
:10133C00316B02466846FFF72FFC306B2A460121C1
:10134C0006F062FB316B68460422FFF725FC306B1C
:10135C002A46294606F058FB3CE707253AE700BF2A
:10136C002C07002070B50579042D8AB003465CD893
:10137C004488B4F5804F58D82D48465D2844002148
:10138C004279857AC07BADF8001042F0100242EA37
:10139C00460242EA850242EAC00202F01F028DF8C0
:1013AC000020BDF80020ADF809201A888DF80B201C
:1013BC008DF80E40120A240A8DF80D108DF81010BD
:1013CC008DF80C208DF80F405A7B8DF811205A792E
:1013DC008DF812209A79D3F807008DF81320B3F802
:1013EC000B209B7B8DF81A307F238DF81B3001234B
:1013FC008DF8081005908DF81D10ADF818208DF89B
:10140C001C308DF81E3002A88DF81F108DF820109E
:10141C008DF823108DF824108DF821108DF82210E2
:10142C006946FFF7CFFE0AB070BD1220FBE700BF84
:10143C00086901000278034672B1427862B14288B1
:10144C001A2A09D982881A2A06D9044A0068106017
:10145C009B8893800020704712207047540B00200B
:10146C00024B02689A600020704700BF540B0020AA
:10147C0008B501F095F8FFF711FDBDE808400148EB
:10148C0001F078B83807002010B5064C064904F571
:10149C00027006F075FF04F503700449BDE81040B6
:1014AC0006F06EBF380700204C00002054000020CE
:1014BC00014B93F8020170473807002010B5074C18
:1014CC0000F014FCD4F8080206F052FFFFF772FD8E
:1014DC0000F096FC012384F8143210BD380700206C
:1014EC00014B93F8140270473807002010B5074CD5
:1014FC00D4F80C0206F03CFFD4F8100206F038FFCA
:10150C00FFF730FD002384F8143210BD380700209B
:10151C00014BD3E90001704710000020034B186801
:10152C00C0F30020400040F0010070471000002084
:10153C0008B502F087FD084A002332F823108142D7
:10154C0005D302EB83039B78044A137008BD013367
:10155C000C2BF2D10023F7E71C6901004D09002088
:10156C00054B9A8C824201BF002283F822204FF651
:10157C00FF729A84704700BF4E09002050B90A4A86
:10158C001346012003F8010B0868C2F801008A8891
:10159C009A807047012805D1034B0A689A608A88A3
:1015AC00D8719A81704700BF7809002048B90A4B5E
:1015BC00187880B1D3F80120B3F805300A608B801D
:1015CC007047012806D1044BD87920B19A680A607B
:1015DC009B89F4E7002070477809002020B9054B5F
:1015EC00187800F00100704701280ABF014B002059
:1015FC00D879F6E778090020F7B500228B888DF8AA
:10160C000600ADF8043008680C4B8DF80720019DDE
:10161C001C78014603F5AC73D0B2844201D8082083
:10162C0009E0D3E90076AE4208BF8F4203F108030C
:10163C0002F10102F0D103B0F0BD00BF8809002017
:10164C0030B5094B01465C78002203F58173D0B2AA
:10165C00844201D8082005E013F8015B8D4202F1A9
:10166C000102F4D130BD00BF88090020F0B5254D32
:10167C0095F8984189B0224605F29911684605F013
:10168C00BFFD2146684606F0BAFE0446B8B300EB2F
:10169C004001C9B202A8FEF7E5FE601E95F8A161F3
:1016AC00C0B2012495F8982105E0731CB3FBF2F14C
:1016BC0002FB1133DEB206F120030DEB030111F82E
:1016CC00203C002BF1D100EB400220326A4406EBA7
:1016DC0046032B4412F8187C83F8A27112F8177C7D
:1016EC0012F8162C83F8A37183F8A42101F8204C6E
:1016FC000138AB19C0B2FF2883F89941D2D109B097
:10170C00F0BD00BF8809002070B5064688B00C46B5
:10171C00002A4FD02A4A92F8A131D01890F899118A
:10172C0021B94FF480712820FEF74CFD03EB4301E7
:10173C001144013391F8A251E57091F8A35191F83D
:10174C00A41161710021257180F8991192F89811FA
:10175C00B3FBF1F001FB103382F8A13192F8C231E6
:10176C0023B9184902F5DD7006F01AFF657905F00A
:10177C003F0545F0400565710D220021684605F0D6
:10178C00D3FCE3788DF80F3023798DF80E3004AA52
:10179C000423694630468DF80D5005F067FA9DF824
:1017AC001F3023709DF81E3063709DF81D30A370A0
:1017BC0008B070BD03216018FEF754FED6E700BFD9
:1017CC008809002079160000044B5A78824286BFA3
:1017DC001B1893F84A010020704700BF88090020AD
:1017EC00044B5A78824286BF1B1893F842010020A2
:1017FC00704700BF88090020064B00224FF461712E
:10180C001A8083F8C32183F8C421A3F8C61183F886
:10181C00C221704788090020014B83F8C40170472E
:10182C0088090020014BB3F8C601704788090020D5
:10183C0030B50A4B5C7884420ED9184490F80201FA
:10184C002B3003EBC004A5790D7053F830001060F9
:10185C00A3889380012030BD0020FCE7880900207C
:10186C000246074810B590F8C34124B1417821B124
:10187C00023001F03FF8204610BD0C46FBE700BFDC
:10188C00880900202DE9F74F2F4C9A466378834244
:10189C008046894656D9231893F8425185F00105A4
:1018AC00F9B193F84A31E3B945F002070135BAF1C1
:1018BC00000F18D1FA070AD5062101FB084104EBE9
:1018CC000810524601F585718230FFF71DFFBB07EA
:1018DC0034D504EB0810524649460230FFF714FF8A
:1018EC002CE02F46E3E794F8A1614FF0010B002D9B
:1018FC00E0D0A319019393F8991199B90092DAB138
:10190C0000F04EFA06EB46012144019B81F8A2013E
:10191C004FEA102C009A81F8A3C1000C81F8A401A5
:10192C0083F899B194F898310136B6FBF3F103FBC7
:10193C001166F6B2013DDAE747F00407384603B00A
:10194C00BDE8F08F0027F9E788090020074B5A788B
:10195C00824209D91A1892F842212AB9062202FBAE
:10196C00003000F585707047002070478809002012
:10197C00064B5A78824281BF1B1893F83A01B0FA91
:10198C0080F0400998BF0020704700BF88090020F4
:10199C0030B50024A0F84040B0F8444042F2107535
:1019AC004C43B4FBF2F4A0F84440541E05FB034333
:1019BC00B3FBF2F3A0F84230084BB3FBF2F3013364
:1019CC00A0F84830838F05FB0344436BB4FBF2F45F
:1019DC0059438463B1FBF2F2426330BD005A620298
:1019EC0070B504460D4651BB4FF41C7205F09CFBC0
:1019FC00012384F88E306FF0360384F8D930042339
:101A0C0084F8DA306FF03B0384F8DB306F2384F812
:101A1C00DC306FF03C0384F8DD30062384F8DF30D3
:101A2C002B2384F8D830FE2384F80E317F2384F8DE
:101A3C008530202384F8DE5084F8FB3170BD0129F9
:101A4C0022D10023A0F8BC3180F8B331144B826949
:101A5C001344B3FBF2F3C0F8B03040F6B833A0F83F
:101A6C00B4301146438C7830FFF792FF05F016FA2C
:101A7C0030B1E069FFF72CFA10B984F89F51DDE71B
:101A8C00002384F89F31D9E70229D7D1B0F852321C
:101A9C00D0F84C228169BDE870407830FFF778BFF0
:101AAC007FC3C901074B93F900301844142804DC98
:101ABC0010F17F0F03DB40B27047142070476FF0BA
:101ACC007E007047500B0020024B00221A705A7097
:101ADC00704700BF500B0020054BFF221A70054ABF
:101AEC00016811600179117100221A70704700BFF2
:101AFC00520B00201800002007B5064B1868009008
:101B0C001B798DF804306846FFF7E6FF03B05DF8EB
:101B1C0004FB00BF3670010083230B70014B1B7854
:101B2C00CB7070476C0B00202DE9F347DFF85C811C
:101B3C008246894605270025D9F8103053B11B7A07
:101B4C001BB97E211020FEF73DFBD9F81040B4B92B
:101B5C00002070E0D9F80440237A012BF8D0EFF381
:101B6C00108372B6D9F804201268C9F8042003B99E
:101B7C0062B6C9F81040237A0BB9A421E2E7267AA1
:101B8C00F6B22772731E0B2B6DD8DFE803F06906D3
:101B9C001C33666C3C6C6C6C6C57636813B94FF4FB
:101BAC00D471CFE72046514698470420EFF31083B9
:101BBC0072B6227A052AD1B25FD12572C9F81050BB
:101BCC00ABB962B613E0636813B940F2B111B9E76F
:101BDC005146204698470346C3F30723012BADF823
:101BEC000400C0B242D0022BE0D1C9F8105000283A
:101BFC00A2D020E0636813B940F2B911A2E72046E5
:101C0C0098470020D2E763680BB9B3219AE70B22FF
:101C1C008AF8002019881869AAF8031001220024F8
:101C2C008AF802208AF805208AF8064005F02FFE73
:101C3C00C9F81040042002B0BDE8F087606810B904
:101C4C0040F2E1117EE7D8F8003051469847034640
:101C5C0060B1C9F810500220EDE74FF4F97171E74B
:101C6C0040F2F5116EE74FF4FC716BE72672002819
:101C7C00E1D1002B7FF460AF6AE711B940F2192172
:101C8C0060E7002B7FF458AF62B655E75C0000208C
:101C9C0070B5144C1426231D32460021184605F04D
:101CAC0043FA03460125257400210433324604F11E
:101CBC001800C4E9013305F037FA84F824500A4AB5
:101CCC0004F11C03C4E906330023E362236384F8A4
:101CDC003430C4F83530C4F8393084F83D301360F2
:101CEC0070BD00BF6C0B00206000002010B5084CCC
:101CFC002378FF2B04D04FF49D711020FEF762FA6D
:101D0C0004F0FCFF2070BDE81040FFF7C1BF00BF1E
:101D1C001D00002010B5034C207805F00BF8FF23B4
:101D2C00237010BD1D000020014B187805F012B86F
:101D3C001D00002010B506490446FFF7F5FE28B932
:101D4C0020460449BDE81040FFF7EEBE10BD00BFB1
:101D5C00840B0020700B002010B51346027A22B1C0
:101D6C0040F295211020FEF72DFA0A46BDE81040EE
:101D7C000146014806F0F4BB700B002003460648F0
:101D8C0090F83E203AB190F83D2022B900F8353B4E
:101D9C00024906F002BC70476C0B0020251B0000AA
:101DAC00094AD2E90003434083EAB01181EA432196
:101DBC004FEAF3435360054B116058434FEAF06010
:101DCC0000EB8000704700BFAC0B0020BB79379E46
:101DDC00094AD2E90003434083EAB01181EA432166
:101DEC004FEAF3435360054B116058434FEAF060E0
:101DFC0000EB8000704700BF20000020BB79379EAD
:101E0C0010B50A4C09480821FEF72CFBD4E9002335
:101E1C001343F7D0064CFFF7DBFF2060FFF7D8FF2A
:101E2C00236860600343F6D010BD00BF2000002083
:101E3C00AC0B0020F0B5204E054630780024147011
:101E4C0080B1431E7768DBB2181B01280BDC07EB53
:101E5C00C40057F834604068884208BFAE4212D1C3
:101E6C0014700120F0BD1819461007EBC60E57F878
:101E7C0036C0DEF80460AC45C0F347008E412CBF81
:101E8C0003460446E0E7B54271EB000002D2147041
:101E9C000020E7E707EBC30057F83340406888425F
:101EAC0008BFAC4201D11370DBE7A542814128BFCA
:101EBC0001331370ECE700BFD40B002010F00702C5
:101ECC0008B503D063214820FEF77CF918B1034B09
:101EDC00197258601A70C80008BD00BFD40B0020DE
:101EEC00014B00221A707047D40B0020014B187A5A
:101EFC00704700BFD40B00202DE9D34306F05DFBE7
:101F0C000DF1070207460E46FFF794FF98B9114CE6
:101F1C002278237A93420ED0616813466FF0604E9C
:101F2C009DF80700984209D301EBC003C3E9007682
:101F3C0001322270012002B0BDE8D08303EB0E0009
:101F4C0001EBC000D0E90089013BC0E90289DBB29A
:101F5C00E6E700BFD40B002037B506F02EFB0DF1E1
:101F6C000702FFF767FF0446A0B10C4A9DF8070073
:101F7C0013785568013BDBB213701A1AD2B2411CAC
:101F8C00D200834238BF002205EBC10105EBC00033
:101F9C0005F084F8204603B030BD00BFD40B002000
:101FAC0038B5074D044600F15101286806F04CFA8B
:101FBC0094F850102868BDE8384006F053BA00BFBA
:101FCC00F40B0020F8B504460E466588407F15F0EA
:101FDC000401134618BF04F15F013246FFF752FCAF
:101FEC00C20705460BD5012384F85030607FFFF7FC
:101FFC00ADFC0368C4F851308388A4F85530AB07A6
:10200C000CD5094E0127306884F85E7004F15F012D
:10201C0006F021FA3068394606F02DFA85F00400F6
:10202C00C0F38000F8BD00BFF40B002038B5C38DA1
:10203C000E4D0133C385AB7C04462BB101F0D2F9B4
:10204C0000F08AFC0023AB7400232B7194F87130E0
:10205C002BB101212046BDE8384005F0A8BE637CB9
:10206C0013B1E28D9A42F4D20021F3E7F40B002075
:10207C0010B5094C2379012B02D02379022B05D101
:10208C00A37C1BB101F0AEF900F066FCE069BDE881
:10209C001040FFF7CBBF00BFF40B002070B5294CEC
:1020AC002379012B07D02379022B04D040F6384139
:1020BC002D20FEF787F8A0B90125A37C1BB101F0F8
:1020CC0091F900F049FC002D3AD0E06905F051FE81
:1020DC00002830D001F09CF8236ABDE870409B6862
:1020EC0018472168E26911F8095B02F15103E8090C
:1020FC0092F8502006F065F90028DDD02068002108
:10210C0006F0DEF90028D7D02379E069012B05D041
:10211C002379022B02D040F61141C9E72379226AB8
:10212C0003F180435269013B05F00F0152F8233053
:10213C0098470546C1E7E069BDE87040FFF776BFF8
:10214C0070BD00BFF40B0020074A0346D06903B9E9
:10215C0009B9FFF76BBF1379126A03F18043126957
:10216C00033B52F823301847F40B00202DE9F043C1
:10217C00032985B0054690467BD090F87030052930
:10218C00DBB202D14288D60760D5002B5ED1012785
:10219C00DFF8E89099F81260B6B106F047F9082814
:1021AC0088F8000014D002AA0DF10701FFF740FBDC
:1021BC0020B940F6A4612D20FEF704F89DF8070025
:1021CC0002A906F006FA064698F80030082B08D14A
:1021DC00D9F8001011F8030BC0F3801006F0F9F9D0
:1021EC000646D9F8001095F8572011F8030B05F1A5
:1021FC005803C0F3801006F0E4F8D9F80010044638
:10220C0011F8030BC0F3801006F006F98146FFF7B6
:10221C00AFFB014640B1B9F1080F1BD04846FFF7A0
:10222C00D3FA80F00101C9B298F80000082815D043
:10223C0094B96B7F1C1A604260416B885A0706D4B4
:10224C0021B996B9EB7C93B1BB4210D0002005B0FC
:10225C00BDE8F0830021E7E70120EEE714B181F03F
:10226C000104E4B204F00100E7E73046EFE7012097
:10227C00EDE743889B07E9D5022789E7F40B00209B
:10228C00032973B5044604D0052952D0012002B0AD
:10229C0070BD08230DF107028DF80730FFF766FFBC
:1022AC000028F3D0237C284D03B39DF8070094F845
:1022BC00BE30DBB9237884F8BF30082804F1C102A2
:1022CC0028D004F1C001FFF7B3FA20B940F61A7117
:1022DC002D20FDF777FF94F8C03043F0020384F80B
:1022EC00C0301A4904F1B60006F057F92B680622E3
:1022FC0004265A701E702046FFF752FE94F84020B8
:10230C00E16B286806F0CDF828682E7101F020F8F2
:10231C000020BCE72868034613F8031BC1F38011A7
:10232C0084F8C010D0F80310C4F8C1109B889380B7
:10233C00D7E7074B1B6823B1984780F00100C0B268
:10234C00A5E71846A3E700BFF40B0020F3850000B7
:10235C0064000020F8B504460F4619B300F12805B7
:10236C00284606F034FBA0B963881A072ED52846F8
:10237C0006F044FB0646284606F029FB301AC0B28C
:10238C0006F04CFB444A936803442846936006F0DD
:10239C00FAFA284606F0FCFA00F0CEFE2179252048
:1023AC0000F0E4FD3C4D94F85E2028680023037097
:1023BC0043706388103B0D2B5ED8DFE803F0595D4A
:1023CC00550C5D405D5D5D5D5D5D5D402046BDE82D
:1023DC00F840FFF72BBE06234370202303702046E2
:1023EC00FFF7DEFD638823F008039BB2152B05D0A5
:1023FC0094F83820616B286806F044F8286800F0DF
:10240C00A7FF032321792B71002000F09BFE0646C9
:10241C0007B9E86063881B0704D506F0FCFA06448C
:10242C00C4F8D8606388103B0D2B30D8DFE803F07C
:10243C00322F29292F292F2F2F2F2F2F2F290C23E4
:10244C0043702123037042B104F15F0106F003F8DD
:10245C000121286806F00FF8C1E704F1580105F0D6
:10246C00FAFF94F85710F4E7062303704370B6E7AD
:10247C00022303700623F9E740F21F612D20FDF7BC
:10248C00A1FE21790120BDE8F84000F0B9BF40F66B
:10249C00AB41F3E7F8BD00BFF40B002038B543881F
:1024AC00102B044604D1BDE838400121FFF752BF80
:1024BC000B4DAB7C23B100F035FA402000F086FFC9
:1024CC00286800F045FF608810F0040002D12179E3
:1024DC0000F096FF002000F055FF01232B7138BD52
:1024EC00F40B0020024B0121D869FFF733BF00BF6A
:1024FC00F40B002010B5134CA37C1BB100F072FF41
:10250C0000F02AFAE06905F034FC70B12379E06937
:10251C00012B0FD12379226A03F18043D268013B4E
:10252C00BDE8104052F823301847E069BDE8104070
:10253C00FFF77CBD2379022BECD040F63B312D20EC
:10254C00FDF740FEF40B002010B50948037903F0A9
:10255C00FF0453B918222146043004F0E5FD00F0C5
:10256C0041FF00F0F9F9204610BD0C24FBE700BF39
:10257C00F40B002010B5094C002323712060FFF7E9
:10258C00E3FF20B140F2EA212D20FDF71BFE236A68
:10259C0013B940F2ED21F7E710BD00BFF40B00209A
:1025AC00014B024A1A627047F40B00207428000099
:1025BC002DE9F041067DB31EDBB2012B04468CBF26
:1025CC004FF000084FF001087EB3B71E18BF01276B
:1025DC00012B36D800F1580190F8570005F01CFF7C
:1025EC00082805462DD0FFF7FBF858BB657784F813
:1025FC001C8084F85070FFF715F9054606F04BFB6C
:10260C00174BA5FB03351B1845EB01050022C4E94C
:10261C00123584F85E2011462046FFF7D3FC70B9C2
:10262C0040F275412D20FDF7CDFD3746082504F10C
:10263C0051010020FEF7BAFF0028D7D10020BDE8D9
:10264C00F0810825022EF2D0E37E002BF6D0D4F8D0
:10265C001530C4F85130B4F81930A4F85530C5E72A
:10266C0040420F00F0B5464E327985B0044602F078
:10267C00FF0312B90278FF2A04D140F6A2112D20D3
:10268C00FDF7A0FD3382B3607371B37180F87130C4
:10269C003C4B00933C4B01933C4B0293336A684692
:1026AC005B68039300F04CFE00F08CFC00F09AFE8B
:1026BC0000F052F9364800F019FD04F128053548B0
:1026CC0000F038FE284606F05EF9284606F060F960
:1026DC0000F032FD2179252000F048FC94F912001D
:1026EC0000F0FEFC04F13401206B05F0AAF904F1B2
:1026FC003C010746206B05F0CBF9054617B194F861
:10270C002430C3B90DB194F82550237F13B96388D5
:10271C005B0709D5D4E912126FF000439A4208BF47
:10272C00B1F1FF3F09D185B930680330FFF798F854
:10273C00B07405B0F0BD0125E7E706F0ACFAD4E9BA
:10274C001223904271EB0303EDD3012205EA02013F
:10275C002046FFF737FC68B1FFF764F8054606F032
:10276C009AFA0D4BA5FB03351B1845EB0105C4E983
:10277C001235D9E7002DD7D040F6D7117FE700BF2F
:10278C00F40B002001250000A920000055210000B9
:10279C00D6BE898E5555550040420F00F7B50446FC
:1027AC00FFF760FF00212046FFF7D4FDA36E0BB1AD
:1027BC0001221A606388DB0721D50023114E256A9C
:1027CC00CDE90033FF23F37405F10A076846FEF7E1
:1027DC0001F9A0B9009CA542F8D06A7A607A3B4610
:1027EC0004F10A0105F0EDFD0028EFD0A378F37495
:1027FC00D4F803007061044BB4F807209A8003B03E
:10280C00F0BD00BFF40B0020080C0020024BD86177
:10281C001B6A1B68184700BFF40B002043881B077A
:10282C0010B5044611D5036A0A493C2280F87B2076
:10283C001B88A0F87C30FF2380F899304FF6FF738B
:10284C00A0F89A30723005F0A8FEFF2384F871309E
:10285C0010BD00BF0B8600008D220000A9240000D3
:10286C00638600005D860000A92700007D20000023
:10287C00F124000070280000682800006428000083
:10288C000138022808B503D9C3212F20FDF79AFC83
:10289C0013290A4B05D811290CD8102907D0D1219E
:1028AC00F3E71529FBD103EB4003D88801E033F89B
:1028BC00100008BD03EB40039889FAE7CC690100CE
:1028CC00064BD3F8000138B1D3F8040120B1D3F88A
:1028DC000801B0FA80F04009704700BF00F00040DA
:1028EC00034B00221A705A7010229A70704700BF66
:1028FC00300C002070B50646022014460D4600F040
:10290C00B9F8064B01221A70054B033CC3F810456D
:10291C00C3F80865C3F8045570BD00BF300C002027
:10292C0000F0004008B5022000F0A4F8084B01228A
:10293C001A70084B0022C3F80021C3F80421C3F815
:10294C00082103F580334FF40002C3F8042508BDB9
:10295C00300C002000F000400D4A08B513787BB114
:10296C000C4B4FF40001C3F80815FFF7A9FF60B139
:10297C0001235370084BD3F8003493700023137069
:10298C00BDE80840002000F075B850701023F4E743
:10299C00300C002000F0014000F000400A4B1A7887
:1029AC006AB10A4BD3F800215AB1D3F8040120B113
:1029BC00D3F80801B0FA80F04009C0B270475878DB
:1029CC0070470220704700BF300C002000F0004020
:1029DC0008B5074B1A783AB1FFF772FF30B1054BC7
:1029EC00D3F80004C0B208BD9878FCE71020FAE7D1
:1029FC00300C002000F00040024B00221A705A707C
:102A0C009A707047330C0020084B1A784AB1084969
:102A1C00084AC1F808250022C1F89825C1F89C2560
:102A2C001A7000225A709A70704700BF330C002045
:102A3C0000F001400000020208B50B4B4FF40042BD
:102A4C00C3F88020BFF34F8FBFF36F8F074B00226B
:102A5C00C3F80025C3F80025FFF7D6FF044B4FF44D
:102A6C000002C3F8082508BD00E100E000F00040BA
:102A7C0000F0014038B5144C0023C4F80035C4F8FC
:102A8C0000350546FFF7C0FF104B4FF40002012D37
:102A9C00C3F8082503D0022D08D085B938BD022310
:102AAC00C4F800350A4BC4F81435F7E70321C4F811
:102ABC0000150749C4F81415C3F80425EEE7842162
:102ACC003D20FDF77FFB00BF00F0004000F001400F
:102ADC00380C0020024B00221A809A701A71704731
:102AEC00480D002038B5144D95F83520034608469E
:102AFC0022B940F692013E20FDF764FB6BB9012A26
:102B0C002C6B95F8341005D100F0F0FD2044AB6A25
:102B1C00C01A38BD06F019F8F8E7012B0AD1012AC2
:102B2C002C6B95F8341002D100F0D2FDEEE706F0D4
:102B3C0017F8EBE70020EAE7480D002008B5094B31
:102B4C00012883F82000084B06D0022808D040F654
:102B5C00E1513E20FDF736FB0322C3F8102508BDDA
:102B6C000422FAE7480D00200010004008B5144B71
:102B7C0093F84130D90720D59A070ED5114BD3F8CD
:102B8C00002242F00102C3F80022D3F8500500F0F5
:102B9C00F600023818BF012008BD5B070DD50A4BA3
:102BAC000A4AC3F8AC25A3F5B833D3F8403123B1A6
:102BBC0040F241613E20FDF705FB0120ECE700BF30
:102BCC00480D00200010004000F0014008100040AB
:102BDC0007B50B4A01AB92F9212000F0CBFD9DF912
:102BEC00040000F06DFD9DF8050000F037FE20B1EB
:102BFC0040F20A613E20FDF7E5FA03B05DF804FBF4
:102C0C00480D002008B503460F4863B92831C16050
:102C1C000E4900F00BFE0130012814D940F264710A
:102C2C003E20FDF7CFFA012B0AD12931C1600749AB
:102C3C0000F002FE0130012805D940F26E71EFE779
:102C4C0040F27271ECE708BD28000020EC6901002D
:102C5C0008B50C4B9B78012B09D100F0F3FD01302A
:102C6C0001280ED940F6E3013E20FDF7ABFA022B0A
:102C7C0007D100F0EDFD0130012802D940F6E90141
:102C8C00F2E708BD480D0020044B03441A7E044BA8
:102C9C00C3F80825C3F85405704700BFEC69010060
:102CAC000010004038B50D460446FFF747FF284694
:102CBC00FFF7EAFF29462046104DFFF789FF40F247
:102CCC000313C5F8343540F25B63C5F8383504F0AE
:102CDC00E5F890B14FF08053D5F88825D3F8203320
:102CEC00022C22F4FE420CBFC3F30663C3F306238B
:102CFC0042EA0323014AC2F8883538BD001000406F
:102D0C0010B50C46FFF71AFF2046FFF7BDFF124B1C
:102D1C005A78012A03D1D8782146FFF759FF0F4C76
:102D2C00D4F8003243F48873C4F8003240F2031331
:102D3C00C4F8343540F25B63C4F8383504F0AEF8AF
:102D4C0040B904F0BBF828B9D4F8683543F4C02373
:102D5C00C4F8683510BD00BF480D002000100040BD
:102D6C00F8B53D4C0D4616460746002847D110468F
:102D7C0094F82210FFF796FF22780123A3709A4251
:102D8C00364B4FEA46061E4429D1B6F840304FF474
:102D9C007A7203F5FA73B3FBF2F3ED1AA16A304BB6
:102DAC00304A0D44C3F8405503F5A073C2F8A8355A
:102DBC00A36B43F40023A3634FF40023C2F8043540
:102DCC0023789BBB94F8413043F0020384F84130E4
:102DDC00FFF7CCFE044680BB40F2536123E0B6F80B
:102DEC0046304FF47A7103F5FA73B3FBF1F3ED1A35
:102DFC00002AD3D11B4B1C4AC3F8AC25CEE70128C3
:102E0C000FD194F822101046FFF77AFF0223A3701B
:102E1C002378012BC2D0293D002BBFD1114B134A73
:102E2C00EAE740F614013E20FDF7CCF9012BCFD197
:102E3C0094F8413043F00403C8E7094B0122DA64EB
:102E4C00D3F84C359D4205D929463846FFF7DAFEB2
:102E5C002046F8BD0024FBE7480D0020EC6901007A
:102E6C000080004000F001400010004004100040C1
:102E7C0010B558220021194804F056F9FFF72AFE24
:102E8C0003F0C2FF60B124221548FF2104F04CF975
:102E9C004FF080430022C3F8082EC3F8102E10BD4B
:102EAC0003F0BCFF0028EED103F0C2FF0028EAD1EA
:102EBC0003F0DEFF08B14022E6E703F0CFFF044643
:102ECC000028F8D106483822FF2104F02DF94FF0E4
:102EDC008043C3F8084EC3F8104EE0E7480D0020BD
:102EEC00000E0040024B0344187E00F5166070473C
:102EFC00EC690100094AD2E90A3092F83410C01A80
:102F0C00074B03EB8103DA6C9B6D801A03F2F3130E
:102F1C004FF47A72B3FBF2F3C01A7047480D0020DD
:102F2C00EC69010008B50F4A92F83410012906D05B
:102F3C00022914D040F2B2213E20FDF743F940F6AD
:102F4C00B830D2E90A239B1A074A02EB8102D26CF1
:102F5C009B1A4FF47A72B0FBF2F0184408BD4FF490
:102F6C00FA60EEE7480D0020EC69010008B5134B40
:102F7C00012983F8400006D002291BD04FF441717F
:102F8C003E20FDF71FF900230D4A43F4801340F057
:102F9C00007043F4847340F44030C2F81435C2F826
:102FAC001805D2F8503503F0F703032B05D140F286
:102FBC001B31E5E74FF08073E6E708BD480D0020B4
:102FCC00001000403F4B022270B5C3F88020BFF3C5
:102FDC004F8FBFF36F8F3C4C0023C4F8FC3F012391
:102FEC00C4F8FC3F03F06AFF28B1D4F83C3743F433
:102FFC008063C4F83C3703F025FF58B1D4F83C3754
:10300C0023F0004323F0FF0343F0004343F0960307
:10301C00C4F83C3703F042FF2B4C38B1D4F840379E
:10302C0023F47F4343F4B053C4F84037274BC4F820
:10303C00783700F023FC38B14FF08053D3F830339D
:10304C00591C18BFC4F84C374FF010231E4C1B6E84
:10305C005A1C09D0D4F88C251B0403F47F0322F4EA
:10306C007F021343C4F88C35194D0123C4F8303555
:10307C0085F820300323C4F8103540F20123C4F83E
:10308C0050360226134BC4F80062187C00F0FCFB8F
:10309C00114B124AC3F804250023AB862B6385F829
:1030AC00413002F005FC074BA8621022C3F8806186
:1030BC00C4F804231E60AB6D03B19847BDE87040A3
:1030CC0000F0A8BB00E100E0001000402C000089DB
:1030DC00480D00202800002000F001400000020CE8
:1030EC00014B83F821007047480D0020034B020E62
:1030FC000002C3F82425C3F81C05704700100040DB
:10310C0038B5044600680A4DFFF7F0FF094B6268BA
:10311C00C3F83C25237A85F82230617AA07AFFF730
:10312C0025FF607AFFF70AFDE37A85F8213038BD78
:10313C00480D002000100040014B83F8220070471E
:10314C00480D0020F8B5244E96F84130DA070546B4
:10315C000F4604D44FF4F5613E20FDF733F81F4CB5
:10316C00D4F8002243F0020342F00102C4F800221A
:10317C0086F8413000BB96F822103846FFF792FDD6
:10318C00174A0123B370D3642360154BD3F84C4515
:10319C0028462146FFF736FDB06A241ACDB91149ED
:1031AC0001EB47074FF47A71B7F8460000F5FA7057
:1031BC00B0FBF1F02044F8BD0128E6D196F82210BE
:1031CC003846FFF79DFD0223B370054BDD64656047
:1031DC00DBE704F12900EEE7480D00200010004069
:1031EC0000800040EC69010008B5FFF7B9FD58B943
:1031FC00064BC3F84005A3F5E04301221A610220F7
:10320C00BDE80840FEF7BABD08BD00BF0080004015
:10321C0037B5244B2449D3F8044302224FF0FF3036
:10322C00C3F80803C1F880212049C3F8002200220A
:10323C0081F841201E49C1F8402501F5B8314FF401
:10324C006025C1F80855D3F85015C9B204F0100424
:10325C00D1B18DF80700C3F8102101221A619DF835
:10326C00072012B1D3F810213AB19DF807305BB9A1
:10327C0040F6D2013E20FCF7A5FF9DF80720013A4D
:10328C00D2B28DF80720EAE7FFF7E2FC05490023EC
:10329C00C1F81031FFF71EFC14B11023C1F8043330
:1032AC0003B030BD0010004000E100E0480D0020EC
:1032BC000080004038B51B4D0024C5F84845C5F8C2
:1032CC004445C5F84045C5F84C45FFF7A1FF00F053
:1032DC00A7FA154B15499A6B9C6342F0446242F471
:1032EC000032C1F80825C3E90B441C76104BC5F815
:1032FC0048450222C5F84445C5F84045C5F84C453B
:10330C00C5F84841C5F84441C5F84041C5F84C41A1
:10331C00C3F88020BFF34F8FBFF36F8FC3F88021AA
:10332C0038BD00BF00800040480D002000F0014077
:10333C0000E100E0014BC3F83C0570470010004071
:10334C0010B50FC8014C84E80F0010BDA40D00206F
:10335C0008B50A4BC3F80405094B93F84120D86310
:10336C0042F0010283F84120FFF700FC20B940F63F
:10337C0044113E20FCF726FF08BD00BF00100040A2
:10338C00480D002010B50F4C034694F8350094F806
:10339C0034100222012822764FF0960094F8202057
:1033AC000CD100F0B1F9084AE0610023C2F84431B5
:1033BC00236BE1690B44C2F8443510BD00F0BEF933
:1033CC00F1E700BF480D002000800040044BC3F81B
:1033DC006005D3F8002242F04002C3F80022704787
:1033EC0000100040054BD3F8002222F04002C3F835
:1033FC0000220022C3F86025704700BF0010004077
:10340C0008B50D4B0246D97008460021197082B9D7
:10341C0001225A709A78022A0DD193F82210FFF7E4
:10342C00D7FB064AD2F8003243F48873C2F8003254
:10343C0001E002225A7008BD480D00200010004027
:10344C002DE9F843924D934C0123EB64A36AD5F814
:10345C004C7594F84090FF1A02F088FF0026C4E9DE
:10346C0012062765FFF7F4FB8B4BA26BC3F80825FC
:10347C008A4AA663D2F8003223F48E7323F0010338
:10348C00C2F80032237E84F8416023B1D5F8443170
:10349C009B1B18BF0123A178012938D1D2F80C311C
:1034AC00002B0CBF0025082515F00B0F7B4B04D10E
:1034BC00D3F810210AB145F010050022C3F8002101
:1034CC00C3F80C21C3F81021C3F80421C3F8082158
:1034DC0005F01803102B03D1012908BF45F0200576
:1034EC006B4B6678D3F848252263D3F84435E362F6
:1034FC0094F8203084F8343084F83510EEB9FFF7A6
:10350C00E9FA2676EF0761D5E36D98478EE002293C
:10351C0011D1624AD2F80C01D2F8002400280CBF59
:10352C0000250225D20758BF45F00405002BBBD05F
:10353C0045F00105B8E70025B6E715F0110F21D1CC
:10354C002379B6F1010818BF4FF00108012B26783A
:10355C001CD0022B2FD09BBB96214046FFF7C2FA02
:10356C000146FFF7B7FA012E07D13B378F422AD815
:10357C00474B26700022C3F84021E2784046FFF703
:10358C0033FE01E0FFF744FE0026BBE74448FFF79B
:10359C00B7FD94F8353023B940F29F713E20FCF70B
:1035AC0011FE012B04D1FFF7BDFC61690144D8E782
:1035BC00FFF7A0FCF9E73A48FFF7A2FD6169D0E7F5
:1035CC0040F6D921EAE7354B1E619BE7A80745D5A4
:1035DC0003F064FCE8B903F071FCD0B92F4BD3F8BD
:1035EC005034D90115D51A0705D013F0F00F02D0BD
:1035FC0013F4706F0DD1294AC3F304410129D2F899
:10360C00542406D1012A04D0C3F34253022B7FF673
:10361C007BAFE36B5B784B4588BF45F0040585F0C9
:10362C000400236E3146C0F380009847A378022B28
:10363C0012D1237E83B1022B154A1DD1236BE16974
:10364C000B44C2F84435A36B43F48003A363124BC1
:10365C004FF48002C3F80425BDE8F88315F0280F59
:10366C0006D085F02001636EC1F340113046DCE7D3
:10367C00EB06DBD5A36E48E7012B02D040F6B9412F
:10368C008CE7E369216B8B42DBD840F6BA4185E7C6
:10369C0000800040480D002000F001400010004068
:1036AC00500D0020024B03EB8003D86C704700BF19
:1036BC00EC690100014B53F820007047446A01008B
:1036CC00024BC0B2C3F80C05704700BF001000409D
:1036DC00054B33F8113002384FF47A7203F2E733AA
:1036EC00B3FBF2F3184470475C6A0100054B33F8E6
:1036FC0011304FF47A7203F57A73B3FBF2F318447A
:10370C00704700BF5C6A010038B51D460A4B33F8A0
:10371C00111003EB820305359C6821444FF47A7336
:10372C0001F6B73103FB00141046B4FBF3F4FFF7BA
:10373C00B9FF2C44204438BD5C6A010070B50646C4
:10374C0008461546FFF7B6FF094A02EB8502936857
:10375C004FF47A7203F6B73302FB06331C1A284671
:10376C00B4FBF2F4FFF79EFF0530204470BD00BFA0
:10377C005C6A01002DE9F74F244C074698460D462C
:10378C00164600F0A3F82378BB42814611D163782A
:10379C00AB420ED194F90230B3420AD1E3788342A2
:1037AC0007D1A388A8F8003094F9060003B0BDE84F
:1037BC00F08F781EC0B203280ED8DFF854C00DF17C
:1037CC0007031CF800003246294600F085F88246B3
:1037DC0038B13D21752002E040F2B7410620FCF7DC
:1037EC00F1FC28469DF907B0FFF77CFB53460246D7
:1037FC004146584600F038F8B8F80030A071A38064
:10380C0027706570A67084F80390CDE74000002007
:10381C00706A0100014B1B685B6818476800002048
:10382C00014B1B689B68184768000020014B1B6804
:10383C001B69184768000020014B1B685B6918471F
:10384C0068000020014B1B689B691847680000202A
:10385C00014B1B68DB69184768000020014B1B6893
:10386C009B6A18476800002010B4034C2468E46875
:10387C00A44610BC604700BF68000020014B1878BC
:10388C00704700BFC812002000220F4938B504460B
:10389C00134644FA02F0C007D5B248BF581C02F1D7
:1038AC00010244BFCD54C3B2042AF2D1064DC3F178
:1038BC000402042BD2B24FF0FF0188BF0022E8189B
:1038CC0003F032FC2C7138BDD4120020014B187D52
:1038DC00704700BFB80D0020042810B511D883B173
:1038EC0004280CBF10242824A1420AD2064C54F8F8
:1038FC00200018B141568A42A8BF0A461A7000200F
:10390C0010BD6FF01500FBE7B80D002030B5034675
:10391C00114890F91C209A4219DD90F924209A4202
:10392C0017DA9A1A846AA05C0C4A15569D420DD07F
:10393C000E32002918BF01309442C0B206D129B111
:10394C00013BDBB2012B01D80130C0B230BD0D20E0
:10395C00FCE70020FAE700BFB80D0020746A0100F4
:10396C0008B5054B93F91C30984203DAFFF7CEFFEC
:10397C00024B1B56184608BDB80D0020746A010096
:10398C0010B51C4C94F82C3073B9012384F82C30EE
:10399C0003F04EFA48B1184BA362D823236284F883
:1039AC0024300823A361237710BD03F057FA0028B5
:1039BC00F1D103F05DFA0028EDD103F01BFA38B118
:1039CC000E4BA362D823236284F824300423E9E746
:1039DC0003F01AFA0028F3D103F020FA0028EFD1F3
:1039EC0003F030FA0028EBD14FF4DF71742002F0B1
:1039FC00C7FF00BFB80D0020AF6A0100826A01004A
:103A0C004FF08042012353600023C2F80031014A79
:103A1C0013707047E50D0020014B01221A7070479E
:103A2C00E50D00204FF08043D3F8003123B9034B50
:103A3C00187800F0010070470120FAE7E50D00202E
:103A4C0070B50A4D012604462E70FFF7EBFF30B916
:103A5C004FF080436E706C60C3F8046370BD002C33
:103A6C00FCD0A04700236B60F8E700BFE80D0020F6
:103A7C00024B00221A705A705A607047E80D0020F1
:103A8C0010B5034C208100F02FFC608110BD00BFED
:103A9C00E80D0020014B9889704700BFE80D00200D
:103AAC00014B1889704700BFE80D0020014B588965
:103ABC00704700BFE80D002010B5EFF3108472B60C
:103ACC00064A937B0133DBB29373937B012B01D1B9
:103ADC0005F091F804B962B610BD00BFE80D0020E6
:103AEC0038B5FFF7E9FFFFF79DFF094C4FF0804514
:103AFC0040B105F0AAF801232B610423E3730023E2
:103B0C00237438BD0323E3730123C5F80433F6E7AC
:103B1C00E80D002010B5EFF3108472B6094A937BC0
:103B2C0023B940F2E3116D2002F02AFF937B013B95
:103B3C00DBB29373937B0BB9FFF762FF04B962B6E8
:103B4C0010BD00BFE80D0020024BD87B003818BF19
:103B5C0001207047E80D002073B51B4D6B7C63B9D9
:103B6C00E86900F0030005F060F830B1EFF3108362
:103B7C0072B6EA7B1AB103B962B602B070BD01220B
:103B8C00EA7303B962B64FF080430822C3F80823E6
:103B9C004FF42073ADF80630BDF80640A4B2631E96
:103BAC009BB2ADF80630002CF6D14FF0804607489A
:103BBC00C6F80C4105F07FF885F82140FFF790FF1F
:103BCC000823C6F80433D8E7E80D0020080E0020BF
:103BDC002DE9F041384C94F82230002B69D04FF08D
:103BEC008043D3F80071D3F8046157B10122C3F8B4
:103BFC00082363782BB16368002565700BB1984777
:103C0C0065604EB14FF080430022C3F804210222BC
:103C1C00C3F80823FFF7A0FF4FF080462748D6F8DB
:103C2C000C8194F82150EDB205F049F820B14FF415
:103C3C0021716D2002F0A4FE47B1E37B032B05D16B
:103C4C000423E37305F001F801233361B8F1000F8D
:103C5C0016D04FF080430022C3F80C21E37B042BD9
:103C6C0002D040F2A221E4E703F00CF9C0B14FF00E
:103C7C0080430022C3F8342C0223E373FFF74AFF7E
:103C8C004DB1002384F82130E37B022B01D1FFF7E7
:103C9C0027FFFFF73FFFBDE8F041084805F01EB8CD
:103CAC0003F0D0F80028E2D103F0E2F80028DED1CE
:103CBC00E2E7BDE8F08100BFE80D0020080E00200F
:103CCC0010B5054CE06900F0030004F0AEFF0028CD
:103CDC00F8D0002010BD00BFE80D0020F8B5054657
:103CEC0050B10278042A07D8437842B9013B1F2B04
:103CFC0002D88378212B07D96FF0150097E0002BA1
:103D0C00FAD18378002BF7D1854B0127C3F880704B
:103D1C00BFF34F8FBFF36F8F4FF08046C3F88071A6
:103D2C00804C4FF0FF33C6F808330023C6F800313F
:103D3C00C6F80431C6F80C31A373AB88A38104F028
:103D4C005FFF08B12770A773D6F80C24D6F80C3493
:103D5C00D20303D5DF0701D5FFF75EFE4FF4AF604A
:103D6C00FFF78EFE2B78A97863740022E261A174B0
:103D7C002274042B2CD8DFE803F005031927290043
:103D8C000123E36104F043FF002851D004F046FF07
:103D9C00E36903F0030398424AD1AB79EBB9FFF71F
:103DAC008FFF00281EDA40F21F4113E0FFF784FE5C
:103DBC004FF08043D3F80C14D3F80C24CE03F9D570
:103DCC00D007F7D50223DCE7574BDAE7574BD8E798
:103DDC0040F211416D2002F0D3FD4FF080430222DE
:103DEC00C3F80423A37C6BB12B785BB9FFF71AFEE5
:103DFC00054602F045FF6FF00043002D00F08D806A
:103E0C00C4E905034FF08043D3F80C24D3F80C34E9
:103E1C00D20303D5DB0701D5FFF7FEFD404A012392
:103E2C000020E07384F82230C2F880311360F8BDB2
:103E3C004FF080430122DA600022C3F80421E269CA
:103E4C00C3F8182502F0D6FF10B34FF080534FF093
:103E5C008042D3F84432C3F34233C2F83C3502F00B
:103E6C00C9FF10B34FF080430122C3F84C254FF02B
:103E7C00804301229A600222C3F80423AA79002A03
:103E8C00B0D1D3F8042391071CD44FF47171A1E77E
:103E9C0002F0BAFF0028D8D102F0C0FF0028D4D11C
:103EAC0002F0D0FF0028D0D1D9E702F0ADFF0028F6
:103EBC00D8D102F0B3FF0028D4D102F0C3FF002800
:103ECC00D0D1D4E71A4A1669116941F01001116179
:103EDC00D3F8043106F010060BB904F00CFF4FF0C8
:103EEC008047D7F8043133B1FFF7EAFE002805DA32
:103EFC0040F2DE316EE704F0FCFEF2E726B90C4A24
:103F0C00136923F0100313614FF080430222C3F8AE
:103F1C0008230022C3F8042164E7C4E9053071E7E3
:103F2C0000E100E0E80D00200100020001000300A8
:103F3C0000ED00E010B50D4C04F1200004F0BFFEC4
:103F4C0048B9E37B022B01D1FFF7CAFDBDE8104055
:103F5C00074804F0C3BE074A012384F82130BDE8AA
:103F6C001040C2F80031FFF7A7BD00BFE80D0020DC
:103F7C00080E002000E100E0094B1A7810B5044649
:103F8C001AB142216F2002F0FBFC5A7832B901229F
:103F9C005A70FFF791FD2046FFF752FD002010BD2F
:103FAC000C0E002038B5084C25781DB158216F2017
:103FBC0002F0E6FC637823B1FFF75AFD6570FFF75A
:103FCC00A9FD002038BD00BF0C0E002008B501B3C0
:103FDC00F0B14FF0FF331A46E0FB01320E498A4232
:103FEC0003D990216F2002F0CBFC180D40EA02306F
:103FFC00C3F30F134FF22441B0FBF1F203EB00407B
:10400C00064B03FB1200B0FBF1F040EA024001301A
:10401C0008BD0846FCE700BF3F420F00000024F437
:10402C00014B5B68184700BF0C0E0020014B9B68CE
:10403C00184700BF0C0E0020014BDB68184700BF6F
:10404C000C0E0020034B1A780AB9FFF723BD188D0C
:10405C00704700BF0C0E0020034B1A780AB9FFF70B
:10406C001FBD188A704700BF0C0E0020034B1A7836
:10407C000AB9FFF71BBD988D704700BF0C0E0020CE
:10408C00024B1B780BB9FFF767BD70470C0E002075
:10409C00014B5B69184700BF0C0E002010B5144C87
:1040AC002378A3B1236A9847002806DB94F82A30BA
:1040BC0023B1012384F82E30002010BDFFF7E8FF58
:1040CC000028F6DA4FF49F716F2002F059FC094B6F
:1040DC006361094BA361094BE361094B6360094BB5
:1040EC00A360094BE360FFF7F9FD0028E1D0E4E79A
:1040FC000C0E0020CD3C0000413F0000553B000061
:10410C00C53A0000213B00007D8C0000064B10B529
:10411C001C7824B140F29D116F2002F031FCFFF7A6
:10412C00AFFC204610BD00BF0C0E0020014B1879CF
:10413C00704700BF400E0020054B1A79824283BFA6
:10414C001B6800EB400003EB00100020704700BF21
:10415C00400E002043F60952C0F3080302FB03F3A0
:10416C00400A03F5807302FB00F000EB532070470C
:10417C0043F6095CC0F3080210B50CFB02F2C0F365
:10418C004E24030E43EA01230CFB04F0090E02F546
:10419C0080724FEA411C00EB52205A01B2EB030E25
:1041AC004CEAD36C6CEB01044FEA841C4FEA8E1280
:1041BC00B2EB0E024CEA9E6C6CEB040C4FEACC0C8E
:1041CC004CEA527CD200D31841EB0C01DA03C90340
:1041DC00801841EA534141F1000110BD430B48F2F4
:1041EC00376C0CFB03F34FEA134C00B5104B43F642
:1041FC00095E0EFB1C0000FB03F35B0D0EFB03FEC4
:10420C0003EB4C230EF5745C0CF1080CB0EB5C2F3B
:10421C0008D80EF5807EA0EB5E20C0B20B6010704B
:10422C005DF804FB013300200B6010705DF804FB9B
:10423C006F0C0100F8B5274DA94246D8264E274FE2
:10424C00450F45EAC105A6FB0514C0F34F31A40B7D
:10425C0001EB054107FB1411A6FB0151890B41EA47
:10426C0004411F4C04FB110448F2376C600B0CFB2F
:10427C0000F04FEA104C43F6095E1A480EFB1C4541
:10428C0005FB00F0400D0EFB00FE00EB4C200EF584
:10429C00745C0CF1080CB5EB5C2F12D80EF5807E1B
:1042AC00A5EB5E2E5FFA8EFE069D85F800E00D06EE
:1042BC0028184FEA112141F100011860596014606F
:1042CC00F8BD01304FF0000EEEE796219B2002F076
:1042DC0057FB00BFFF7F841E83DE1B43000024F4CA
:1042EC000080841E6F0C0100420B48F2376303FB05
:1042FC0002F2120C43F6095C074B0CFB120101FB9A
:10430C000333013B5B0D0CFB03FC5002B1EB5C2F48
:10431C0088BF0130184470476F0C010010B5094A72
:10432C0092F80033202B03D13E21022002F028FB0F
:10433C0018214B43D018BDE81040D35840680321D6
:10434C00184700BF480E00200C4B0D491B78012B61
:10435C0014BF4FF4E0224FF4C022C1F8482318BF19
:10436C000023C1F80823074A99000A440021012BB5
:10437C0042F8041B00D170470123F8E78811002094
:10438C0000B0004040B1004070B5EFF3108472B63D
:10439C00094A0A4B0025D2F80415D2F804612EB153
:1043AC00596801315960C2F80451F4E75B6804B9EB
:1043BC0062B6C0E9001370BD00B000408811002047
:1043CC00094BD3F80435C01A20F07F4323F00103C6
:1043DC003BB120F07F40B0F5000F8CBF02200020D5
:1043EC0070470120704700BF00B0004008B5124B69
:1043FC00D3F8042522F00302C3F80425D3F80825CA
:10440C0042F00302C3F80825102292FAA2F2B2FA83
:10441C0082F2092A04DD094840F2A73102F0A6FA1B
:10442C00C3F810250122DA60054B4FF48072C3F8F3
:10443C0080211A6008BD00BF008000403C70010064
:10444C0000E100E0114B4FF40062C3F88020BFF391
:10445C004F8FBFF36F8FC3F880210D4B01225A6031
:10446C009A60D3F80425002AFBD10A49C3F8081333
:10447C004FF4E021C3F84813C3F84021C3F844219A
:10448C00C3F84821C3F80421704700BF00E100E0E5
:10449C0000B00040020007000D4B4FF48072C3F8CF
:1044AC008020BFF34F8FBFF36F8FC3F88021094B70
:1044BC0001214FF0FF325960C3F808230022C3F8E2
:1044CC004025C3F840211961034B1A72704700BF95
:1044DC0000E100E000800040881100202448FF2308
:1044EC0010B54FF0FF32002443724FF0FF33C0E998
:1044FC00042304704460FFF7CFFFFFF7A3FF1D4AAE
:10450C001D4BC2F800424FF40061196080691B49D1
:10451C0030B901230B60194B0222C3F8042310BDE0
:10452C00174B184CC3F8A845C3F8AC05C3F85C1975
:10453C004FF40021C3F804150521C2F840150121E0
:10454C001160D2F840110029FBD04FF40021C3F8C0
:10455C00081501215160D1600021C2F84011C2F848
:10456C004015C3F8A815C3F8AC15C3F8AC15D2E7C1
:10457C00881100200080004000E100E000B0004005
:10458C0000F0014040810040014BD3E90401704729
:10459C0088110020014BD3F80405704700B000408F
:1045AC0013B56846FFF7F0FEDDE90004FFF7D2FD16
:1045BC00024B0021E4FB030102B010BD0080841EFD
:1045CC0070B50F4B0F4D104A104C0026C5F800610A
:1045DC00C3F8A8254FF40022C3F8AC45C3F8042552
:1045EC0004F05BFBD5F800312BB10123C5F8006159
:1045FC006360E360F4E7013041F1000170BD00BF7E
:10460C0000F0014000B0004000B1004000800040CC
:10461C00B1F1FF3F08BFB0F1FF3F2DE9F041334C42
:10462C0005460E461ED1324BD3F80031ABB1314B9F
:10463C00314AC3F80825FFF787FE00236372FFF7A2
:10464C002BFFFFF7D3FEFFF7BBFF0223C4E90401E6
:10465C002370FF236370BDE8F08104F01EFBC51CC2
:10466C0041F10006D4E90473B34208BFAF42F2D063
:10467C00204B214AC3F80825FFF766FE1C4A4FF46D
:10468C00803125F07F480023C2F808134046C2F859
:10469C004813C2F84031FFF793FE20B140F20931C4
:1046AC006C2002F06DF9C2F84085C2F844132378EF
:1046BC00012B06D127F07F473846FFF781FE0128F2
:1046CC00FAD000236372FFF7E7FEFFF78FFE094A6B
:1046DC0001234FF000412370C2F8041504226270CC
:1046EC00034AC4E90456C2F84833B4E788110020E1
:1046FC0000B0004000F001400000088037B540B128
:10470C00041FE4B2022C13D94FF46B716C2002F02D
:10471C0037F9214B4FF48032C3F80823C3F8400516
:10472C00C3F84001D3F840310093009B03B030BD77
:10473C001A4D2B7893B16A7882420FD1184A1949D5
:10474C00C2F80815012B01D1FFF7A6FE00232B7030
:10475C004FF0FF324FF0FF33C5E90423124A4FF4F8
:10476C008033A340C2F80833C2F8483304F5A87369
:10477C0052F82300FFF724FE012818BF0B4B22B27E
:10478C004FEA84041CBF00211951084B53F8223006
:10479C000193019BCAE700BF0080004088110020F4
:1047AC0000F001400000088000B0004040B1004023
:1047BC0070B52C4B30B1041FE4B2022C2AD940F254
:1047CC0067310BE0D3E90401B1F1FF3F08BFB0F151
:1047DC00FF3F06D11B7A23B940F23F316C2002F027
:1047EC00CFF812B940F24331F8E71F4B4FF4803148
:1047FC000120C3F80413C3F840255864D3F84415BA
:10480C0000248A42C3F8444503D82046FFF776FFBC
:10481C00204670BD197829B15B78834202D140F2F1
:10482C006331DBE7114B124E22F07F41A20013449F
:10483C004FF48035A5400022C6F808530846C6F848
:10484C0048531A60FFF7BCFD48B904F5A874012061
:10485C0046F82410C6F80453C6F84453D9E710465A
:10486C00D7E700BF881100200080004040B1004015
:10487C0000B0004008B5FFF767FD054B4FF0FF3265
:10488C00C3F808230022C3F84025C3F8402108BD13
:10489C000080004008B50122084B10B1C3F8442336
:1048AC0008BDC3F84823FFF7F7FD054B4FF0FF3168
:1048BC0018704FF0FF30C3E90401F1E700B000407D
:1048CC0088110020F8B5164D164E00244FF4803791
:1048DC00D5F8043307FA04F21A4212D056F82430F1
:1048EC007BB1002346F8243004F5A87355F8230057
:1048FC00FFF766FD28B1201DC5F80823C0B201F0F2
:10490C0025FC0134032CE3D1054BD3F8042132B13F
:10491C000022C3F80421044A536801335360F8BDE4
:10492C0000B0004040B100408811002010B51C4C74
:10493C00637AFF2B2DD0237883B10122022B2272B4
:10494C0021D1184B4FF40022C3F808250023237003
:10495C004FF0FF324FF0FF33C4E90423124BD3F86E
:10496C000423D2031BD5D3F84021C2B14FF48032BB
:10497C000020C3F80823C3F84001FF236372BDE88D
:10498C00104001F0E3BB022360782370FFF7B6FE02
:10499C00E4E7054BD3F804330BB10720EFE710BD68
:1049AC008811002000F00140008000402DE9F04FFC
:1049BC0095B01C460492CDE90201FFF7E5FD1823E2
:1049CC0001910646C049082004EB440213FB040481
:1049DC00631801EBC202083265581F7BD3F80480C0
:1049EC0093F80D9005970FCA0EAC25F07F4A84E81A
:1049FC000F005046FFF7AEFBB44B7C1C98420444AE
:104A0C0000F298819C4200F39380002C55DBFFF759
:104A1C0013FBB9F1010F834608D0AD4FD7E9022340
:104A2C00B3F1FF3F08BFB2F1FF3F4BD0FFF71EFBC6
:104A3C00019B0690B3F1FF3F08BFB6F1FF3F03D0D7
:104A4C00B54278EB030378D2029B0322EB1A934214
:104A5C0069DBBBF1000F00F0F88000230793029B89
:104A6C00B5EB030B039B68EB0307FFF7FFFA093069
:104A7C00C217834577EB020380F0EB80049B012B7C
:104A8C0000F0F180079B002B5AD1019BB3F1FF3F43
:104A9C0008BFB6F1FF3F53D0721B63EB0803042A27
:104AAC0073F1000180F23881012A73F100033ADAC4
:104ABC00DDF81CB026F07F4A52E004F1F45404F502
:104ACC009024A4E70028B1D1FFF7D0FA019B0690FF
:104ADC00B3F1FF3F08BFB6F1FF3F00F0B380B54222
:104AEC0078EB0303C0F0AE803B7C002B069B14BF1D
:104AFC0000221A463346EB1A9A4214DC0123079320
:104B0C00D7E90232B2F1FF3F08BFB3F1FF3FA6D0A5
:104B1C000699EB1A68EB02028B4272F100039ED2EB
:104B2C00B9F1010F9BD00024204615B0BDE8F08FE1
:104B3C0004F1614404F5F70469E73346002285E784
:104B4C0028464146FFF764FD4FF0000BB8F1FF3FDC
:104B5C0008BFB5F1FF3F00F0F2802E46CDF804807F
:104B6C005046FFF7F7FA5B4B221A9A420ED3001B02
:104B7C009842C0F08C80554B9A4200F2C280984209
:104B8C0040F2E780C0F1614202F5F702D317002032
:104B9C00FFF70EFE04460028C5D04D4FB9F1010FAA
:104BAC00D7E9022375D0BBF1000F40F09780B3F129
:104BBC00FF3F08BFB2F1FF3F00F0B5800120FFF7C7
:104BCC0069FE3B7C002B40F0A1806A1E68F100035B
:104BDC000620FFF7EDFD002851D0B9694FF0804257
:104BEC0000230B60C2F8083500238DF84830089379
:104BFC004FF0FF324FF0FF33CDE90A23DDF814A05C
:104C0C008DF84590CDF83C808DF844A00E9508AFFA
:104C1C000FCFDFF8C4904E460FC60FCF0FC697E8E4
:104C2C000F0086E80F0028464146FFF7A1FA5346CD
:104C3C0001331B1841F100012046C9E9043115B0BC
:104C4C00BDE8F08F029BC21C55E7214FCDF81CB07C
:104C5C0056E7B9F1010B2846414618BF4FF0010B3E
:104C6C00FFF7D6FC72E7019BB3F1FF3F08BFB6F12B
:104C7C00FF3F73D026F07F4A4FF0000B70E7BA6904
:104C8C004FF080410123C1F808351360ACE7424274
:104C9C007CE7B3F1FF3F08BFB2F1FF3F24D1BBF17A
:104CAC00000F8ED0069BF21A019B4FF0050063F1AA
:104CBC000003FFF77DFD002846D03B7C002B84D100
:104CCC0001233B7481E700BF480E0020FF7F841E48
:104CDC00A81100200040420F50110020B3F1FF3FFB
:104CEC0008BFB2F1FF3FDDD0FFF7A0F94FF0FF3264
:104CFC004FF0FF33C7E90223BBF1000F3FF461AF64
:104D0C00D0E702F1F45202F590223FE70520FFF7BD
:104D1C00F5FC00233B7458E728464146DDF81CB0EF
:104D2C00FFF776FC12E7FFF77BF903F0B6FFC7E954
:104D3C00020143E740F22E41702001F021FE40F2C7
:104D4C004371702001F01CFE40F23121702001F003
:104D5C0017FE40F60B01702001F012FE40F2A76125
:104D6C00702001F00DFE00BF2DE9F04F8D4F7C7CC3
:104D7C0004EB44033B4483B05D78202D48D08A4B30
:104D8C00E6B26400002B00F08980884BDFF820929B
:104D9C00002B5FD005EB461207EB420A4FEA461890
:104DAC009AF81C30013BDBB2052B34D8814A12F83F
:104DBC0003B0BBF1080F2ED0AFF30080EFF31083DC
:104DCC0072B634443C449AF81D206270A278AA4210
:104DDC0004BF2022A27013B9AFF3008062B6A844BE
:104DEC0005EB450509EBC50207EB4808506859F877
:104DFC0035300122594688F81C2098477C7C04EBFE
:104E0C0044033B44E6B25D78202D4FEA4404C1D103
:104E1C0003B0BDE8F08F40F27261702001F0B0FD7C
:104E2C0062B6A84405EB450509EBC50207EB48083B
:104E3C00506859F835300122594688F81C2098479B
:104E4C007C7C04EB44033B44E6B25D78202D4FEAB6
:104E5C004404DDD005EB461207EB420A4FEA461834
:104E6C009AF81C30013BDBB2052BD4D8514A12F80E
:104E7C0003B0BBF1080FCED0AFF30080EFF310837B
:104E8C0072B634443C449AF81D206270A278954264
:104E9C0004BF2022A270002BC3D1C1E7434BDFF823
:104EAC0014B1DFF80CA14FF02009002B4FD005EB0B
:104EBC00461207EB42024FEA4618137F013BDBB266
:104ECC00052BA8D81BF803100829A4D0EFF31083E6
:104EDC0072B634443C44527F6270A278954208BF4B
:104EEC0084F80290002B52D0A84407EB480805EB3D
:104EFC0045050AEBC5025AF835305068012288F88E
:104F0C001C2098477C7C04EB44033B44E6B25D7860
:104F1C00202D4FEA4404CAD17AE762B6A84405EBC7
:104F2C0045050AEBC50207EB480850685AF83530BE
:104F3C00012288F81C2098477C7C04EB44033B44FA
:104F4C00E6B25D78202D4FEA44043FF461AF05EBE7
:104F5C00461207EB42024FEA4618137F013BDBB2C5
:104F6C00052B3FF658AF1BF8031008293FF453AF3D
:104F7C00EFF3108372B634443C44527F6270A278D3
:104F8C00954208BF84F80290002BC7D1C5E7019168
:104F9C00AFF3008062B6A844019905EB450507EB19
:104FAC004808A6E7A811002000000000000000003F
:104FBC00480E0020E06A01002DE9F04F85B0DFF8C3
:104FCC000C81019301EB41034FF0200C18F80340C6
:104FDC0003916445924682F800C073D04B01DFF810
:104FEC00F09006469B4610E0727B012A02D0427D6F
:104FFC00012A57D00BEB040308EB43038AF800405B
:10500C005B7F202BA4465DD01C4604EB440009EBCF
:10501C00C000D0E9032387683568716813EB070E6D
:10502C0042F10002754571EB02024FEA4403DBD2F8
:10503C001D46019B83F800C0039B4FEA431B2819B4
:10504C0009EBC0003768B368D0F808A07268C16873
:10505C00DB1942F100029A4571EB020310D3437D38
:10506C00012B02D0737B012B03D0012005B0BDE8CE
:10507C00F08FFEF7FBFFAAEB070701308742F4DA4B
:10508C00019A254409EBC5051470A97DB27B0BEB85
:10509C000403914208EB430310D95C7F202CE4D02D
:1050AC006500CCE70293FEF7E1FFED1B0130854272
:1050BC00A0DA029B9AF800C01D46BAE7002005B0A2
:1050CC00BDE8F08F019B1C70CFE700BFA81100203A
:1050DC00480E00202DE9F04F83B00C4615461E46B5
:1050EC009DF83070FFF700F922686368451946F1A6
:1050FC000006954276EB030342D3DFF88C8005E083
:10510C005D4576EB09033BD3C4E900B90DF1070308
:10511C000DF1060239462046FFF74EFF88BB9DF87D
:10512C00073003EB430308EBC303D3E902A01A696E
:10513C001AF1030B40F1000012EB0B0B627B40F1F8
:10514C000009012ADCD05B7D012BD9D1FEF78EFF43
:10515C00ABEB0A0301308342D2DA9DF8073003EB44
:10516C00430308EBC303D3E902B9FEF77FFF013019
:10517C0010EB0B0B49EBE0795D4576EB0903C3D2E1
:10518C00002003B0BDE8F08F480E00202DE9F04759
:10519C0015461C4612782F7A95F809C088B0002362
:1051AC00E360C4E90033A7739DF8408084F80DC018
:1051BC000646A360E2730F46002A3AD1FEF7D8FFE9
:1051CC00D5E9042C3C4BC31841F1000E9A427CEB00
:1051DC000E030AD3013E47F1FF37C4E900674FF4D1
:1051EC007A73A36008B0BDE8F087263041F1000166
:1051FC0082427CEB0103EDD3501E04F10C036CF1E5
:10520C000001009304AA06ABFFF714F8049B68682E
:10521C0002330DF10F0205A91844FEF7DFFFDDE99B
:10522C00053207999B1A23F07F43C4E90021A36040
:10523C00D8E7224804F10C0206A9FEF7CFFF204B59
:10524C001B78202B24D01F498B69D1E90721083307
:10525C0042F1000A13EB01094AF1000A6B68207B4A
:10526C001844023005AA04F10801C4E9009AFEF7BB
:10527C00B5FF2869CDF8008032463B462146FFF742
:10528C0029FF0028AED1C4E9006708B0BDE8F0875B
:10529C00637B16F1080947F1000A012BDED0FEF7FB
:1052AC00CBFE0028DAD1FEF7E1FE10EB090399469C
:1052BC004AF1000AD2E700BF0040420FFF7F841E74
:1052CC0048110020501100202DE9F04700EB40035D
:1052DC00344DDFF8D480EC5C06464700FFF75AF9F2
:1052EC004FF0200C4FEA461E04EB440108EBC101C1
:1052FC000EEB0403D1F808A00A69AAEB000929F007
:10530C007F49B9F5000F05EB43030DD812EB0A02E8
:10531C00121A22F07F42B2F5000F05D8BCF1200F13
:10532C000AD12046BDE8F0875B7F202BA4461C46A3
:10533C00DAD1BCF1200FF4D00CEB4613BA1905EB03
:10534C00430315F802805B7FAB54710144464FF068
:10535C00040E0B1905EB430322469445204683F8B3
:10536C001CE05C7FF5D1BB192B440A4493F802E096
:10537C00BEF1200F5FFA8EFC18BF8C443E4418BF60
:10538C0005EB4C0C05EB4202354408BF83F8018059
:10539C004FF0200318BF8CF81D80A870537720465F
:1053AC00BDE8F087A8110020480E00202DE9F0413F
:1053BC0001EB41034A4DEE5C202E82B00C46804638
:1053CC004FEA410740D1474B0BB1AFF3008003F0DC
:1053DC0064FCAB7C0191202B0AD0434BD3E906E251
:1053EC0010F1020C41F10003E64572EB030330D3DC
:1053FC00202E0AD042463346FFF7D8FA00283DD07B
:10540C000220AE7402B0BDE8F081D5E90223B3F1FD
:10541C00FF3F08BFB2F1FF3F1FD12B7C43BB0420E1
:10542C00FFF76CF9FFF726FA0020FFF733FAA969AA
:10543C004FF080422020A874002301200B60C2F89A
:10544C00083502B0BDE8F0810846FFF73DFF864203
:10545C00B9D0002002B0BDE8F081FEF7E7FD4FF0B7
:10546C00FF334FF0FF32C5E902232B7C002BD6D043
:10547C000520FFF743F900232B74D0E73A1906EB0C
:10548C00441305EB430315F802C05B7FAB54610179
:10549C006246042013468A1805EB42029E4210779E
:1054AC00527FF7D13A192A443C449678F0B2202E18
:1054BC0018BF4018194418BF05EB400005EB41011B
:1054CC00254418BF80F81DC0AB704FF000004FF0A2
:1054DC00200308BF82F801C04B7702B0BDE8F08111
:1054EC00A8110020000000005011002038B5164A09
:1054FC00164D4FF0FF304FF0FF310023C2E902018F
:10550C00C5E90201202142F22000A970136082F843
:10551C002830A9741C4628806B742B7405F11C026E
:10552C0002F814300134202CFAD1094801F0E6FBC2
:10553C00084B094A1C70107001F0D0FCA861FEF7F2
:10554C00CDFF0123EB7438BD50110020A8110020B1
:10555C00754D000048110020801100202DE9F04FFE
:10556C0083B003F09AFBA44F06460C46FFF782F972
:10557C004FF0FF334FF0FF32C7E9022397F8283082
:10558C00BBB9BB693A6AF9699C48023341F1000125
:10559C009B1802F5DF62A0FB02024FEA922241F156
:1055AC0000019B1841F100019E4274EB010380F055
:1055BC000E814FF0FF304FF0FF31FFF729F8904A82
:1055CC0092F800B0BBF1200F00F011818D4D20231B
:1055DC001370AB746B7C00223A6003EB43025FFAEE
:1055EC0083F915F802805B00B8F1200F00930BD003
:1055FC00DFF814A208EB48030AEBC3034FEA480296
:10560C00D97D012900F0B780009BDFF800A203EBE5
:10561C0009062E444FEA49183478202C04D0484609
:10562C00FFF752FE8442F7D1BAF1000F01D0AFF36D
:10563C00008003F032FBAB7C202B09D0D7E906238A
:10564C0010F1020E41F1000C724573EB0C03E3D325
:10565C00202C19D023460122FFF7A8F9002860D08E
:10566C0008EB0B0305EB4303AC741A7F022A36D00C
:10567C00FF23AB71009B4B441D446B78202B40F0F7
:10568C008C8003B0BDE8F08FD5E90223B3F1FF3F66
:10569C0008BFB2F1FF3F07D0FEF7C8FC4FF0FF3256
:1056AC004FF0FF33C5E902232B7C002B5DD1042086
:1056BC00FFF724F8FFF7DEF80020FFF7EBF8A969F5
:1056CC004FF0804200232020A8740B60C2F80835EC
:1056DC0008EB0B0305EB43031A7F022AC8D14A4A95
:1056EC000BEB4B0102EBC102527D022A6CD0009AEB
:1056FC004A442A440621197791782029CBB260D0EC
:10570C00434405EB430383F81DB0009B4B442B44EF
:10571C00D84405EB480883F802B0202388F81D30E4
:10572C00A6E708EB040305EB430330785B7F33708B
:10573C00024604211346424405EB42029C42117777
:10574C00527FF7D1B178B370CAB220291CBF424442
:10575C0005EB4202434405EB430318BF50774FF06F
:10576C00200208BF70705A7756E70520FEF7C6FF77
:10577C0000232B749BE75B7D012B15D1033644F181
:10578C00000402EB08030AEBC303D3E90202B042A4
:10579C00A24128BFC3E9026436E71D4B187803B059
:1057AC00BDE8F04F01F0D6BA0192FEF745FC019A24
:1057BC000028E3D1FEF75AFC8619019A44F1000443
:1057CC00DFE782F801B0A0E701221A7750E70C4B13
:1057DC000D4A1B78182101FB03F3D01807214068F0
:1057EC00D358984740F2B621702001F0C9F840F226
:1057FC00C121702001F0C4F8501100209300DC92FC
:10580C0048110020A8110020480E002000000000C4
:10581C008011002038B505460C46FEF739FC0028EF
:10582C0022DB14494B7C01F11C0C5FFA83FE0CEB60
:10583C00831C002302E00133202B13D01CF813200F
:10584C00D8B2002AF7D10C4A03EB4E1E03EB4303EC
:10585C0001EB4E0142F8335002EBC30301220A77ED
:10586C005C6038BD184638BD40F21731702001F02D
:10587C0087F800BFA8110020480E00201F2808D868
:10588C000A494B7C00EB431301EB43031A7F012ABB
:10589C0001D0002070474B7C00EB431301EB43031A
:1058AC004FF0000C104683F81CC07047A811002064
:1058BC00014BD3F840057047008000400378002B63
:1058CC0040F0D7802DE9F04F6F4A5368C3F30803BB
:1058DC0089B08146002B40F0B8806C4E6C4FDFF8DD
:1058EC00B4B106F11C0A27B1002140F25B40AFF3C2
:1058FC000080757CEDB24FF00003B37127B100212D
:10590C004FF48C60AFF300800AEB851EBEE80F00ED
:10591C006C1C04F001080AEB881CACE80F00BEE814
:10592C000F00ACE80F00BEE80F00ACE80F009EE8DB
:10593C000F0044468CE80F002DB227B1002140F235
:10594C00EB30AFF3008005EB450504EB4404731911
:10595C00725B9B7832533444A37057B1002140F2F0
:10596C00EF30AFF3008027B1002140F26540AFF378
:10597C00008003F092F9CDF8008004AB4A4604464F
:10598C000D46FFF703FC27B1002140F26C40AFF34A
:10599C000080414B1B78202B3FD0DBF81830DBF814
:1059AC001C20DBF82010083342F100025B1842F196
:1059BC000002DDE90401984271EB020CCDF8008085
:1059CC0022D3364822462B4604A9FFF783FB98B115
:1059DC00DDE90401FEF7CCFB9DF81C3001331B18EC
:1059EC0041F10001C9F81030C9F8141027B1002199
:1059FC0040F27F40AFF30080B379002B7FF473AF9C
:105A0C00012009B0BDE8F08FCDE9043204A922468B
:105A1C002B462248FFF75EFBDAE79DF81D1014F1C8
:105A2C00080345F100020129C3D0CDE90232FEF78B
:105A3C0003FBDDE902320028BBD1FEF717FB029B0A
:105A4C00039AC31842F10002B3E7103B59B2002984
:105A5C0011DB01F1604101F5614191F8000340094E
:105A6C000028CED0094E0A4FDFF828B006F11C0AE8
:105A7C0039E70020704703F00F03043B1344187EF2
:105A8C0040090028EED1BCE700ED00E0A811002091
:105A9C000000000050110020481100200040420F6F
:105AAC002DE9F04FAC4A53688FB0C3F3080383461B
:105ABC000491002B40F0628108230393049B1B7814
:105ACC00012B00F23D82A54E26B1002140F24D5033
:105ADC00AFF300800023A24C05934FF0010926B1CF
:105AEC00002140F25A50AFF30080B9F1000F04D1FD
:105AFC009C4B0BB1AFF3008062B6657CEDB24FF0FE
:105B0C000003A371039B002B40F09880A84626B19C
:105B1C00002140F26E50AFF3008003F0BEF8049AFF
:105B2C0000950AAB8246FFF731FB26B1002140F20B
:105B3C007650AFF300800BEB481904EB49094FEAA0
:105B4C00481799F81C30013B012B75D80A992AF09B
:105B5C007F4AA1EB0A0222F07F4323F00103002BC2
:105B6C0040F0BD8008EB4802224407EB0B03907811
:105B7C0004EB43030421202819774FEA4803C1B2F0
:105B8C0000F09681394404EB410181F81DB0434487
:105B9C0023445F4404EB470783F802B020237B7750
:105BAC0000230593012726B1002140F27B50AFF36F
:105BBC0000806D4B0BB1AFF30080EFF31088C14642
:105BCC0072B6A379002B8AD1684B0BEB4B0C03EB11
:105BDC00CC0C0AAB0FCB0CF1080C8CE80F008FB17E
:105BEC00039B002B00F0EA80059B23B1604B1B78D4
:105BFC00202B00F06081637CDB4303F001036374B2
:105C0C00FF23A371B8F1000F04D1564B0BB1AFF3C6
:105C1C00008062B626B1002140F2B250AFF3008092
:105C2C00002F4AD126B1002140F2BE50AFF30080C4
:105C3C0038460FB0BDE8F08F0027B4E74D4B05F1A7
:105C4C00010A0AF0010A03EB851E03EB8A1CBEE86D
:105C5C000F00ACE80F00BEE80F00ACE80F00BEE888
:105C6C000F00ACE80F009EE80F002DB28CE80F007F
:105C7C00D0460FFA8AF726B1002140F2EB30AFF391
:105C8C00008005EB450507EB47076319625B9B78C2
:105C9C00E2532744BB7056B1002140F2EF30AFF312
:105CAC00008026B1002140F26450AFF30080A3794C
:105CBC00002B7FF414AF554629E7637C03EB4303B9
:105CCC001C446378202BADD026B1002140F2B95092
:105CDC00AFF30080284B187801F03CF8A2E722F0D3
:105CEC007F42B2F5000F3FF63DAF0C9B5B18A3EB68
:105CFC000A0323F07F43B3F5000F3FF633AF0DF1EA
:105D0C0027030DF1260229460AA8FFF755F905903D
:105D1C0000285AD108EB480222440423907889F8D1
:105D2C001C304FEA48032028C1B2434418BFC9199C
:105D3C0023445F4404EB470718BF04EB410183F88D
:105D4C0002B04FF0200314BF81F81DB082F801B0EF
:105D5C007B77012727E700BF00ED00E00000000083
:105D6C00A81100200000000000000000480E0020D8
:105D7C0048110020C411002080110020103B59B2A2
:105D8C000029C0F28D8001F1604101F5614191F86B
:105D9C0000335B090393002B7FF490AE704B1B78A0
:105DAC00202B00F0D280049B1B780393002B3FF434
:105DBC008AAE40F24651702000F0E2FDFF23A37141
:105DCC00B8F1000F7FF426AF1FE79DF826C09DF8B1
:105DDC0027E0F44518D1BCF1200F00F09E8007EBB2
:105DEC000C0304EB43035B7F89F81D30BC4404EBCC
:105DFC004C0C00228CF81DB05F4404EB4703059F4C
:105E0C00059203221A77CEE6BEF1200F00F0A28095
:105E1C0007EB0E0304EB4303BCF1200F597F00F09A
:105E2C00878007EB0C0204EB42024FEA4803507FD9
:105E3C00069051774FF0050A3A1804EB42020146DE
:105E4C008E45814682F81CA0507FF5D103EB0802E9
:105E5C002244079192F802A0BAF1200F5FFA8AFE51
:105E6C0063D0BE4404EB4E0E069A8EF81D2003EB55
:105E7C0008022244079982F80290394407EB0B027E
:105E8C004FF0200E04EB410104EB4202F44581F883
:105E9C001DE05077AAD14344059A04F803B0ABE750
:105EAC0003F00F03043B13441B7E5B09039372E75F
:105EBC0082F801B06BE629460220FFF777FA00283A
:105ECC007FF499AE637C03EB430020440BEB43124D
:105EDC0004EB420285780421DFB211775A015B0092
:105EEC00202DE9B23B4418BF891823445A4418BFEB
:105EFC0004EB410104EB420283F802B04FF02003A3
:105F0C0018BF81F81DB0059F08BF80F801B053770A
:105F1C00B8F1000F7FF47EAE77E608EB4803E35C44
:105F2C0089F81D304FEA4803B5E7069951709EE792
:105F3C0008EB48024FEA4803A05C0690A15479E7AD
:105F4C0040F24A51702000F01BFD40F2435170208A
:105F5C0000F016FD40F2CF11702000F011FD00BFD3
:105F6C00481100202DE9F84F734CDFF8D08105461D
:105F7C004FF0010A04F11C0BB8F1000F04D0002102
:105F8C004FF4BA60AFF30080BAF1000F04D16C4B40
:105F9C000BB1AFF3008062B64FF00003A371B8F100
:105FAC00000F04D0002140F2D550AFF30080667C86
:105FBC000BEB861EBEE80F0006F1010909F0010784
:105FCC000BEB871CACE80F00BEE80F00ACE80F0031
:105FDC00BEE80F00ACE80F009EE80F00B9468CE855
:105FEC000F00B8F1000F04D0002140F2EB30AFF3FA
:105FFC00008006EB460607EB4707A319A25B9B78CC
:10600C00E2532744BB70B8F1000F04D0002140F2DA
:10601C00EF30AFF30080A37903F0FF01002B7CD1AC
:10602C00B8F1000F03D040F2DF50AFF3008005EB66
:10603C00491304EB43034FEA49161A7F032A6AD12A
:10604C0009EB4902A75CBD4271D0202F63D03B46BF
:10605C0001E0202B5FD0F21804EB42021946537F6B
:10606C009D42F6D1202D56D07319314404EB4303D5
:10607C0004EB41015B7F4B77B8F1000F0CD0002192
:10608C0040F25D30AFF30080B8F1000F04D0002176
:10609C0040F2E450AFF300802E4404EB460601239B
:1060AC003377B8F1000F04D0002140F2ED50AFF37C
:1060BC000080244B0BB1AFF30080EFF3108A72B663
:1060CC00A379002B7FF458AFBD4203D11E4B1B7834
:1060DC00202B1AD0637CDB4303F001036374FF2392
:1060EC00A3710124BAF1000F04D1154B0BB1AFF31E
:1060FC00008062B6B8F1000F04D0002140F20F60AE
:10610C00AFF300802046BDE8F88F49460220FFF728
:10611C004DF90028DED10024E4E7B8F1000F3FF47C
:10612C0033AF002140F2DB50AFF3008024E7202D89
:10613C00F1D05B7FA3549FE7A81100200000000062
:10614C0000000000000000004811002070B586B06F
:10615C0007280DD8DFE800F0310C0C0C0C1D040ED8
:10616C00604B4FF080419A690123C1F808351360E8
:10617C0006B070BD5C4B5D4A1B7803EB430302EB2E
:10618C00C30052F833304068042106B0BDE87040BB
:10619C001847544C237C002B49D0D4E90223B3F18B
:1061AC00FF3F08BFB2F1FF3F00F085800120FEF7F2
:1061BC0071FB0023237406B070BD4A4CD4E9022352
:1061CC00B3F1FF3F08BFB2F1FF3F56D0464E01205E
:1061DC00FEF760FB3378202B56D0454D95F82520E3
:1061EC00012A3BD0FDF728FF0346002835D194F84F
:1061FC009C200132D2B2312A84F89C206CD84FF406
:10620C007A7230786946CDE90032CDE90233CDE9B6
:10621C000433FFF745FC002859D095F8284001239A
:10622C0085F82830FFF79AF985F82840A0E72E4B1F
:10623C002E4A1B782E4903EB43034FF0FF344FF0EB
:10624C00FF35C1E9024502EBC30152F8333048680F
:10625C00052106B0BDE8704018473378234A03EB9C
:10626C00430302EBC30052F833304068002184F83A
:10627C009C1006B0BDE870401847FDF7D1FE02F047
:10628C000CFDC4E90201A1E7637C03EB4301DAB224
:10629C00635C202B16D003EB421204EB4202507FBE
:1062AC006054FF21A171124D33700221117700222D
:1062BC0085F8282092E7FDF7B3FE02F0EEFCC4E966
:1062CC00020173E740F25221702000F059FB4FF4A9
:1062DC00C761702000F054FB40F23461702000F074
:1062EC004FFB00BFA811002048110020480E0020D1
:1062FC005011002010B51B4B1B78202B86B026D0DC
:10630C00194CD4E90223B3F1FF3F08BFB2F1FF3FB0
:10631C0022D1D4E904310DF10B02C01841F1000176
:10632C0004AB009203AAFDF785FF9DF80B20DDE975
:10633C0004130F2A94BF00220122521843F10003C8
:10634C000520C4E90223FEF733FA06B010BD40F273
:10635C00DF71702000F014FB4FF4FC61702000F032
:10636C000FFB00BF4811002050110020FEF712B99E
:10637C002DE9F04F8C4B1D7887B0202D019000F04B
:10638C000D81DFF82892DFF8288299F8113003EBA1
:10639C0043030646D8F8000019F80340D8F8183023
:1063AC0003930DF11302D8F8203002938B4630443E
:1063BC0005A9FDF713FF7F4BA6F132029A426AD86A
:1063CC00DFF8F4A1059BD8F81C6005EB45050AEB3A
:1063DC00C505A8681B182869D8F818501818401B50
:1063EC0020F07F43B3F5000F55D899F81120C8F869
:1063FC002000202C88F826B0D2B200F0C2805201C6
:10640C00DC462021934604EB440240190AEBC202FD
:10641C0046F1000ED2E90263864273EB0E034FEA9B
:10642C00440746D3537D012B03D098F82530012B1C
:10643C0035D005200091FEF761F9009999F811000B
:10644C004FF0FF324FF0FF332029C8E90223C0B2CE
:10645C0040F0958000EB4000202419F80030524A9F
:10646C0099F81110127802EB411209EB42025377A2
:10647C00D8F80030019A1344C8F80030FF2389F88B
:10648C000630202C35D04D4B187800F063FC0020E2
:10649C0007B0BDE8F08F012007B0BDE8F08F009188
:1064AC00FDF7E4FD751B013085420099C1DA98F8BF
:1064BC0026C027440AEBC707BB7D63450DD90BEB00
:1064CC00040309EB43035B7F202B16D02146D8E94C
:1064DC000656D8F820001C4695E7DDE90231D8F8BD
:1064EC0018205B189B1A0220C8F8203007B0BDE8B2
:1064FC00F08F002007B0BDE8F08F0520FEF7FEF806
:10650C004FF0FF324FF0FF3399F81100C8E9022326
:10651C00C0B204EB401309EB430346005A7F00EB77
:10652C004003410119F803A009F803204FF0050CB2
:10653C005346CF1809EB47071A4694421D4687F875
:10654C001CC07B7FF5D137184F440A4497F802E002
:10655C00BEF1200F5FFA8EFC18BF8C44304418BF7C
:10656C0009EB4C0C09EB420248444FF0200114BFDC
:10657C008CF81DA087F801A0857051776FE70C4649
:10658C00C7E70520FEF7BAF899F811004FF0FF3273
:10659C004FF0FF33C8E90223C0B25BE740F6440179
:1065AC00702000F0EDF900BF48110020A811002068
:1065BC0050110020CE3F420F480E002080110020C9
:1065CC002DE9F84F9A4C637C00EB431304EB430327
:1065DC001B7F002B00F02781677CDFF85882054673
:1065EC00FFB2B8F1000F04D0002140F6A500AFF3C4
:1065FC0000807E0105EB471704EB4707B8F1000F4D
:10660C0040F0D980771904EB47073B7F012B08D06A
:10661C00043B022B40F2C58002F06BFB3B7F012B4D
:10662C00F6D1DFF814A24FF0010BB8F1000F04D033
:10663C00002140F6BC00AFF30080BBF1000F04D189
:10664C007E4B0BB1AFF3008062B64FF00003A37129
:10665C00B8F1000F04D0002140F6C100AFF3008068
:10666C00667C0AEB861EBEE80F0006F1010909F0F4
:10667C0001070AEB871CACE80F00BEE80F00ACE882
:10668C000F00BEE80F00ACE80F009EE80F00B94603
:10669C008CE80F00B8F1000F04D0002140F2EB3071
:1066AC00AFF3008006EB460607EB4707A319A25B86
:1066BC009B78E2532744BB70B8F1000F04D0002143
:1066CC0040F2EF30AFF30080A37903F0FF01002B11
:1066DC0040F08580B8F1000F03D040F6CB00AFF34B
:1066EC00008009EB490323444FEA490B5E78B5421D
:1066FC0000F08F80202E2CD04FEA491101E0202E83
:10670C0027D08B1904EB4303324637465E7FB542E4
:10671C00F5D1202D1DD00A44294404EB410104EB92
:10672C0042024B7F5377B8F1000F04D0002140F2A6
:10673C005530AFF300800BEB090323449B789E424A
:10674C005AD0B8F1000F0CD0002140F25D30AFF3FD
:10675C000080B8F1000F04D0002140F6CF00AFF359
:10676C000080374B0BB1AFF30080EFF310839B46E7
:10677C0072B6A279002A7FF458AF84F81190FF22E8
:10678C00A27123B92D4B0BB1AFF3008062B6B8F1F7
:10679C00000F04D0002140F6E100AFF30080BDE80B
:1067AC00F88F731904EB43030122DFF88CA01A77DE
:1067BC004FF0010B39E73B7F012B3FF432AF043B29
:1067CC00022B16D9002140F6B100AFF3008002F085
:1067DC0090FA002140F6B500AFF300800EE7B8F157
:1067EC00000F3FF42AAF002140F6C700AFF3008042
:1067FC001BE701233B77ECE7B8F1000F04D0002135
:10680C004FF45670AFF300800BEB090323449F70D9
:10681C0097E7202D9DD005EB491204EB420220276F
:10682C00527F5A707FE740F69C01702000F0A8F868
:10683C00A811002000000000C4110020000000007E
:10684C0000000000BFF34F8F0549064BCA6802F4E5
:10685C00E0621343CB60BFF34F8F00BFFDE700BF77
:10686C0000ED00E00400FA05094B01225A604FF0DC
:10687C00FF32C3F80823074B4FF48042C3F8802043
:10688C00BFF34F8FBFF36F8FC3F88021704700BFEA
:10689C0000E0004000E100E0094B01225A604FF09B
:1068AC00FF32C3F80823074B4FF48052C3F8802003
:1068BC00BFF34F8FBFF36F8FC3F88021704700BFBA
:1068CC0000C0004000E100E0084B0022C3F8FC2FA0
:1068DC000122C3F8FC2F064B0222C3F88020BFF321
:1068EC004F8FBFF36F8FC3F88021704700100040AB
:1068FC0000E100E0F8B51B4E337805460C46174610
:10690C0063BB00F06BFAFDF73BF817487760002D7E
:10691C0018BF28463472FFF7D7FFFFF7BDFFFFF70C
:10692C00A3FFFDF7BBFB0546B0B9FEF7DFFDFDF796
:10693C00A7FB02F09FF9002C0CDB04F01F0264098A
:10694C00A40004F1604404F5614401239340C4F8AD
:10695C0080312360012333702846F8BD4FF0FF359A
:10696C00FAE700BF48120020E66A010008B572B6CB
:10697C00024B5B6803B19847FFF764FF4812002095
:10698C001FB572B6134B5D688DB9FFF75BFFB2FB99
:10699C00F6F2DCB20133002AF9D104F110036B4496
:1069AC0003F80C2C0A2234B901A8A847EDE70246DB
:1069BC0000230A26EDE7631E04AEDCB256FA83F31D
:1069CC00B0FBF2F602FB1600303003F80C0C30462C
:1069DC00E9E700BF48120020074B93F90830002B61
:1069EC0009DB5A09012103F01F0301FA03F34032BA
:1069FC00024941F8223070474812002000E100E0C3
:106A0C00014B1878704700BF481200202DE9F84F51
:106A1C00DFF8C4A0314C324DDFF8C8900746012690
:106A2C009AF800805FFA88F8FF238AF80030B8F1F2
:106A3C00000F01D08AF80130EFF3108272B60023F8
:106A4C006660C4F80031C4F80431C4F804752660DB
:106A5C003AB962B605E0D4F8043133B92B69DB06D8
:106A6C0020D4D4F80031002BF5D0D4F80431002B0D
:106A7C00E2D1B8F1000F13D19AF80130DBB28AF8E9
:106A8C00018003214FF48042C4F80813C4F8048138
:106A9C00C4F80081C9F880218AF80080002BBFD18E
:106AAC00BDE8F88F4FF48043C9F88031EFF3108BB9
:106ABC0072B60323C4F80433D4F8003113B9D4F8F4
:106ACC0004311BB1BBF1000FCBD1C2E702F011F9BD
:106ADC00BBF1000FC5D1BCE75412002000E0004010
:106AEC0000ED00E000E100E070B51646DA078CB06E
:106AFC001D4686468C4640F1A280C37B8DF8003043
:106B0C00837B8DF80130437B8DF80230037B8DF84D
:106B1C000330C37A8DF80430837A8DF80530437ACC
:106B2C008DF80630037A8DF80730C3798DF808306C
:106B3C0083798DF8093043798DF80A3003798DF813
:106B4C000B30C3788DF80C30837842788DF80D308B
:106B5C0003788DF80F308DF80E20CA7B8B7B8DF867
:106B6C0010208DF811304A7B0B7B8DF812208DF89C
:106B7C001330CA7A8B7A8DF814208DF815304A7A36
:106B8C000B7A8DF816208DF81730CA798B798DF821
:106B9C0018208DF819304A790B798DF81A208DF858
:106BAC001B30CA788B788DF81C208DF81D304A78F4
:106BBC000B788DF81E208DF81F306C462046FFF7A1
:106BCC0025FFAB0731D59DF82F009DF82E109DF8B1
:106BDC002D209DF82C30307071709DF82B009DF895
:106BEC002A10B270F3709DF829209DF8283030716E
:106BFC0071719DF827009DF82610B271F3719DF804
:106C0C0025209DF82430307271729DF823009DF878
:106C1C002210B272F3729DF821209DF8203030734F
:106C2C007173B273F3730CB070BD0DF1200CBCE832
:106C3C000F0030607160B260F3600CB070BDDEF8B4
:106C4C000410DEF80820DEF80C3000686C46A6460E
:106C5C00AEE80F00DCF80000DCF80410DCF80820CB
:106C6C00DCF80C30AEE80F00A8E700BF10B500242C
:106C7C0082B0CDE90044FFF737FF02B010BD00BF72
:106C8C001B4B4FF4805270B5C3F88020BFF34F8F6D
:106C9C00BFF36F8F174D184C0021C5F80011C3F8C6
:106CAC0080212669236943F0100323610123C5F871
:106CBC00043306F010062B60D5F80031A3B11EB9D1
:106CCC00236923F0100323610A4B0122D3F8080532
:106CDC005A60C3F808230022C3F80021044B4FF478
:106CEC008052C3F8802170BD02F003F8E4E700BFC6
:106CFC0000E100E000C0004000ED00E038B50C49B8
:106D0C00024605200138C0B2FF2803D14821692072
:106D1C00FFF736FE01EBC0031D7905F0FF04002DD3
:106D2C00F0D141F8302001225C719C711A7138BD90
:106D3C0058120020042808B503D94F216920FFF709
:106D4C001FFE034B03EBC0000023037108BD00BF03
:106D5C0058120020042808B503D958216920FFF7E0
:106D6C000FFE094B03EBC0000379012B01D0592115
:106D7C00F4E7437982790133DBB29A4218BF43714D
:106D8C00BDE80840FFF728BE5812002070B5124C21
:106D9C0006250026013D15F0FF0500D170BD94F8C5
:106DAC00281004EBC1031A79012A09D158799A7970
:106DBC00904205D05A79D2B29A7154F83130984732
:106DCC0094F828300133DBB2042B94BF84F82830BC
:106DDC0084F82860DEE700BF581200204FF0805284
:106DEC00034BD2F830111960D2F834215A60704735
:106DFC0084120020034B1868A0F10F03584258412D
:106E0C00704700BF84120020034B1868A0F10A03DE
:106E1C0058425841704700BF84120020034B186839
:106E2C00A0F10E0358425841704700BF8412002055
:106E3C00034B1868A0F1100358425841704700BF2B
:106E4C0084120020044B1868062803D0431C5842B7
:106E5C00584170470120704784120020034B18687A
:106E6C00A0F10D0358425841704700BF8412002016
:106E7C00034B1868A0F1080358425841704700BFF3
:106E8C008412002008B5FFF7BFFF20B1024B5868F1
:106E9C00B0FA80F0400908BD8412002008B5FFF755
:106EAC00D1FF38B1044B5868063810F1080F94BF65
:106EBC000020012008BD00BF8412002008B5FFF798
:106ECC00C1FF38B1044B5868063810F1080F8CBF5D
:106EDC000020012008BD00BF8412002008B5FFF778
:106EEC0089FF70B9FFF790FF58B9FFF797FF40B9CA
:106EFC00FFF7A8FF044A054B002808BF13461846A5
:106F0C0008BD024BFBE700BF00E701400C05004049
:106F1C0008B5FFF797FF08B3EFF3108072B6104A6D
:106F2C001369116941F010011161A2F5406203F07F
:106F3C001003D2F80011D2F804210A4300D040BF4C
:106F4C0020BF00BF00BF00BF00BF23B9044A1369B4
:106F5C0023F01003136100B962B608BD20BFFCE733
:106F6C0000ED00E0914270B53BD2B2FA82F33BB136
:106F7C00C3F1200420FA04F49940214398409A402C
:106F8C00160CB1FBF6FC06FB1C1424041FFA82FE43
:106F9C00030C85B204EB10400CFB0EF4844206D9B2
:106FAC00201A90428CBF02200120ACEB000C03EBAA
:106FBC0001410CFB1211B1FBF6F006FB101105EBB5
:106FCC00014100FB0EFE8E454FEA0C4C06D9AEEB90
:106FDC00010E96458CBF02220122801A40EA0C0059
:106FEC0070BD73219620FFF7CBFC00BF2DE9F84351
:106FFC001C4652EA040349D0074615460E467CB996
:10700C00914208D321463046FFF7ACFF04462A468E
:10701C00384604FB1561FFF7A5FF2146BDE8F88350
:10702C00B4FA84F9B9F11F0F34DC4FF0010808FAF7
:10703C0009F2A2FB051320FA08F002FB043226FA2F
:10704C0008F140EAC670FFF78DFFC9F11F03D84065
:10705C004FF0000118D0431E8C4661EB010105FB7B
:10706C0001F203FB042280461846A5FB033EFB1AE3
:10707C00724466EB02061F46AF4276EB040324BF54
:10708C0040466146BDE8F8838446F5E7CA21962060
:10709C00FFF776FCE7219620FFF772FC10B5441A37
:1070AC0094422BD34AB34B1CC31A022B31D9531E17
:1070BC00072B2ED922F003048C4686460C445CF830
:1070CC00043B4EF8043BA445F9D122F003039A4249
:1070DC0002F0030400EB030C01EB030E0DD0CA5CB1
:1070EC00C254012C09D09EF801308CF80130022CCE
:1070FC0003D09EF802308CF8023010BD002AFCD070
:10710C008B18024413F801CD02F801CD8B42F9D152
:10711C0010BD4B1E0244014613F8014F01F8014B00
:10712C009142F9D110BD00BF2DE9F04184075FFAFF
:10713C0081FE5FD0002A59D0034601E0002A55D0C9
:10714C0003F801EB990702F1FF32F7D14EEA0E2456
:10715C00032A44EA04443ED9151FAE08172D06F144
:10716C000106C3F3800147D99846002940D048F85E
:10717C00044B771A03EB810C79080CEBC101CCE9B9
:10718C0000440CF1080C6145F9D127F0010C08EB17
:10719C008C016745CCEB8C7805EB880517D02F1F3D
:1071AC00032F0C6013D9A5F10807032F4C600ED9DF
:1071BC00A5F10C07032F8C6009D9A5F11007032F3B
:1071CC00CC6004D9143D032D0C6188BF4C6102F0D6
:1071DC00030203EB86034AB1013A83F800E005D0C1
:1071EC00012A83F801E018BF83F802E0BDE8F081C2
:1071FC001546BEE70346A9E719461546CFE700BF7B
:10720C00844641EA000313F003037DD1403A51D385
:10721C002DE9F000F0C9F0C0F0C9F0C0F0C9F0C021
:10722C00F0C9F0C0403AF5D2F0BC43E0403A41D34B
:10723C0051F8043B40F8043B51F8043B40F8043B44
:10724C0051F8043B40F8043B51F8043B40F8043B34
:10725C0051F8043B40F8043B51F8043B40F8043B24
:10726C0051F8043B40F8043B51F8043B40F8043B14
:10727C0051F8043B40F8043B51F8043B40F8043B04
:10728C0051F8043B40F8043B51F8043B40F8043BF4
:10729C0051F8043B40F8043B51F8043B40F8043BE4
:1072AC0051F8043B40F8043B51F8043B40F8043BD4
:1072BC00403ABDD2303211D351F8043B40F8043B74
:1072CC0051F8043B40F8043B51F8043B40F8043BB4
:1072DC0051F8043B40F8043B103AEDD20C3205D384
:1072EC0051F8043B40F8043B043AF9D2043208D07C
:1072FC00D2071CBF11F8013B00F8013B01D30B88EE
:10730C0003806046704700BF082A13D38B078DD0CB
:10731C0010F003038AD0C3F10403D21ADB071CBF9D
:10732C0011F8013B00F8013B80D331F8023B20F807
:10733C00023B7BE7043AD9D3013A11F8013B00F840
:10734C00013BF9D20B7803704B7843708B788370C8
:10735C006046704753B94AB9002908BF00281CBFC2
:10736C004FF0FF314FF0FF3000F00CB8ADF1080CCE
:10737C006DE904CE01F0E3FCDDF804E0DDE9022365
:10738C0004B07047704700BF10B58B88037043780A
:10739C0003F0F00343708A88C2F303221343437053
:1073AC00CA888270CA8803F0CF03120A4370C27075
:1073BC000A7A120102F03002134303F03F034370C8
:1073CC004A7A43EA821343700C46096804308142BE
:1073DC0005D0E288FB2A28BFFB22FFF711FFE088CB
:1073EC000430C0B210BD10B48B880370437803F026
:1073FC00F00343700A468988C1F303210B434370A1
:10740C00D1888170C17801F0C001C170D488C4F3F7
:10741C000524214303F0CF034370C170147A240177
:10742C0004F03004234303F0BF034370547A43EA5F
:10743C00841301F03F0103F07F034370C1701168A6
:10744C000430814203D0D28810BCFFF7D9BE10BCE7
:10745C00704770B50B78192B05460C461ED82BB30C
:10746C00013B182B22D8DFE813F03A003E00210034
:10747C00B100B700BD00C300C900CD00CF00DF00D4
:10748C00E5002400210021004200D300D900E900CE
:10749C00EF00F500FB00010107010D01822B4FF0FD
:1074AC00FF0200F0F580832B00F0F68040F24221C1
:1074BC0012E00E23B1F803200B7042F283039A42C0
:1074CC0009D1062363706678023632462146284677
:1074DC00FFF796FE51E03121C720F8F773FE0C231D
:1074EC000B700823EEE71A230B700123EAE729201F
:1074FC00F9F76AF830B13E232370222363702923F5
:10750C00A370E0E70A20F9F75FF83E2305F10802C3
:10751C0004F108012B7090B30A23AB70E378EB7085
:10752C00A3882B71A3881B0A6B71A379AB71E379C8
:10753C00EB71A368AB608B889380D4F80E30C5F8E0
:10754C000E30638A6B8263696B61238B2B83638B35
:10755C00AB76638B1B0AEB76A38B2B77A38B1B0A67
:10756C006B77E38BAB77E38B1B0AEB7794F82030CC
:10757C0085F820301F266E700236304670BD012310
:10758C00AB70E378EB70A3882B71A3881B0A6B712B
:10759C00A379AB71E37903F00103EB71A368AB60E2
:1075AC008B889380638BAB73638B1B0AEB73A38BFE
:1075BC002B74A38B1B0A6B74E38BAB74E38B1B0ACE
:1075CC00EB7494F820302B751326D4E73E230B7004
:1075DC0004234B70142393E73E230B700C234B7046
:1075EC0004238DE73E230B700A234B70032387E79C
:1075FC003E230B700D234B70052381E7052323706D
:10760C0004235FE70823FAE730230B70032359E7C1
:10761C003E230B700B234B70072371E73E230B703B
:10762C0006234B700C236BE713230B708B789B009A
:10763C00013347E757230B70022343E73E230B70BC
:10764C0006234B7012235BE73E230B7009234B7010
:10765C00132355E73E230B7005234B7020234FE774
:10766C003E230B7009234B70212349E7FF230B703A
:10767C000B234B70A22343E7FF230B7005234B70A6
:10768C00A3233DE7FF230B700D234B70802337E7BB
:10769C000A700D22627033E70A700222FAE710B505
:1076AC000C4648B141B1F8F7EBFE0028207014BF2E
:1076BC0000206FF0220010BD6FF01500FBE708B53D
:1076CC00F8F768FF002008BD034602221A709A7072
:1076DC0089225A716FF065029A715022DA716FF03B
:1076EC0075021A726FF06A025A72012200209A72A5
:1076FC006FF063025870D8701871DA72704700F02E
:10770C0096BC38B5044601F0D4F901281BD1601C95
:10771C0001F0D6F9B8B1A37963F03F03A37100204F
:10772C00F9F75CFFE51D40B1102200212846FFF758
:10773C00FBFC01232370002038BD284601F0D3F94F
:10774C000028F1D0F5E70023F4E710B51022044629
:10775C000021FFF7E9FC04F1100310220021184668
:10776C00FFF7E2FC01F0D8F90020F9F737FF20B160
:10777C00204601F0B8F9002010BD01F09AF900285C
:10778C00F6D0F8E710B50446FFF77AFAB0F5007FAB
:10779C0009DA10F5007F08DD031EB8BF03339B1018
:1077AC002370002010BD7F23FAE76FF07E03F7E70C
:1077BC000120704700F0C4BD0078003818BF0120CC
:1077CC0000F05BBCF9F74CBE00F0A3BD00F0CEBDE1
:1077DC0000F0E6BB00F020BC08B5F8F7EDFE002089
:1077EC0008BDF9F7E5BC00F037BCF9F7BBBD00F0FC
:1077FC00FFBB00F03ABD00F004BD00F04BBD00F043
:10780C0093BB00F098BB00F0A4BB00F0B6BB00F03B
:10781C00FABB00F0D6BB03880B8000F06DBD00F006
:10782C00D6BB00F096BDF8B5941C0C446343B3F57D
:10783C00004FA8BF4FF0FF330E4610F00301054672
:10784C0017469CB203D0B0211420F8F7BBFCB4F55A
:10785C00004F01D9B121F7E714220430FFF764FC83
:10786C00EF746C802E80F8BD023101444A43B2F5AE
:10787C00004FA8BF4FF0FF3290B21B3020F0030036
:10788C00B0F5004F34BF00B24FF0FF307047828824
:10789C00038992B2934210B5014608D0C3F30E038C
:1078AC0018330831C45AF8F7B7FE204610BD00242F
:1078BC00FBE7072938B5034604D84FF4EC711520C3
:1078CC00F8F780FC0068A8B1D0E900248C4212D0F3
:1078DC002AB901F10805AC4204D210460AE003466D
:1078EC001046F1E742501A6845181268641A6C6029
:1078FC0042501D6038BD1A60FCE730B590B18478F9
:10790C00B1FBF4F304FB131300EB430252898A42DC
:10791C0001D1D8B230BDC27822B900F10A03D0B27D
:10792C00844201D8FF20F5E733F8025BA94202F14B
:10793C000102F4D1EEE78278038805324B4303EB66
:10794C0042031844704713B50023CDE900330446B5
:10795C008DF806006846F9F73DF808B102B010BD85
:10796C00BDF804002146F9F711F80028F2D040F2D6
:10797C0015211720F8F726FC70B50D4609211E4677
:10798C00FFF772FF3246044609212846FFF76CFFC9
:10799C00002C03DB002801DB204470BD4FF0FF30CE
:1079AC00FBE7012303707047F8B50546084600282D
:1079BC0011461E4614BF00240224FF23AB702B1962
:1079CC001B7D012B04D001342B191B7D012B19D1EC
:1079DC0005EB44073B8B3A8C9819904204DD2C4400
:1079EC00002038832075F8BD05EB840432466068AE
:1079FC001844FFF705FC3A8B16443E830023AB700A
:107A0C000120F0E70020EEE7002910B514BF002399
:107A1C000223FF218170C1180C7D012C07D10C337E
:107A2C0020F8132002230B750023837010BD013343
:107A3C00C1180C7D012CF2D04FF48C710920F8F791
:107A4C00C1FB30B50246837803F0FF00F3B9137D18
:107A5C00022B19D0537D022B19D10346012089B179
:107A6C00D5180C3300242C7522F81340131803245A
:107A7C001C7502EB80035B680B6000F10C0332F8A1
:107A8C0013308B80012002E00123E8E7002030BD99
:107A9C0030B58378E3B9837D022B17D0C47D022CDB
:107AAC0016D1032381B105190C3400222A7520F854
:107ABC001420C2180324147500EB83020C33526893
:107ACC0030F813300A608B80012002E00324E9E7D0
:107ADC00002030BD037D012B01D1008B7047437D0D
:107AEC00012B0CBF408B00207047837D012B01D1F3
:107AFC00808B7047C37D012B0CBFC08B002070475F
:107B0C00038B23B9408B003818BF0120704701202C
:107B1C007047838B23B9C08B003818BF0120704786
:107B2C0001207047027D022A01D1008B7047437DF2
:107B3C00022B01D1408B7047032AF6D0032BF9D0CE
:107B4C0000207047827D022A01D1808B7047C37D53
:107B5C00022B01D1C08B7047032AF6D0032BF9D02E
:107B6C0000207047F9F782B870B5044690F81831C8
:107B7C0003F0FF01E3B9D0E944526FF000439A429D
:107B8C0008BFB5F1FF3F01D1002070BDD0E94256CE
:107B9C0000F0AAFDD4E94432E5305B1B62EB06022F
:107BAC001B1A62F10002002AEEDA2046FAF736FEC2
:107BBC000120EAE7F8B5044618B9E0213020F8F7BF
:107BCC0001FB072900F2AA80DFE801F0043E3E3AEF
:107BDC00A82E9EA6FAF71AFED4F8FC00CB38FEF7B6
:107BEC0089FB10B940F25A21E8E7204600F058FE14
:107BFC000546F0B90146204600F076FD00F1E50699
:107C0C00D4F8FC00B04209D2301A322838BF3220E6
:107C1C000321FEF7ADFB051E18BF0125C4F8FC605F
:107C2C00204600F057FE35B12046BDE8F84000F084
:107C3C0052BE0025F4E7D4E94223C4E93A23F8BD47
:107C4C00BDE8F840FBF7FCBB00F059FD002384F8BD
:107C5C00F83084F80131D4F8CC3005460E46EBB13F
:107C6C0050EA01031AD00721A5FB012301FB0633BF
:107C7C00D4E93A10521843EB0003D4E94201824292
:107C8C008B410BD2012304F1F80784F800313846FC
:107C9C00FDF714FE20B94FF4D3618FE70223F2E70E
:107CAC002046FFF761FF034694F8C80033B9394604
:107CBC00FDF7F6FE38B940F29C617FE7FDF7DEFD7B
:107CCC00002384F8F030D4E94201D4E938328342FD
:107CDC0072EB0107B3D255EA0607B0D0C01A61EBBC
:107CEC00020133462A46FFF781F905FB01F300FB3D
:107CFC000633A5FB00500344D4E93802451943EB85
:107D0C000203C4E938539AE790F8C800FDF7B6FDB2
:107D1C00002384F8F03092E7FD214FE740F2011187
:107D2C004CE7D0F8CC00704710B5044690F8F03012
:107D3C00EBB1FF2380F81831012100F0CEFD94F84F
:107D4C00F030A3B194F8C800FEF70CF994F8C80011
:107D5C00FEF736FC94F8C800FDF790FD20B94FF4FF
:107D6C00F4713020F8F72EFA002384F8F03000205C
:107D7C0010BD10B590F8182142B990F8D02042B13E
:107D8C00D0E93531994202D9FAF748FD0022104664
:107D9C0010BD0122FBE708B540F28D2100F003FC79
:107DAC0040F64803984228BF184680B208BDF8B583
:107DBC00044621B1012930D040F2BE712AE0C68CB4
:107DCC0036B1F9F7EDFFE58CB0FBF5F606FB1506C1
:107DDC002046D4E9385700F092FC2D1847EB0101EE
:107DEC000023AD1941F1000184F8F8300223C4E9F5
:107DFC004251C4E93851A4F800312046FFF7B4FED3
:107E0C0070B994F8C80004F1F801FDF749FE38B9CF
:107E1C0040F2EF613020F8F7D5F9002380F8D0302C
:107E2C00FBF748FABDE8F840FDF798BB90F8F00076
:107E3C00003818BF0120704713B50023CDE900337B
:107E4C0001238DF806306846F8F7C4FD08B1002010
:107E5C000AE0009C2046FFF7E9FF0028F3D02046FB
:107E6C0000F050FC0028EED002B010BD07B5002386
:107E7C00CDE9003301238DF806306846F8F7AAFDEA
:107E8C0008B1002004E00098FFF7D0FF0028F4D0E0
:107E9C0003B05DF804FB07B5002340F6881201A976
:107EAC00FBF7E2FC03B05DF804FB38B5054600F0C7
:107EBC0016FCF0B12846FFF7B9FF08B9002038BD11
:107ECC002846FFF72EFF04462846FFF72DFF0546F0
:107EDC0088B9002CF2D02088F9F742FB208829467B
:107EEC00F8F754FD0028E9D041F65B213920F8F76A
:107EFC0069F94220E3E70C20E1E710B5F9F718F82F
:107F0C00044600F0C9FC40B9204600F0C1FC80F0EA
:107F1C000100C0B200F0010010BD0020FAE708B566
:107F2C00F9F7E4FA002008BD10B50446F9F7DEFFB6
:107F3C002070002010BD10B5FFF77EFF044630B94D
:107F4C00F9F7CEFF2046F9F767FC204610BD0C2050
:107F5C00FCE710B50446FFF76FFF50B920780128F5
:107F6C0009D8611CF9F7C8FF002814BF00200720AE
:107F7C0010BD0C20FCE71220FAE738B50546FFF7D8
:107F8C005BFF044640B92878012803D8691CF9F72F
:107F9C00E3FF18B9122038BD0C20FCE72046FAE7A5
:107FAC0010B503460E2404706FF00C011022002053
:107FBC00DC70592459709A701C7158719971DA716E
:107FCC0010BD08B50821F8F74DFA002008BD10B512
:107FDC0004466FF07F00FFF75EFFF9F763FD20703A
:107FEC007F20FFF758FFF9F75DFD6070002010BD92
:107FFC0010B50446F8F79CFF00F047FCF9F752FD6A
:10800C002070002010BD08B50A46072300F11001AE
:10801C00FEF72CFE002008BD10B5014604460020DA
:10802C00F9F7C4FA08B92060A080002010BD10B583
:10803C000446F9F755FA28B900202146F9F79EFABB
:10804C00002010BDFFF712FF0028F5D0FFF755FFF9
:10805C000028F1D10C20F4E710B50446FFF706FF19
:10806C0028B901202146F9F789FA002010BDFFF745
:10807C0044FF0028F5D10C20F8E708B5F8F724FEEA
:10808C00002008BD2DE9F341054647780078012111
:10809C00F8F766FC044600285FD000F0E7FBEE78AA
:1080AC00864228BF0646042FB6B23DD0206BFFF7A0
:1080BC0011FD304480B21F2803D9122002B0BDE854
:1080CC00F081FB1E012B2CD8204600F0F3FB6B78C3
:1080DC00032B2CD107F0FD08B8F1010F39D1204644
:1080EC0000F0E8FB002831D1012F08BF4FF0020847
:1080FC00216B42466846F8F74FFD6A68206B3346A1
:10810C000121FFF751FC50B36B78023B012B22D8B5
:10811C00206BFFF7DFFC01210246206BFFF774FC9C
:10812C0019E0002ED0D1C8E7002ECDD0C5E700282D
:10813C00C3D1042BCED12046FFF778FE0028BCD04B
:10814C00206BFFF7DDFC0028C4D1B6E74FF0000828
:10815C00CEE7042FD1D10020B0E74220AEE70720B4
:10816C00ACE72DE9F74380464578C77800780121C4
:10817C00F8F7F6FB0446D0B100F08EFB0028206B1C
:10818C0008BF0027FFF7B1FCC619B6B21F2E1FFAA5
:10819C0087F910D8042D0ED0032D12D05FB12046D4
:1081AC00FFF744FE58B10C2002E0042212E04220FA
:1081BC0003B0BDE8F0831220FAE70720F8E7012DA1
:1081CC000CD1204600F076FB0028EED1012D0CBF1F
:1081DC0006220522216B6846F8F7DEFCD8F804204D
:1081EC00206B4B460021FFF7DFFB0028E5D0023D5A
:1081FC00012D04D8206B32460021FFF705FC00202E
:10820C00D6E713B50446F8F793FE4FF44073ADF878
:10821C00003000238DF80230684614F8013B8DF8CD
:10822C0003300194FFF79DFF02B010BD38B501215A
:10823C0005460078F8F794FB0446A0B1FFF7F6FD6D
:10824C0028B92046691C00F062FA002038BD20468F
:10825C0000F022FB08B10C20F8E7204600F018FBD8
:10826C000028F8D1EDE74220F0E713B50446F8F703
:10827C005FFE14F8013B8DF803304FF44073ADF8FA
:10828C000030684600238DF802300194FFF7FAFEA7
:10829C0002B010BD73B50546F8F74AFE2B780446BC
:1082AC0063B100230DF1010101208DF80030F9F7C5
:1082BC007DF918B16846FFF7B9FFA0B90026204632
:1082CC008DF8006000F0ECFAB04214BF8023334606
:1082DC00ADF801302B788DF80360012B05D1694680
:1082EC002046F8F7E5FE02B070BD1BB92046FFF73B
:1082FC00DCFDF8E71220F6E708B500880021F8F756
:10830C002FFB20B1BDE80840002100F08BBB022000
:10831C0008BD10B504460078FF280AD00121F8F7F3
:10832C001FFB58B16378A27843EA0223C384002070
:10833C0010BDB4F80100F8F7C5FDF8E74220F7E7E7
:10834C0008B50078003818BF0120F8F7B5FD0020FB
:10835C0008BD10B50446F8F7EBFD6178C1F3400297
:10836C0001F0010100F0BCFA002010BD1220704792
:10837C0010B5044604B910BD236898476468F9E742
:10838C0003680BB9016070471A465B6813B18A42E7
:10839C00FAD170478A4218BF5160704708B5F8F798
:1083AC0037FDFAF7D1F820B140F22B110120F7F785
:1083BC0009FFBDE808400120FFF7C5BAFBF742BE34
:1083CC00704730B542400C7818785D784440487856
:1083DC00684004449D78887868400444DD78C87807
:1083EC00684004441D7908795B79497968400444F4
:1083FC004B402344D3420CBF0120002030BD034628
:10840C0000200139C9B2FF2900D170475A5C82F0B3
:10841C0001021044C0B2F4E708B5F9F7EDF80828EA
:10842C0003D0BDE80840F9F70BB908BD08B500F05A
:10843C002EFB18B1BDE80840FAF7CABA082008BDEF
:10844C0003460868586670470B68C0F803308B8881
:10845C00A0F8073070470B68C0F809308B88A0F87B
:10846C000D3070470378890123F0400301F040017F
:10847C000B4303707047037803F07F0343EAC11387
:10848C00037070471F2A38B50546144603D9C1211D
:10849C002A20F7F797FE09300634FEF7B1FE6C7010
:1084AC0038BD1F2A38B50546144603D9E3212A20C6
:1084BC00F7F788FE09300634FEF7A2FE6C7038BD63
:1084CC0030B5037803F00F03032B024640D0052B85
:1084DC001FD1C37F90F82000034392F8210003437F
:1084EC0092F82200034392F8230020F01F00184357
:1084FC002DD05378222B0CD1B2F81930B2F817408A
:10850C00907D41B1B3F5506F05D940F607518B42C0
:10851C000ED900201BE0991F89B240F67A45A9427A
:10852C00F7D8411E0729F4D88342F2D9A342F0D3DD
:10853C00B2F81B30B3F5FA7FEBD2B2F81D000A3853
:10854C0080B240F6764398428CBF0020012030BDAB
:10855C004078A0F10C0358425841F8E7F9F798BB62
:10856C0010B521B94FF40F711020F7F72BFE4A60AC
:10857C000B72EFF3108472B6031D0B6042681AB1D4
:10858C00127A012A08BF036003681960016004B9FC
:10859C0062B6BDE81040F9F7C7BB0222F9F7DCBBA5
:1085AC000422F9F7D9BB006801F19C03984283BF00
:1085BC00401A9C3840080020704710B50B794C7954
:1085CC000A68012843EA042108BF41F480311046AF
:1085DC0010BD07B5FFF7F1FF0DF10702F9F72AFC03
:1085EC0003B05DF804FB0B46142203F8032BD0F800
:1085FC000920C1F80320D0F80D205A60704738B517
:10860C000B46102203F8032B0C4600F1090229300B
:10861C0052F8041B43F8041B8242F9D112781A70E9
:10862C00A5880123A37100212846F8F799F970B1A8
:10863C00E37863B10088F8F793FF00212846F8F738
:10864C00A5F920B140F223212D20F7F7BBFD38BD51
:10865C000121F9F77FBEFFF7FBBF90F87A300BB121
:10866C000120704790F8B22002F0FF03002AF7D1E6
:10867C0090F8A4201846704737B504460D464FF4C1
:10868C0090720021FEF750FDFF23237013236380AB
:10869C0042F21073E384F8F753FA00220146206388
:1086AC006846F8F779FA206B00220121FFF7ACF944
:1086BC00216B68460422F8F76FFA0022206B1146F2
:1086CC00FFF7A2F904F12800A57403B0BDE830400F
:1086DC0000F03EB9FF23086B0B70FFF762B900780E
:1086EC00FF3818BF0120704710B50446283000F041
:1086FC0085F961882822FAF7C3F86D3010BDD0E9EE
:10870C0002017047C07C003818BF012070470B680D
:10871C00C0F815308B88A0F819300123C376704748
:10872C002DE9F04F06460D4607460FCE91B006AC2C
:10873C000FC40FCE0FC496E803000DF1100884E8A7
:10874C000300404600F004F995F814906E7895F803
:10875C000AA095F800B0B9F1010F06F07F0607D01A
:10876C00B9F1020F04D040F256310620F7F72AFD7A
:10877C00697A404600F0F3F82B7D2A7F022B08BF64
:10878C00697D02F1010206BF0131C9B20121D2B2E9
:10879C00404600F0E6F816F0080364D14046019319
:1087AC0000F02CF928223146FAF76AF840F27121D0
:1087BC002A79019B00F2D720B0FBF1F401FB04F005
:1087CC00EC7844EA02246A7944EA02444C43A0421D
:1087DC000BD9EC79AA7942EA04222C7A42EA0442B7
:1087EC0001FB02F4A04200D804462A7E0393531ED8
:1087FC005A425A41A97C386B02910192FFF792F9C7
:10880C00386BFFF79FF9039B019A0299ADF81A6038
:10881C0008948DF828208DF82B108DF82CA08DF84D
:10882C0018B08DF81C90099306AE0FCE3C460FC4C1
:10883C000FCE0FC496E8030084E8030098E8030009
:10884C00B862B985EB7A13F0FD0F14BF0123002336
:10885C0087F85730EB68BB652B8AA7F85C30002093
:10886C0011B0BDE8F08F00242346BEE7438813F017
:10887C00040F0CBF1F20002070470023C3854388C2
:10888C001D2B08BF00214174704790F912007047EE
:10889C00408800F0010070474088C0F340007047EA
:1088AC004088C0F3C000704708B5006BFFF731F982
:1088BC00012008BD012070470120704790F850300E
:1088CC0001624B72D0F85130C1F80A30B0F8553013
:1088DC00CB8170477047F9F7A9BB80F870107047CF
:1088EC0080F8241080F825207047C0F34002C0F3B4
:1088FC008003134400F0010018447047022808B5A7
:10890C0007D0042807D0012807D039212E20F7F7EB
:10891C0059FC262008BD2720FCE72520FAE78278A1
:10892C00034612F0010002D0D978C9070FD5900781
:10893C0002D5D978890709D512F0040007D0DB7865
:10894C0013F0040F14BF002004207047022070475E
:10895C000023C0F80230012343700370704781700C
:10896C00704710B50170427080781446FFF7BDFF58
:10897C0010FB01F104FB01F2FE2A03DD5C212E2029
:10898C00F7F720FC10BD0023C370437103717047CF
:10899C0010B50446FFF7C3FF637962780133DBB28D
:1089AC009A4263710FD1E378A1780343DBB2994209
:1089BC00E37008BF23794FF0000208BF01336271E6
:1089CC0004BFE2702371BDE81040FFF797BF38B5C4
:1089DC0001468078FFF789FF0446C8784D78FFF789
:1089EC0084FF0A790B789B1A13FB05F34A7913FB66
:1089FC0004F39B1A00FB1530C0B238BD08B5014614
:108A0C008078FFF772FF4B780A7813FB02F313FBA5
:108A1C0000F0C0B208BD40F2EF20704740F25A336C
:108A2C005843704738B50446084694F8383213B1A9
:108A3C000C25284638BD94F88730153B012BF7D808
:108A4C0094F8603203F0FF05002BF1D191B194F84A
:108A5C00CE3123B940F6E5113120F7F7B3FB0523EE
:108A6C0004F1F00204F5DF71FEF700F9012384F83C
:108A7C003832DEE70223FAE708B5FAF7F9F9F9F725
:108A8C00DBFFF9F72DFFBDE80840F9F7B5BF08B5D6
:108A9C00C821F9F783FF022807D1013911F0FF0132
:108AAC00F7D1EF213B20F7F78DFB431E584258417D
:108ABC0008BD4FF08053D3F8A00000F001007047C0
:108ACC004FF08053D3F8A420D3F8A830511C9BB29C
:108ADC0003D14FF6FF718B4203D0026083800120DB
:108AEC007047002070474FF0805330B5D3F890504A
:108AFC00D3F89440D3F89810D3F89C2005EA0403DB
:108B0C000B40134001331FBF056044608160C2609D
:108B1C000CBF0020012030BD4FF0805330B5D3F88E
:108B2C008050D3F88440D3F88810D3F88C2005EA11
:108B3C0004030B40134001331FBF05604460816088
:108B4C00C2600CBF0020012030BD10B504460846A1
:108B5C00FAF7B0FD4FF47A73B0FBF3F0201A10BDA6
:108B6C0010B504460846FAF7A5FD023C4FF47A739B
:108B7C0000F2E730B0FBF3F0201A10BD08B5FEF799
:108B8C002DF9BDE80840FAF7FBBE801A00F3070088
:108B9C0038B540B20D4659B21446FAF7E1FE00233F
:108BAC00287020446B7040B238BD002303607047BE
:108BBC007047002070474FF0FF3070474FF0FF3088
:108BCC00704770474FF0FF3070470020704700200F
:108BDC0070470023037070470022FFF7D6BF0020B8
:108BEC0070474FF0FF3070474FF0FF3070474FF039
:108BFC00FF30704770474FF0804301221A60704776
:108C0C004FF08043D3F8080400F0010070474FF098
:108C1C008043D3F8140400F0010070474FF08043F8
:108C2C00D3F81C0400F0030070474FF0804102465B
:108C3C00D1F81804D1F8181410F4803004D001F0D5
:108C4C000300831A58425841704708B5FEF71AF9C9
:108C5C0028B14FF080430222C3F8342C08BDFEF734
:108C6C00F1F80028F5D1FEF703F90028F1D1F5E76A
:108C7C00FAF7D8BE70B5FBF759FA0024054626461C
:108C8C00E0B2854200D870BDFBF756FA01348684F9
:108C9C0080F82660F4E7FBF783BC07B56846FBF762
:108CAC0073FBDDE900024FF080730021E2FB03014E
:108CBC0003B05DF804FB0346002018707047EFF317
:108CCC00108272B603780121DBB2017002B962B670
:108CDC00012B0CBF6FF0220000207047EFF31083C4
:108CEC0072B60022027003B962B600207047FEF71C
:108CFC004DB8FEF70DB9FEF70BB900280CBF6FF09D
:108D0C0015000020704700207047072303700020D7
:108D1C007047002070470020704710F8012B11F8A5
:108D2C00013B012A28BF9A42F7D0D01A704703465C
:108D3C0013F8012B002AFBD1181A013870472DE9C2
:108D4C00F04786468C460846089E154674461946DA
:108D5C00002B40F0C2808542B2FA82F245D94AB16A
:108D6C00C2F1200300FA02FC2EFA03F3954043EA09
:108D7C000C0C94404FEA154EA8B2BCFBFEF8230C29
:108D8C000EFB18CC08FB00F943EA0C43994528D993
:108D9C00EB1808F1FF3704D2994502D9A8F1020764
:108DAC002B44A3EB0903A4B2B3FBFEFC0EFB1C3358
:108DBC000CFB00F044EA0344A04214D92C190CF12A
:108DCC00FF3304D2A04202D9ACF102032C44241A82
:108DDC0043EA07401EB1D440002334607360BDE801
:108DEC00F0874746DDE76346F1E792BB431B012161
:108DFC004FEA154EAFB2B3FBFEFC200C0EFB1C333E
:108E0C000CFB07F840EA0343984562D9EB180CF1C8
:108E1C00FF3004D2984502D9ACF102002B44A3EBED
:108E2C000803A4B2B3FBFEFC0EFB1C330CFB07F7D0
:108E3C0044EA0344A7424ED92C190CF1FF3304D257
:108E4C00A74202D9ACF102032C44E41B43EA0040D4
:108E5C00C0E7C2F1200320FA03F1954090402EFAAE
:108E6C0003F303434FEA154EAFB2B1FBFEFC0EFB0E
:108E7C001C10190C0CFB07F841EA0041884504FA58
:108E8C0002F422D969180CF1FF3004D2884502D9BA
:108E9C00ACF102002944A1EB08019BB2B1FBFEFC32
:108EAC000EFB1C110CFB07F743EA01439F420ED942
:108EBC00EB180CF1FF3104D29F4202D9ACF1020144
:108ECC002B44DB1B41EA004192E76046E3E7614635
:108EDC00F7E76046A3E76346B7E7834206D916B9BE
:108EEC00002108467BE7C6E900E0F9E7B3FA83F70F
:108EFC008FB9834201D3724508D8BEEB020460EBF4
:108F0C00030301209C461EB9002168E73846FAE7A6
:108F1C00C6E9004CF8E7C7F1200CBB4022FA0CF470
:108F2C001C432EFA0CF120FA0CF3B84001434FEA23
:108F3C0014490EFA07F5B3FBF9F81FFA84FE09FB86
:108F4C0018300B0C08FB0EFA43EA00439A4502FA60
:108F5C0007F240D9E31808F1FF3004D29A4502D940
:108F6C00A8F102002344A3EB0A0389B2B3FBF9F87E
:108F7C0009FB183308FB0EFE41EA03418E452CD940
:108F8C00611808F1FF3304D28E4502D9A8F102030F
:108F9C00214443EA0040A0FB0298A1EB0E0141459D
:108FAC00CE46434602D306D14D4504D2B9EB020E50
:108FBC0068EB04030138002EA6D0B5EB0E0261EB72
:108FCC00030101FA0CFC22FA07F34CEA0303F94003
:108FDC00C6E9003198E74046C5E74346D9E70000AB
:108FEC0038B5836805699C697CB112F4000F06D012
:108FFC002D6801238B401D4201D082F0C062044BCE
:10900C00134002F0B072A04738BD6FF05700FBE779
:10901C004000000670B58AB00E4615468DF8270044
:10902C000DF1270307930123089307AA05920693D2
:10903C000C4A0392EA18049203AA0192029301AA21
:10904C0005A9094807F08CF9002305E00133054C0C
:10905C0014F803C006F800C01846AB42F6D3002043
:10906C000AB070BD042100202803002000B587B091
:10907C008DF814000B788DF8153005AB0393013285
:10908C00049203AB01930123029301A9054807F055
:10909C0072F9002803DB002007B05DF804FB40B236
:1090AC00FAE700BF2803002008B5024805F06AFC67
:1090BC0008BD00BFCC04002008B5024805F062FCD6
:1090CC0008BD00BFE404002070B584B064E003F573
:1090DC0080531B1101EB4100464A0244937022E07D
:1090EC0003F580531B1101EB41000130414A02444E
:1090FC00937028E003F580531B1101EB4100023003
:10910C003C4A02449370013107292DDC01EB4102EA
:10911C005300394AD35E002BD9DB01EB4100354AB1
:10912C0002441B11937001EB41035A00324B134460
:10913C00B3F90230002BD3DB01EB410001302D4A97
:10914C0002441B11937001EB41035A002A4B134448
:10915C00B3F90430002BCDDB01EB41000230254A82
:10916C0002441B119370CEE7244C00231A460121B4
:10917C0020460AF0CBF80023009301222146204818
:10918C0002F06AFE4FF4A47000210CF0B2FE0AF05B
:10919C00F1F81C4B01221A704FF0FF324FF0FF33E5
:1091AC00194805F02FFC194E0121304600F066FEDF
:1091BC00174D184C2946204608F0EFFA0823ADF855
:1091CC000E302B460DF10E020B49204608F027FB02
:1091DC00114801210170002444702A4600F078FCEB
:1091EC002946204608F0A1FA2146304600F046FEFA
:1091FC00214689E7400300202C1C00206C6B0100E9
:10920C00746B010071040020CC0400208466010002
:10921C0008030020E0200020F420002070B54FF05F
:10922C00FF324FF0FF33154805F0ECFB1448836810
:10923C005B6814499847144BB3F90030134C236006
:10924C002146134807F0C5F82368B3F5C86FE6DD6F
:10925C00104B1B78002BE2D00F4C0125257065704C
:10926C000E4E3146022008F060FA3246294620465E
:10927C0000F02EFC074B00221A70D0E7E40400200B
:10928C006C66010084210020CC230020281C0020C7
:10929C00886B010071040020F420002008030020DA
:1092AC00F8B51C4D00272F701B4E32460121284665
:1092BC0000F0C4FA0623AB700124EC702F71324617
:1092CC002146284600F080FA144D05232B703246B7
:1092DC002146284600F076FBF123AB70EC7020237E
:1092EC00AB80EC7132462146284600F0D7FA0C4B85
:1092FC000C4A1A6040F264429A800B4D2C706F70CD
:10930C003146204608F011FA32462146284600F034
:10931C00DFFBF8BDC020002008030020D420002073
:10932C00E02000205C1C0020F420002030B585B02B
:10933C0002AA3349334801F01FFC002102A802F0B5
:10934C00A1FA002002F006F9002850D104462E485C
:10935C0007F05DF810B9204605B030BD2B480CF075
:10936C0028F9002846D04FF48031294806F0E3FF55
:10937C00002842DB254D4FF0A86204212846FFF758
:10938C002FFE2449244B4B6010238B60284606F09B
:10939C00DDFF224B224A9A600222DA6021480CF04F
:1093AC0008F90028D7D0204806F0EFFF0028D2DBC0
:1093BC001A4B01225A600C221A7400245C741B484C
:1093CC0007F03BFDFFF76CFF2146194800F056FDF6
:1093DC0041F69A120023CDE90023164806F07AFCD8
:1093EC004FF0FF304FF0FF310CF083FDF8E74FF0FA
:1093FC00FF34B0E74FF0FF34ADE74FF0FF34AAE78E
:10940C00186B0100206B0100280300200C66010082
:10941C00646B0100F8200020B5900000842100202E
:10942C00CC2300206C660100886B0100080300202F
:10943C0084660100800400202DE9F04385B00546C8
:10944C008946904601228DF80D2042890AB91B7A73
:10945C0043816B89ADF80E300026DEE00DF10E0372
:10946C0000938E233A460DF10D01284607F0FCF9C6
:10947C009DF80D30002B00F0CC8006EB46010094DB
:10948C003B460DF10E0209EB4101284607F057FA55
:10949C000136B6B2BDE00DF10E03009382233A46BD
:1094AC000DF10D01284607F0DFF99DF80D30002B6A
:1094BC0000F0AF8006EB460100943B460DF10E0226
:1094CC0009EB4101284607F03AFA0136B6B2A0E0A2
:1094DC000DF10E03009384233A460DF10D0128463D
:1094EC0007F0C2F99DF80D30002B00F0928006EBCE
:1094FC00460100943B460DF10E0209EB4101284652
:10950C0007F01DFA0136B6B283E00DF10E0300939D
:10951C0088233A460DF10D01284607F0A5F99DF870
:10952C000D30002B75D006EB460100943B460DF137
:10953C000E0209EB4101284607F001FA0136B6B2DA
:10954C0067E00DF10E03009386233A460DF10D01F1
:10955C00284607F089F99DF80D30002B59D006EB01
:10956C00460100943B460DF10E0209EB41012846E1
:10957C0007F0E5F90136B6B24BE00DF10E0300939E
:10958C008C233A460DF10D01284607F06DF99DF834
:10959C000D30002B3DD006EB460100943B460DF1FF
:1095AC000E0209EB4101284607F0C9F90136B6B2A3
:1095BC002FE00DF10E0300938C233A460DF10D01B3
:1095CC00284607F051F99DF80D3013B306EB460110
:1095DC0000943B460DF10E0209EB4101284607F0C1
:1095EC00AEF90136B6B214E00DF10E030093A023D0
:1095FC003A460DF10D01284607F036F99DF80D306D
:10960C003BB10DF10E01284607F03EFA01E0ADF832
:10961C000E20B8F80030B34278D0AA88BDF80E30CE
:10962C009A4273D92968CC5CC4F3001704F0EF0498
:10963C000133ADF80E30482C4ED064D3A02C62D838
:10964C00802C60D3A4F18003202B5CD801A151F8AD
:10965C0023F000BF1B96000013970000A39400009A
:10966C0013970000DD940000139700004F95000045
:10967C00139700001795000013970000BF9500008A
:10968C001397000087950000139700006994000061
:10969C001397000013970000139700001397000016
:1096AC001397000013970000139700001397000006
:1096BC0013970000139700001397000013970000F6
:1096CC0013970000139700001397000013970000E6
:1096DC0013970000F59500000DF10E03009348233D
:1096EC003A460DF10D01284607F0BEF89DF80D30F5
:1096FC00002B8ED02A68BDF80E30591CADF80E1018
:10970C00D35C2B7385E7ADF80E2082E7BDF80E30E5
:10971C006B81A8F8006005B0BDE8F08330B583B06C
:10972C0004460D46274B1B68ADF804301B0C8DF816
:10973C0006300B46032201A9192007F045FB08B19E
:10974C0003B030BD9DF80430627903F07F0343EA27
:10975C00C213DBB28DF804302279520102F06002A0
:10976C0023F0600313438DF804309DF805206378D3
:10977C0002F03F0242EA8312D2B28DF80520E37860
:10978C001B0103F0300322F030021A438DF8052040
:10979C00237822F00F0203F00F031A438DF80520F3
:1097AC009DF80630A278920002F00C0223F00C0314
:1097BC0013438DF806302B46032201A9192007F01C
:1097CC0075F9BDE7E0680100F0B583B006460F46B9
:1097DC001546194B9B88ADF8043000238DF80630E4
:1097EC00104606F022FE08BB1EB32B46032201A92D
:1097FC00212007F0E9FA08B103B0F0BD0024BC4207
:10980C000BD250B904EB84012A4606EB810101A866
:10981C0007F08DFB0134A4B2F1E70028ECD12B4604
:10982C00032201A9212007F041F9E5E74FF0FF30B1
:10983C00E2E74FF0FF30DFE7E0680100F0B583B0FE
:10984C0006460F461546144B9B88ADF80430002392
:10985C008DF80630104606F0E8FDA8B9C6B12B46C7
:10986C00032201A9212007F0AFFA0024BC420DD23B
:10987C0060B904EB84012A4606EB810101A807F0CC
:10988C00E5FC0134A4B2F1E74FF0FF3003B0F0BDBA
:10989C004FF0FF30FAE700BFE06801002DE9F0431C
:1098AC0083B006460F469046454B9B88ADF8043076
:1098BC0000238DF80630104606F0B7FD002878D14D
:1098CC00002E79D04346032201A9212007F07CFA0F
:1098DC000546002407E0414609F1020007F025FD8A
:1098EC0005460134A4B2A74256D9002D54D104EB3D
:1098FC00840C06EB4C0916F81CC0BCF1050F48D8BB
:10990C0001A353F82CF000BFE39800002D99000040
:10991C004B99000059990000679900007599000057
:10992C00414609F1020007F020FA05460028D8D17B
:10993C0099F80920072101A806F08CFDD1E74146D2
:10994C0009F1020007F01EFD0546CAE74146B9F8C9
:10995C00020007F05FFD0546C3E799F802200B21D2
:10996C0001A806F077FDBCE7414609F1020007F0BB
:10997C0087FD05460028B4D199F80720022101A8DB
:10998C0006F068FD99F80620032101A806F062FD97
:10999C00A7E76FF00305A4E71DB1284603B0BDE8A7
:1099AC00F0834346032201A9212007F07FF80546E6
:1099BC00F3E74FF0FF35F0E74FF0FF35EDE700BF71
:1099CC00E06801002DE9F04383B006460F4690464F
:1099DC003E4B9B88ADF8043000238DF806301046C2
:1099EC0006F023FD002868D1002E6CD043460322DC
:1099FC0001A9212007F0E8F90546002407E04146BB
:109A0C0009F1020007F07BFD05460134A4B2A74220
:109A1C0055D9002D53D104EB840C06EB4C0916F8E8
:109A2C001CC0BCF1050FF0D801A353F82CF000BFFB
:109A3C000B9A0000559A0000739A0000819A00005E
:109A4C008F9A00009D9A0000414609F1020007F030
:109A5C006DFD05460028D8D109F10902072101A89E
:109A6C0006F099FED1E7414609F1020007F080FDAE
:109A7C000546CAE7414609F1020007F090FD05468C
:109A8C00C3E709F102020B2101A806F084FEBCE732
:109A9C00414609F1020007F0A0FD05460028B4D1AB
:109AAC0009F10602032101A806F075FE09F107026F
:109ABC00022101A806F06FFEA7E74FF0FF352846FC
:109ACC0003B0BDE8F0834FF0FF35F8E7E068010024
:109ADC00F0B583B005460E461746104606F0A5FCB9
:109AEC00002840F0D180002D00F0D1803B460222AE
:109AFC0001A91F2007F068F9002800F0B98003B015
:109B0C00F0BD9DF8043003F07F0343EACC138DF8CD
:109B1C0004300134E4B2B44280F0AC8005EB440C68
:109B2C009CF801C015F814E0BEF10B0F00F29D80FB
:109B3C0001A353F82EF000BF0F9B0000759B000093
:109B4C008F9B0000A99B0000C39B0000DD9B0000C5
:109B5C00F79B0000099C0000239C00003D9C00002A
:109B6C00579C00006D9C00009DF804304FEA8C1C43
:109B7C000CF0400C23F0400343EA0C038DF8043046
:109B8C00C7E79DF804304FEA4C1C0CF0200C23F076
:109B9C00200343EA0C038DF80430BAE79DF8043037
:109BAC004FEACC0C0CF0080C23F0080343EA0C032E
:109BBC008DF80430ADE79DF804304FEA8C0C0CF0B6
:109BCC00040C23F0040343EA0C038DF80430A0E7E3
:109BDC009DF804304FEA4C0C0CF0020C23F00203FD
:109BEC0043EA0C038DF8043093E79DF8053003F03D
:109BFC007F0343EACC138DF805308AE79DF80530D6
:109C0C004FEA0C1C0CF0100C23F0100343EA0C036D
:109C1C008DF805307DE79DF805304FEACC0C0CF043
:109C2C00080C23F0080343EA0C038DF8053070E7A9
:109C3C009DF805304FEA8C0C0CF0040C23F0040357
:109C4C0043EA0C038DF8053063E79DF8053023F0EB
:109C5C0001030CF0010C43EA0C038DF8053058E7B6
:109C6C003946604607F0DAFC53E76FF0030050E723
:109C7C00002450E700287FF442AF3B46022201A9A2
:109C8C001F2006F013FF3AE74FF0FF3037E74FF095
:109C9C00FF3034E708B5024B1B68984708BD00BF7E
:109CAC005C03002000B585B00A46002300930193A5
:109CBC000293039302238DF80230044B0193014667
:109CCC00684606F0B3F805B05DF804FBA19C0000F3
:109CDC0080B505460E461746984605F0BFFC034670
:109CEC000CF038FC0446DFF8189049F80030424676
:109CFC0039463046A84754F8090000F0D9FC00BF9B
:109D0C00080000002DE9F04383B0044608461546D0
:109D1C00238B13F0080F05D103F0070600230093E3
:109D2C00019354E0012909D043F02003238385F3E8
:109D3C001188BFF36F8F03B0BDE8F08343F01003BD
:109D4C002383F4E7204608F0C3F942E0D4F81490DA
:109D5C004A466946204608F0D4F94FF00008238B98
:109D6C0003F00707B74269D0A268002A66D0012227
:109D7C0043F00803238385F31188BFF36F8F002A08
:109D8C0064D1009B2BB14B463A466946204608F0FD
:109D9C0031FAB8F1000F02D034492046C047EFF336
:109DAC001185402383F31288BFF36F8F238B23F02D
:109DBC0008032383238B13F0100F4DD023F01003D3
:109DCC0023830120268B06F007060028AFD002283B
:109DDC00B8D00028ABD0013804282BD801A353F8F5
:109DEC0020F000BF599D0000419E0000059E000020
:109DFC00199E00002D9E00002369D3F800800621D7
:109E0C00204608F03BF94FF00009A8E72369D3F886
:109E1C0004800421204608F031F94FF000099EE738
:109E2C002369D3F808800521204608F027F94FF064
:109E3C00000994E74FF00008C14690E7009A0AB178
:109E4C00002295E7B8F1000F92D1B3E74A463946A4
:109E5C00204608F01BF994E713F0200F04D023F0F0
:109E6C00200323830220ADE70020ABE72F22010063
:109E7C00014B0360002070479C6B010070B5456975
:109E8C00002D41D00C462B79244A565CB3423ED06F
:109E9C00234A525C93423DD1AB689847002804DBBF
:109EAC002E71022C16D000202DE0022C10D0032C89
:109EBC0029D110F1860F0BD0BFF35B8F55E8003F13
:109ECC0043F0020345E80032002AF7D1BFF35B8F61
:109EDC002E7118E0BFF35B8F55E8003F23F00403AD
:109EEC0045E80032002AF7D1BFF35B8FBFF35B8FDD
:109EFC0055E8003F23F0020345E80032002AF7D171
:109F0C00BFF35B8F002070BD6FF05700FBE76FF065
:109F1C007700F8E76FF08500F5E700BFA06B010054
:109F2C009C6B01002DE9F0410E4690461F4644699A
:109F3C000521204608F0CAFA00283FD0224B1A7897
:109F4C007AB90025E36863B3013BE3605BBBDAB924
:109F5C00A368002160699847051E1EDB012323714D
:109F6C0021E004F118050BF05AFE40B10022002349
:109F7C00284604F047FD051E22DB3246E2E74FF08F
:109F8C00FF324FF0FF33F3E70223237142463B4687
:109F9C0004F1400004F00CFF05E0E3680133E360DA
:109FAC0001E06FF07705084B1B7813B92846BDE824
:109FBC00F08104F1180004F0E5FCF7E70025F5E763
:109FCC006FF00F05F2E700BFD12300202DE9F0431D
:109FDC0083B04469002C00F0AA8005460521204678
:109FEC0008F074FA20B90025284603B0BDE8F083C8
:109FFC000821686908F06AFA88B94E4B1B781BB3C4
:10A00C0004F118050BF00BFEC8B100220023284602
:10A01C0004F0F8FC051E18DA6FF00A05E4E7EFF31C
:10A02C001184402383F31288BFF36F8F284608F006
:10A03C008AFA054684F31188BFF36F8FD4E74FF08B
:10A04C00FF324FF0FF33E2E700250BF0E8FD10B1D3
:10A05C002379022B68D02669F6B13046FFF7B6FF9C
:10A06C00054640B1334B1B78002BBDD004F11800D2
:10A07C0004F088FCB8E70121204608F027FA00BB61
:10A08C00BFF35B8F54E8003F43F0040344E8003215
:10A09C00002AF7D1BFF35B8FE3680133E3602379C8
:10A0AC00022B14D0234B1B78B3BBE368012BD9D8FC
:10A0BC00A368012160699847051E31DB00232371D9
:10A0CC00D0E7304608F00FFA6FF00A05CAE704F142
:10A0DC0040000BF06FFD10F0010FE3D10023237152
:10A0EC00C0E704F13007032138460CF063F904F1A2
:10A0FC001806304604F046FC4FF0FF384FF0FF399D
:10A10C00CDE900890022032138460CF059F942466A
:10A11C004B46304604F076FC2379022BE1D0C4E7A1
:10A12C00E368013BE3609DE76FF00A059AE70025C1
:10A13C005AE700BFD123002038B54469002C4FD01A
:10A14C0005460521204608F0C1F910B10025284626
:10A15C0038BD284608F035F9002844D10821686933
:10A16C0008F0B4F928BB214B1B783BBB636973B374
:10A17C0023799BBBA368002160699847051E0FDB00
:10A18C00012323710023E360BFF35B8F54E8003F8E
:10A19C0043F0200344E80032002AF7D1BFF35B8F71
:10A1AC00124B1B78002BD2D004F1180004F0EAFB00
:10A1BC00CDE7284608F06BF90546C8E704F118000E
:10A1CC004FF0FF324FF0FF3304F01CFCCEE765611B
:10A1DC00074904F140000BF0ACFCC9E70025D1E7BE
:10A1EC006FF08505B3E76FF00F05B0E7D1230020C2
:10A1FC009B25010008B5034807F0BEFE024807F096
:10A20C00BBFE08BDA46B0100DC6B010030BFFFF787
:10A21C00FDBF00BF38B50446054D2A4605490CF074
:10A22C00FFF8054A002160190CF008F938BD00BF91
:10A23C0000000000E06801000400000070B5064654
:10A24C00064D074B1D444C1B2046FFF7E3FF083C13
:10A25C00C6F8B84005F1080070BD00BF0000000052
:10A26C0004000000074B9B6893F90E20002A08DBC2
:10A27C00044A5269934204D0034A536843F0805312
:10A28C00536070478C23002000ED00E038B5154674
:10A29C00204B9B6A13F4805F19D116241D4B9B6ACB
:10A2AC0013F4006F00D018241A4B9B6A13F4007F30
:10A2BC0010D0184B9A6B9B6A13F4004F09D0D9B18C
:10A2CC00144A936A23F400439362192402E017247E
:10A2DC00E4E719240F4B9B6A13F4806F00D01A2407
:10A2EC000C4B9B6A13F4807F08D10A4B9B6A13F4C6
:10A2FC00005F04D01C2402E01924EBE71B24054A60
:10A30C00936A43F47F439362012108F09CF928700F
:10A31C00204638BD00ED00E0174B9B6A13F0007F20
:10A32C0025D11D20144B9B6A13F0807F00D01F2079
:10A33C00114B9B6A13F4002F00D021200E4B9B6A0B
:10A34C0013F4802F00D022200B4B9B6A13F4003F98
:10A35C0000D02320084B9B6A13F4803F09D1064A96
:10A36C00936A6FEA03436FEA1343936270471E20AC
:10A37C00D8E72420F3E700BF00ED00E081690D4B26
:10A38C005A6942F480725A61BFF34F8FBFF36F8FDB
:10A39C0031F8021C5A6922F480725A61BFF34F8F54
:10A3AC00BFF36F8F4DF60273994201D000207047B6
:10A3BC000120704700ED00E070B504461646324BA4
:10A3CC009B6A13F0100F1AD110252F4B9B6A13F0B8
:10A3DC00080F00D012252C4B9B6A13F0020F10D0E3
:10A3EC00294B586B9B6A13F0800F3DD000293FD04E
:10A3FC00254A936A23F080039362132503E0112509
:10A40C00E3E76FF01500204B9B6A13F0010F00D0AF
:10A41C0014251D4B9B6A13F0200F00D015251A4BE9
:10A42C009B6A13F0100F04D1174B9B6A13F0020FA9
:10A43C0004D0154B5B6813F4006F1BD1124B9B6A55
:10A44C0013F0200F04D0104A536A23F400535362C4
:10A45C000D4A936A43F0FF0393620121204608F0F2
:10A46C00F2F83070284670BD6FF015001325CAE75E
:10A47C001325C8E7214600F0FBF90028DED080F355
:10A48C0009880225DAE700BF00ED00E038B5054683
:10A49C0000230B701A4BD86A10F002002DD10C4619
:10A4AC00DB6A002B2ADB164BD86A10F0804025D0D3
:10A4BC002846FFF763FF08B128681FE0104B9B6A22
:10A4CC0013F0FF0F0DD10E4B986A10F47F400ED194
:10A4DC000B4B9B6AB3F5803F10D32846FFF71CFF4C
:10A4EC000CE0224601212846FFF766FF06E02246D3
:10A4FC0001212846FFF7CAFE00E0002038BD00BF4E
:10A50C0000ED00E030B58BB00C46264B5968C1F31A
:10A51C000801002383F31188BFF36F8F02F07F4390
:10A52C00B3F17F4F15D102F00C03082B14D012F0AD
:10A53C00080F0BD000250DF12702204608F088F8F3
:10A54C0086469DF8273053B10BB030BD044601252B
:10A55C00F1E700252C46EEE700252C46EBE70DF144
:10A56C00040C20686168A268E368ACE80F002069FD
:10A57C006169A269E369ACE80F0045B1C3F3080255
:10A58C005AB96FEA53236FEA4323089305E0089BFB
:10A59C0023F4FF7323F00103089301A9704608F01C
:10A5AC003DF8D1E700ED00E0044B5A6942F010028F
:10A5BC005A615A6922F008025A61704700ED00E0B6
:10A5CC00EFF30880EFF3098101B57246FFF79AFFAC
:10A5DC0001BD00BF002080F31488BFF36F8F1148BA
:10A5EC0080F3088800201049087003F033FA00202B
:10A5FC000E490860BFF34F8F00F030F8402080F315
:10A60C0011880B484FF40461401880F30988EFF36C
:10A61C0014800221084380F31488BFF36F8F00F07D
:10A62C00E9F80000C04E0020D123002094ED00E09A
:10A63C0000410020084BD3F89000C0F30720002302
:10A64C0006E0054AC2F898300021C2F8A010013388
:10A65C008342F6DB704700BF00ED00E010B572B628
:10A66C00002484F31388FFF7E5FF234608E003F189
:10A67C0020010E4A4FF0FF3042F821000133DBB2CB
:10A68C00072BF4D9002308E003F16001074A4FF0CF
:10A69C00FF3042F821000133DBB2072BF4D962B64C
:10A6AC00BFF34F8FBFF36F8F10BD00BF00E100E011
:10A6BC0008B50A4B9B68834202D004F0D5FF08BD55
:10A6CC00EFF30583002BF8D0054B5A6842F080520B
:10A6DC005A605A6A22F400425A62EEE78C23002038
:10A6EC0000ED00E016498A684FF030001044EFF39B
:10A6FC00098C80E8F01F402080F31288BFF36F8F25
:10A70C00104F4FF000664A698A603E604FF0B80403
:10A71C00141920680C4C2060D2F8BC000023C2F83D
:10A72C00BC3080F3118804B5104600F023F9BDE865
:10A73C00044002F1300090E8F01F8CF30988704758
:10A74C008C23002004ED00E0982100201EF0040F63
:10A75C000CBFEFF30880EFF30980816911F8021C3C
:10A76C000229FFD001B5724607F061FF01BD00BFA1
:10A77C00002807DB00F01F02400901239340024A26
:10A78C0042F82030704700BF00E100E000280CDBED
:10A79C0000F01F024009012393402030034A42F885
:10A7AC002030BFF34F8FBFF36F8F704700E100E095
:10A7BC00002808DB4901C9B200F1604000F5614096
:10A7CC0080F80013704700F00F004901C9B2014B2B
:10A7DC001954704714ED00E04209054B53F8222040
:10A7EC0000F01F00012303FA00F01040704700BF77
:10A7FC0000E100E008B50B4B0B4A22F07F029A6097
:10A80C00BFF34F8FBFF36F8FD3F8882022F4700201
:10A81C00C3F8882003F0ECFE05F09CF800F072F809
:10A82C0003F044FF00ED00E00000000010B4A2F1C2
:10A83C0020040E4942F8081C21F0010142F8081CC2
:10A84C0042F8203C019B42F81C3C029B42F8183C0D
:10A85C00039B42F8143C4FF0807342F8043C0465AF
:10A86C000023C0F8BC3010BC704700BFDD9C00005A
:10A87C00104B9B68BBB110F1160F0BD0D3F8A8206E
:10A88C00A2F1400C844510D8824210D98A4207D8D4
:10A89C0000207047D3F8A8208A4201D800207047C6
:10A8AC00D3F8A800704700207047002070470020A4
:10A8BC00704700BF8C23002008B50E4615460A4A87
:10A8CC009060D0F8B820094B1A6000F053F82C4671
:10A8DC0086F309880020064B984720460021002269
:10A8EC000023044C204700BF8C230020982100201B
:10A8FC00D9260100DD9C0000014B10221A61704723
:10A90C0000ED00E0002206E003F00F0309491944B2
:10A91C0040230B760132262A0ADC53B2002BF3DBE0
:10A92C0003F1604303F56143402183F80013F1E721
:10A93C00704700BFFCEC00E008B5EFF30583103B5B
:10A94C00044A02EBC301496852F833008847FFF709
:10A95C0089FC08BD9C66010008B5034B034A012124
:10A96C00034808F006F808BD000001200000002094
:10A97C000C6C010008B5D0F8A830403B04480360CB
:10A98C0040234360034B8360012107F0F6FF08BDB1
:10A99C009C21002000000B15084AC2F898000B6897
:10A9AC0023F01F03034343F01003C2F89C308B6861
:10A9BC0043F00103C2F8A030704700BF00ED00E087
:10A9CC00084BD3F89030C3F30723013B984205D8CA
:10A9DC0010B50446FFF7E0FF204610BD6FF01500E0
:10A9EC00704700BF00ED00E010B5034C0123227846
:10A9FC0007F0BFFE207010BDCE23002008B5002349
:10AA0C000B4A127807F0B5FE10F1160F0FD0024664
:10AA1C0006E0084BC3F898200021C3F8A0100132BF
:10AA2C00044BD3F89030C3F307239342F1DC08BDF9
:10AA3C00CE23002000ED00E0044B0522C3F8942047
:10AA4C00BFF34F8FBFF36F8F704700BF00ED00E077
:10AA5C00BFF35F8F024B0022C3F89420704700BFF6
:10AA6C0000ED00E038B51C4B1D681C4BD3F8903042
:10AA7C00C3F307239D422BD8FFF7EAFF002409E01C
:10AA8C00154B5B6804EB440103EB81012046FFF797
:10AA9C0083FF0134A542F3D81148057007F091FEED
:10AAAC0010F1160F13D00E4B1A780C4BD3F89030C4
:10AABC00C3F307239A4207DA084BC3F89820002106
:10AACC00C3F8A0100132F0E7FFF7B6FF002038BD45
:10AADC004FF0FF30FBE700BF186C010000ED00E009
:10AAEC00CE23002008B5064921F00701C1F1005220
:10AAFC0002F58032034807F0BFF9002008BD00BF03
:10AB0C00175E0020A8210020034BC01A8010034BB5
:10AB1C0003FB00F0704700BFFC040020A38B2EBA8F
:10AB2C002C22024B02FB0030704700BFFC040020BB
:10AB3C000123044AC2F840354FF08042C2F8783500
:10AB4C000020704700E0014030B108B5034B800194
:10AB5C0043F00103984708BD704700BF106B01001C
:10AB6C0008B504480AF025FD08B1002008BD6FF0B7
:10AB7C001200FBE72466010038B50D461446511C43
:10AB8C0008F050F800280BDB1C492846FEF7C5F8E6
:10AB9C0020B11B492846FEF7C0F810B900202070E0
:10ABAC0038BD18492846FEF7B8F820B11649284692
:10ABBC00FEF7B3F818B9012323700020F0E713490E
:10ABCC002846FEF7AAF820B111492846FEF7A5F849
:10ABDC0018B9022323700020E2E70E492846FEF73D
:10ABEC009CF820B10C492846FEF797F818B90323B6
:10ABFC0023700020D4E76FF01500D1E76C6C0100D6
:10AC0C00746C0100186B0100806C01008C6C0100ED
:10AC1C00986C0100A46C0100B06C010010B50446E6
:10AC2C0004F0C6FB034B1B680BB12046984704F09D
:10AC3C00D7FB10BDB421002038B50446054807F0F9
:10AC4C006BFF054620B101210C3007F0B5FF2C76C7
:10AC5C00284638BD5405002010B5044604F0A8FB66
:10AC6C00024B1C6004F0BCFB10BD00BFB4210020E3
:10AC7C0010B50E3801280ED991B10C4807F04CFFD5
:10AC8C00044634B1012104F10C0007F095FF0223B6
:10AC9C002376204610BD064807F03EFF0446F0E739
:10ACAC000220FFF7C9FF0446F3E700BFFC040020B5
:10ACBC0080050020C2685178084B83F870105188C9
:10ACCC00A3F87210117983F87110B2F80710A3F879
:10ACDC007410B2F80520A3F876207047B00000205D
:10ACEC00C268034BD2F80100D2F8051003C37047B9
:10ACFC008801002030B5C46804F1010C094D4134C1
:10AD0C00AE46DCF80000DCF80410DCF80820DCF8B7
:10AD1C000C30AEE80F000CF1100C7546A445EFD1C9
:10AD2C0030BD00BF30010020C268034BD2F80100D7
:10AD3C00D2F8051003C370472801002008B5C0687D
:10AD4C00013007F0C9FF024BC3E9380108BD00BF51
:10AD5C00B0000020094BBFF35B8F1A68BFF35B8F09
:10AD6C0002F00902BFF35B8F53E8001F43E8002099
:10AD7C000028F9D1BFF35B8F704700BF840100201E
:10AD8C0000B970472DE9F0410E46154680463A4B06
:10AD9C000022BFF35B8F53E8004F43E800210029EA
:10ADAC00F9D1BFF35B8F27462CB917B1384607F0A2
:10ADBC00E5FEBDE8F081204607F022FE00EB4000E6
:10ADCC002E4B03EB80035B8843453AD1AC420FD04A
:10ADDC00204607F034FE0223237604F10C080121EF
:10ADEC00404607F0E9FE2A8AE968404607F0EEFE85
:10ADFC00204607F005FE00EB4000204B03EB8003E0
:10AE0C005B6803B14EB3204607F0FAFD00EB40003F
:10AE1C001A4B03EB80039B68002BC6D0204607F02F
:10AE2C00EFFD164D00EB400005F82060204607F0C2
:10AE3C00E7FD00EB400005EB8005A86803F0A2FDE0
:10AE4C00B3E70D4BBFF35B8F53E8007F43E8004241
:10AE5C00002AF9D1BFF35B8FA7E7204607F0D0FD9E
:10AE6C0000EB4000054B03EB80035B681A7A5968D2
:10AE7C00186807F074FFC6E7C0010020B821002055
:10AE8C0038B50446038A012B1AD902210C3007F07D
:10AE9C00AFFE05460378052B17D018D30E3BDBB25B
:10AEAC00012B10D8012313F0020F12D00323114AE7
:10AEBC002146287807F049FF204607F05FFE38BD91
:10AECC0007F05CFEFBE70223EDE70323EBE702232D
:10AEDC00E9E740F6CE33084A0849094807F05AF822
:10AEEC00002383F31188BFF36F8F0323184602DF0F
:10AEFC00DCE700BF306E0100EC6C0100206D01003E
:10AF0C00506D010010B5044601210C3007F070FEA5
:10AF1C000023034A2146007807F017FF10BD00BF3D
:10AF2C00486E010010B5044601210C3007F060FE9C
:10AF3C000023034A2146007807F00BFF10BD00BF29
:10AF4C00486E010008B50146034807F0EBFD0349C4
:10AF5C0003480AF0DEFD08BDC40100207003002088
:10AF6C007014002008B50A4807F0F1FD60B1027EAC
:10AF7C00022A0AD007F002FE064BD3F814311BB19B
:10AF8C00054906480AF0C5FD08BDFFF779FFF3E750
:10AF9C00C4010020B00000207003002070140020B9
:10AFAC0010B50C460A604B609DF808300B7207F028
:10AFBC0027FD00EB4000024B03EB80035C6010BDEF
:10AFCC00B82100202DE9F843064688464FF0FF32A1
:10AFDC004FF0FF33194807F09FFD044658B300F1BA
:10AFEC000C070121384607F0E7FD012323762046A4
:10AFFC0007F006FD124D00EB400005EB800046808B
:10B00C00204607F0FDFC00EB400305EB83034FF0FB
:10B01C000009C3F80890204607F0F2FC00EB400052
:10B02C0005EB8005C5F804900321384607F0C8FDF0
:10B03C00068080F802802046BDE8F88328050020B1
:10B04C00B821002008B50146034BD3F834018268BF
:10B05C009268904708BD00BFB000002070B582B068
:10B06C00044600F10C05284607F0CAFDADF80400B3
:10B07C00238AADF80630012B23D90221284607F08C
:10B08C00B7FD05460378052B21D022D30E3BDBB24E
:10B09C00012B1AD8012616F0010F1CD00223184AD6
:10B0AC002146287807F051FE16F0020F23D0636971
:10B0BC00BDF804201344E360BDF80630238202B0CF
:10B0CC0070BD204607F05AFDF9E70226E3E7032698
:10B0DC00E1E70226DFE740F6EE730A4A0A490B481D
:10B0EC0006F058FF002383F31188BFF36F8F0323FF
:10B0FC00184602DFD2E7204607F040FDDFE700BF2D
:10B10C00206E0100EC6C0100706D0100506D0100AF
:10B11C00064BBFF35B8F53E8001F41F0040143E87B
:10B12C000012002AF7D1BFF35B8F70478401002017
:10B13C00004870478C6D010008B5024803F0ECFD27
:10B14C0008BD00BF6003002010B50022002320487A
:10B15C0003F0DEFB0446A0B11E4BD3F8100128B15E
:10B16C0007F00CFD1B4B0022C3F81021204607F002
:10B17C001FFD184BC3F810012046FFF763FF80B981
:10B18C0010BD40F6DD33144A1449154806F002FF91
:10B19C00002383F31188BFF36F8F0323184602DF5C
:10B1AC00DAE7104803F0EEFB204607F029FC00EB31
:10B1BC0040000D4B03EB800322461F215888FFF7FC
:10B1CC00DFFD204607F0DAFCFFF7B6FFD8E700BF3B
:10B1DC00CC010020B0000020EC6C0100946D01004B
:10B1EC00506D0100A8010020B821002008B50B46C5
:10B1FC000849D1F81C1151B10246074803F002FC72
:10B20C0008B1002004E0FFF79FFF012000E00020C0
:10B21C0008BD00BFB0000020A8010020F0B587B029
:10B22C000746164600293FD00D46887AFFF778FC72
:10B23C004E4B834240F094800122002168460AF074
:10B24C006CFB284607F0DCFB00EB4000484B03EBA3
:10B25C008003C3F808D0284607F0AAFC01464548ED
:10B26C000AF03EFBFFF768FF0BF074F9424B1A58DB
:10B27C00424B9A4222D04FF4A0220023684603F09E
:10B28C00C1FB0446002838D1284607F0B9FB00EB77
:10B29C004000374B13F82040002C43D1002E5AD0DD
:10B2AC003560002007B0F0BDFFF78CFE0546002886
:10B2BC00C2D16FF06800F5E7A542DCD02D480AF04A
:10B2CC0026FB04464FF4A0200021FFF78FFF002837
:10B2DC00F2D14FF4D8732A4A2A492B4806F05AFE69
:10B2EC0039462A4806F056FE002383F31188BFF333
:10B2FC006F8F0323184602DFDEE74FF4DB73204A1F
:10B30C002349214806F046FE22463946214806F0DC
:10B31C0041FE002383F31188BFF36F8F032318467C
:10B32C0002DFB1E7284607F029FC093C092C0FD8AD
:10B33C00DFE804F0050E0E0B190E0E0E0E086FF062
:10B34C006E00AFE76FF01500ACE76FF00C00A9E7EB
:10B35C006FF00400A6E7284607F010FC0020A1E7D8
:10B36C006FF015009EE76FF00B009BE7280500209F
:10B37C00B8210020CC01002008000000581A002041
:10B38C00EC6C0100986D0100506D0100A06D010086
:10B39C00C06D0100CC6D01002C4B93F87C3013F088
:10B3AC00400F4CD010B582B001AA002142F203002C
:10B3BC00FFF734FF034610B1184602B010BD0198D8
:10B3CC00FFF78EFC019807F0D9FB204B1F22A3F846
:10B3DC00E82093F87C3013F0200F18D01B4B93F817
:10B3EC009C3013F0080F0ED001AA002142F21C0071
:10B3FC00FFF714FF03460028DED10198FFF79EFCEF
:10B40C00019807F0BBFB07F047FD0346D4E7022188
:10B41C0040F66D40FFF7D6FD0446A0B102210C307A
:10B42C0007F0CEFB0123037000224270214640F648
:10B43C006D40FFF7F3FE03460028CFD0BCE76FF05A
:10B44C001203184670476FF06803B5E7B000002090
:10B45C0010B5082140F60140FFF7B4FD88B1044651
:10B46C0008210C3007F0ACFB024607484FF00051A6
:10B47C0007F021FC0022214640F60140FFF7CEFEEA
:10B48C0010BD6FF06800FBE70080000210B582B0C1
:10B49C0001AA00214FF60140FFF7C0FE08B102B02F
:10B4AC0010BD019807F06AFB01AA00214FF602407B
:10B4BC00FFF7B4FE0028F2D10198C368B3F801304D
:10B4CC000C4CA4F8C13007F059FB94F8C13013F0C0
:10B4DC00040FE4D001AA00214FF60340FFF79EFEB3
:10B4EC000028DCD10198C3685A7884F8C02007F092
:10B4FC0045FBD4E7B000002008B507F08EFC0346EE
:10B50C0008B1184608BDFFF747FF03460028F8D1DD
:10B51C000A4B93F87C3013F0200F04D107F01DFC7C
:10B52C0003460028EDD1FFF793FF03460028E8D12E
:10B53C00FFF7ACFF00F000FB0346E2E7B000002091
:10B54C0008B507F0C4FC024B1B6803B1984708BD53
:10B55C00D021002070B582B004462C4BD3F83401B6
:10B56C000AF027F800284BD0294BBFF35B8F53E828
:10B57C00002F22F0020243E800210029F7D1BFF38B
:10B58C005B8FBFF35B8F53E8002F42F0010143E860
:10B59C0000100028F7D1BFF35B8F12F0010F32D1EE
:10B5AC001C4B1C601C4D0122114628460AF0B5F9B3
:10B5BC0005F124000AF088F9184E30460AF0B3FA67
:10B5CC00002300936FF007034FF480621449304658
:10B5DC0003F0AAFB1349304603F008FCE86B8368C0
:10B5EC001B6811499847054618B92CB10F4803F050
:10B5FC0093FB284602B070BD07F069FC0546F8E7DE
:10B60C006FF01205F5E76FF07705F2E7B000002058
:10B61C0084010020D0210020A801002070140020FB
:10B62C0080380020146E01000F2E010074010020E0
:10B63C0070B582B006460C46124B93F99B30002B2A
:10B64C001DDAC4B12546082C28BF082501AA002103
:10B65C0042F21800FFF7E2FD034668B9019BD96876
:10B66C002A46013130460AF0DBFE019807F086FAD3
:10B67C002E44641BE5E70023184602B070BD6FF042
:10B68C008503F9E7B000002038B5044604210C30DE
:10B69C0007F0AEFA4578224601784088FFF770FB38
:10B6AC0005B938BD024803F06DF9FFF745FDF8E721
:10B6BC00A801002038B5044603210C3007F098FA95
:10B6CC000578B0F80100E368197840F635439842E4
:10B6DC0003D02246FFF754FB05B938BD024803F0EE
:10B6EC0051F9FFF729FDF8E7A801002070B50546D0
:10B6FC00002401E00134E4B2094BDB79A3420BD9FD
:10B70C002646C4EBC4010722054B194428460AF00F
:10B71C009DFE0028EED101E06FF00106304670BDB1
:10B72C00B000002038B50446062213490AF08EFEFC
:10B73C0000B938BD062142F20500FFF743FC05466F
:10B74C00B8B1062221460C3007F040FA00222946F7
:10B75C0042F20500FFF762FD0028EAD1074B226890
:10B76C00C3F86920A288A3F86D20012283F8682011
:10B77C00DFE76FF06800DCE719010020B000002063
:10B78C0070B582B005460E4629B1072218493046DD
:10B79C000AF05CFEE8B9684607F036FA044618BBB6
:10B7AC006846FFF7A3FF0028F5DAC5EBC505114A7B
:10B7BC00AB1800985051BDF804009DF80610988005
:10B7CC0099718EB1525932609A889B79B280B3715B
:10B7DC000AE0C5EBC505074AAB1831685151B18871
:10B7EC00B27999809A710024204602B070BD00BFD6
:10B7FC00546C0100B00000202DE9F04383B0204BC5
:10B80C0093F8C24014F0010403D1204603B0BDE804
:10B81C00F08305460E4601AA00214FF60940FFF7BA
:10B82C00FDFC844648BB0198D0F80C9099F8014077
:10B83C00B44228BF34461BE0162101FB0CF16A18F8
:10B84C0009EB0103D3F802E0D3F80680D3F80A70B1
:10B85C00D3F80E6045F801E0C2F804809760D6601A
:10B86C00D3F812E0C2F810E0DB8A93820CF1010CE1
:10B87C006445E1DC07F082F9C7E70024C5E700BFA7
:10B88C00B000002070B584B0002946D104460E46A5
:10B89C0020B1072227490AF0D9FD28BB264BDB79BA
:10B8AC00012B43D0BFF35B8F244B1B68BFF35B8F23
:10B8BC0013F0010F0BD10023009301930293039318
:10B8CC0014B307221B4920460AF0C0FDE0B11A4B05
:10B8DC00D879421CDA71054632462146FFF750FFF3
:10B8EC00A8B9284604B070BD2046FFF7FFFE00281B
:10B8FC0016DA2378012B16D1A37903F0C003C02BE1
:10B90C00CCD06FF01505ECE76FF01505E9E70A49A7
:10B91C00CB79013BCB710546E3E76FF01505E0E70A
:10B92C006FF07705DDE76FF01505DAE76FF00B05C3
:10B93C00D7E700BF546C0100B00000208401002048
:10B94C0060B3F0B583B0044601AA002141F20900AE
:10B95C00FFF764FC20BB019EF7687D1C0622114991
:10B96C0028460AF073FD28B106220F4928460AF032
:10B97C006DFD28B9304607F001F9002003B0F0BD89
:10B98C00D7F80130C4F80130AB88A4F80530002397
:10B99C002370019807F0F2F80120EFE700207047C0
:10B9AC000020EBE7646C01005C6C010000B583B017
:10B9BC006846FFF7C5FF064BD87118B9002003B0D5
:10B9CC005DF804FB002269461046FFF7D9FEF6E746
:10B9DC00B000002010B588B0184BDC7924BB0121D5
:10B9EC0002A8FFF709FF154BD87101E00134E4B24E
:10B9FC00124BDB799C4216D202AA162304FB03F3EA
:10BA0C00D118D358CDF801308B88ADF8053001230F
:10BA1C008DF80030002269462046FFF7B1FE034640
:10BA2C000028E3D005E03BB900210846FFF72AFFC8
:10BA3C000346184608B010BD0023FAE7B0000020FA
:10BA4C00002867D070B50C4616461D460346002DDF
:10BA5C0063D0017814F4002F08D014F0040F5FD1D8
:10BA6C0007F056FA08B901232B7070BD14F0010FC2
:10BA7C0029D042B114F0200F05D02E4A92F8D820CC
:10BA8C0012F0400F4FD0C1EBC1022A48825C012A50
:10BA9C000DD00AB900232B70002E47D014F0200FC4
:10BAAC0046D02B7843F002032B700020DDE7C1EB6E
:10BABC00C10101440131184607F01DFA0028D4D108
:10BACC0001232B70E8E714F0040F1ED0C1EBC10268
:10BADC001848825C012A0AD0AAB90020287014F0F8
:10BAEC00200FC2D02B7843F002032B70BDE7C1EBC3
:10BAFC00C10101440131184607F0FDF90028B4D109
:10BB0C0001232B70EBE70020E9E707F001FA012392
:10BB1C002B70AAE76FF0150070476FF01500A4E7C3
:10BB2C006FF01500A1E76FF085009EE700209CE701
:10BB3C0000209AE7B000002008B50A4BDB7923B14E
:10BB4C00084BDB7933B1002008BDFFF72FFF00282D
:10BB5C00F6D0F9E7FFF73EFF0028F5D10248FFF7D2
:10BB6C00E1FDF1E7B0000020B100002010B5044663
:10BB7C000078214BDB79984230D2C0EBC000072211
:10BB8C001E491D4B18440AF061FC48B3636813F05E
:10BB9C00010F07D1184A92F87020082A02D8A2681F
:10BBAC009F2A1FD913F0300F01D02269E2B113F094
:10BBBC00100F08D1226932B103F46033B3F5603F42
:10BBCC0018D001200BE0A268E1688A420ED81F2A27
:10BBDC000ED9B1F5804FEFD9002000E0002010BD48
:10BBEC000020FCE70020FAE70020F8E70020F6E749
:10BBFC000020F4E70020F2E7B0000020546C0100B4
:10BC0C0000487047C80000202DE9F04F8BB005921A
:10BC1C0099460E69B6F1000B18BF4FF0010BBFF33C
:10BC2C005B8F8B4B1B68BFF35B8F13F0040F00F023
:10BC3C00008105460C46084607F0E0FA002800F0A3
:10BC4C00FB80204607F07DF98246002800F0F78043
:10BC5C0005F110070721384607F0ABF904900028CE
:10BC6C0040F0F0800023069307930893CDF823301F
:10BC7C00A368ADF81830E368ADF81A30D4F8048036
:10BC8C00404607F084F98DF82500404607F07DF911
:10BC9C008DF826006E4BBFF35B8F53E8002F22F418
:10BCAC00807243E800210029F7D1BFF35B8F227823
:10BCBC002A7003F8652C0DF11D035A46616828465D
:10BCCC00FFF7BEFE8046002840F08D8026B3236926
:10BCDC001A68C5F809209A889B79A5F80D20EB7392
:10BCEC00204607F0D3FA8346636813F0010F25D082
:10BCFC0006B313F0100F19D004238DF81C302369F0
:10BD0C001A68CDF81E209A889B79ADF822208DF800
:10BD1C002430DDF810A01AE04E4B1A68C5F8092043
:10BD2C009A889B79A5F80D20EB73D9E701238DF840
:10BD3C001C30E4E700238DF81C3008E013F4007F7E
:10BD4C0002D1149B002B52D002238DF81C300F21F2
:10BD5C0042F20600FFF736F98046002875D00F2214
:10BD6C0006A90C3006F032FF0022414642F20600D2
:10BD7C00FFF754FA8046002835D1002E3FD0012120
:10BD8C00284607F0BFFA804668BB002E49D0024611
:10BD9C0002F001020E21384607F041FABBF1010F07
:10BDAC0014BF002201220821384607F038FABBF1F3
:10BDBC00020F14BF002201220921384607F02FFA86
:10BDCC00626802F001020A21384607F028FA52464E
:10BDDC000B21384607F023FA6268C2F380020D216A
:10BDEC00384607F01CFA40460BB0BDE8F08F02282D
:10BDFC00AAD003238DF81C30DDF810A0A7E7CDF8EE
:10BE0C000CB0CDF808A000230193159B0093149B54
:10BE1C004A460599284607F066F980460028AED0B8
:10BE2C00E1E7636813F0020F01D00246B0E701228C
:10BE3C00AEE76FF00A08D6E76FF01508D3E76FF09E
:10BE4C001508D0E76FF07708CDE76FF06808CAE700
:10BE5C0084010020546C01002DE9F04383B080462E
:10BE6C000C4617461D4607F06FF8814618B1484638
:10BE7C0003B0BDE8F083FFF7C3FE06460A9B0193AF
:10BE8C0000953B4622464146FFF7BEFE81463946A9
:10BE9C00204607F05BF80028E9D0183605493046F3
:10BEAC0009F047FE4FF470220023304602F088FF61
:10BEBC00DDE700BFC5330100142810D80C4B13F874
:10BECC0010307BB10A4A02EB400252786AB1086822
:10BEDC0000FB03F393FBF2F30B60002070476FF051
:10BEEC00150070476FF0150070476FF01500704724
:10BEFC00586E010021B1012907D06FF08500704701
:10BF0C000020054BC3F800057047034B0122C3F812
:10BF1C0000250020704700BF00700040F0B583B0D2
:10BF2C0000230093CDF803300D7905F01F058E79B1
:10BF3C00072D6FD80C460B780C2B6ED8DFE803F06E
:10BF4C000A07126D166D1A6D6D1E226D26000123E7
:10BF5C008DF802306378032B1CD0042B1DD06FF0AE
:10BF6C00150745E002238DF80230F3E703238DF823
:10BF7C000230EFE704238DF80230EBE705238DF850
:10BF8C000230E7E706238DF80230E3E707238DF84C
:10BF9C000230DFE701238DF8033001A9608807F038
:10BFAC0045FA074600283BD1237913F0200F22D005
:10BFBC0001238DF805301C4890F8A820217901F058
:10BFCC001F018B4022EA030380F8A8306279164BDC
:10BFDC002B4483F8A020154C6A462946204607F0CE
:10BFEC00EFF951352B0104EB05150022E2506E6080
:10BFFC00384603B0F0BD00238DF805300A4890F8A0
:10C00C00A830217901F01F0101228A40134380F8E6
:10C01C00A830DBE76FF01507EAE76FF01507E7E7E5
:10C02C006FF01507E4E700BFE80100200070004046
:10C03C0069B938B5064CD4F82C56D4F8341689B2F4
:10C04C00743007F0F1F90544C4F82C5638BD70472C
:10C05C0000700040037C083B062B11D8DFE803F08E
:10C06C0004100E1006100C00002200E00222064BF9
:10C07C00C3F8F025002070470322F8E70122F6E709
:10C08C006FF01500704700BF00700040012901D906
:10C09C00437C73B9437C082B0ED8DFE803F005050D
:10C0AC000505050505050500054AC2F8F43500200F
:10C0BC0070476FF0150070476FF01500704700BFA8
:10C0CC00007000404268044B93F8A8301A4214BF29
:10C0DC0001200020704700BFE801002010B4446824
:10C0EC000D4B93F8A8100D4BD3F82C06012302E04E
:10C0FC0002305B009BB299420BD3E2B21A42F8D0E9
:10C10C001942F5D0B0F90020002AF1DA00220280A1
:10C11C00EEE710BC704700BFE80100200070004043
:10C12C0010B504460748FDF751FF94F886301BB153
:10C13C00054B0122DA6010BD034B01221A605A60D4
:10C14C00F9E700BF6C6601000070004010B582B0CA
:10C15C0000F10804D0F88800410CC003084BC0184B
:10C16C00084A4FF0000341F10001FBF7F3F800908F
:10C17C00019100220023204603F0ACFD02B010BD5B
:10C18C003F420F0040420F00F8B50D4649684B1E68
:10C19C00FE2B5DD800231C4611E0304800EB031C3D
:10C1AC00DCF8182522F08072CCF8182503F1510226
:10C1BC001201002686500133DBB2072B23D81A4616
:10C1CC0021FA03F010F0010FE7D02548184490F83D
:10C1DC00A060002E3FD095F811C0BCF1000C18BF28
:10C1EC004FF0010C1D4F07EB031EDEF8180520F075
:10C1FC00807040EA0C60CEF8180551321201BE5026
:10C20C000134E4B2D7E72846FFF724FF034608B110
:10C21C001846F8BD21462846FFF738FF034600288C
:10C22C00F6D12146284607F046F903460028EFD1FF
:10C23C00AA680A4BC3F82C26C3F83046084C29468A
:10C24C00204607F078F9204607F068F90346DFE747
:10C25C006FF01503DCE76FF01503D9E700700040B1
:10C26C00E801002070B504460D46084E0022114628
:10C27C00304607F04AF929462046FFF785FF044669
:10C28C0006F1400002F07EFB204670BDE801002064
:10C29C0038B504460E4B0025C3F80451D3F80421DD
:10C2AC00C3F81051D3F810211222C3F8042307202D
:10C2BC0006F0F1F92A460121072006F0F6F90548A7
:10C2CC0007F068F90449204606F093F838BD00BF22
:10C2DC0000700040E801002001BF0000164BD3F8AD
:10C2EC00043173B9144BD3F8103123B3124B002221
:10C2FC00C3F81021D3F8102101229A601A605A60F9
:10C30C00704710B504460C4B0022C3F80421D3F837
:10C31C00042101229A60094806F0E5F80848FFF765
:10C32C00D1FE20B92146074807F03CF910BD04485E
:10C33C00FFF7D4FEF6E77047007000406C66010012
:10C34C005C020020E80100200048704728220020F1
:10C35C00034BC01A8010034B03FB00F0704700BF67
:10C36C00E8210020B76DDBB638B505460C46FFF763
:10C37C00EFFF01464022034807F0F0F9014628463A
:10C38C00A04738BDF465010030B583B005460C46B6
:10C39C00FFF7DEFF0146402300932346054A06487B
:10C3AC0007F0F6F9011E01DB03B030BD2846A047AB
:10C3BC00FAE700BFE5370100F465010008B510B1DC
:10C3CC0001280DD008BD0021084807F055F98368F5
:10C3DC0013F0070FF6D10021044807F0ADF9F1E78F
:10C3EC000121024807F0A8F9ECE700BFF465010051
:10C3FC0010B582B0EFF31184402383F31288BFF39E
:10C40C006F8F154A136843F00201116013F0010F8E
:10C41C0009D1002384F31188BFF36F8FB3B907F0F0
:10C42C00E3F902B010BD0DF1070201214FF080407D
:10C43C0007F006F99DF80730012B01D00023E9E73E
:10C44C00FFF782FF07F066F90123E3E700210348B9
:10C45C0007F072F9E5E700BF38220020F46501000F
:10C46C0010B5EFF31184402383F31288BFF36F8F61
:10C47C00074A136823F00201116013F0010F04D076
:10C48C0084F31188BFF36F8F10BD07F0B2F9F7E793
:10C49C003822002070B582B00546012807D14FF034
:10C4AC008043D3F81C3403F00303012B4BD009F069
:10C4BC00B6FB044618B9284B1B78002B38D1EFF388
:10C4CC001186402383F31288BFF36F8F012424B9A4
:10C4DC004FF080430222C3F8082301AA00214FF039
:10C4EC00804007F0ADF820B1019B012B26D0012D27
:10C4FC0024D0FCB1304606F0FDF84FF08043D3F861
:10C50C001835002BE9D14FF08043D3F80431002BC0
:10C51C00E3D04FF080430022C3F80421D3F8042168
:10C52C000122C3F818250D49C1F880219A60D4E77F
:10C53C000026CCE7012007F066F9DEE72CB186F384
:10C54C001188BFF36F8F02B070BD4FF08043022291
:10C55C00C3F80423F7E700BFD123002000E100E07B
:10C56C0000B587B0CDF800D0CDF804D000230293ED
:10C57C000123039304AB049305936B46064A07F01F
:10C58C0023F9002805DB4FF480420023684602F0B3
:10C59C0039FA07B05DF804FB3F38010008B5064BCB
:10C5AC001B7803B108BD4FF4A57008F0FCFF024BDB
:10C5BC0001221A70F6E700BFCF23002070B50646A3
:10C5CC0000220121104606F070F8114801F016FA0D
:10C5DC00104B984219D108F006FA0024012C12D8FD
:10C5EC002146304607F048F805462146304607F00C
:10C5FC004EF8094905F023FE002805DB0123AB604A
:10C60C001C44E4B2EAE7002070BD6FF00400FBE7C5
:10C61C00C9C300000000AD0B946E010010B50446B8
:10C62C00104B0121BFF35B8F53E8002F43E8001040
:10C63C000028F9D1BFF35B8F1AB1631E012B0DD902
:10C64C0010BD094807F023F8084900234B608B60A4
:10C65C00CB6001238B6005F00FFEEEE72046FFF761
:10C66C0019FFEDE7E4210020F4650100D42100203E
:10C67C00EFF31182402383F31288BFF36F8F0A4BC1
:10C68C00D3F800316BB1084BD3F80805C0B20021C8
:10C69C00C3F80011D3F8003182F31188BFF36F8F08
:10C6AC0070476FF00A00F7E700D00040F0B58646FF
:10C6BC008578C478EFF3118C402383F31288BFF391
:10C6CC006F8F067833464778AD1B2540AA4200D9B8
:10C6DC00AAB2B01820408EF800008CF31188BFF37A
:10C6EC006F8F084607E00EEB0302527900F8012B1E
:10C6FC0001332340624602F1FF3C1FFA8CFC002AF6
:10C70C00F1D1BE420ED1EFF31183402282F3128895
:10C71C00BFF36F8F9EF800208EF8012083F31188F1
:10C72C00BFF36F8F401A80B22D1A9EF80430AB42C3
:10C73C0002D3024B01221A60F0BD00BF00D00040B2
:10C74C00F8B50D46144613F0010F03D12548FFF739
:10C75C00ADFFF8BD0AB92046FBE7EFF31186402385
:10C76C0083F31288BFF36F8F0D20FEF735F8074661
:10C77C000D2005F095FF86F31188BFF36F8F1A4BD0
:10C78C000022C3F80021D3F8002101221A60174BB4
:10C79C004FF40052C3F8802126460AE0EFF31180D3
:10C7AC00402383F31288BFF36F8F05F0A3FF00E0E3
:10C7BC008EB10D4BD3F80031002BEFD0FFF758FFA3
:10C7CC000A4B4FF40052C3F880210028F0DB013EE5
:10C7DC00B6B2A855ECE7002FBDD00D2005F05BFFDD
:10C7EC00B9E700BF6C22002000D0004000E100E05F
:10C7FC0010B5FFF73DFF002806DBC4B221460A48FE
:10C80C0007F023F8002800DB10BD2146074807F08D
:10C81C001CF8002803DB064802F0B4F8F4E7054BDB
:10C82C0001225A60F7E700BF6C2200208122002011
:10C83C005422002000D00040F8B50F46144607E003
:10C84C004FF0FF324FF0FF3306F1180002F0DAF828
:10C85C00BCB10D4E4FF0FF324FF0FF33304602F0BB
:10C86C00D1F82246394606F14500FFF71FFF054671
:10C87C00304602F087F8002DE2D0641BA4B22F449E
:10C88C00E6E70020F8BD00BF3C22002010B5184C94
:10C89C0001221146204609F040F80122002104F142
:10C8AC00180009F03AF80422082104F1450006F0BA
:10C8BC00DFFF0C22102104F1300006F0D9FF0D4BE4
:10C8CC00D3F8042522F00102C3F804250024C3F890
:10C8DC000041D3F800210121C3F80413196022464A
:10C8EC000D2005F0E2FE0D2005F0D5FE204610BD12
:10C8FC003C22002000D0004008B9024870470020BC
:10C90C00704700BF0C6601002DE9F04786B08846E1
:10C91C0015469946446801F01F06237B46EA4316E8
:10C92C00204607F066F800285DD0B5F5001F2AD028
:10C93C000DF10C0A0027039704974946284607F087
:10C94C00CDF88DF80C00009701970297CDF804A054
:10C95C00A36823FA08F313F0010F02D1B5F1A07FFD
:10C96C0018D010346A463146204608F020FD214B81
:10C97C0098423BD101223146204608F03CFD002074
:10C98C0006B0BDE8F087314604F1100008F037FD21
:10C99C000020F5E706F01F03720917D14FF0A042F3
:10C9AC0003F5E07352F8233013F0010FD9D104F1E1
:10C9BC0010050DF117023146284608F004FD0E4B08
:10C9CC00984205D00DF117030493CAE73A46E7E7FE
:10C9DC000DF11701284608F00AFD064B9842F1D0DC
:10C9EC006FF00B00CCE76FF08500C9E76FF0150016
:10C9FC00C6E700BF0000AD0B0400AD0B2DE9F04302
:10CA0C0089B0074689461446456801F01F082B7B00
:10CA1C0048EA4318104606F0F1FF8DF81E0040F26C
:10CA2C0006332340B3F5837F5ED016D8062B57D040
:10CA3C0006D9B3F5807F0DD101238DF81D3024E08C
:10CA4C0003B3022B03D104238DF81D301DE06FF0CE
:10CA5C0015076FE06FF015076CE040F2022293426D
:10CA6C0046D0B3F5407F03D103238DF81D300CE085
:10CA7C00B3F5007F03D102238DF81D3005E06FF074
:10CA8C00150757E000238DF81D30012606FA09F62C
:10CA9C003146384606F0C0FF071E4BDB14F4002F5E
:10CAAC002AD06B68C3F80865284606F0A2FF50B37D
:10CABC0010350DF11F024146284608F084FC06464D
:10CACC0014F4403F3AD14146284608F088FC3A4BD2
:10CADC009E422FD19DF81F10284608F084FC29E0B7
:10CAEC0006238DF81D30D0E707238DF81D30CCE7D9
:10CAFC0005238DF81D30C8E714F4802FD4D06B6853
:10CB0C00C3F80C65D0E7C4F340438DF8083014F437
:10CB1C00803F0CBF012300238DF8103000230193BC
:10CB2C000DF11D0300930DF11E0304AA02A940464A
:10CB3C0006F0D1FE384609B0BDE8F08302AA002306
:10CB4C0002930393049305930693059204AA41461A
:10CB5C00284608F02CFC184B984202D06FF01507B1
:10CB6C00E8E714F4003F1AD09DF81D308DF8103012
:10CB7C0014F4803F0CBF012300238DF811309DF875
:10CB8C001E308DF81230002304AA4146284608F0C6
:10CB9C0012FC094B98429AD06FF01507CAE7002394
:10CBAC000493059306930DF11E03049304AA4146C6
:10CBBC00284608F0FCFBECE70000AD0B10B5446810
:10CBCC00204606F016FF08B9002010BD1034204690
:10CBDC0008F001FC08B10020F7E70021204608F01E
:10CBEC00F6FB094B98420BD100220849204608F06D
:10CBFC00E6FB00220521062005F057FD0020E4E7A6
:10CC0C006FF00400E1E700BF0000AD0B213B010019
:10CC1C0030B500F01F0C400917D14FF0A04E0CF5A9
:10CC2C00E0705EF820500A4C2C4041EA420141EA87
:10CC3C0083039DF80C2043EA02239DF8102043EA5D
:10CC4C00024323434EF8203030BD4FF0000EE6E790
:10CC5C00F0F8FCFF2DE9F04F85B007468846914669
:10CC6C00002420E04FF0FF3633E0C9F80865029548
:10CC7C00012303930021B6F1FF3F12D0002942D0CB
:10CC8C0057F80A3013F4004F41D1039D0022019252
:10CC9C00CDF800B0C3F34123029A29463046FFF782
:10CCAC00B7FF0134E4B2444534D24FEA840A57F852
:10CCBC002430C3F3C725C3F3C322C3F3080615F00E
:10CCCC00080529D1164911F802B040F2FF1296421C
:10CCDC00C8D01B0E052B08D0062B0DD0042BC4D0AE
:10CCEC006FF0850005B0BDE8F08FC9F80C65012325
:10CCFC00029303930021BEE7C9F8106502950395D2
:10CD0C004FF0FF31B7E7304606F02CFFB8E70122B1
:10CD1C000292BBE70020E5E76FF01500E2E700BFE9
:10CD2C00086F0100134B984211D9134B984211D93B
:10CD3C00124B984211D9124B984211D9114B98426F
:10CD4C0011D9114B984211D24FF0804070474FF0DF
:10CD5C00007070474FF0806070474FF00060704774
:10CD6C004FF0805070474FF0005070474FF000402C
:10CD7C00704700BF8FD003001FA107003F420F0078
:10CD8C007F841E00FF083D0000127A0070B586B04B
:10CD9C000C460569466895F86D3013B12B688B42CB
:10CDAC005FD0A38813F4006F5DD113F0010F5DD138
:10CDBC0013F0080F5DD1C3F34513082B5CD1226827
:10CDCC00324B9A425BD90DF1040C06F1080EBEE809
:10CDDC000F00ACE80F00DEF80030CCF80030206813
:10CDEC00FFF7A0FF0390A38813F0020F27D013F0D6
:10CDFC00040F29D003238DF81030A38813F0100FE3
:10CE0C0026D001238DF811303368D3F80805A1889A
:10CE1C00C1F3400106F011FF95F86D30D3B92B46E4
:10CE2C001B4A01A9304601F039FA1A4B984229D114
:10CE3C00012385F86D302C60002006B070BD13F016
:10CE4C00040F03D00123D6E70223D4E70023D2E753
:10CE5C000023D7E7304601F055FA002385F86D30F2
:10CE6C00DDE70020E9E76FF08500E6E76FF01500DD
:10CE7C00E3E76FF01500E0E76FF01500DDE76FF00A
:10CE8C001500DAE76FF00400D7E700BF47E80100B0
:10CE9C007B3E01000000AD0B30B585B00446406808
:10CEAC002269916D01B3136E03B38B4228BF0B46FD
:10CEBC0023B39366556D0095D5B1D9B90191D16D58
:10CECC000291C9B1126E02B913460393002269464E
:10CEDC0001F05CFA0A4B984204D06FF00401204632
:10CEEC0006F04EFF05B030BD136EE1E70B46DFE7F1
:10CEFC000021E3E71946E1E70023E6E70021EEE72E
:10CF0C000000AD0B30B500F01F0C400917D14FF0ED
:10CF1C00A04E0CF5E0705EF820500A4C2C4041EA13
:10CF2C00420141EA83039DF80C2043EA02239DF859
:10CF3C00102043EA024323434EF8203030BD4FF01B
:10CF4C00000EE6E7F0F8FCFF30B587B004460D465E
:10CF5C0001238DF8173002238DF80C300DF11601DA
:10CF6C0004910DF11703009303AB0193002302937B
:10CF7C0008F03DFA0C4B984212D16A4629462046DD
:10CF8C0008F015FA084B984202D1002007B030BDCA
:10CF9C009DF81610204608F026FA6FF00400F5E70D
:10CFAC006FF01200F2E700BF0000AD0B21F07F41E3
:10CFBC0000F5A870014B43F8201070470010014099
:10CFCC004FF480338340024AC2F84433704700BFA9
:10CFDC00001001404FF480338340024AC2F84833BA
:10CFEC00704700BF00100140014BD3F80405704797
:10CFFC00001001402DE9F843054689469046FFF79D
:10D00C00E9FF284607F0EBF84E46032710E0FFF740
:10D01C00EBFF0446494607F0D1F8B0F5000F26D9CE
:10D02C00284607F0DCF8B8F1000F22D13E19013781
:10D03C0031462846FFF7BAFF2846FFF7C1FFFFF736
:10D04C00D3FF0446C11C304607F0B8F80A4B98428F
:10D05C000AD9284607F0B6F80028D8D1B8F1000F45
:10D06C00E4D06FF0150000E00020BDE8F88300204C
:10D07C00FBE76FF01500F8E7FDFF7F00034B044A58
:10D08C00C3F80823C3F84823704700BF00100140C1
:10D09C0003000F0010B5012383406FEA030C0E4A06
:10D0AC00BFF35B8F52E8001F01EA0C0E42E800E46C
:10D0BC00002CF7D1BFF35B8F4FF4803282400748CE
:10D0CC00C0F80823BFF35F8FBFF36F8F0B4214BF01
:10D0DC000120002010BD00BFA02200200010014044
:10D0EC004FF480338340144AD2F80423134201D105
:10D0FC000020704710B5044601238340DB430F49E1
:10D10C00BFF35B8F51E8002F02EA030041E8000CEB
:10D11C00BCF1000FF6D1BFF35B8F22FA04F313F0CE
:10D12C00010F03D1204607F04DF818B1204607F047
:10D13C0056F8012010BD00BF001001409C220020B9
:10D14C0001B9704701238340114ABFF35B8F52E84A
:10D15C0000CF4CEA030C42E800C10029F7D1BFF321
:10D16C005B8F4FF4803383400A4AC2F80433BFF319
:10D17C005B8F094B1B68BFF35B8FC34013F0010F30
:10D18C00DFD0064B4FF40032C3F80021D9E700BFC3
:10D19C00A0220020001001409C22002000E100E0B1
:10D1AC0038B514461046194607F025F802460D49C5
:10D1BC000B68E01A1B184C6844F100040B604C60BF
:10D1CC00A2F50013B3F5400F09D2074B1B68190ADF
:10D1DC001B06D41841F10005044BC3E9004502F0CD
:10D1EC007BFC38BD68150020A4220020701500209F
:10D1FC0038B50D4B1C68250A2406BFF35F8FFFF76B
:10D20C00F3FE0346001945F10001B3F5801F0AD265
:10D21C00064BD3E90023904271EB030303D210F1C8
:10D22C00807041F1000138BDA4220020701500204F
:10D23C002DE9F041064614461D469DF82080104607
:10D24C00194606F0D8FF0746FFF7D2FFA04271EB54
:10D25C00050319D2201A65EB01011D4B984271F19F
:10D26C0000012FD21B4B03EB0613D3E90223AB4275
:10D27C0008BFA24201D1002018E042463946304690
:10D28C00FFF7B8FE90B11BE0B8F1000F1DD10123E0
:10D29C00B340114ABFF35B8F52E8000F184342E8CA
:10D2AC0000010029F8D1BFF35B8F0020094B32013C
:10D2BC0003EB0616C6E9024506999950079B736065
:10D2CC00BDE8F0816FF01500FAE76FF01500F7E795
:10D2DC0001008000581500209C22002030B585B03C
:10D2EC00FFF7CCFE00231E4AC2F80835002B25DDC3
:10D2FC001B4C0225C4F804531A4B4FF40032C3F8EC
:10D30C00802100220121112005F0CFF9112005F018
:10D31C00C2F90123A3602360134A13600024029412
:10D32C000194124B0093124A0023204606F06DFF25
:10D33C002846FFF773F9204605B030BD0D4A02EBC5
:10D34C0003124FF0FF304FF0FF31C2E902014FF4EE
:10D35C0080329A400249C1F804230133C6E700BF6A
:10D36C000010014000E100E0A0220020ADD100003F
:10D37C00FFFF7F00581500202DE9F04782B00446CE
:10D38C00FFF7AEFE10B902B0BDE8F087FFF730FF33
:10D39C0082460D4606F032FF0646154B03EB04138E
:10D3AC00D3E90289C24575EB09050BD2002530463D
:10D3BC0006F028FF002DE6D0009742464B4620464B
:10D3CC00A847E0E70A4A230102EB0411D5584F683D
:10D3DC000020D0504FF0FF324FF0FF33C1E9022351
:10D3EC002046FFF7F7FD204606F0F9FEDFE700BF09
:10D3FC005815002010B50D4BD3F8043313F0020F61
:10D40C0003D10024002C0BDD10BD0221074806F0CF
:10D41C009FFE0028F5D0064A136801331360F0E72D
:10D42C002046FFF7A9FF0134ECE700BF00100140D4
:10D43C00A422002010B584B0B0F1FF3F18D0012811
:10D44C001BDD154B9842A8BF18460446134B01220E
:10D45C001A70FFF7CDFE124B1A685B68801AB0F594
:10D46C00000F0CD20444B4F5000F09D30A4C07E0AA
:10D47C000A4B00221A70084CEBE70124E6E7064C35
:10D48C0000201219029001900649009143F100030B
:10D49C0006F0BBFE04B010BDFFFF7F00D0230020C0
:10D4AC0068150020ADD1000008B5FFF7A1FE024BB6
:10D4BC001B68C01A08BD00BF6815002008B50246DD
:10D4CC000B46024801F04EF908BD00BFB80400201D
:10D4DC0008B5024801F0C6F908BD00BFB804002029
:10D4EC0010B503460A46034881680C681946A047E4
:10D4FC0010BD00BF2466010008B50A460146074866
:10D50C0004F03AFD064804F037FD002383F311883C
:10D51C00BFF36F8F0323184602DF08BD8C6F010029
:10D52C00086C010008B5124B93F847302BB9114920
:10D53C00A1F1470006F0A2FEC8B90D4991F84720A9
:10D54C000D4806F016FF10F1690F10D038B100230A
:10D55C0083F31188BFF36F8F0423184602DF044B4B
:10D56C00002283F847200549054808F0D2FA08BD87
:10D57C00AC220020F322002054660100F42200208B
:10D58C00E017002008B50D4B93F84730042B04D05E
:10D59C00022B0AD0082B0CD008BD10F0020FF7D0CC
:10D5AC000749084808F0B5FAF6E710F0080FF7D16C
:10D5BC00F0E710F0200FEFD0F2E700BFAC22002014
:10D5CC00F4220020E017002038B505464FF0FF305C
:10D5DC004FF0FF31FFF772FF044608B1204638BD0B
:10D5EC00E86800F045F90446FFF772FF002CF5D10E
:10D5FC000249034808F08DFAF0E700BFF42200203E
:10D60C00E017002070B586B006460D4619491A4839
:10D61C0008F064FA01A8F2F7F7FE184807F0C9FF02
:10D62C0008B3174B00936846F2F714FFF0B94FF0AC
:10D63C00FF304FF0FF31FFF741FF044610B1204699
:10D64C0006B070BD0F491048F2F79CFE044638B97D
:10D65C00FFF73EFF33691D600C48FDF7FDFAEEE75E
:10D66C00FFF736FFEBE76FF01204E8E76FF01504F5
:10D67C00E5E700BFA3430100F4220020246601006B
:10D68C00EDD400007815002031D5000091D50000B4
:10D69C0008B50848F2F7ECFD034608B1184608BD7A
:10D6AC0006F0ADFE03460028F8D106F0B0FE0346A6
:10D6BC00F4E700BF05D5000042F26403984258D04D
:10D6CC003BD842F2190398422AD842F20D039842F1
:10D6DC0018D240F2064398424DD040F21D43984276
:10D6EC0001D00120704700207047A0F50150283868
:10D6FC0080B2264BC34013F0010F01D101207047BB
:10D70C0000207047A0F500500D3880B241F2412343
:10D71C00C34013F0010F01D1012070470020704766
:10D72C0042F23203984228D029D3A0F50150033895
:10D73C0080B2012825D90120704742F28503984216
:10D74C000BD842F268039842CFD242F26603984259
:10D75C0001D001207047002070474FF602539842C9
:10D76C0011D04FF60A53984201D001207047002087
:10D77C007047002070470020704700207047012040
:10D78C007047002070470020704700BF2F8040205A
:10D79C00F0B583B007460E464378057845EA032575
:10D7AC0004238DF80630314B1C683CB10DF1070396
:10D7BC000DF10602A047044601281FD1AB0AB5F5AE
:10D7CC00105F09D2032B45D3033B052B44D8DFE86C
:10D7DC0003F02129314343393F2B07D10DF10602C8
:10D7EC003146384606F0B9FE044600E001242846CE
:10D7FC00FFF762FF80F001008DF807009DF80730FD
:10D80C000BB9012C2AD122462946304606F04CFE93
:10D81C0003B0F0BD0DF106023146384606F086FE27
:10D82C000446E4E70DF106023146384606F093FF54
:10D83C000446DCE70DF106023146384606F04DFE93
:10D84C000446D4E70DF106023146384606F0CCFF0B
:10D85C000446CCE70124CAE70124C8E723469DF817
:10D86C0006202946304606F028FED1E70423002086
:10D87C00074B1B784BB910B5064C2146FFF788FFB8
:10D88C00012304F8013C002010BD4FF0FF3070471D
:10D89C00082300200923002038B50C46084B1B78C0
:10D8AC0013B9F9F7FCFE38BD054DAA780232691C94
:10D8BC0008F0B6FD0020287004232370F3E700BFA6
:10D8CC000823002038B505460C46094807F071FEC0
:10D8DC0080F0010313F0FF0F06D1A2B20448836855
:10D8EC001B682946984738BD6FF01200FBE700BF54
:10D8FC002466010010B582B007F01FF88DF8000007
:10D90C003223ADF8043000238DF806308DF8013049
:10D91C008DF80230074A19216846F8F7EBFF0446E8
:10D92C0010B1204602B010BD4FF4AF60F6F7EEFB1D
:10D93C00F7E700BF45D9000008B50A46014607487D
:10D94C0004F01AFB064804F017FB002383F311883C
:10D95C00BFF36F8F0323184602DF08BDCC6F0100A5
:10D96C00086C010030B583B00D4D002400946FF0AD
:10D97C0009034FF480620B49284601F0D5F90A4996
:10D98C00284601F033FA0949094808F0A7F822465D
:10D99C000421192004F089FE204603B030BD00BFDD
:10D9AC00E0170020C03C0020E46F0100C3490100D7
:10D9BC005023002008B50249024808F0AAF808BD17
:10D9CC0050230020E017002008B5024B1B680020F4
:10D9DC00984708BD6023002008B528B1012802D162
:10D9EC000448F6F7C9FA08BD034B1B680120984799
:10D9FC00F9E700BFD5D9000060230020014B186067
:10DA0C0001487047602300200000AD0BBFF34F8F1F
:10DA1C000549CA6802F4E062044B1343CB60BFF3C0
:10DA2C004F8F00BFFDE700BF00ED00E00400FA05DA
:10DA3C00024BD3F80034002BFAD0704700E00140C1
:10DA4C0008B5034BC3F80405FFF7F2FF08BD00BF90
:10DA5C0000E0014038B506F0CBFF40B14FF08053E9
:10DA6C00D3F82433C3F304236B4AC2F8403506F0D1
:10DA7C00D1FF10B1694B6A4A5A6706F0E1FF48B111
:10DA8C004FF08053D3F84432C3F342334FF080420B
:10DA9C00C2F83C3506F0E6FF30B1624AD2F8FC30F1
:10DAAC0023F08073C2F8FC3006F0F2FF40B14FF067
:10DABC0080430022C3F80C21C3F81021C3F8382589
:10DACC0006F0F8FF20B14FF080430322C3F8A025E5
:10DADC0007F006F860B1544B0522C3F8102601225A
:10DAEC00C3F888260022C3F818263F22C3F8142650
:10DAFC0007F00CF8002846D04FF08052D2F80414EE
:10DB0C004A4BC3F82015D2F80814C3F82415D2F8E0
:10DB1C000C14C3F82815D2F81014C3F82C15D2F82D
:10DB2C001414C3F83015D2F81814C3F83415D2F8FD
:10DB3C001C14C3F84015D2F82014C3F84415D2F8BD
:10DB4C002414C3F84815D2F82814C3F84C15D2F88D
:10DB5C002C14C3F85015D2F83014C3F85415D2F85D
:10DB6C003414C3F86015D2F83814C3F86415D2F81D
:10DB7C003C14C3F86815D2F84014C3F86C15D2F8ED
:10DB8C004424C3F8702506F0E3FF48B14FF08053EE
:10DB9C00D3F8583203F04F034FF08042C2F8E43E02
:10DBAC0006F0E8FF60B14FF08043D3F8003413F077
:10DBBC00010F05D04FF080436FF00102C3F8002431
:10DBCC0006F0EAFF30B11A4AD2F83C3743F48063CE
:10DBDC00C2F83C3707F008F84FF01023D3F80032A6
:10DBEC00002B06DB4FF01023D3F80432002B00DBA4
:10DBFC0038BD0120FFF724FF4FF010241525C4F881
:10DC0C000052FFF715FFC4F80452FFF711FF002074
:10DC1C00FFF716FFFFF7FAFE0030014000C0074087
:10DC2C000DF0ADBA00ED00E00050004000C0004027
:10DC3C000010004010B50468CCB1B4FA84F3C3F101
:10DC4C001F03DBB201229A4024EA0202BFF35B8F6E
:10DC5C0050E800CFA44504D140E8002EBEF1000FDF
:10DC6C00F6D1BFF35B8FE6D10B70024810BD0248B2
:10DC7C00FCE700BF0000AD0B0200AD0B0368CB400E
:10DC8C0013F0010F15D100B5026801238B4013432B
:10DC9C00BFF35B8F50E800CF944504D140E8003EC1
:10DCAC00BEF1000FF6D1BFF35B8FEDD102485DF8EA
:10DCBC0004FB0248704700BF0000AD0B0400AD0B25
:10DCCC0000F01F0240090CD14FF0A04102F5E072A8
:10DCDC0051F82200044B034043F0020341F8223078
:10DCEC0070470021F2E700BFF0F8FCFF00487047D6
:10DCFC00040400202DE9F04184B005460C4616467C
:10DD0C001F46084607F052F8804656B3214628466F
:10DD1C0007F09DF828B12146284607F058F800284E
:10DD2C0041D12146284607F061F810B17378012BD8
:10DD3C0039D001238DF80F30002301930096B31CCA
:10DD4C00721C0DF10F01204606F0D1FF2879FFF768
:10DD5C00CDFF08F1080230F8123043F0030320F82D
:10DD6C001230002F39D02146284607F070F80028D1
:10DD7C0035D13E782B6806F5A272002143F82210AB
:10DD8C002879FFF7B3FF08F1080230F8123023F0BE
:10DD9C002003DB04DB0C20F812307B782BB9114804
:10DDAC0004B0BDE8F0811048FAE7BA780092224638
:10DDBC003146286806F041FF2879FFF797FF0246A5
:10DDCC0008F1080032F810307603B6B2334343F052
:10DDDC00200322F810300348E2E70248E0E702484B
:10DDEC00DEE700BF0000AD0B0400AD0B70B50646BE
:10DDFC000D46144606F0EBFF68B13079FFF776FF5D
:10DE0C000646284606F0D2FF083036F810305B0B79
:10DE1C002370024870BD0248FCE700BF0000AD0B48
:10DE2C000400AD0B2DE9F04182B00546884616463C
:10DE3C001F4607F0A7F9AEB33A463146284607F01D
:10DE4C0074F8041E20DB2879FFF750FF40F834608B
:10DE5C002879FFF74BFF00EBC40047602879FFF7E8
:10DE6C0045FF0546404606F0A1FF083035F8103056
:10DE7C00E4B26402A4B2234343F4807325F8103057
:10DE8C00094802B0BDE8F0812879FFF72FFF0DF1AA
:10DE9C0007015830FFF7CEFE034B9842F1D19DF8A5
:10DEAC000740D0E70048ECE70000AD0B2DE9F0434C
:10DEBC0085B004460D461746084606F077FF064621
:10DECC00D7F80080B8F1000F28D02946204606F07C
:10DEDC00ADFF00284FD100238DF80E308DF80F3098
:10DEEC000193009343460DF10F020DF10E012846EC
:10DEFC0006F0FDFE2079FFF7F9FE06F1080830F870
:10DF0C00183023F0020320F818302079FFF7EEFECA
:10DF1C0030F8183043F0010320F818307B68F3B167
:10DF2C0093F80080D3F804902946204606F06FFF42
:10DF3C0018B3B9F1000F65D12079FFF7D7FE083679
:10DF4C0030F8163023F01C0320F816302079FFF738
:10DF5C00CDFE30F8163043EA880320F81630BA6844
:10DF6C00002A53D05368126829462046FFF75AFFFF
:10DF7C0005B0BDE8F0832648FAE72079FFF7B6FE36
:10DF8C0006F1080230F8123023F02003DB04DB0C1E
:10DF9C0020F81230B9F1000FCED0B8F1030F33D8FE
:10DFAC007B685B6893F80090B8F1000F06D123688A
:10DFBC0009F5A279002243F82920BDE7404606F076
:10DFCC004EFF0346216809F5A27C51F82C2022F063
:10DFDC00030241F82C202A464946206806F014FE1C
:10DFEC002079FFF783FE06F1080230F812304FEA71
:10DFFC0049391FFA89F943EA090343F0200320F851
:10E00C00123099E70248B3E70148B1E70148AFE79E
:10E01C000400AD0B0000AD0B38B505460C4606F000
:10E02C00C7FE08B9074838BD2146284606F048FF08
:10E03C002146284607F0D1F82046FFF741FE02485A
:10E04C00F1E700BF0400AD0B0000AD0B70B582B062
:10E05C0005460E460079FFF749FE90F8603013B183
:10E06C000B4802B070BD044640220021103008F06D
:10E07C00E5F9236D0093002332464FF000412868E8
:10E08C0007F0D5F8012384F86030A3650148E8E770
:10E09C000C00AD0B0000AD0B08B50249024807F0AF
:10E0AC006CF908BD040400200060004030B500F09D
:10E0BC001F0C400917D14FF0A04E0CF5E0705EF824
:10E0CC0020500A4C2C4041EA420141EA83039DF85E
:10E0DC000C2043EA02239DF8102043EA0243234319
:10E0EC004EF8203030BD4FF0000EE6E7F0F8FCFFA4
:10E0FC0000F01F0240090CD14FF0A04102F5E07274
:10E10C0051F82200044B034043F0030341F8223042
:10E11C0070470021F2E700BFF0F8FCFF00F01F028F
:10E12C0040090CD14FF0A04102F5E07251F82200E9
:10E13C00044B034043F0020341F8223070470021A6
:10E14C00F2E700BFF0F8FCFFC37B002B5ED110B5EB
:10E15C000446037B012B3FD9037803F01F025B09B4
:10E16C0048D14FF0A04101239340C1F808352378E2
:10E17C0003F01F025B093FD14FF0A04102F5E072A2
:10E18C0051F82200224B034043F0010341F82230A6
:10E19C006378FF2B0CD003F01F025B092ED14FF0DC
:10E1AC00A04101239340C1F80C356078FFF7A0FF24
:10E1BC00A078FF2824D1E378FF2B0CD003F01F02AA
:10E1CC005B0921D14FF0A04101239340C1F80835E0
:10E1DC00E078FFF78DFF10BD037803F01F025B0999
:10E1EC0006D14FF0A04101239340C1F80C35BEE796
:10E1FC000021F8E70021B6E70021BFE70021D0E7B6
:10E20C00A17B07F019F9D6E70021DDE7704700BFC5
:10E21C00F0F8FCFF38B505460C460846FFF794FFAE
:10E22C002B79E17803EB83031B4A02EBC303997749
:10E23C00237C73B96378FF2B28D01A46A378FF2B65
:10E24C0027D029682078C1F80805C1F80C25C1F839
:10E25C0010352B68A268C3F82425627B217B2868C3
:10E26C0007F0D5F82B7961790B4A03EB830302EBAA
:10E27C00C303D9772B7903EB830352F8333023B1E3
:10E28C00286840F3073004F006FA38BD4FF0FF322F
:10E29C00D4E74FF0FF33D4E76423002038B50546AC
:10E2AC00047904EB840C144800EBCC00007F08BB11
:10E2BC00114800EBCC0E40F83C20CEF8043059B19C
:10E2CC00C87B8EF82500CA788EF81E204A798EF805
:10E2DC001F202846FFF79EFF2B680121C3F800156D
:10E2EC00054B04EB840203EBC2020020507711773C
:10E2FC00024838BD0248FCE7642300200000AD0B47
:10E30C000C00AD0B38B50479056804EB84021E4B88
:10E31C0053F8323033B145F3073004F0C1F904231C
:10E32C00C5F808330023C5F8003504EB8402164BFE
:10E33C0003EBC20393F825303BB104EB8404124B7E
:10E34C0003EBC40300221A7738BDD5F80805FFF794
:10E35C00E5FED5F81005B0F1FF3F0FD1D5F80C054F
:10E36C00B0F1FF3F0DD104EB8402074B03EBC2036A
:10E37C00987FFF28E1D0FFF7D1FEDEE7FFF7CEFE56
:10E38C00ECE7FFF7CBFEEEE7642300202DE9F0412C
:10E39C0090F804C00CEB8C03204D05EBC3056B7F90
:10E3AC00002B39D104468E4617460CEB8C031B4AC6
:10E3BC0052F833300BB101226A770CEB8C03174EF9
:10E3CC0006EBC30606F10C089EE80F0088E80F0068
:10E3DC00002386F82430B37FFF2B09D003F01F01F4
:10E3EC005B0910D14FF0A04201238B40C2F80C35D1
:10E3FC005FB10CEB8C0C094B03EBCC0300225A776E
:10E40C000748BDE8F0810022EEE7724629462068F5
:10E41C0007F073F80348F4E70348F2E7642300209D
:10E42C000300AD0B0000AD0B0B00AD0B08B50349A1
:10E43C004FF0402007F0A8F808BD00BF642300206F
:10E44C00034B00E01833034A9342FBD3704700BFE1
:10E45C00F46501009C66010038B5EFF3118540238B
:10E46C0083F31288BFF36F8F054B9C6807F0B9F8E4
:10E47C0085F31188BFF36F8F2046FCF719F938BD6F
:10E48C008C23002038B505460A4B53F8204002E097
:10E49C002368984708346B1C064A52F82330A34271
:10E4AC0006D96368002BF3D0204607F09DF8F1E7FE
:10E4BC0038BD00BF0070010010B586B0C823114CE8
:10E4CC0003FB004400EB400C00EB80000E4B03EB15
:10E4DC0080030E4A0592012204920F22039200221D
:10E4EC000292019200930A4B4FF4A072094901EB7E
:10E4FC00CC11204600F08CFC637B23F00403637387
:10E50C0006B010BDC81800208C230020F06F01004D
:10E51C002B5701004049002008B553EA020102D1F3
:10E52C0001F072F808BD0249183001F04FFAF9E712
:10E53C004B5E010010B586B0184C14E0636A05936D
:10E54C00236A0493E3690393A369029363690193B8
:10E55C0023690093E368A2686168206800F058FCA6
:10E56C0023685C6530340E4B9C42E7D300F020FFEF
:10E57C000A4C00E030340A4B9C420BD2A26AE36A8C
:10E58C00B3F1FF3F08BFB2F1FF3FF3D02068FFF7B4
:10E59C00C3FFEFE700F024FF06B010BDD867010001
:10E5AC003868010008B50B4B01221A700320FFF7E5
:10E5BC0069FFFBF71FFE07F03EF80420FFF762FF30
:10E5CC00FFF7B8FFFAF7B2FE034A137B23F00103FF
:10E5DC00137308BDD12300209019002008B5014603
:10E5EC00014A0248FCF768F9B1E5000090190020D7
:10E5FC0008B50348034A121A002107F014F808BDA5
:10E60C00B0050020D423002010B50446FFF754FFBA
:10E61C00C8230B4903FB04110A4A04EB840302EBE5
:10E62C008303D9601C7404EB4411074B03EB811377
:10E63C0003F5046304EB840402EB8402536010BD05
:10E64C00C81800208C2300200041002070B586B033
:10E65C0000F0FEFE104D114B5D61114B0593012333
:10E66C000493002403940294019400940D4B4FF4F2
:10E67C0080620D49284600F0CBFB06466B7B23F0ED
:10E68C0004036B73284607F065FB2046FFF7BCFFBD
:10E69C00304606B070BD00BF901900208C230020BE
:10E6AC00F86F0100B1E50000C04A002008B5002059
:10E6BC00FFF7E8FE1E4B83F308881E4C636943F496
:10E6CC0000736361E02384F822302023E377002574
:10E6DC0025766576A57684F82050636A43F4E023AA
:10E6EC00636284F82350FBF75FFFFCF705F94FF0EA
:10E6FC00FF33A362E362FCF7B5F9FCF72DF90E4B7F
:10E70C0001245C731C73C3F8A850C3F8AC50C3F855
:10E71C00B4500A4A9360FFF793FE2046FFF7B2FE0F
:10E72C000220FFF7AFFEFFF791FFFFF757FF00BF87
:10E73C004049002000ED00E0401B00208C2300200D
:10E74C0010B5064C05E0A2686168204606F074FF1F
:10E75C001434034B9C42F6D3002010BDB8040020A7
:10E76C00B80400202DE9F04182B00446EFF3118784
:10E77C00402181F31288BFF36F8FC16899B90029CA
:10E78C0050D1364B9B6893F90E3023610131E16017
:10E79C00324B9B68A36087F31188BFF36F8F002007
:10E7AC0002B0BDE8F08116461D4682682B4B9B6873
:10E7BC009A42E4D055EA060136D092F90E804146D1
:10E7CC0093F90E0006F0B8FF804534DC4FF00008DA
:10E7DC000096019522463946214800F033FD002869
:10E7EC00DED0EFF31185402383F31288BFF36F8FD4
:10E7FC00A36843B323689C4223D013B3216993F9D4
:10E80C000E0006F099FF0146204606F0A0FFE8B97D
:10E81C00B8F1000F1AD185F31188BFF36F8F6FF029
:10E82C000A00BDE72369B0E787F31188BFF36F8F48
:10E83C006FF00F00B4E70146204606F088FF8046D3
:10E84C00C6E72169E0E7B8F1000FE4D02946044897
:10E85C0000F082FD6FF00A00A2E700BF8C230020BD
:10E86C00B0230020F8B58368002B47D00446264A15
:10E87C009268934245D1C368012B04D9013BC36014
:10E88C0000252846F8BDEFF31186402383F3128848
:10E89C00BFF36F8F016906F05AFF2768BC420CD09A
:10E8AC003D1E18BF012557B9A760CDB90023E36001
:10E8BC0086F31188BFF36F8FE3E70027F0E77A68E0
:10E8CC003B6813605A6000233B607B607A7B22F0CC
:10E8DC0002027A73BB6007F1180007F0CDFBE3E787
:10E8EC0097F90E3023610025C7F8C050384607F061
:10E8FC0031FA3146054800F02FFDC2E76FF01505DF
:10E90C00BFE74FF0FF35BCE78C230020B02300207D
:10E91C0010B582B001468446EFF31184402080F399
:10E92C001288BFF36F8F5CF8080B88B1036823F073
:10E93C0003030B604A68904208D0012106F0B5FF32
:10E94C0084F31188BFF36F8F02B010BD4B60F4E7F6
:10E95C0053EA02010BD000920193624621466046B5
:10E96C0000F070FC48B9064B9B685869ECE784F3DF
:10E97C001188BFF36F8F0020E6E70020E4E700BFAB
:10E98C008C230020F8B50446EFF31186402383F363
:10E99C001288BFF36F8F0568A84215D02F1E18BFC1
:10E9AC0001279DB91FBBA368E268934226D00122C0
:10E9BC001344A360022104F1100007F06DFC3146F2
:10E9CC000F4800F0C9FCF8BD0025E7E76A682B6822
:10E9DC0013605A6000232B606B606A7B22F002028A
:10E9EC006A73AB6005F1180007F046FBDAE7002309
:10E9FC00C5F8C030284607F0ADF9E0E70022D7E7AC
:10EA0C00B023002010B582B0EFF31181402484F3C1
:10EA1C001288BFF36F8F846844B1013C846081F32A
:10EA2C001188BFF36F8F002002B010BD53EA0204AF
:10EA3C0006D0009201930246054800F003FCF3E770
:10EA4C0081F31188BFF36F8F6FF00F00ECE700BFFD
:10EA5C00B023002070B50546EFF31186402383F3F5
:10EA6C001288BFF36F8F18E0002419E062682368E6
:10EA7C0013605A60002323606360627B22F0020201
:10EA8C006273A36004F1180007F0F6FA6FF00A0342
:10EA9C00C4F8C030204607F05DF92C68A542E3D0DD
:10EAAC00002CE3D1002CF1D10023AB60022105F145
:10EABC00100007F0F1FB3146014800F04DFC70BD31
:10EACC00B023002000B585B0094A02AB92E80300E0
:10EADC0083E8030000934FF0FF334FF400620549C5
:10EAEC00054800F021F9002005B05DF804FB00BFDB
:10EAFC00E8680100004F0020581A002070B338B5A8
:10EB0C000D4604461B4B9B6883421BD000231A46C0
:10EB1C00D4F8E030C3F38001C3F3C00013F0010F4D
:10EB2C001FD001B102B300B109B300232B60D4F89C
:10EB3C00CC3073B11D60C4F8CC50204606F045FFB4
:10EB4C00012038BD07F06BF808B90123DFE700237B
:10EB5C00DDE7C4F8CC50C4F8C850EEE76FF01500F0
:10EB6C0070476FF01200ECE76FF00F00E9E76FF001
:10EB7C000F00E6E78C23002010B5C36823F00203D6
:10EB8C00C360134B1C687CB1236803B10CB100212A
:10EB9C000FE02346FBE722460D4806F0D1FE04F1B8
:10EBAC000800FFF7EFFE10BD2346F0E71A461C469F
:10EBBC001346002CF7D062688242ECD02146002B21
:10EBCC00F4D01A68002AF2D0002BF0D11A46EEE7E6
:10EBDC00B023002070B584B00546EFF311864023B6
:10EBEC0083F31288BFF36F8FD5F8C840002C3FD049
:10EBFC002368C5F8C830D5F8CC2094424DD0D5F850
:10EC0C00E03043F00203C5F8E030E36843F0010262
:10EC1C00E26023F0040343F00103E360636886F3CE
:10EC2C001188BFF36F8F20469847EFF3118640236E
:10EC3C0083F31288BFF36F8FE36823F00103E36063
:10EC4C0013F0100F44D1E36813F0020F44D1D5F840
:10EC5C00E03023F00203C5F8E030C3F3002386F361
:10EC6C001188BFF36F8F002BB7D100F0F9FBB4E71D
:10EC7C00D5F8E03023F00402C5F8E02013F0040FBF
:10EC8C000ED112F0100F14D00023C5F8E03086F32B
:10EC9C001188BFF36F8F04B070BDC5F8CC30AEE7F0
:10ECAC0005F1D80400220121204607F04CF9002878
:10ECBC00F8D1002302934FF0FF324FF0FF33CDE930
:10ECCC00002305F1D0023146054800F077FD84E7BA
:10ECDC00204606F0E1FEB6E72046FFF74DFFB6E70B
:10ECEC00B823002008B58446084653EA02010CD02C
:10ECFC00C16841F00801C160DCF80010816205496F
:10ED0C00103000F063FE012008BD614606F067FE7E
:10ED1C00FAE700BF4B5A010008B50146014806F05E
:10ED2C00F8FE08BD581A0020F0B589B004460E9DB7
:10ED3C000020C4F8C800C4F8CC0004F1D000C4F81A
:10ED4C00D000C4F8D40004F1D800C4F8D800C4F83A
:10ED5C00DC002DB3287928BB0120C4F8E0004FF06B
:10ED6C00FF364FF0FF37CDE9066700200490039380
:10ED7C000290019000940D4B204606F061FF55B1B6
:10ED8C00296811B1204600F031F86B791BB1237B57
:10ED9C0043F001032373204600F036FC09B0F0BDAC
:10EDAC000120DAE740F20110D7E700BFE1EB0000E9
:10EDBC0008B50146014806F0C8FE08BD581A0020E7
:10EDCC0008B50146014806F0D9FE08BD581A0020C6
:10EDDC0008B553EA020102D100F016FC08BD024945
:10EDEC00183000F0F3FDF9E74B5E010010B5044656
:10EDFC0040B11F2204F1880007F038FB002084F892
:10EE0C00A70010BD014B9C68F3E700BF8C230020CA
:10EE1C002DE9F04F85B004460F4615461E46DDF829
:10EE2C0038A0DDF83C90DDF84080DDF84CB000F106
:10EE3C0058038365C365129B0422119906F0F5FEF5
:10EE4C002A463946204606F0C4FE0546CDF8088011
:10EE5C00CDF80490CDF800A0334602463946204642
:10EE6C00FBF7E4FC0023636584F870306667C4F834
:10EE7C0078A0C4F87C90C4F88080EFF31182402312
:10EE8C0083F31288BFF36F8F134B196AC4F8841085
:10EE9C001C6282F31188BFF36F8FBBF1000F13D08C
:10EEAC001F22594604F1880007F0E0FA002384F889
:10EEBC00A730094B9B685BB1D3F8B430C4F8B430BD
:10EECC00284605B0BDE8F08F002384F88830F0E7C1
:10EEDC00C4F8B430F4E700BF8C2300200A4A9368CE
:10EEEC00C3F8BC006FF00A01C3F8C01007494B68A7
:10EEFC0043F080534B60002383F31188BFF36F8F73
:10EF0C009368D3F8C00070478C23002000ED00E01C
:10EF1C00427B90F90D30002B04DB12F01F0F01D156
:10EF2C00816901B1704710B562F07F024273264AC5
:10EF3C0052F8183F93420ED10B460CE05A684260CF
:10EF4C000360106058601FE01A461F4CE469A2422F
:10EF5C0010D01B6883B17BB190F90EC093F90E20D1
:10EF6C009445F1D0A2EB0C02002AE7DC1A46002BE8
:10EF7C00EBD1EFE70B46EDE7134BDA6903F1180120
:10EF8C00016042601060D8610F4B53F8184F9C42DF
:10EF9C000ED06CB10C4B9B685A7B12F01F0F0AD130
:10EFAC00DA897F2A07D9A2692AB9074A536109E08D
:10EFBC00054BDC68EEE7A34202D0204600F048FC8B
:10EFCC00014B5C6110BD00BF8C23002010B5437B4E
:10EFDC0090F90D20002A14DB154B9A6853F8184F42
:10EFEC009C4219D0C4B1824219D0537B13F01F0F2D
:10EFFC0015D1D3897F2B12D9A36983B90C4B5A61D4
:10F00C0014E003F07F0343734268036813605A6093
:10F01C00002303604360DFE7054BDC68E3E7A242B3
:10F02C0002D0204600F014FC014B5C6110BD00BF07
:10F03C008C2300202DE9F84305460C46454B9E6871
:10F04C00737B13F0600F28D013F0200F2AD0082701
:10F05C001F4222D13B43737313F0800F24D1082F2E
:10F06C002DD04FF000093B4B53F8188F98454BD0DF
:10F07C00B8F1000F48D0374B9B68434502D040464F
:10F08C0000F0E6FB334BC3F81480102F05D030464C
:10F09C0000F03EFCB9F1000F3AD184F31188BFF3B4
:10F0AC006F8F50E01027D3E703F07F037373726800
:10F0BC00336813605A60002333607360CFE7B36822
:10F0CC005BB17268336813605A60002333607360FD
:10F0DC00727B22F002027273B360304606F006FEB9
:10F0EC0006F1580006F007FE1A4B9B689E4202D0B0
:10F0FC004FF00009B7E7EFF3058313B94FF00009A0
:10F10C00B1E74FF00109AEE7124BD3F80C80B2E730
:10F11C00114B01225A731A730022C3F8A820C3F8AA
:10F12C00AC20C3F8B4200B4A9360B6E7EFF311841C
:10F13C00402383F31288BFF36F8F06F0FBFA84F33E
:10F14C001188BFF36F8F6B7B13F0600FEED1BDE8AE
:10F15C00F88300BF8C230020401B0020B3F1FF3F3D
:10F16C0008BFB2F1FF3F00D1704708B50249183013
:10F17C0000F02CFC08BD00BF4B5E010010B5437BBA
:10F18C0090F90D20002A0ADB437B63F07F03437365
:10F19C002B4A52F8183F934219D1002317E003F081
:10F1AC007F0343734268036813605A600023036053
:10F1BC004360E9E75A6842600360106058601EE0E3
:10F1CC001A461F49C9698A420FD01B687BB173B1BB
:10F1DC0090F90E1093F90E209142F1D0521A002A98
:10F1EC00E8DC1A46002BECD1F0E70023EEE7144BD9
:10F1FC00DA6903F11801016042601060D861104BAC
:10F20C009A6853F8184F9C420ED06CB182420ED0C3
:10F21C00537B13F01F0F0AD1D3897F2B07D9A36916
:10F22C002BB9074B5A6109E0054BDC68EEE7A242AB
:10F23C0002D0204600F00CFB014B5C6110BD00BFFE
:10F24C008C23002010B50C4611460A4882680A4BE4
:10F25C001A60EFF31183402383F31288BFF36F8F8F
:10F26C00DDE90223806806F069FD2046FFF736FED3
:10F27C0010BD00BF8C230020B8230020F8B5044635
:10F28C000E460023EFF31185402282F31288BFF360
:10F29C006F8F18463DE05A686260236014605C60B2
:10F2AC001CE01A462B4FFF69BA420DD01B686BB19C
:10F2BC0063B193F90E209042F3D0121A002AEADCC3
:10F2CC001A46002BEED1F2E70B46F0E7214BDA6938
:10F2DC0003F11801216062601460DC611D4B53F86E
:10F2EC00187F9F420BD057B11A4B9B689F4202D09C
:10F2FC00384600F0ADFA174B5F61012004E0154B66
:10F30C00DF68F1E7A673002085F31188BFF36F8FD8
:10F31C000123EBB9637B13F01F0FF3D1A169002913
:10F32C00F0D103F07F0363736268236813605A6043
:10F33C0000232360636070B2A073637B63F07F0370
:10F34C006373044A52F8183F9342B1D10B46AFE7AE
:10F35C00F8BD00BF8C23002008B50B4659B9EFF35C
:10F36C00058242B9064A50699268904203D0084619
:10F37C00FFF7B4FD03E083F31188BFF36F8F08BD73
:10F38C008C23002008B5034650B9EFF305823AB937
:10F39C00064A51699268914202D0FFF79FFD03E043
:10F3AC0083F31188BFF36F8F08BD00BF8C2300203F
:10F3BC000023EFF31181402282F31288BFF36F8F89
:10F3CC0009E0064B9A68D37B013BD37381F3118818
:10F3DC00BFF36F8F0123002BF3D070478C230020D9
:10F3EC0038B50023EFF31185402282F31288BFF366
:10F3FC006F8F0EE0154BDC6817E0A24202D020465E
:10F40C0000F026FA114B5C6185F31188BFF36F8F06
:10F41C000123BBB90D4B9A68D17B0131D17353F8E1
:10F42C00184F9C42E6D0002CE4D0537B13F01F0FF6
:10F43C00E3D1D3897F2BE0D9A369002BDDD1034B1A
:10F44C005A61E1E706F02FFD38BD00BF8C23002088
:10F45C0008B5024806F049FD08BD00BFA0230020F6
:10F46C0038B5EFF31184402383F31288BFF36F8F09
:10F47C00224B9A68DB699A4205D01368516812686E
:10F48C000A60516006E00023F8E71C4AD2699342F7
:10F49C0012D01B6893B1194A906890F90E1093F929
:10F4AC000E209142F1D0521A002AEEDD5A684260C9
:10F4BC000360106058600AE00023EBE70F4B9A687A
:10F4CC00D96903F11800106051600A60DA610B4BC6
:10F4DC0053F8185F9D420DD065B1084B9B689D4257
:10F4EC0002D0284600F0B4F9044B5D612046FFF7CA
:10F4FC00F5FC38BD014BDD68EFE700BF8C23002025
:10F50C002DE9F04150EA010333D004460D466FF06B
:10F51C0001031B1A4FF0FF3262EB0102012B72F157
:10F52C0000022ADB6FF00106361AEFF31188402334
:10F53C0083F31288BFF36F8F124FB868124B1860A9
:10F54C00FFF744FDB86822462B461049183000F0EE
:10F55C003DFABA68537B43F0040353734046FFF7FC
:10F56C00BDFC06F0B1FD301A002800DC0020BDE81F
:10F57C00F081FFF775FF0020F9E706F0A5FD0619ED
:10F58C00D3E700BF8C230020B82300204B5E010082
:10F59C0008B5C117C90341EA5041C003184BC01844
:10F5AC00184A4FF0000341F10001F7F7D3FEC117E1
:10F5BC00FFF7A6FF4FEAE07C4FEA4C1343EAD06317
:10F5CC004201121A63EB0C035B0243EAD253520260
:10F5DC0012184CEB03014FEA811E4EEA926E930116
:10F5EC009B1A6EEB010E18184CEB0E0C47F6FF73C2
:10F5FC00C0184CF1000CC00B40EA4C4008BD00BFD9
:10F60C003F420F0040420F0038B50446183006F058
:10F61C0033FDEFF31185402383F31288BFF36F8F13
:10F62C00637B13F0040F04D185F31188BFF36F8F44
:10F63C0038BD23F0040363732046FFF769FCEFF336
:10F64C00058323B185F31188BFF36F8FF0E729464B
:10F65C000148FFF781FEEBE7B8230020014B9868C7
:10F66C00704700BF8C2300202DE9F041EFF3118689
:10F67C00402383F31288BFF36F8F037B13F0010FCA
:10F68C0015D10446457B15F0080F1ED1B04600F18C
:10F69C00580706F0F7FA30B345F020056573EFF321
:10F6AC000583BBB131462046FFF7C4FC0BE086F363
:10F6BC001188BFF36F8F002383F31188BFF36F8F13
:10F6CC000423184602DFBDE8F08186F31188BFF3EE
:10F6DC006F8FF8E73946374B986806F0D5FA304605
:10F6EC00FFF7FCFBEFE745F00803637313F0800FA3
:10F6FC0033D1A3685BB16268236813605A6000233E
:10F70C0023606360627B22F002026273A36004F1E7
:10F71C00180006F0B1FC384606F0EDFA254B9A6855
:10F72C00944227D00027234B53F8185F9D4228D0D2
:10F73C003DB3AA4202D0284600F08AF81D4B5D6109
:10F74C00204600F0E5F8FFB91A4B9B689C4229D083
:10F75C0088F31188BFF36F8FB5E705F07F0545F08F
:10F76C00080565736268236813605A600023236080
:10F77C006360BEE7EFF305830BB90027D3E70127DE
:10F78C00D1E70C4BDD68D4E70B4B01225A731A738B
:10F79C000022C3F8A820C3F8AC20C3F8B420054A53
:10F7AC009360D1E7EFF30583002BD1D13046FFF7FF
:10F7BC0095FB88E78C230020401B00202DE9104886
:10F7CC0083B0089CDDE906BCCDE900BCFFF73AFD2F
:10F7DC001CB1034B9B685B69236003B0BDE81088C8
:10F7EC008C230020044BC01AC010044B03FB00F008
:10F7FC00034B01221A547047081C0020ABAAAAAA7A
:10F80C00BC230020C3897F2B11D80E4B1B687BB106
:10F81C0090F90E200C4B1B689A420CDB437B13F0C7
:10F82C001F0F0AD1094B984209D0012300E0002395
:10F83C0003F0010070470023FAE70023F8E70023E8
:10F84C00F6E700BFC4230020C0230020C818002006
:10F85C0070B505460D4B1E7C06EB46030C4C04EBB9
:10F86C00C304204606F008FC0A4B00229A55284691
:10F87C00FFF7C8FF00B970BD074B1A68013AD317E0
:10F88C000649204600F0A2F8F5E700BF8C230020C3
:10F89C00081C0020BC230020C4230020F1F700002A
:10F8AC0038B5EFF31185402383F31288BFF36F8FC4
:10F8BC00144B9C68144B1B68A34217D0124B0022AC
:10F8CC001A60104B1B7C114AD35C53B12046FFF7D6
:10F8DC0099FF30B1637B13F01F0F0FD02046FFF759
:10F8EC00B7FF85F31188BFF36F8F38BD2046FFF744
:10F8FC00AFFF85F31188BFF36F8FF6E72046FFF754
:10F90C003DFCEBE78C230020B8230020BC23002017
:10F91C00EFF31181402383F31288BFF36F8F0C4BED
:10F92C001B6A834205D1D3F88420094B1A620AE082
:10F93C0013461BB1D3F884208242F9D11BB1D0F805
:10F94C008420C3F8842081F31188BFF36F8F704734
:10F95C008C23002008B50648064A121A064905F001
:10F96C0066FE0648064A121A064905F060FE08BDF6
:10F97C0000000020AC050020807001000000002079
:10F98C000000002080700100034B1868984200D0E2
:10F99C0070470020FCE700BF6804002030B1044A27
:10F9AC005268904201D0006870470020704700BF39
:10F9BC006804002008B5044B1B680BB1002008BD7F
:10F9CC00FDF772FDFBE700BFC8230020B3F1FF3F3A
:10F9DC0008BFB2F1FF3F77D02DE9F04704469246BD
:10F9EC001D4681600023EFF31187402282F31288B9
:10F9FC00BFF36F8F26E01AF1010845F10009FFF7FC
:10FA0C00D9FF18EB000349EBE070236160613BE028
:10FA1C00521A66EB03030261436143686360206022
:10FA2C001C60446005E0294B5A68236062601460D6
:10FA3C005C60FFF7A9FF84423AD087F31188BFF3CB
:10FA4C006F8F0123002B3DD153466FF00101B1EBB9
:10FA5C000A014FF0FF3060EB0502002ACBDB1C4A99
:10FA6C00116852685B1842EB05026FF00101C91A6C
:10FA7C0060EB020308461A46012973F1000301DA10
:10FA8C000120002220616261FFF77EFF0028CAD0AE
:10FA9C000269466921696369914273EB060EB7DB13
:10FAAC00891A63EB060321616361FFF777FFEDE7CA
:10FABC00084B1B68002BC0D106F0C1FA0021FDF7E2
:10FACC00B9FCBAE7BDE8F087704700BF68040020B6
:10FADC00201C0020C823002070B5EFF311864023B2
:10FAEC0083F31288BFF36F8F2A4B1860FFF74CFF1C
:10FAFC00044623E0284A136851685B1941EBE57111
:10FB0C001360516000220023C4E90423204606F050
:10FB1C007FFA86F31188BFF36F8FA368204698474E
:10FB2C00EFF31186402383F31288BFF36F8F194ACA
:10FB3C0013685B1B1360FFF727FF04463CB1256974
:10FB4C006169144B1A68D317AA428B41D2DA44B1BB
:10FB5C00236962690F4909685B1A62EBE1722361E0
:10FB6C0062610D4A0B4D2868136851681B1841EBF4
:10FB7C00E0711360516000242C6006F060FA21469D
:10FB8C00FDF758FC86F31188BFF36F8FFFF788FEE3
:10FB9C0070BD00BFC8230020201C002010B500221F
:10FBAC00EFF31184402383F31288BFF36F8F134656
:10FBBC0011460CE0FFF7FEFE074A13685168C318A4
:10FBCC0041EBE07184F31188BFF36F8F0122002A9F
:10FBDC00F0D0184610BD00BF201C0020F8B5EFF384
:10FBEC001183402282F31288BFF36F8F026822B117
:10FBFC0083F31188BFF36F8FF8BD04461D46826AEC
:10FC0C00C36A52EA030105D0B3F1FF3F08BFB2F15A
:10FC1C00FF3F27D1236B01332363236A6BB185F339
:10FC2C001188BFF36F8F236A20469847EFF3118535
:10FC3C00402383F31288BFF36F8F04F11803A46978
:10FC4C00A3423FD0002C3DD0204606F09EF8002366
:10FC5C00C4F8C03085F31188BFF36F8F204606F0CF
:10FC6C0079F8C9E716461F46012A73F1000301DA39
:10FC7C0001260027013E47F1FF3706F029FA013033
:10FC8C0041F10001801947EB0101012871F10001DC
:10FC9C0008DA6FF001024FF0FF330D492046FFF7F1
:10FCAC0095FEB7E706F014FA013041F10001801916
:10FCBC0047EB01036FF00102121A4FF0FF3161EBB9
:10FCCC000303EAE785F31188BFF36F8F94E700BF56
:10FCDC00E9FB0000F8B51D46EFF31187402383F3D1
:10FCEC001288BFF36F8FB5F1FF3F08BFB2F1FF3F32
:10FCFC001FD00646144629466FF00102121B4FF026
:10FD0C00FF3262EB0502002A18DB304606F0B4F92C
:10FD1C00DDE90623C6E90A230023336322462B467A
:10FD2C000B493046FFF752FE87F31188BFF36F8FF4
:10FD3C00F8BD87F31188BFF36F8FF9E7012C71F1D0
:10FD4C00000101DA01240025013C45F1FF35DCE717
:10FD5C00E9FB000038B50346EFF31185402282F32E
:10FD6C001288BFF36F8FC1600122826000688342EA
:10FD7C0010D04268036813605A600023036043602C
:10FD8C00012106F067FA044629460548FFF7E4FA14
:10FD9C00204638BD85F31188BFF36F8F0024F7E739
:10FDAC00CC2300202DE9F04182B00024009400F116
:10FDBC000C07EFF31188402484F31288BFF36F8F84
:10FDCC00856805EA0206694011404D408560019541
:10FDDC006A460B4906F0EDF8009C4CB10021C4F8C2
:10FDEC00C010A5662046646E05F0EFFF002CF5D11F
:10FDFC0041463846FFF7B0FA304602B0BDE8F08114
:10FE0C00F162010038B504460D4605F008FF48B90B
:10FE1C00054B9B68D3F8B40018B12A46214606F06E
:10FE2C00DDFA38BD0020FCE78C2300202DE9F04FD3
:10FE3C008DB043680293837815469A07804640F14B
:10FE4C000D8100240E78002E00F00A81252E0BD097
:10FE5C004B1C03930134029B4146304698470028C3
:10FE6C00C0F2F6800399EDE74E788B1C252E039398
:10FE7C00F0D00027B946BB46BBF11F0F38D8A6F10E
:10FE8C002003102B0AD8DFE803F02A0909300909EE
:10FE9C00092109090928092D09091F00A6F13003B8
:10FEAC00092B33D92A2E37D11BF0400F55F8043BC0
:10FEBC0040F08280002BA7BF4BF0200B9946C3F17A
:10FECC0000094BF0280B01E04BF0010B039B13F8DE
:10FEDC00016B0393002ECFD130E04BF0020B4BF0B3
:10FEEC00040BF3E74BF0080BF0E74BF0100BEDE7CE
:10FEFC00BBF17F0F19D8A6F13003092BD2D81BF018
:10FF0C00400F03D00A2101FB0737DFE70A2101FB71
:10FF1C0009394BF0200BD9E72E2E06D11BF0400FE0
:10FF2C0040F09E804BF0400BD0E76C2E31D02BD89C
:10FF3C00682E36D06A2E3CD04C2E3AD0002F46F08C
:10FF4C002003B8BF2BF04002A3F16501BCBF1FFA20
:10FF5C0082FB0027022901D9612B2FD1073525F00F
:10FF6C000705DFF8ACA2083507271BF0080F66D091
:10FF7C000AEB070B56465E4563D1A4EB0A0A06EB67
:10FF8C000A02A9EB07096FE1742E9FD07A2E9DD03F
:10FF9C00D4E71BF0800F18BF4BF4007B4BF0800BA9
:10FFAC0094E71BF4807F18BF4BF4007B4BF4807BF1
:10FFBC008CE74BF4207B89E71F4687E7A6F16301AA
:10FFCC00122900F2F080DFE811F013004F00EE0070
:10FFDC00EE00EE00EE004F00EE00EE00EE00EE0044
:10FFEC00EE00FE00E900EE00EE001B00EE00AF009C
:04FFFC0055F8043B75
:020000021000EC
:100000008DF8183001270DF1180AB4E755F804AB44
:10001000834BBAF1000F08BF9A461BF0400F14BF84
:1000200039464FF0FF31504606F036FA0746A2E750
:10003000029B41462020984700280FDB013EB74233
:10004000F6D34C44A41BB14698E74E46F7E716F8A2
:10005000010B029B41469847002892DA98F802303B
:1000600043F0040388F802304FF0FF3420460DB00F
:10007000BDE8F08F1BF0800F34D01BF4007F2CD034
:10008000073525F00705AA4669685AF8080B2BF0D2
:1000900010050029ADB237DA404261EB410145F469
:1000A00080650DF1180B0A235A4606F001FAA0EB01
:1000B0000B0301936B0662D5019B25F001019F4262
:1000C00089B240F3A180002E00F0998015F0100253
:1000D00040F09C80BB460D4623E0AA465AF8040B2C
:1000E000C117D4E7AA461BF4807F5AF8041B01D13C
:1000F0000846F5E71BF4007F15BF48B208B241F38C
:10010000C01141F3C031C2E750EA0103C9D11BF06D
:10011000400FC6D0002FC4D12BF0110295B2BB46C0
:10012000019740F2064115EA01021CBF0BF1010BD9
:1001300000222CE02BF010021FFA82FB0A231BF096
:10014000800C49D01BF400711DBF073525F0070551
:10015000AA46AA461ABF5AF8080B69685AF8040B4F
:1001600050EA010545D12BF016051BF0400FADB24A
:1001700042D0002F40D12BF0170295B2019715F015
:10018000100248D0019B002E42D103F1010B290738
:100190005AD4EB0706D5D9456FDD0199A9EB0B03BE
:1001A0005F18CB465B4649E04BF0100B10237826D6
:1001B000C5E7782B04D1C6F1780343F01003BEE7FE
:1001C000029B4146252098470028FFF647AF02349E
:1001D00047E608230026B2E7AA461BF480715AF8C6
:1001E000040BBDD01BF400711ABFC0B2614680B2CF
:1001F000B6E72BF0060295B20DF1180B54E725F087
:100200001105ADB2BB468CE70D46B8E73B460D463F
:1002100003F1020BBBE7DDF804B082E77570010063
:100220006E700100CDE904324146029B20209847C0
:100230000028FFF613AF049B059A01339945F1DCC2
:10024000A4EB0B01CC189B460AB3029B414630201D
:1002500098470028FFF602AF8EB901342744019B6E
:10026000391B994224DC1D465DBB019AA9EB0B09A1
:10027000224455461446914435E0019F92E70234EA
:1002800041463046029B98470028E7DAE6E640F20E
:1002900006410D42E2D015F0020F14BF2B202020A2
:1002A00015F4806F04F10104414618BF2D20E9E7E1
:1002B000029B414630209847002804F10104CEDA21
:1002C000CCE606AB013D4146585D029B98470028AD
:1002D000CADAC3E6029B414620209847002804F171
:1002E0000104FFF6BBAEA9EB0403002BF2DCBFE573
:1002F000704738B513468568046912F4801F07D02B
:1003000012F4402F04D012F0010F01D082F44023E8
:1003100023F4801213F0010F0AD023684FF0010C70
:100320000CFA01FC43EA0C0323602B68984738BDA4
:1003300023684FF0010C0CFA01FC23EA0C03236044
:10034000F3E708B503468C4600681979DA8842EA73
:100350000C02FFF7CEFF08BD08B58368DB6913B157
:100360000122984708BD6FF05700FBE710B58C4697
:100370001346014651F8040B826814686246A04790
:1003800010BD10B50A46014651F8040B83681C687D
:100390000023A04710BD08B5437933B1014651F899
:1003A000060B83681B68984708BD6FF08500FBE764
:1003B00008B5FFF7F3F808BD30B583B084460846AA
:1003C00015461C461B680CFB03F3019301A9FBF7C0
:1003D00079FD10B9019B2B41236003B030BD4279F8
:1003E000C2B108B584460B46C279042A0ED0C08932
:1003F0009CF810209CF80A1011F0200F01D0013A4F
:10040000D2B29CF80610FFF7D7FF08BD02689268C9
:100410001089EDE76FF08500704710B5044600685D
:1004200005F0CDF8034620B1E06810B105F0C7F83B
:100430000346184610BD50B1C2685AB1026962B194
:1004400043680BB1002070474FF0FF3070474FF00A
:10045000FF3070474FF0FF3070474FF0FF3070476C
:1004600001390A291BD8DFE811F00B002E005000DB
:100470009400B700DA00FD00200141016201720022
:10048000012A0DD0022A10D03AB9037803F07F0375
:100490000370437803F07F034370032A0AD0704748
:1004A000037843F080030370ECE7437843F0800364
:1004B0004370E9E7037843F080030370437843F027
:1004C000800343707047012A15D0022A18D03AB928
:1004D000037803F0BF030370437803F0BF03437056
:1004E000032ADCD1037843F040030370437843F0E0
:1004F000400343707047037843F040030370E4E720
:10050000437843F040034370E1E7012A15D0022A03
:1005100018D03AB9037803F0DF030370437803F08F
:10052000DF034370032ABAD1037843F0200303703A
:10053000437843F0200343707047037843F020036F
:100540000370E4E7437843F020034370E1E7012AB6
:1005500015D0022A18D03AB9037803F0EF030370DC
:10056000437803F0EF034370032A98D1037843F0F4
:1005700010030370437843F010034370704703780F
:1005800043F010030370E4E7437843F01003437033
:10059000E1E7012A16D0022A19D03AB9037803F00C
:1005A000F7030370437803F0F7034370032A7FF4E3
:1005B00076AF037843F008030370437843F00803F1
:1005C00043707047037843F008030370E3E7437810
:1005D00043F008034370E0E7012A16D0022A19D03D
:1005E0003AB9037803F0FB030370437803F0FB038D
:1005F0004370032A7FF453AF037843F0040303707E
:10060000437843F0040343707047037843F00403D6
:100610000370E3E7437843F004034370E0E7012A03
:1006200016D0022A19D03AB9037803F0FD030370FB
:10063000437803F0FD034370032A7FF430AF03785F
:1006400043F002030370437843F0020343707047A2
:10065000037843F002030370E3E7437843F00203B7
:100660004370E0E7012A16D0022A19D03AB903787C
:1006700003F0FE030370437803F0FE034370032A84
:100680007FF40DAF037843F001030370437843F028
:10069000010343707047037843F001030370E3E7FD
:1006A000437843F001034370E0E7012A14D0022AA3
:1006B00017D032B9837803F0F701817003F0770324
:1006C0008370032A7FF4EBAE837843F008028270D4
:1006D00043F0880383707047837843F00803837086
:1006E000E5E7837843F080038370E2E7012A14D0C2
:1006F000022A17D032B9837803F0FB01817003F02E
:10070000BB038370032A7FF4CAAE837843F00402EC
:10071000827043F0440383707047837843F004038E
:100720008370E5E7837843F040038370E2E7012AB2
:1007300014D0022A17D032B9837803F0FE018170F9
:1007400003F0EE038370032A7FF4A9AE837843F0AD
:100750000102827043F011038370A0E6837843F0B6
:1007600001038370E5E7837843F010038370E2E7C9
:10077000012809D008B901290BD001280CD010B9E3
:1007800009B90023137070470029F3D101231370B6
:10079000F0E702231370F0E70129F0D1032313706F
:1007A000EDE708B501390A290DD8DFE801F0060D9B
:1007B000161F28313A434A525A0003784178C90932
:1007C000D809FFF7D5FF08BD03784178C1F3801140
:1007D000C3F38010FFF7CCFFF5E703784178C1F34E
:1007E0004011C3F34010FFF7C3FFECE703784178F3
:1007F000C1F3C001C3F3C000FFF7BAFFE3E703781A
:100800004178C1F38001C3F38000FFF7B1FFDAE75D
:1008100003784178C1F34001C3F34000FFF7A8FF1C
:10082000D1E70378417801F0010103F00100FFF7FF
:100830009FFFC8E78078C109C0F3C000FFF798FFA9
:10084000C1E78078C0F38011C0F38000FFF790FF0C
:10085000B9E78078C0F3001100F00100FFF788FFCE
:10086000B1E703784178C1F30011C3F30010FFF73B
:100870007FFFA8E710B4019C482B5ED05BD3A02B70
:1008800059D8822B57D3823B1E2B54D8DFE803F074
:10089000245324533753245337533753105353534C
:1008A00053535353535353535353535353534B0073
:1008B000012A08D023880233828893423BDB2280BE
:1008C00000230B7037E0238805338288934232DBA4
:1008D000228000230B702EE0012A07D02288838813
:1008E0009A4228D3238000230B7024E0238801330D
:1008F000828893421FDB228000230B701BE0012AB9
:1009000008D0238801338288934214DB228000239D
:100910000B7010E023880333828893420BDB228024
:1009200000230B7007E0238802338288934202DBA6
:10093000228000230B7010BC7047228883889A4263
:10094000F9D3238000230B70F5E730B59DF80CC078
:10095000012B12D01CF0020F71D00468138803F130
:10096000010EA2F800E0E35C1B010B80B3F5006F01
:1009700067DBA3F580530B8063E01CF0020F1AD0F5
:100980000368B2F800E00EF10104A4B2148013F879
:100990000E3005680EF1020EA2F800E02C5D43EA6D
:1009A000041EA1F800E0BEF5006F06DBAEF5805E28
:1009B000A1F800E001E000230B801CF0040F1AD026
:1009C0000368B2F800E00EF10104A4B2148013F839
:1009D0000E3005680EF1020EA2F800E02C5D43EA2D
:1009E000041EA1F802E0BEF5006F06DBAEF5805EE6
:1009F000A1F802E001E000234B801CF0080F1BD09F
:100A00000368B2F800C00CF1010E1FFA8EFEA2F8C6
:100A100000E013F80C3000680CF1020CA2F800C0E2
:100A200010F80E2043EA02108880B0F5006F30DB2A
:100A3000A0F5805088802CE000238B8029E00023E3
:100A40000B801CF0040F0FD00468138803F1010E13
:100A5000A2F800E0E35C1B014B80B3F5006F05DBFF
:100A6000A3F580534B8001E000234B801CF0080F5E
:100A70000DD0006813885C1C1480C35C1B018B8044
:100A8000B3F5006F05DBA3F580538B8001E00023F5
:100A90008B8030BD10B404680A88A31893F802C094
:100AA0005B781B02A25C43EA0C43134303610B888F
:100AB00003330B8010BC70472DE9F8430546894687
:100AC00017461E461846FFF7B6FC60BB8046B9F1D4
:100AD000000F2DD0012F03D0012F26D900240DE0C7
:100AE000346973683A4649462846A047307700285B
:100AF000F2D06FF00108EFE70134E4B22146BC42C6
:100B000013D2B8F1000F10D173680122494428466E
:100B1000D6F810C0E04730770135EDB20028EBD0B1
:100B20006FF00108E8E74FF0FF384046BDE8F88372
:100B30004FF0FF38F9E700B583B00B460022ADF85F
:100B4000042002788DF8042042785201D2B28DF848
:100B5000052090F802C04FEA0C1C0CF0100C42EA81
:100B60000C028DF80520C07800F00F0002438DF8CC
:100B70000520022201A95520FFF79EFF03B05DF872
:100B800004FB10B584B00B46002201920292CDF80E
:100B90000B2002795201D2B28DF8042090F805C0E2
:100BA0004FEA0C1C0CF0100C42EA0C028DF80420E9
:100BB000047AA10001F00C010A438DF80420417A67
:100BC00001F003010A438DF804208279520002F0FB
:100BD00002028DF80520C17901F001010A438DF868
:100BE000052002788DF806204288110A8DF807103A
:100BF0008DF80820C4B942898DF80920120A8DF8B1
:100C00000A2082898DF80B20120A8DF80C20C289E7
:100C10008DF80D20120A8DF80E200B2201A93F201D
:100C2000FFF74AFF04B010BD052201A93F20FFF7DE
:100C300043FFF7E710B584B00B4600220192029201
:100C4000CDF80B2002795201D2B28DF8042090F831
:100C500005C04FEA0C1C0CF0100C42EA0C028DF897
:100C60000420047AA10001F00C010A438DF804204D
:100C7000417A01F003010A438DF804208279520081
:100C800002F002028DF80520C17901F001010A434A
:100C90008DF8052002788DF806204288110A8DF81B
:100CA00007108DF80820C4B942898DF80920120A6E
:100CB0008DF80A2082898DF80B20120A8DF80C20FD
:100CC000C2898DF80D20120A8DF80E200B2201A981
:100CD0004A20FFF7F1FE04B010BD052201A94A2009
:100CE000FFF7EAFEF7E710B584B00B460022019249
:100CF0000292ADF80C2002785201D2B28DF8042095
:100D000090F801C04FEA0C1C0CF0100C42EA0C02E7
:100D10008DF804208478A10001F00C010A438DF8BD
:100D20000420C2788DF8052002798DF806204279DA
:100D30008DF80720C4B9C2888DF80820120A8DF8F2
:100D4000092002898DF80A20120A8DF80B204289A9
:100D50008DF80C20120A8DF80D200A2201A93520E9
:100D6000FFF7AAFE04B010BD04220DEB02013520EE
:100D7000FFF7A2FEF6E700B583B00B460022009213
:100D80008DF80420027802F003028DF8002090F81C
:100D900001C04FEA8C0C0CF01C0C42EA0C028DF8DE
:100DA0000020817842EA41128DF80020C2788DF847
:100DB000012002798DF8022042798DF80320827992
:100DC0008DF80420052269462F20FFF775FE03B039
:100DD0005DF804FB2DE9F041A0B080460E461546B3
:100DE0001C461846FFF727FB38BB074646B3637817
:100DF000012B01D048F08008227A63682A446946B2
:100E00004046D4F80CC0E047207708B900200EE037
:100E10006FF001070DE094F808C084440CF18003E2
:100E20000DEB030C1CF8803C3354013080B2A84217
:100E3000F1D3384620B0BDE8F0814FF0FF37F8E736
:100E40004FF0FF37F5E730B583B0044600238DF847
:100E50000730FFF7F0FA054648B96369616841F267
:100E60008830984763782BB10023237265B12846F8
:100E700003B030BD0122227223460DF1070100208C
:100E8000FFF7A8FF0546F1E7234601220DF1070110
:100E90000020FFF79FFF05460028E8D19DF80730A6
:100EA000902B01D12370E2E76FF00205DFE730B548
:100EB00083B005460C460023ADF804300B460222F1
:100EC00001A95720FFF786FF08B103B030BD9DF898
:100ED00004302A78D20002F0180223F018031343DA
:100EE0008DF804306A7823F0070302F007021343F9
:100EF0008DF804309DF805202B791B0103F0300399
:100F000022F030021A438DF80520EB789B0003F0A5
:100F10000C0322F00C021A438DF80520AB7822F066
:100F2000030203F003031A438DF80520234602222F
:100F300001A95720FFF7C0FDC7E72DE9F04107469B
:100F40000C4616460B78DBB1002211466FF0030504
:100F50002378012B1CD02378022B21D02378032B5C
:100F600026D094F80080B8F1040F29D02378052BFF
:100F70002ED02378062B33D0B5B32846BDE8F081B8
:100F80001146A01CF8F7D0FB0546227A0121DFE7C5
:100F90003146A01CFFF78BFF0546E2790921DAE70D
:100FA0003146A01CFFF7C7FD0546A2790821D5E709
:100FB0003146A01CFFF7E5FD0546A27C0521D0E7E0
:100FC0003146A01CFFF736FE0546A27C4146CDE720
:100FD0003146A01CFFF787FE0546A27B0621C8E725
:100FE000A2780A210025C7E73846FFF739FAC4E797
:100FF00010B582B004460B46032201A91920FFF761
:10100000E9FEA8B99DF80430DA096271C3F341130F
:1010100023719DF805309A096270C3F30112E270E2
:1010200003F00F0323709DF80630C3F38103A37010
:1010300002B010BD10B582B004460B46022201A9D1
:101040005720FFF7C7FE90B99DF80430C3F3C102E3
:10105000227003F0070363709DF80530C3F301129B
:101060002271C3F38102E27003F00303A37002B0A4
:1010700010BD10B582B004460B46022201A95520CE
:10108000FFF7A8FE60B99DF8043023709DF8053085
:101090005A096270C3F30012A27003F00F03E370E9
:1010A00002B010BD10B584B004460B460B2201A956
:1010B0003F20FFF78FFE00283FD19DF804305A09EA
:1010C0002271C3F300126271C3F38102227203F032
:1010D000030363729DF8053003F00102E271C3F36C
:1010E0004003A3719DF8063023709DF807209DF8FA
:1010F000083043EA022363809DF80A3003F00F03AF
:101100008DF80A309DF8092042EA032363819DF897
:101110000C3003F00F038DF80C309DF80B2042EAE1
:101120000323A3819DF80E3003F00F038DF80E30DA
:101130009DF80D2042EA0323E38104B010BD10B5F1
:1011400084B004460B460B2201A94A20FFF742FE59
:1011500000283FD19DF804305A092271C3F30012D0
:101160006271C3F38102227203F0030363729DF87C
:10117000053003F00102E271C3F34003A3719DF84F
:10118000063023709DF807209DF8083043EA0223BB
:1011900063809DF80A3003F00F038DF80A309DF844
:1011A000092042EA032363819DF80C3003F00F030A
:1011B0008DF80C309DF80B2042EA0323A3819DF8A3
:1011C0000E3003F00F038DF80E309DF80D2042EA2B
:1011D0000323E38104B010BD10B584B004460B4670
:1011E0000A2201A93520FFF7F5FD98BB9DF80430D0
:1011F0005A092270C3F300126270C3F38103A37013
:101200009DF80530E3709DF8063023719DF8073096
:1012100063719DF8093003F00F038DF809309DF8D4
:10122000082042EA0323E3809DF80B2002F00F031D
:101230008DF809309DF80A3043EA022323819DF896
:101240000D2002F00F038DF809309DF80C3043EAB1
:101250000223638104B010BD2DE9F04182B007463E
:101260000C46164600238DF807300B78CBB10021D1
:101270006FF003052378012B1DD02378022B24D097
:101280002378032B2BD094F80080B8F1040F30D0D2
:101290002378052B37D02378062B3ED0002D46D15E
:1012A00040E01146A01CFFF7A3FE0546237A8DF807
:1012B00007300121DEE73146A01CFFF7BBFE0546E3
:1012C000E3798DF807300921D7E73146A01CFFF7F5
:1012D000D0FE0546A3798DF807300821D0E73146C6
:1012E000A01CFFF7DFFE0546A37C8DF80730052123
:1012F000C9E73146A01CFFF722FF0546A37C8DF805
:1013000007304146C4E73146A01CFFF765FF05469C
:10131000A37B8DF807300621BDE7A3788DF8073051
:101320000A2100250DF107023846FFF73AFA284650
:1013300002B0BDE8F08130B583B005460C460B46DF
:1013400001220DF105012D20FFF744FD08B103B086
:1013500030BD9DF805302A78920002F0040223F097
:10136000040313438DF805306A8802F00F01C2F3BD
:1013700007128DF8042003F00F0343EA01138DF8E0
:1013800005302346022201A92C20FFF795FBDEE75A
:1013900030B583B005460C460B4601220DF107011E
:1013A0002B20FFF717FD034668B99DF80720297821
:1013B00022F00F0201F00F0002438DF8072011F018
:1013C0000C0F03D11BB3184603B030BD23460122D6
:1013D0000DF106012A20FFF7FDFC03460028F2D19B
:1013E0006B881A118DF8062003F00F029DF8073064
:1013F00003F00F0343EA02138DF80730234601225E
:101400000DF106012A20FFF757FB0346DAE72346D2
:1014100001220DF107012B20FFF74EFB0346D2E717
:1014200010B584B0ADF804000C460B4601220DF156
:101430000F012420FFF7CEFC60B99DF80430012B8A
:101440000AD0022B15D0234601220DF10F012420D2
:10145000FFF732FB04B010BD9DF80F209DF805107A
:10146000490001F0060122F006020A438DF80F2020
:10147000E7E79DF80F309DF80520520102F0600269
:1014800023F0600313438DF80F30DCE730B583B0F1
:1014900005460C460846FEF7CEFF08B103B030BD46
:1014A0002346032269462620FFF794FC0028F5D145
:1014B0002B788DF804306A7832B99DF80020DB4330
:1014C0005BB213408DF804306B88DAB28DF80520DA
:1014D0001B0A8DF8063003F007038DF806309DF8DF
:1014E00001108A4203D19DF80220934206D0234680
:1014F000032201A92620FFF7DFFACFE723460122C6
:1015000001A92620FFF7D8FAC8E710B582B0044633
:101510000B46022201A92C20FFF75CFC50B99DF874
:101520000520C2F3800323709DF804301B0143EAB9
:101530001213638002B010BD10B582B004460B4692
:10154000052269462F20FFF745FCA8B99DF8003019
:1015500003F003022270C3F3820262705B09A3707E
:101560009DF80130E3709DF8023023719DF803303F
:1015700063719DF80430A37102B010BD10B582B044
:1015800004460B46022201A92A20FFF723FC50B98A
:101590009DF8052002F00F0323709DF804301B0115
:1015A00043EA1213638002B010BD10B582B0044646
:1015B0000B4601220DF107012420FFF70BFC20B997
:1015C0002378012B03D0022B07D002B010BD9DF869
:1015D0000720C2F341026270F5E79DF80730C3F3BC
:1015E00041136370F1E730B583B005460C460846F9
:1015F000FEF721FF08B103B030BD2346032201A945
:101600002620FFF7E7FB0028F5D19DF804302B706A
:101610009DF8063003F007038DF806309DF805208D
:1016200042EA03236B80E6E730B583B004460D46FB
:101630000B4601220DF107012D20FFF7CBFB08B16E
:1016400003B030BD9DF80730600000F0020023F0C9
:10165000020303438DF807302B4601220DF10701E9
:101660002D20FFF729FAEBE710B582B004460B46B0
:101670000022ADF80420022201A91220FFF7AAFBE4
:1016800050B99DF8053003F007038DF805309DF83B
:10169000042042EA0323238002B010BDF0B583B0DA
:1016A00005460C464B78DBB11426AB88227A1344EE
:1016B000AB80234601220DF107012920FFF78AFBA9
:1016C000074650B99DF8073063B96368AA8829684E
:1016D0003046E568A847207750BB384603B0F0BDD8
:1016E0009426E2E700238DF80730234601220DF10E
:1016F00007012920FFF7E0F907460028EDD16369CB
:1017000061684FF47A7098476368AA882968304600
:10171000E568A84720770028DFD101228DF807204F
:1017200023460DF107012920FFF7C6F90746D4E744
:101730006FF00107D1E770B582B006460C46002372
:101740008DF807300846FEF776FE054610B12846AC
:1017500002B070BD234601220DF107011920FFF7E9
:1017600039FB05460028F2D19DF8072006F0030357
:1017700022F0030213438DF80730234601220DF1B6
:1017800007011920FFF798F90546012E05D0636976
:10179000616842F210709847D9E76369616849F659
:1017A00040409847D3E730B583B004460D46002348
:1017B000ADF804300846FEF73EFE80BB94B300232C
:1017C0006381294601A8FFF74FFF08B103B030BD80
:1017D0002B4601220DF107012620FFF7FBFA002816
:1017E000F4D19DF80730C3F30012E2715A09227256
:1017F000C3F38003A37100222261A188BDF80420F5
:101800008A4200D2A2802BB163328A4202DAA388D4
:101810006433A38029462046FFF740FFD6E74FF008
:10182000FF30D3E74FF0FF30D0E72DE9F041054618
:101830000E4617461C461846FEF7FDFD60B9804669
:101840006DB17EB18FB123463A4631462846F7F74F
:10185000F9FD4046BDE8F0814FF0FF38F9E74FF061
:10186000FF38F6E74FF0FF38F3E74FF0FF38F0E7C7
:1018700000EBC1018368B3F5004F0AD322B14B6876
:1018800043F001034B6070474B6823F001034B604A
:10189000704722B14B8843F001034B8070474B885F
:1018A00023F001034B807047C9008368B3F5004FF4
:1018B00003D308231944084470470423FAE710B4FB
:1018C00000EBC10C8468B4F5004F19D3DCF80C3080
:1018D000994218D0B4F5004F21D3DCF80810043237
:1018E00040F8223000EBC102B4F5004F1AD3D360A8
:1018F00000EBC3038268B2F5004F15D399600CE08A
:10190000BCF80630E4E7C3680121914023EA0103F3
:10191000C3600432002340F8223010BC7047BCF88A
:101920000410DCE7D380E3E79980F6E7131D50F855
:101930002330DBB9C3684FF0010C0CFA02FC43EA18
:101940000C03C360043240F8221000EBC10382682C
:10195000B2F5004F06D399608268B2F5004F03D309
:10196000D96070479980F7E7D980704710B500EBD0
:10197000C30C8468B4F5004F1CD3DCF8082000EBDE
:10198000C10EB4F5004F18D3CEF808208468B4F522
:10199000004F15D3CEF80C3000EBC2028368B3F5CC
:1019A000004F10D3D1608368B3F5004F0DD3CCF84E
:1019B000081010BDBCF80420E1E7AEF80420E5E70C
:1019C000AEF80630E8E7D180EDE7ACF80410F0E7B8
:1019D00030B400EBC10C8468B4F5004F29D3DCF8B7
:1019E0000450531A891A01EB55015D00B4F5004FFC
:1019F00022D3CCF804504C0000EBC20C8568B5F53E
:101A0000004F1CD3CCF804408468B4F5004F19D3C0
:101A100040F832308368B3F5004F16D3DCF8044049
:101A200002EB5402B3F5004F12D340F8321030BC31
:101A30007047BCF80250D4E7ACF80250DBE7ACF8D2
:101A40000240E1E720F83230E4E7BCF80240E7E783
:101A500020F83210EBE730B400EBC1018468B4F534
:101A6000004F1ED34B685B0800EBC20CB4F5004F6F
:101A700019D3DCF8045003EB55035D00B4F5004FB7
:101A800014D34D608168B1F5004F11D3DCF80440E8
:101A900002EB5402B1F5004F0DD340F8323030BCA8
:101AA00070474B88DFE7BCF80250E4E74D80E9E778
:101AB000BCF80240ECE720F83230F0E78368B3F579
:101AC000004F04D30823C91A081AC008704704231A
:101AD000F9E708B58368B3F5004F07D300EBC102FF
:101AE00052685208012A02D0002200E00022A2B966
:101AF00000EBC102B3F5004F10D352685208B3F5A2
:101B0000004F0DD308230833A2EBD3020132B2FAFF
:101B100082F2C2F11F02FFF7D2FE08BD5288EDE744
:101B20000423F0E708B58368B3F5004F07D300EB53
:101B3000C10252685208012A02D0002200E00022AD
:101B4000A2B900EBC102B3F5004F10D3526852089E
:101B5000B3F5004F0DD308230833A2EBD3020132B3
:101B6000B2FA82F2C2F11F02FFF7E0FE08BD52880E
:101B7000EDE70423F0E7F8B504460D46CE0000EB90
:101B8000C1078368B3F5004F1FD3796805EB510196
:101B900004EBC102B3F5004F19D3536813F0010FE2
:101BA00017D0A368B3F5004F24D3A159691A04EBE9
:101BB000C102B3F5004F1FD3536813F0010F1DD0BE
:101BC00029462046FFF7AEFFF8BD7988DEE7538847
:101BD000E4E72046FFF77DFFA368B3F5004F07D386
:101BE0007A6805EB520229462046FFF734FFD8E712
:101BF0007A88F6E7A15BD9E75388DEE72046FFF74E
:101C000068FFA368B3F5004F0CD3A1592A46691A9F
:101C10002046FFF720FFA368B3F5004F04D3A35974
:101C2000ED1ACDE7A15BF1E7A35BF9E7F8B58568AD
:101C3000B5F5004F10D308230833A1EBD3030133CC
:101C4000B3FA83F3C3F11F02C3F1230450F82460F5
:101C500046B34FF0030C12E00423EDE7BEF8027028
:101C600017E02146FFF72BFE24E0BEF80640171DC3
:101C700040F82740BCF1010C14D0A64212D0141D2C
:101C800050F8244000EBC40EB5F5004FE6D3DEF863
:101C90000470B1EB570FE4D9B5F5004FE5D3DEF88A
:101CA0000C40E4E7C468C3F12002012393405B4287
:101CB0001C4001D12046F8BD94FAA4F2B2FA82F297
:101CC000131D50F823402146FFF7F9FDF2E779B1E3
:101CD00038B505682846FFF7F1FE044600220146A4
:101CE0002846FFF7C5FD21462846FFF744FF38BDCB
:101CF000704770B50568A1B30B46AA68B2EBD10F67
:101D000031D9B2F5004F1DD308229C180734E408DE
:101D100021462846FFF78AFF064630B305EBC0038D
:101D2000AA68B2F5004F0FD35B68B4EB530F0DD325
:101D3000012231462846FFF79BFD31462846FFF732
:101D4000B3FD70BD0422E0E75B88EEE73444224631
:101D500031462846FFF73CFE21462846FFF7E2FEC3
:101D6000E6E70020EDE70020EBE70020E9E72DE9BA
:101D7000F041144606684B420B4001F1FF3818EA67
:101D800001080CD0B268B2F5004F06D30822934286
:101D900057D21A464546984609E00422F7E70D4611
:101DA000B368B3F5004F45D30822954244D9002CBF
:101DB00062D0B368B3EBD40F60D92919891AB3F58F
:101DC000004F41D3082319440731C9083046FFF7B3
:101DD0002DFF0746002853D001463046FFF764FD2B
:101DE00000EB08032B44013BB3FBF5F303FB05F5C4
:101DF000A5EB08052C44073424F007042946304697
:101E0000FFF75CFE8046A41BE41087421ED306EB5E
:101E1000C803B268B2F5004F22D35B6808EB5303E6
:101E20009C421FD3012241463046FFF721FD284640
:101E3000BDE8F0810422B8E72146FFF75AFF0546C6
:101E4000F5E745469846B2E70423BCE70246394623
:101E50003046FFF7BDFD39463046FFF763FED6E753
:101E60005B88DBE7224641463046FFF7B1FD21465D
:101E70003046FFF757FED5E70025D8E70025D6E71F
:101E80000025D4E7F8B5B2F5802F23D30823D21A62
:101E9000CC1D24F0070401EB020C2CF0070CACEB7A
:101EA000040C4FEADC010460A1600023E360BCF590
:101EB000802F11D308230833A1EBD3030133B3FAE6
:101EC00083F3C3F1200EC3F124039B00DE1DF5084C
:101ED000002308E00423DAE70423ECE71A1D0020BE
:101EE00044F8220001337345F8DB6B00BCF5802F0A
:101EF00032D36360BCF5802F30D300232360BCF560
:101F0000802F2ED3636843F0010363604A1B5700A0
:101F100026F00703E018BCF5802F27D34760A068A0
:101F2000B0F5004F24D3E5502CF00703A444A0687B
:101F3000B0F5004F1ED30020CCF80400A068B0F527
:101F4000004F1BD3E25001222046FFF791FC2946A7
:101F50002046FFF7E7FDF8BD6380CBE70023238031
:101F6000CDE7638843F001036380CFE74780D6E77E
:101F7000E552D9E70020ACF80200DFE7E252E2E7E1
:101F8000002070470FB400B583B004A951F8040BCA
:101F90000191F7F78DFE03B05DF804EB04B07047D4
:101FA0000FB400B583B004A951F8040B0191F7F701
:101FB0007FFE03B05DF804EB04B07047A0F130037E
:101FC000DBB2092B02D80B7000207047A0F161032F
:101FD000DBB2052B03D85738087000207047A0F1FA
:101FE0004103DBB2052B03D8373808700020704757
:101FF0006FF0150070472DE9F04383B0164601F0ED
:10200000010202EB510898452FD807464FEA5109C3
:10201000F2B90024A1452AD965000DF1070117F88E
:102020001400FFF7CBFF002828DB9DF807301B01C9
:10203000335501350DF10701785DFFF7BFFF00282B
:102040001FDB335D9DF80720134433550134E1E76E
:102050000DF107010078FFF7B1FF00280BDB9DF8B9
:10206000073006F8013B0137D3E74FF00008404640
:1020700003B0BDE8F0834FF00008F8E74FF0000828
:10208000F5E74FF00008F2E701F00701038B23F0BA
:1020900007030B43038370472DE9F04106460F46C3
:1020A0009046816821B10C683CB131B90C4604E01E
:1020B0000C4602E0234621461C4669B14D68434662
:1020C0003A463046A847002CF4D02368002BF2D0C3
:1020D000002CF0D12346EEE7BDE8F081038B13F02E
:1020E000070303D102680AB103207047022B03D013
:1020F000012B06D000207047428B002AF8D1042023
:10210000704703680BB1052070470020704710B579
:1021100004468C46038B002A07DB03F007035A1F93
:10212000012A0ED9042B36D010BDD0E900018CE86D
:10213000030000232360636001212046FFF7A4FF12
:10214000F2E7D0E900018CE803000022226062601F
:10215000062B1BD1DCF8003053B1628B0132628355
:102160001A461B68002BF7D0002AF5D11346F3E777
:1021700002212046FFF788FF2046FFF7AFFF002827
:10218000D2D0238B43F020032383CDE700212046C8
:10219000FFF77AFFF0E70021FFF776FF2046FFF711
:1021A0009DFF0028C0D0238B43F020032383BBE78F
:1021B00050B110B50C4651B1081D00F0C2F810B96D
:1021C000A368032B06D810BD6FF0150070476FF0A1
:1021D0001500F8E76FF01500F5E72DE9F041074627
:1021E0000C4616461D461946201D00F0C9F828B1B8
:1021F00080462B46324621463846C047BDE8F0812E
:102200002DE9F04180460C4617461E4604E0334651
:102210003A464046FFF7E1FF216831B10D6825607D
:1022200063688B42F3D16560F1E7BDE8F08108B5E2
:10223000EFF311824FF0400C8CF31288BFF36F8FD5
:1022400041610121F7F764FD08BD034670B181B11A
:102250000A688AB14A6892B1002018605860986094
:10226000D860186158619861196170476FF0150066
:1022700070476FF0150070476FF0150070476FF0F2
:102280001500704770B505460E46FFF791FF041E16
:102290002EDBEFF31182402383F31288BFF36F8F9D
:1022A000B5F818C00CF0070C6B8B4FF6FF718B4222
:1022B0002CD06446BCF1020F08D0BCF1060F19D82F
:1022C000DFE80CF01E1818181E2A1E0001336B835D
:1022D00001230021084628B100203060686808B357
:1022E00006606E6009BB82F31188BFF36F8F0BBB72
:1022F000204670BD6FF00404002319461846EAE733
:10230000BCFA8CF1490900230120E4E76FF00A04CC
:10231000002319461846DEE76FF0850400231946AE
:102320001846D8E76E602E60DCE702212846F7F7F2
:10233000EFFCDDE70023624631462846FFF74DFFFC
:10234000D6E70246B0B1436803F00303022B0BD07B
:10235000032B04D0012B04D06FF0150070470368E5
:102360005BB10020906070470368002BF9D16FF0DB
:10237000150070476FF0150070476FF0150070473B
:1023800010B50346426802F003028160022A04D0BD
:10239000032A05D10468002004E00068002401E05D
:1023A0000024204600225A6008B1FDF7D9FC2046DF
:1023B00010BD70474B09BFF35B8F50F82300BFF38C
:1023C0005B8F01F01F01084100F001007047406978
:1023D00020B108B50021FFF7EDFF08BD00207047D0
:1023E000436933B11B6933B15B691B792BB9012098
:1023F000704701207047012070470020704770B57A
:1024000004460D464669FFF7EBFF70B103212046F5
:10241000A84700280CDB7EB107213046FFF7CAFF32
:1024200070B901212046A84701E00323337170BD34
:1024300010F1860FFBD1EEE701212046A847F6E711
:10244000636901221A710020F1E738B50346446937
:10245000256815F020001CD0E268B2B1013AE260B4
:10246000B2B9A268002118469047002811DB012369
:10247000237115F0040F0CD0206943691B6813F415
:10248000807F07D0FFF7E1FF03E06FF0770000E007
:10249000002038BD6FF00A00FBE738B54469EFF360
:1024A0001185402383F31288BFF36F8F23793BB9E3
:1024B000A36800219847002809DB0123237100E06D
:1024C0000020236843F0200323600023E36085F3AA
:1024D0001188BFF36F8F38BD4B09BFF35B8F50F886
:1024E0002300BFF35B8F01F01F01084100F00100E2
:1024F000704770B50446406948B30821FFF7ECFF08
:1025000080B1EFF31186402383F31288BFF36F8FFE
:102510002046FFF79AFF054686F31188BFF36F8FB9
:10252000284670BD0022002300212046F7F700FD59
:1025300005460028F4D102216069FFF7CDFF00288D
:10254000EED063691869FFF7D4FF0546E8E7002578
:10255000E6E738B544692268E368B3B9054612F086
:10256000040F09D0206943691B6813F4807F11D0E0
:10257000F7F732FD00280CDBA368012128469847B5
:10258000002806DB0023237100E00020E36801330C
:10259000E36038BD6FF00A00FBE770B5044650F801
:1025A000383C002150F82C0C98470546A4F1280629
:1025B0004FF0FF324FF0FF333046FCF729FA002D81
:1025C0000FDB012304F83C3CA4F1100014F83C3C60
:1025D0000121994003F0EEFE3046FCF7D9F94DB1E8
:1025E00070BD54F8343C013344F8343C002304F803
:1025F0003C3CE9E70221A4F14000FFF76DFF002811
:10260000EED054F8300CFFF774FFE9E710B504463C
:10261000406918B10721FFF75FFF08B9002010BD1E
:102620002046F7F78FFDFAE708B5012802D0FBF73F
:1026300019FF08BDEFF30583F9E708B50146006807
:10264000FFF7F2FF08BD08B5F7F7E6FDF7F710FE54
:1026500008BD0020704700230B70704708B50023A9
:102660001370CB1E092B1AD8DFE803F005090D11F2
:102670001919191919141146F7F70EFF10E0002166
:10268000F7F7A0FE0CE00021F7F706FE08E0F7F7E9
:1026900049FE05E01146FFF7DEFF002000E00020C4
:1026A00008BD08B540B2F8F769F808BD08B540B2F2
:1026B000F8F772F808BD08B512F0010F04D1023125
:1026C00040B2F8F77BF808BD0021F9E708B5002112
:1026D0000120FFF7A9FF08BD61B662B680F311883B
:1026E000BFF36F8F704772B6002383F31188BFF377
:1026F0006F8FBFF34F8F30BF62B6BFF36F8F7047DE
:1027000072B6002383F31188BFF36F8FBFF34F8F2F
:1027100020BF80F31188BFF36F8F62B670474368A4
:102720005A1E134206D11F2B06D903681A4205D040
:10273000002070470020704700207047012070473C
:1027400000B585B00B6801934B688A68202B12D9BD
:10275000B3F1004F11D8013BB3FA83F3C3F11F0368
:102760005B0003F03E031343039301A9F8F72EF92E
:1027700005B05DF804FB0823F5E73E23F3E72DE9F8
:10278000F84380460F4699461646002509E0214643
:10279000F0B2FFF7D5FF064610F1160F14D0013640
:1027A0000135BD4210DA05EB450408EB840462688C
:1027B000002AF5D0B9F1000FE9D02046FFF7AFFFAE
:1027C0000028E4D16FF015063046BDE8F883F0B577
:1027D00085B0054603A8F7F751FB0646002424E020
:1027E000B3F5801F20D1576809589368202B64D90E
:1027F000B3F1004F63D8013BB3FA83F3C3F11F0376
:102800005B0003F03E0343F0885343F4302300970A
:102810000191029369462878F8F7D8F80028C0F2A9
:10282000A8802B7801332B700134B44280F0A4804F
:102830002001039901EB0412D3681B0D1B05B3F5AE
:10284000000F5ED01DD8B3F5001F3AD0B3F5800F4E
:10285000C6D1576809589368202B4ED9B3F1004F61
:102860004DD8013BB3FA83F3C3F11F035B0003F0C0
:102870003E0343F0E06343F4003300970191029379
:10288000C8E7B3F1807F56D0B3F1007FCCD1576851
:1028900009589368202B68D9B3F1004F67D8013BE2
:1028A000B3FA83F3C3F11F035B0003F03E0343F469
:1028B0008023009701910293ACE70823A3E73E230E
:1028C000A1E7576809589368202B12D9B3F1004F3C
:1028D00011D8013BB3FA83F3C3F11F035B0003F08C
:1028E0003E0343F0885343F4002300970191029381
:1028F00090E70823F5E73E23F3E70823B9E73E23F3
:10290000B7E7576809589368202B10D9B3F1004FE7
:102910000FD8013BB3FA83F3C3F11F035B0003F04D
:102920003E0343F0827300970191029372E70823FC
:10293000F7E73E23F5E7576809589368202B10D92D
:10294000B3F1004F0FD8013BB3FA83F3C3F11F0378
:102950005B0003F03E0343F08873009701910293FC
:1029600058E70823F7E73E23F5E708239FE73E23D0
:102970009DE76FF0150000E0002005B0F0BD08B540
:10298000F8F738F808BD08B5F8F73EF808BD38B5CF
:102990000446037F1B3323F00303028B521A856A1C
:1029A00003FB0255F8F7B6F8A872237FEB722846AE
:1029B00038BD70472DE9F04104460D4617461E46C6
:1029C000807AF8F7B3F8436A1B68D3F800803A4678
:1029D000334629462046C047BDE8F08138B5044655
:1029E000807AF8F7A3F80546616951B1637A13F06C
:1029F000010F04D1436A1B689B6820469847002357
:102A000063612146284602F07DFF38BD10B50446BB
:102A1000807AF8F78BF8037F1B3323F00303826A75
:102A2000A41AB4FBF3F010BD70B504460D46807ACD
:102A3000F8F77CF8436A5A689E682E60156820464D
:102A4000FFF7E4FF00FB065070BD002303824369DB
:102A5000C36070472DE9F04385B005460391904669
:102A60001C46684603F03EFBDDE90067EFF3118288
:102A7000402383F31288BFF36F8F6B8B8BB3914628
:102A80002A8B93420BD2002200232846FBF746FFF5
:102A9000044620B189F31188BFF36F8F0AE0698B78
:102AA0004B1E6B8389F31188BFF36F8F2846FFF7A6
:102AB0006EFF0446039B0BBB00236361012323725B
:102AC000002161726160039B6382E27A04F1180065
:102AD00003F0BAFC2046FFF7B8FF204605B0BDE87A
:102AE000F08382F31188BFF36F8F42462346284656
:102AF000FBF714FF04460028DCD1EEE732463B46E4
:102B0000684603F025FBDDE9002303A92046FFF713
:102B100051FF054660610028D0D12046FFF75EFFD7
:102B20002C46DAE708B5416A8968FFF793FF08BDCC
:102B3000EFF31182402383F31288BFF36F8F0023DA
:102B40000B60436833B11960416082F31188BFF3B1
:102B50006F8F704741600160F7E70346EFF3118222
:102B6000402181F31288BFF36F8F006828B101689C
:102B70001960D3F804C0604504D082F31188BFF314
:102B80006F8F70475960F8E738B5044603E0204678
:102B9000FFF724FF2C4684B16568237A013BDBB242
:102BA000237253B9E3606360A07AF7F7BFFF036A4B
:102BB000002BECD020469847ECE738BD027A013272
:102BC0000272704783680B44036070470268838811
:102BD00019448180D018704738B50D461446114607
:102BE000FFF7F4FF2246294603F020FC38BD10B55C
:102BF0000C460121FFF7EAFF047010BD0346006890
:102C00009A88521A9A800144196070470268806855
:102C1000101A704710B50446012300F8013B062145
:102C2000FAF756FE18B9A37963F03F03A37110BDFC
:102C300070B505460E46F6F780F8112819D1022323
:102C4000834204D2EA5C3A2A16D10333F8E700241F
:102C5000052C0CD8C4F1050204EB440001233244D6
:102C600002212844FFF7C7F948B10134F0E70020FA
:102C700004E06FF0150001E06FF0150070BD6FF01B
:102C80001500FBE738B50446807AF7F74FFF054695
:102C9000616951B1637A13F0010F04D1436A1B6873
:102CA0009B6820469847002363612146284602F02E
:102CB00029FE38BD08B5FFF7E5FF0A20F7F7B4FF96
:102CC00008BD1070C0F307235370030C9370000EFF
:102CD000D0701171C1F3072353710B0C9371090E5E
:102CE000D171704700B5C379817941EA03214279F6
:102CF000037943EA0223C27890F802C04CEA022C1E
:102D000090F801E0027842EA0E2242EA0C4043EADF
:102D100001415DF804FB0020704710B58646084667
:102D20004FF0000C634510D902EBCC0112F83C4087
:102D3000744507D1028A4B789A4209D34B68984769
:102D4000002010BD0CF1010CECE76FF05E00F8E71D
:102D50006FF01500F5E708B5FFF7DFFF08BD08B510
:102D6000FFF7DBFF08BD0020704701F01F0C0123B7
:102D700003FA0CF372B1490900EB8100BFF35B8FDA
:102D800050E8002F1A4340E800210029F8D1BFF392
:102D90005B8F7047490900EB8100DB43BFF35B8F1A
:102DA00050E8002F1A4040E800210029F8D1BFF375
:102DB0005B8F704708B501210C30FFF71FFF08BD7E
:102DC00038B50446057E022D1CD1C3681B78052B3F
:102DD0000DD004D30E3BDBB2012B00D8012515F03A
:102DE000010F06D115F0020F07D1002038BD0325D1
:102DF000F5E72046F8F738F9F4E72046F8F7A8F8A1
:102E00000020F3E7FFF7C0FE6FF01500EEE710B506
:102E10000C46FCF7D3FA2046FFF7D2FF0446FCF736
:102E2000E5FA204610BD10B582B0FFF774FF48B92F
:102E30000022114640F60340F8F7F6F9044648B977
:102E4000F7F78EFF01AA002141F20300F8F7ECF931
:102E5000044610B1204602B010BD0198F7F76AFF92
:102E60000198FFF791FE01AA002141F20100F8F755
:102E7000DBF904460028EDD10198F7F721FF01980E
:102E8000FFF782FE01AA002141F20200F8F7CCF917
:102E900004460028DED10198F7F732FF0198FFF7CA
:102EA00073FED7E710B5082142F20100F8F790F859
:102EB00080B1044608210C30FFF788FE024602204C
:102EC0000021FFF7FEFE0022214642F20100F8F742
:102ED000ABF910BD6FF06800FBE710B5F8F712FB17
:102EE000044608B1204610BDF8F718F9FAE708B50E
:102EF00000200021F8F780F900B908BDF8F722F9A1
:102F0000FBE728B139B108B50846F8F711FC08BD50
:102F10006FF0150070476FF015007047A0B110B545
:102F200082B0044606216846FAF7D2FC08B102B026
:102F300010BD9DF8053003F03F038DF8053069465C
:102F40002046FFF7DEFFF2E76FF01500704700B193
:102F5000012070470020704700238B4219D200B532
:102F600002E001338B4211D200EBC30E30F833C0C4
:102F700040F201129445F4D1DEF80420002AF0D08A
:102F8000127812F0010FECD0012000E000205DF873
:102F900004FB0020704700207047034610F4004FE8
:102FA0000BD1072013F4803F01D000F0FD0013F493
:102FB000003F01D000F0FB0070470620F2E74B090C
:102FC000BFF35B8F50F82300BFF35B8F01F01F014D
:102FD000084100F0010070472DE9F04F83B006462C
:102FE000884615469A464FF0000B5B46D3453AD2C9
:102FF00005EBCB0955F83B700024CDF800B00195E6
:1030000013E05FFA82FB591CC9B20BF1010E06F8FE
:1030100005E09D1CEDB27054DCF80410701903F04B
:1030200005FAAB445FFA8BF30134D9F804209442DB
:1030300013D207EBC40C9CF8012017F834001D468E
:10304000991802314145DCD99A1CA8EB02020928E3
:103050000DD1002A10DD0820D3E7DDF800B0019D76
:103060000BF1010BC2E70C9A1370002001E06FF026
:10307000150003B0BDE8F08F6FF01500F9E72DE9FA
:10308000F04182B007460D4616462021F7F7A0FF13
:1030900000B3804620210C30FFF798FD0446202223
:1030A000002103F0D1F9009433462A461F21601C09
:1030B000FFF792FF044648B9002241463846F8F728
:1030C000B3F80446204602B0BDE8F0814046FFF761
:1030D0005BFDF7E76FF06804F4E708B542F208001B
:1030E000FFF7CDFF08BD08B542F20900FFF7C7FFA3
:1030F00008BD2DE9F04F89B004460D4616461F461F
:10310000DDF848809DF84CA09DF850B09DF8549093
:1031100000230493059306930793B9F1000F33D16D
:10312000BAF1000F02D0BBF1000F0ED10495059645
:10313000B9F1010F56D0012204A92046FFF7CDFFB7
:103140000346E8B9BBF1000F0CD00497CDF814800A
:10315000B9F1020F4CD0012204A92046FFF7C3FFAA
:10316000034668B91034BFF35B8F54E8003F43F067
:10317000040344E80032002AF7D1BFF35B8F002339
:10318000184609B0BDE8F08FF7F7D8FF019065B198
:103190000022964207D915F83230083BDBB2012BEA
:1031A0000FD90132F5E7002343BB77B100229045E8
:1031B00009D917F83230083BDBB2012B10D90132A4
:1031C000F5E70123F0E70023DBB90198F5F7B5FD3A
:1031D00009238DF808308DF80900019B03939FE7C0
:1031E0000123F1E702AB0693012307930222A3E731
:1031F00002AB0693012307930222ADE76FF015039C
:10320000BEE76FF01503BBE708B5436813F4806FA2
:1032100007D1026912B113F0010F04D0F8F7ACFC2A
:1032200008BD0020FCE70020FAE701F01F0C012395
:1032300003FA0CF372B1490900EB8100BFF35B8F15
:1032400050E8002F1A4340E800210029F8D1BFF3CD
:103250005B8F7047490900EB8100DB43BFF35B8F55
:1032600050E8002F1A4040E800210029F8D1BFF3B0
:103270005B8F704710B500F1100409212046FFF75D
:103280009EFE28B908212046FFF799FE10B910BD0F
:103290000220FCE70120FAE7436813F0080F0BD087
:1032A00013F4802F0AD103F4C063B3F5806F01D00B
:1032B00002207047012070470020704701207047AE
:1032C00070B586B005460C46012142F20A00F7F7B8
:1032D0007FFED0B106469CB101210C30FFF787FC80
:1032E0000094072305F1100203A93046F7F75EFEAC
:1032F0000022314642F20A00F7F796FF06B070BD91
:1033000000210C30FFF773FCEAE76FF06800F5E787
:1033100008B5FFF7D5FF08BD2DE9F04385B0044699
:103320000D4616461F46F8F771FCF0B1804600F1D5
:10333000100907214846FFF742FEC8B10B21484655
:10334000FFF73DFE81464046FFF794FF0390CDF81E
:10335000089000230193009733462A4621464046B1
:10336000FFF7C7FE05B0BDE8F0836FF01500F9E781
:103370006FF00A00F6E708B5183002F021FC08BD2E
:1033800010B5F8F743FCD8B10446FFF7F4FF04F199
:103390001000BFF35B8F50E8003F23F4804340E808
:1033A0000032002AF7D1BFF35B8F0721FFF707FE3A
:1033B00008B9002010BD00212046FFF781FFF9E782
:1033C0000020F7E708B5FFF7DBFF08BD93781B0285
:1033D00003F4E06392F803C04FEA0C3C0CF4805C09
:1033E00043EA0C0392F804C04FEA0C4C0CF4E02CB6
:1033F00043EA0C0392F800C00CF0030C43EA0C0300
:1034000092F801C04FEA0C1C0CF0300C43EA0C039C
:1034100092F805C04FEA0C5C0CF4801C43EA0C03E4
:103420009279120602F08072134300EB0110C0F88B
:10343000183570474800704750B344F22802904254
:1034400036D843F6FF72904235D3A0F57F533F3B09
:10345000292B33D8DFE803F0283232321532183204
:103460003232321C32323232203232323224323272
:10347000323232323232323232323232323232322C
:10348000322800200870704701230B70002070471D
:1034900002230B700020704703230B70002070473D
:1034A00004230B700020704705230B700020704729
:1034B0006FF0150070476FF0150070476FF0150042
:1034C000704710B50446FFF7B5FF236813B19B8919
:1034D00003FB0000E368834201D3002010BD6FF0BE
:1034E0000B00FBE708B5BFF35B8F50E8003F5A1CA9
:1034F00040E800210029F8D1BFF35B8F1BB16FF0CA
:103500000F03036708BDF8F711FEFBE708B508389D
:10351000FFF7E8FF08BD08B540304FF0FF324FF02D
:10352000FF33FBF775FA08BD10B5044658304FF06D
:10353000FF324FF0FF33FBF76BFA00B12067206FCB
:1035400010BD38B584460D4600F1740E0C460FCC04
:10355000AEE80F002368CEF800300023CCF87030BE
:103560002B6853B10CF188040FCB84E80F00CCF822
:1035700074400023ACF8983018B96046F8F7D6FDCF
:1035800038BD0023BFF35B8F5CE8002F4CE80031AF
:103590000029F9D1BFF35B8F6046F8F7DDFDEFE757
:1035A00008B5836C03B108BD4030FBF7F1F9FAE7C9
:1035B00010B50446436F0BB30846D4F88C3043B1C2
:1035C000B4F8982004F17401984701280DD002281E
:1035D0000ED0B4F89830B4F89420934213D201334B
:1035E000A4F8983000210B4604E00121002301E0FB
:1035F0000021012353B1D4F8883013BB04F15800E3
:10360000FBF7C6F910BD00210123F3E72046F8F7C8
:1036100015FDD4F888301BB92046F8F787FDF1E78F
:10362000BFF35B8F54E8003F5A1E44E80021002995
:10363000F8D1BFF35B8F012BE4DD2046F8F776FD70
:10364000E0E704F1080002F0B8FDD7E7034619B13E
:1036500001290CD000207047D3F81804C0F30040B3
:103660007AB1D3F8183403F0030313607047D3F82A
:103670000C04C0F3004022B1D3F80C3403F0010372
:1036800013707047006901EB41018900383108442B
:103690007047406800EBC10070470069C1EBC10191
:1036A00000EB8100704708B5C9B2FFF7EBFF8068F7
:1036B00000F0070008BDEFF31182402383F3128866
:1036C000BFF36F8F036813F0C00301D08B4207D1A3
:1036D00001230360002082F31188BFF36F8F7047CE
:1036E0004FF0FF30F7E7EFF31182402383F31288A6
:1036F000BFF36F8F036803F0C00C03F00703012BC7
:1037000008D08C4509D04FF0FF3082F31188BFF309
:103710006F8F704701600020F7E76FF07700F4E7E4
:10372000EFF31182402383F31288BFF36F8F036896
:1037300003F0C00343F00203036082F31188BFF378
:103740006F8F7047F8B506460C46FFF79BFF05687C
:103750004768002340F8083BFFF7E2FF1DB13A46F7
:1037600021463046A847F8BD70B506461546CCB28E
:103770002146FFF787FF29460830FFF79CFF002806
:1037800006DB21463046FFF784FF43689847002058
:1037900070BD08B58022FFF7E7FF08BD2DE9F041B5
:1037A000064690461F46CDB22946FFF76BFF0446FA
:1037B00006990830FFF797FF002809DBC4F800805E
:1037C000676029463046FFF764FF0368984700208A
:1037D000BDE8F08110B582B080240094FFF7DEFFD1
:1037E00002B010BD10B51446C9B2FFF756FF002154
:1037F000A04710BD08B50120FAF7F4F808BD08B5D8
:10380000012001F0EFF808BD08B5002001F0EAF84A
:1038100008BD08B520EAE070C117C90341EA50416C
:10382000C00340F2E733C0184FF47A724FF0000340
:1038300041F10001F3F794FD02F061FB08BD08B50A
:103840001046FBF7A5F808BD08B5F8F7ADFE002057
:10385000FAF7C8F808BD4278837890F803C09A1A3E
:103860003CEA020207D0C2185171013303EA0C038B
:103870008370002070476FF068007047002303706A
:10388000437083700139C170027170470020704726
:1038900008B508461146F7F7D1FE08BD0B4639B109
:1038A0001168196041688A4209D00023136070478B
:1038B0001368036041688A42F7D14360F5E74360CB
:1038C000F3E708B50A460368002101E019461B68C2
:1038D0002BB19342FAD1FFF7E1FF012000E0002075
:1038E00008BDF0B51C46059E069D00F01F0C400962
:1038F0002FD14FF0A04E0CF5E0735EF8233059B392
:1039000001205AB30227384354B30C2738434EB32F
:103910004FF4E06738433DB34FF44037384323EA70
:10392000000019B30B781AB31278520013430CB38A
:10393000227892001343FEB1327812021343EDB1A4
:103940002A781204134303430CF5E07C4EF82C3024
:10395000F0BD4FF0000ECEE70020D2E70027D2E7FF
:103960000027D3E70027D5E70027D7E70023DAE7CA
:103970000022DBE70022DDE70022DFE70022E1E7AB
:1039800070B504460D461646036833B1FFF799FF3C
:1039900070B91EB96FF0150006E032B123682B60D4
:1039A0002560636843B1002070BD6FF01500FBE730
:1039B000002EF3D10020F7E765600020F4E770B532
:1039C0000E461546016821B10C683CB131B90C4670
:1039D00004E00C4602E0234621461C4671B18A6889
:1039E0002A4002D04B6830469847002CF3D0236819
:1039F000002BF1D0002CEFD12346EDE770BD00691C
:103A0000003818BF0120704710F0100F04D110F0DB
:103A1000200F03D10020704703207047012070471A
:103A2000002070470020704743685B68D3F810356A
:103A30000B60002070472DE9F04105460C464368B5
:103A40005F6802EA010821EA0206FFF7EBFF00289F
:103A500009DBC7F80885C7F80C654FF4003221462A
:103A60002846FFF7DDFFBDE8F08170B504460D463E
:103A700043685E68FFF7D6FF002807DBC6F80855E5
:103A80004FF4003229462046FFF7CAFF70BD70B5DB
:103A900004460D4643685E68FFF7C4FF002807DB55
:103AA000C6F80C554FF4003229462046FFF7B8FF00
:103AB00070BD2DE9F04105460C4643685F68D7F8B4
:103AC000046521EA06080E40FFF7ACFF002809DB79
:103AD000C7F80885C7F80C654FF400322146284620
:103AE000FFF79EFFBDE8F081B0F5800F07D0B1F180
:103AF000C06F0DD0B1F1007F08D001207047B1F147
:103B0000007F01D0052070470420704702207047D5
:103B10000320704708B500690430FFF731FF08BD86
:103B200010B500F01F044009F8F7ECFE30B1014673
:103B300000690122A2400430FFF741FF10BD00B52B
:103B40004368136001E008331360136890F808C0FD
:103B5000D0F804E00EEBCC0C634505D293F805C019
:103B60008C45F0D1002001E06FF001005DF804FB0E
:103B700061B900F01F01400906D14FF0A0420123B6
:103B80008B40C2F80C3570470022F8E700F01F01A7
:103B9000400906D14FF0A04201238B40C2F80835FE
:103BA00070470022F8E738B513468568046912F4B7
:103BB000801F07D012F4402F04D012F0010F01D063
:103BC00082F4402323F4801213F0010F0AD02368FB
:103BD0004FF0010C0CFA01FC43EA0C0323602B6844
:103BE000984738BD23684FF0010C0CFA01FC23EA1A
:103BF0000C032360F3E708B503468C460068197987
:103C0000DA8842EA0C02FFF7CEFF08BD08B532B1F0
:103C1000012303FA01F18368DB68984708BD01239B
:103C200003FA01F183681B699847F7E710B5036948
:103C30001C6801238B401C4202D0B2FA82F2520966
:103C4000FFF7E4FF10BD61B900F01F01400906D184
:103C50004FF0A04201238B40C2F80C357047002280
:103C6000F8E700F01F01400906D14FF0A042012300
:103C70008B40C2F8083570470022F8E730B404E002
:103C8000083404600C68013C0C600C684CB104689A
:103C900065689D42F4D3B5FBF3F5156003681868B9
:103CA00001E00020106030BC704770B50446154636
:103CB0001E460A4609B30B68636403B35368A364E2
:103CC000334604F1580204F1480104F14400FFF7BF
:103CD000D5FF6065ADB12B68E364A3B16B68236564
:103CE000334604F1600204F1500104F14C00FFF787
:103CF000C5FFE0650023236470BD0B46DCE70023AD
:103D0000DDE72B46E8E70023E9E70368E3B110B5F8
:103D10000446986870B171B91AB99A8812F4805F34
:103D200008D1186901F045FC23680022197B9868C6
:103D3000FFF77CFF10BD0122197BFFF777FF236897
:103D4000186901F036FCF5E7704710B5044601220A
:103D50000021FFF7DAFFA36903B110BD636004F12E
:103D60001000FAF715FEF8E708B5006903688B4202
:103D700006D190F86C3033B9FFF7E7FF002008BD9B
:103D80006FF01500FBE76FF00F00F8E710B504695E
:103D9000216404F12800FAF7FBFD002384F86C305D
:103DA00010BD08B503689B8813F4005F00D008BD00
:103DB000002343601030FAF7EBFDF8E738B504460E
:103DC000049DAB8813F4005F08D083694BB9436846
:103DD000AB4201D0002302E0012300E0002313B135
:103DE00038BD0023FBE704F110004FF0FF324FF025
:103DF000FF33FAF70DFE6560F2E738B504460020A0
:103E0000034605E0626C02EBC302526810440133C2
:103E1000A26C9342F6D30022134605E0E16C01EB5D
:103E2000C30149680A440133216D8B42F6D38242B3
:103E300038BF02464FF4FA5303FB02F0254655F80B
:103E4000283B1B68B0FBF3F0C830410CC00340F2C4
:103E5000E733C0184FF47A724FF0000341F10001CC
:103E6000F3F77EFA02460B462846FAF7D1FD08B969
:103E7000206C38BD6FF07300FBE70378002B45D151
:103E800010B50C468A6ED2B18B6D43B19A4206D8FA
:103E90009B1A8B65CBB14B6D0BB113444B65A26E76
:103EA000236E43B19A4206D89B1A2366EBB1E36DA9
:103EB0000BB11344E365606EF8F7F4FF10BD6FF0CB
:103EC0007301606EFFF762FFF8E74B6C08334B64D9
:103ED0008B6C013B8B64012301F15802483104F1E2
:103EE0004400FFF7CBFE6065D9E7E36C0833E36479
:103EF000236D013B2365012304F1600204F15001AD
:103F000004F14C00FFF7BAFEE065D4E770472DE9F5
:103F1000F04383B004460E4690461F460569D0F82C
:103F2000049000910C9B0B9A9DF828102846FFF7EF
:103F300045FF31462046F8F72FFF064608BB012310
:103F400085F86C30D9F82410B1F1FF3F21D101235D
:103F50003A4641462846FFF7A8FE0022012128469E
:103F6000FFF7D3FE2046F8F79DFF2846FFF745FFF1
:103F7000064610F1740F11D0002211462846FFF7B3
:103F8000C4FE31462846FFF70CFF304603B0BDE8BB
:103F9000F08309F1280000F09CF8D8E70027AF660D
:103FA0004846FAF7B5F985F86D706FF07301204651
:103FB000FFF7ECFE05F12800FAF752FDDCE710B53B
:103FC00084B00024029401940094FFF7A0FF04B091
:103FD00010BD10B582B0044601AAFFF7B0FD00285D
:103FE00005DB019B226819791868F8F739FE02B0E1
:103FF00010BD38B50569446831B1012913D10021DC
:10400000206AFFF7E6FF10E095F86D3023B9012133
:10401000206AFFF7DEFF08E02046FAF779F900236F
:1040200085F86D30F3E76FF0850038BD08B50022E4
:1040300001210420FEF73FFB08BD38B50546846822
:1040400000E00834AB68EA6803EBC2039C420BD281
:10405000206801F0B4FA48B14FF4B0112046FFF7E0
:10406000CAFD0028EDDA00E0002038BD6FF0120034
:10407000FBE738B5446805690021206AFFF7A9FF0E
:1040800000280EDB616AB1F1FF3F0BD1E36998476D
:104090002846FFF7D2FF002803DB2846FFF755FE2E
:1040A000002038BD04F12800F8F754FF10F1130F79
:1040B000F7D010F1050FE9D1F3E700B583B00B4657
:1040C0000021019100910A46F8F722FF03B05DF844
:1040D00004FBF8B504460F4601F09BF905460022A3
:1040E0003946204601F08DF903213846FFF7E5FFF8
:1040F00000F0ADF8064623685B593BB900F0A7F81D
:10410000831B062BF7D96FF0730500E000253946B5
:10411000204601F07AF901213846FFF7CEFF284604
:10412000F8BD00B5A2F5807E4FEA9E0E4FF0010C5F
:104130000CFA0EFC1CEA010F0DD0815809B90020C1
:104140000AE00021815082581BB11A684CEA020231
:104150001A60012000E000205DF804FB70B582B019
:1041600006460D460024019409E0A20001AB02F5C9
:10417000A07229463046FFF7D4FF0134E4B2032C85
:10418000F3D915F0010F02D0D6F8003143B915F07C
:10419000020F02D0D6F8043163B9019802B070BDA5
:1041A0000023C6F80031D6F80031019B43F001032B
:1041B0000193ECE70023C6F80431D6F80431019BE3
:1041C00043F002030193E8E7401A20F07F40704774
:1041D00000F150039B009BB203F1804303F5883349
:1041E0001868003818BF0120704700F150039B0089
:1041F0009BB203F1804303F5883300221A601B68E9
:10420000704720F07F407047EFF3108072B6704720
:1042100080F310887047F0B585B0044617461D46F8
:10422000F8F73EFF06469DF8303002930B9B019352
:104230000A9B00933A462B462046F8F7FFFF0546B7
:1042400031462046F8F782FF284605B0F0BD08B594
:10425000F8F7D4FF08BD03783E2B03D0FF2B08D01E
:10426000002070478378022B01D000207047012086
:1042700070478378802B05D0822B01D000207047B7
:10428000012070470120704770B504460D464FF07D
:10429000FF304FF0FF31F9F717F9064608B1304605
:1042A00070BD29462046F9F7FDFA0646F9F716F9DA
:1042B000F5E7F8B506460C460846FFF7CCFF6378ED
:1042C0000233472B1AD805460022002301462078E6
:1042D000F6F7D4FC074660B16278023221460C3012
:1042E000FEF77AFC33691B68394630469847002050
:1042F000F8BD002DFCD16FF06800F9E76FF00B00FE
:10430000F6E770B505460C46002200230820F6F7B4
:1043100099FC78B1064662880432472A0DD82146B6
:104320000C30FEF759FC2B691B683146284698472C
:10433000002070BD6FF06800FBE76FF00B00F8E73E
:1043400070B505460C46002200232020F6F77AFCC3
:10435000628870B106460432472A0DD821460C30D7
:10436000FEF73AFC2B691B68314628469847002027
:1043700070BD6FF06800FBE76FF00B00F8E708B561
:10438000042A05D0022A06D0082A07D0002008BD3A
:10439000FFF78FFFFBE7FFF7B4FFF8E7FFF7D0FF6A
:1043A000F5E708B5F9F7C4F808BD38B50B8A73B15D
:1043B0000C460B7E012B0DD10846F9F70BF905468B
:1043C00008B1284638BD2046FEF7DEFBF9E76FF05E
:1043D0001505F6E76FF01505F3E710B54FF0FF3060
:1043E0004FF0FF31F9F770F8044608B1204610BDD0
:1043F000EBF7FEFF044628B9F9F770F80020F6F74E
:1044000031FCF3E7F9F76AF8F0E708B5ECF714F8D0
:1044100000B908BD6FF08500FBE700B585B000204E
:104420008DF8040001AA0221EBF762FF002833DBBC
:104430000823ADF8043001AA07210020EBF758FF4C
:10444000002829DB1B23ADF80630ADF80430022329
:104450008DF8093003218DF8081001AA0020EBF730
:1044600047FF002818DB01238DF8043001AA04213E
:104470000020EBF73DFF00280EDB1F23ADF80430D2
:1044800001AA06210020EBF733FF002804DB40F2ED
:104490006223984203D8002005B05DF804FB002396
:1044A00083F31188BFF36F8F0423184602DF6FF088
:1044B0000B00F1E70F230370042343708270012384
:1044C000C370818070474FF00E0C80F800C04270BE
:1044D00001228270A0F80310437170470323037018
:1044E000002303717047012070470023036043607D
:1044F000037943F020030371DBB243F040030371FF
:10450000704700230380037843F001030370DBB29C
:1045100043F002030370DBB243F0200303704378DF
:1045200043F001034370DBB243F002034370DBB29C
:1045300043F004034370704708B54278037843EAB8
:1045400002231BB240F60142934205D040F60342DB
:10455000934205D0012008BD0330F3F7B6F8FAE71F
:10456000ECF752F8F7E708B50346033093F801C0BB
:104570001B7843EA0C234FF60B4C63451CD94FF6CE
:104580001D5293426CD84FF60252934227D3A3F5A3
:104590007D43023B1B2B5FD8DFE803F04C4F5255A5
:1045A0005E5E5E5E5E5E585E5E5E5E5E5E5E5E5E31
:1045B0005E5E5E5E5E5E5E5B0631B3F57C4F01D88B
:1045C00001204AE0A3F57C43013B0A2B46D8DFE8F3
:1045D00003F0080F45454527454517202A000120CF
:1045E0003BE013780C3313700846F3F773F834E0AC
:1045F0001378403313700846FFF783FF00202CE048
:104600001378581C1070173313700846F3F77FF8AF
:1046100023E01378203313700846F3F79CF81CE06E
:10462000F3F773F819E01378013313700846F3F7C2
:10463000AFF812E0F3F7C2F80FE0F3F7C1F80CE0BF
:10464000F3F7C0F809E0F3F7C3F806E0F3F7C2F8B0
:1046500003E0F3F7C1F800E0012008BD0120FCE70A
:104660000120FAE710B504463122002101F0ECFEEA
:10467000637943F040036371DBB243F080036371FD
:10468000A37B43F00803A373DBB243F02003A373BF
:10469000E37B43F00203E373637E43F0010363763D
:1046A000DBB243F002036376DBB243F004036376CC
:1046B000DBB243F010036376DBB243F02003637692
:1046C000DBB243F040036376DBB243F080036376F2
:1046D000A37E43F00103A376DBB243F00203A3768B
:1046E00094F82D3043F0400384F82D30A37E43F03E
:1046F0004003A376DBB243F08003A376E37E43F06E
:104700000103E376DBB243F00203E376DBB243F06E
:104710004003E376DBB243F08003E376237F43F08C
:1047200008032377DBB243F010032377DBB243F0B7
:1047300020032377DBB243F04003237794F8233040
:1047400043F0800384F8233094F8243043F00103CD
:1047500084F8243094F8263043F0800384F826301F
:1047600010BD08B50346881D93F801C01B7843EAC5
:104770000C231BB2A3F58053013B082B20D8DFE8A4
:1047800003F0050B121F1F1F1F1F1900137808339A
:104790001370F3F723F814E0137840331370FFF726
:1047A00061FF00200DE0137808331370FFF79DFEC2
:1047B000002006E0137806331370F3F711F800E0D9
:1047C000012008BD002303604360037843F0010328
:1047D0000370DBB243F004030370DBB243F0080361
:1047E0000370DBB243F010030370437843F04003DF
:1047F0004370704708B503460330063193F801C093
:104800001B7843EA0C231BB2A3F50053013B7B2B1F
:1048100000F29780DFE803F03E4148955053565D23
:104820006063959595956970737695959595797F63
:104830009595958695959595959595959595959537
:104840009595959595959595959595959595959518
:104850009595959595959595959595959595959508
:1048600095958E95959595959595959595959595FF
:1048700095959595959595959595959595959595E8
:1048800095959595959595959595959595959595D8
:1048900095959566F2F7A6FF54E0137803331370ED
:1048A0000846F2F7A4FF4DE013780833137008466A
:1048B000FFF788FF002045E0F2F79BFF42E0F2F7A8
:1048C0009AFF3FE01378013313700846F2F795FF23
:1048D00038E0F2F794FF35E0F2F793FF32E0F2F7B9
:1048E00092FF2FE0F2F7A3FF2CE01378013313704F
:1048F0000846F2F78AFF25E0F2F789FF22E0F2F797
:1049000088FF1FE0F2F787FF1CE013781033137065
:10491000F2F783FF16E01378083313700846F2F7B6
:104920007EFF0FE01378083313700846FFF7D6FDBB
:10493000002007E01378023313700846F2F775FF82
:1049400000E0012008BD01207047684620F0070103
:104950008D4601B5EFF7F0FFF5F78AFCBDE80140A1
:1049600085467047684620F007018D4601B5EFF790
:10497000AFFFBDE8014085467047684620F007015B
:104980008D4601B5EFF7D0FCF5F772FCBDE80140AC
:104990008546704710B5F8F7B3FF044608B12046C6
:1049A00010BD012200210820FDF785FE0122002113
:1049B0000B20FDF780FE012200211046FDF77BFE53
:1049C000EDE708B54FF0FF304FF0FF31F8F77CFD11
:1049D000F4F793F9F8F782FD08BD08B5F4F7D4F8B9
:1049E000002008BD012800D0704708B5EFF7E0FAB5
:1049F00008BD704708B5EFF7F1F808BD4FF08053D8
:104A0000D3F83031B3F1FF3F03D0062B06D000209E
:104A100070474FF0704393F8E03FF6E7012070478E
:104A20004FF0704393F8E02FD3F8E83FC3F303133C
:104A3000062A01D000207047033B002B04D8DFE892
:104A400003F0010001207047002070474FF08053B1
:104A5000D3F83031B3F1FF3F03D0062B06D000204E
:104A600070474FF0704393F8E03FF6E7012070473E
:104A70004FF0704393F8E02FD3F8E83FC3F30313EC
:104A8000062A01D000207047033B002B04D8DFE842
:104A900003F0010001207047002070474FF0805361
:104AA000D3F83031B3F1FF3F03D0062B06D00020FE
:104AB00070474FF0704393F8E03FF6E701207047EE
:104AC0004FF0704393F8E02FD3F8E83FC3F303139C
:104AD000062A01D000207047033B002B04D8DFE8F2
:104AE00003F0010001207047002070474FF0704331
:104AF00093F8E02FD3F8E83FC3F30313062A01D05D
:104B000000207047033B002B04D8DFE803F00100CE
:104B100001207047002070474FF08053D3F83031A8
:104B2000B3F1FF3F07D04FF08052D2F83421062B6B
:104B30000AD0002070474FF0704292F8E03FD2F860
:104B4000E82FC2F30312F2E7033A012A04D8DFE8A0
:104B500002F0010100207047012070474FF08053A0
:104B6000D3F83031B3F1FF3F03D0062B06D000203D
:104B700070474FF0704393F8E03FF6E7012070472D
:104B80004FF08053D3F83031B3F1FF3F03D0062B01
:104B900006D0002070474FF0704393F8E03FF6E7EF
:104BA000012070474FF08053D3F83021D3F83431CF
:104BB000062A01D000207047052B03D8032B03D30E
:104BC0000020704701207047012070474FF080534C
:104BD000D3F83021D3F83431062A01D000207047B1
:104BE000062B03D8032B03D3002070470120704706
:104BF0000120704708B5FFF7E9FF38B14FF01023E7
:104C0000D3F808224FF08043C3F8582508BD08B5F3
:104C1000804708BD10B401F5A27150F8214024F47A
:104C2000473424F4407440F8214050F821401202E7
:104C300002F4F8521B0403F440331A43144340F8BF
:104C4000214010BC704710B401F5A27150F821400A
:104C500024F4981424F4F85440F8214050F82140EA
:104C6000120202F4F8521B0403F440331A439DF875
:104C700004301B0503F480131A43144340F8214009
:104C800010BC704700B5A2F5807E4FEA9E0E4FF033
:104C9000010C0CFA0EFC1CEA010F0DD0815809B969
:104CA00000200AE00021815082581BB11A684CEAAA
:104CB00002021A60012000E000205DF804FBF0B55C
:104CC00083B005460E4617460024019409E0E2B27F
:104CD000920001AB02F5807231462846FFF7D2FF01
:104CE0000134BC42F3D301AB4FF4BE7231462846C7
:104CF000FFF7C8FF019803B0F0BDF0B51C46059E54
:104D0000069D00F01F0C40092FD14FF0A04E0CF56E
:104D1000E0735EF8233059B301205AB302273843B9
:104D200054B30C2738434EB34FF4E06738433DB3D8
:104D30004FF44037384323EA000019B30B781AB315
:104D40001278520013430CB3227892001343FEB141
:104D5000327812021343EDB12A781204134303434D
:104D60000CF5E07C4EF82C30F0BD4FF0000ECEE795
:104D70000020D2E70027D2E70027D3E70027D5E7B6
:104D80000027D7E70023DAE70022DBE70022DDE790
:104D90000022DFE70022E1E700B585B08DF80F10B3
:104DA0000DF10F030193002100910B460A46FFF716
:104DB000A4FF05B05DF804FBC0B2704738B50D46DE
:104DC0000079F8F799FF04462846FFF7F5FF083009
:104DD00034F8100000F0010038BD38B50D460079F8
:104DE000F8F78AFF04462846FFF7E6FF083034F854
:104DF0001000C0F3401038BD38B50D460079F8F703
:104E00007BFF04462846FFF7D7FF083034F8100030
:104E100010F01C0018BF012038BD38B50D460079D0
:104E2000F8F76AFF04462846FFF7C6FF083034F853
:104E30001000C0F3400038BD38B504460D46FFF7FA
:104E4000ECFF30B129462046FFF7C7FF18B101201B
:104E500000E0002038BD0020FCE708B5FFF7DDFFCB
:104E600080F00100C0B208BD7047704738B50D46EC
:104E70000079F8F741FF04462846FFF79DFF083008
:104E800034F81000400B38BD032894BF00200120E7
:104E9000704770B506460D46002404E04FF0FF331E
:104EA000AB4211D001341F2C0CD83079F8F724FF15
:104EB00004F1080330F8133013F4807FEED0C3F30D
:104EC0004323EDE7002000E0012070BD38B5044623
:104ED0000D46FFF782FFB8B129462046FFF7BDFF18
:104EE00090B129462046FFF7C1FF22680123834085
:104EF000C2F80833226800F5A27052F8203023F07F
:104F0000030342F8203003E000212846FFF744FF66
:104F100038BD38B504460D46FFF75FFF10B94FF4B2
:104F2000BE7038BD29462046FFF7A0FF800000F57F
:104F3000807080B2F5E7F8B506460F4615460024A6
:104F4000002C03DD4FF0FF342046F8BD3079F8F730
:104F5000D3FE50F83430BB4201D00134F0E700EB0F
:104F6000C4035B68AB42F8D1EEE738B50C46007974
:104F7000F8F7C2FE05462046FFF71EFF083035F859
:104F80001030C3F38203042B11D0052B11D004F091
:104F90001F02640909D14FF0A043D3F81035D34064
:104FA00013F0010F07D0032002E00023F5E70320F0
:104FB00038BD0220FCE70220FAE710B50446084697
:104FC000FFF7FAFE083034F8103013F4807F04D075
:104FD000C3F3432304EBC30010BD0020FCE770B50E
:104FE00004460E4615460079F8F786FE866020795D
:104FF000F8F782FEC56070BD08B50079F8F77CFE51
:1050000090F86000003818BF012008BD70B5044654
:105010000D4616460368D3F80423002A03DB4FF03D
:105020000042C3F8042329462046FFF7D6FE00B30A
:1050300029462046FFF711FFD8B129462046FFF741
:1050400015FF2268830003F580739BB200219950FD
:105050009B58226800F5A27152F8213043F00103F9
:1050600042F821306EB1226801238340C2F8043334
:1050700007E029462046FFF778FF01462846FFF75C
:105080008BFE70BDF8B504460D461646FFF795FF3A
:1050900020B10768426831462846B847A3681BB16B
:1050A000E268314628469847F8BDF8B507460E46EF
:1050B00014461D461046FFF7E7FE60B9022D28D0C2
:1050C00002213046FFF768FE032C26D0022D22D0A5
:1050D000032D28D0F8BD224631463846FFF7D2FFCF
:1050E00006F01F03720912D14FF0A04203F5E073DE
:1050F00052F82330C3F301439D42EBD100213046E7
:10510000FFF74AFE29463046FFF746FEE2E7002257
:10511000ECE70321D5E7012CDAD1224631463846A7
:10512000FFF7B0FFD6E7022CD4D1F6E70023D3B1C6
:105130000020704711F0010F0ED01AE04FF0A04C84
:10514000DCF820454EF8044BCCF8204501325C1CBD
:10515000A242F3D3425922B90133002BEAD00020F6
:1051600030BD0120FCE711F0010F01D10133DEE772
:1051700030B59D001A4600EB830EE8E710B50C46EB
:105180000079F8F7B9FD21465430F8F759FD10BD04
:1051900070B505460846FFF70FFE04462879F8F774
:1051A000ABFD04F1080330F8133013F4807F0BD00B
:1051B000C3F34326083423F4F85320F8143031465F
:1051C0002846FFF766FE00B170BD2879F8F794FD18
:1051D000002340F836302879F8F78EFD31465830F4
:1051E000F8F752FDF0E770B504460D46FFF7F5FD00
:1051F00048B1266829462046FFF738FE00F5A27020
:10520000002346F8203029462046FFF7C1FF2079C9
:10521000F8F772FD04462846FFF7CEFD083000235C
:1052200024F8103070BD10B50C460079F8F764FD15
:1052300021465430F8F728FD10BD70B504460D46E0
:105240001E4604984FF0000C01E00CF1010C84455F
:105250000ED25FFA8CF2920002F58071920801235F
:1052600003FA02F21542F0D0002363506358ECE7D2
:10527000002D04DA0023C4F87C31D4F87C3144F3E7
:105280000730FDF70EFA0EB1C4F8045370BD2DE9D6
:10529000F04182B080460F4600230193C96D01A8FA
:1052A000FFF744FF002676B13A6D4FF000414046CB
:1052B000FFF705FDF96D01A8FFF738FF0028F1D1D0
:1052C00002B0BDE8F08197F85C3013F0010F10D107
:1052D0000136E8E7002405F5E07354F82330C3F302
:1052E000014329463846FFF7E0FE0123AB40C4F8EE
:1052F000203502AB03EB860353F8044C002CE7D0B7
:1053000094FAA4F4B4FA84F404F01F052846FFF7D5
:1053100053FD083037F81020C2F3820201AB03EBD3
:1053200086034FEAD40C04F0070413F80C10012094
:10533000A04021EA000103F80C106B09CAD14FF01C
:10534000A044C8E7F8B506460F46144618E094FA9C
:10535000A4F3B3FA83F301229A4024EA020403F58A
:10536000A27356F82350C5F3042556F82300C0F362
:105370000140FFF779FD024629463846FFF782FED5
:10538000002CE4D1F8BD70B505460E46D0F80413E4
:10539000C9B2326D41F00041FFF791FC041E05DBFC
:1053A000224631462846FFF7CDFF70BD31462846DC
:1053B000FFF76DFF24F00044F2E708B5F8F77CFD35
:1053C00008BD08B5F8F79CFC08BD08B5FFF707FE57
:1053D00008BD08B5F8F710FD08BD08B5F8F73CFEA4
:1053E00008BD08B5FFF708FE08BD08B5F8F71AFEB6
:1053F00008BD08B5FFF717FF08BD08B5FFF7BEFEEB
:1054000008BD08B5FFF702FE08BD08B5FFF75EFD51
:1054100008BD08B5FFF77DFD08BD003A18BF0122A1
:10542000022909D003290AD0012902D0C0F8542545
:10543000704742F00202F9E742F00402F6E742F058
:105440000602F3E700B583B00B46002101910091FD
:105450000A46F8F731FE03B05DF804FB08B50346D1
:10546000827FFF2A09D002F01F0152090ED14FF0AE
:10547000A04001228A40C0F8082500225A771A72FB
:10548000184650F8082B5968904708BD0020F0E7EF
:1054900030B482B0D0F81835DBB28DF807300B6A23
:1054A0008A69934203D24A699DF80740D4540B6A33
:1054B0005A1C0A62023391F824403CB10C699C42A8
:1054C00000D90B618C699C4200D98B610C699C42AC
:1054D00008D88D699D420DD8A24210D3AA4210D29D
:1054E000012004E0CA68D35CC0F81C35012002B07A
:1054F00030BC7047CB7FC0F81C350120F7E7012096
:10550000F5E70020F3E738B504460D4600230B62AB
:105510000421C0F80813C0F80831D0F808315368E6
:1055200083B113681B78C4F81C355368012B0BD961
:1055300013685B78C4F81C352B6863B10423C4F886
:10554000043338BDEB7FEEE7D368012BF4D9EB7F52
:10555000C4F81C35F0E7D4F80831002BFBD0002349
:10556000C4F80831D4F8083129462046FFF790FFE7
:105570000028F0D1AB7FFF2BE3D003F01F025B09C3
:1055800006D14FF0A04101239340C1F80835D8E778
:105590000021F8E710B50C460022C0F80821D0F829
:1055A0000831FFF775FF00B110BD2046FFF756FF29
:1055B000FAE700B9704708B5F5F7CCFA08BD60B155
:1055C000C3685A7812F0010F03D01B781BB100207A
:1055D0007047002070470120704700207047EFF3AC
:1055E0001183402383F31288BFF36F8FFEE708B562
:1055F000FFF7F5FF38B545680368A3B1284698471B
:10560000044630B100280CDBFF2C00DDFF24EB68E2
:105610001C70EA68537843F0010353702CB12046A4
:1056200038BD4442F0E70024F3E72846FCF7EEFFDC
:10563000F5E708B500F008FF08BD08B500F0F6FE74
:1056400008BD704710B500F10C04C4600461FCF79C
:1056500019FC10BD2DE9F04F89B006468A469146E7
:10566000129D139C2A46234606A800F03BFDDDE967
:105670000623CDE9022306F1140BEFF31181402339
:1056800083F31288BFF36F8F4FF000084746CDF8C1
:1056900014B08B4615E0DDE9022306A800F058FDA2
:1056A000069D079C0095019406F10C025946059849
:1056B000F9F7CEFDEFF3118B402383F31288BFF38C
:1056C0006F8F77B94A4651463046FCF750FB074684
:1056D00038B9254305D0B8F1000FDCD14FF00108EF
:1056E000D9E78BF31188BFF36F8F384609B0BDE857
:1056F000F08F70B5044600F11406EFF311854023D6
:1057000083F31288BFF36F8FFCF7E1FA04F10C000A
:1057100000F0DAFB20B985F31188BFF36F8F70BDFD
:1057200029463046F9F71EFEF9E708B5EFF3118375
:10573000402383F31288BFF36F8FFCF7D4FFF5E7A4
:1057400000BF7047884200DA014611F17F0F01DB8C
:10575000084670476FF07E00704708B5806890F982
:105760000E308B4201D1002008BDF9F78DFDFBE71B
:105770000B6803F003030B60426832B1136803F057
:1057800003030B4313604160704741600160704741
:1057900008B591B18C460B6823F00301032B18D98F
:1057A000136803F003030B431360DCF8003003F0CD
:1057B00003031343CCF8003008BD0168136803F0FD
:1057C00003030B43136002604368002BF4D1426073
:1057D000F2E71146FFF7CCFFEEE708B50022C0F86C
:1057E000C020416100F0BCFA08BD2DE9F84F044625
:1057F0000F46154698469DF8283000F1080AEFF349
:105800001189402282F31288BFF36F8F03B147687A
:1058100004F10802A668B2421ED0B6F1000B18BF10
:105820004FF0010BD6B9BBF1000F28D1B8F1000F32
:1058300030D100232B602A4639462046FFF7A8FFC7
:10584000042104F1100000F02DFD49465046F9F7FF
:1058500089FD5846BDE8F88F0026DEE77268336898
:1058600013605A60002333607360727B22F002027F
:105870007273B36006F1180000F004FCD3E7294608
:105880003046FFF7AAFF49465046F9F76BFD4FF047
:10589000000BDEE708210020FAF7BAFA20B14560D4
:1058A000012202600546C6E789F31188BFF36F8FB6
:1058B0006FF00B0BCDE760B1036813F0030F08D056
:1058C00010B5446809B9204610BD00F0A6FD204679
:1058D000FAE7704700230360436000F10803836028
:1058E000C36000F1100303614361704700B583B0EA
:1058F0000A460123009300231946FFF776FF03B001
:105900005DF804FB00B583B00A46002100910B4608
:10591000FFF76BFF03B05DF804FB08B500210068DA
:10592000FFF7C9FF08BD5AB18A420CD38160C2603B
:105930000060406000F11003036143610020704784
:105940006FF0150070476FF0150070470B4639B1C6
:105950001168196041688A4209D0002313607047BA
:105960001368036041688A42F7D14360F5E74360FA
:10597000F3E708B50A460368002101E019461B68F1
:105980002BB19342FAD1FFF7E1FF012000E00020A4
:1059900008BD08B5CB6823F00402CA6013F0040FF9
:1059A00000D108BDC830FFF7E4FFFAE710B50446A0
:1059B000C36813F0020F09D0E36813F01F0004D08E
:1059C00043F00202E26040F0020010BD0146806830
:1059D000FFF7DFFFF0E730B108B500221146D03005
:1059E00000F0B7FA08BD0020704770B50D46C368D7
:1059F00013F0020F22D1044613F0040F23D10B68D9
:105A0000ABB1E36813F0010F14D0A3682B6002263A
:105A100021462868F9F778F8002811DBE36843F09D
:105A20000403E3602B68A36036B130460AE0836864
:105A30000B60E6E70126EBE7304601E06FF00F0070
:105A400000232B6070BD0020FAE710B582B003463A
:105A5000EFF31184402282F31288BFF36F8F00228C
:105A6000019250F8042C22F0080140F8041C12F0B6
:105A7000080F05D184F31188BFF36F8F02B010BDFA
:105A800010389B69019301A9FFF7AFFFF2E708B552
:105A9000EFF31180402383F31288BFF36F8FF9F780
:105AA00077FC08BD08B5C36823F01003C36010304D
:105AB000F8F76EFF08BD08B5C36823F00802C2609E
:105AC00013F0080F01D1002008BD103000F0DAFA01
:105AD000B0FA80F04009F7E710B50446FFF7EBFF96
:105AE0002046FFF763FF10BD00230360436083601F
:105AF000C3604160704710B582B001900846EFF373
:105B00001184402383F31288BFF36F8F01A9FFF73D
:105B10006CFF84F31188BFF36F8F02B010BD10B516
:105B2000FFF7E9FF041E01DC204610BDFFF7AFFFC1
:105B3000FAE708B5E822002100F086FC08BD38B578
:105B400004460D463022002100F07EFC65604FF4D3
:105B50008073E36038BD10B582B00190EFF311841B
:105B6000402080F31288BFF36F8FC86810F01E0FBB
:105B700006D0002084F31188BFF36F8F02B010BDF0
:105B800001A8F9F7B5F8F5E7F0B583B001900C4638
:105B900016461D46EFF31187402383F31288BFF3A7
:105BA0006F8F0846FFF787FF32462B46214601A834
:105BB000F9F79EF887F31188BFF36F8F03B0F0BD3C
:105BC00010B5EFF31184402383F31288BFF36F8F76
:105BD000FFF782FF84F31188BFF36F8F10BDF8B514
:105BE0000546D31D23F007037F3323F03F0301F164
:105BF0004007A3F140063F2B07D8002282F311880B
:105C0000BFF36F8F0422104602DFCC1821462846CE
:105C1000F4F71AFB073020F00700C5F8A870C5F8A4
:105C2000AC60C5F8B000201AF8BDEFF3058000386D
:105C300018BF0120704710B40024846003734273BE
:105C40008173C4738461C46110BC7047F0B587B0C0
:105C50000446129E139D00270597109F04970F9FDF
:105C600003970E9F02970D9F01970C9F0097F9F7DE
:105C7000D5F8B5F1FF3F08BFB6F1FF3F02D120468E
:105C800007B0F0BD32462B462046F9F7A7F8F6E7F5
:105C90000020704738B504460D46F9F79DF9637B3F
:105CA00043F00203637335B3A5602B689D420DD1A9
:105CB00000230BE05A686260236014605C601AE0A5
:105CC0001A4669688A420FD01B687BB173B194F998
:105CD0000E1093F90E209142F2D0521A002AE9DCFC
:105CE0001A46002BEDD1F0E70023EEE76B68256044
:105CF00063601C606C6038BD08B5183000F0C2F9F4
:105D000008BD70B50646046884421AD0DCB16268EA
:105D1000236813605A60002525606560637B23F06B
:105D200002036373A56004F1180000F0ABF9C4F836
:105D3000C0502046F9F7F2F83468A642E6D10024B4
:105D4000E4E70024E2E770BD70B5044616461D4640
:105D5000FFF7A0FF32462B462046F9F705FA70BD43
:105D600038B504460023EFF31185402282F31288F0
:105D7000BFF36F8F04E085F31188BFF36F8F0123AA
:105D800043B92046FFF784FF0028F4D12046F9F7F5
:105D9000C5F8F0E738BD0023EFF31181402282F30C
:105DA0001288BFF36F8F10E04268036813605A6077
:105DB000002303604360427B22F00202427383604F
:105DC00081F31188BFF36F8F01231BB98368002B08
:105DD000EAD1F5E7704770B504460E460023EFF3AD
:105DE0001185402282F31288BFF36F8F0BE0637B33
:105DF00023F0040363732046F9F790F885F31188C4
:105E0000BFF36F8F01231A46F3B9637B03F02803B6
:105E100094F8701009B106B10122002084F87000D6
:105E200012F0010FEAD1002BE8D1A368002BDED0DD
:105E30006268236813605A6020606060627B22F0B1
:105E400002026273A060D2E770BD08B50121183864
:105E5000FFF7C1FF08BD01460023EFF3118C40227C
:105E600082F31288BFF36F8F184605E000208CF391
:105E70001188BFF36F8F01238BB908688142F5D079
:105E80000028F4D04268036813605A60002303605E
:105E90004360427B22F0020242738360E7E770476F
:105EA00010B50446FFF777FF04F1180000F0EAF898
:105EB00010BD08B5EFF31180402383F31288BFF3C0
:105EC0006F8FF9F765FA08BD38B505460468844256
:105ED00001D0002002E00024FBE7012054B120465D
:105EE000FFF7DEFF2046FFF73BFF2C68A542F4D109
:105EF0000024F2E738BD031D43608360704738B566
:105F000005460C46F9F702FBB4F1FF3F08BFB5F1B7
:105F1000FF3F1BD0C217510141EAD06143011B1A58
:105F200061EB0201890041EA93719B001B1842EB6F
:105F30000102D20042EA5372DB0047F6FF715818A3
:105F400042F10002C00B40EA424038BD4FF0FF3042
:105F5000FBE72DE9F0410546884617460023EFF39D
:105F60001186402282F31288BFF36F8F184604E037
:105F700086F31188BFF36F8F0123F3B92C68A54214
:105F8000F6D0002CF4D0C4F8C08067616268236842
:105F900013605A6000232360636094F80DC02CF0F6
:105FA000020C84F80DC0A36004F1180000F06AF838
:105FB0002046F8F7B3FF0120DAE7BDE8F0812DE9CC
:105FC000F04105460F4616460023EFF311884022A4
:105FD00082F31288BFF36F8F194616E000247CB15C
:105FE00031462046B847014650B922466B689C426C
:105FF000F4D02468002CF2D0002AF0D11446EEE749
:1060000088F31188BFF36F8F012323B92C68A54251
:10601000E5D10024E3E70846BDE8F08110B5044669
:10602000F9F7C2FC48B102460369416920691B18AF
:10603000606941EB0001136151616268236813607C
:106040005A6000232360636010BD10B5F9F7A2FC0D
:106050000446F9F7B5FC7CB1236962691B1A62EB4F
:10606000E072B3F1004F72F1000108DA002A01DB9F
:10607000184610BD0023FBE76FF00040F9E76FF012
:106080000040F6E7F8B504460023EFF311874022FD
:1060900082F31288BFF36F8F6FF015000AE0FFF7ED
:1060A000D4FF0021F7F7CCF9304687F31188BFF30E
:1060B0006F8F01231E4663B92368002BF5D0F9F7D3
:1060C00069FC05462046FFF7A9FFA542E7D0304608
:1060D000EBE7F8BD08B5F9F767FD08BD08B5F9F7B6
:1060E00063FD08BD70B50646B3F1FF3F08BFB2F1CE
:1060F000FF3F09D015461C4653EA02010CD100228D
:106100000023C0E9002305E04FF0FF324FF0FF33DA
:10611000C0E90023304670BD6FF00101891A4FF0CD
:10612000FF3262EB0303002B02DB01604360F1E707
:10613000F9F73AFD2B462246012D74F1000401DAED
:1061400001230022C01841EB020130607160E1E7D9
:10615000F8B50546B3F1FF3F08BFB2F1FF3F0AD0E3
:1061600014461F4657EA02030CD100220023C0E95F
:1061700000232846F8BD4FF0FF324FF0FF33C0E94F
:106180000023F6E7F9F710FD03460A46A042B9419D
:1061900005D2E61A67EB02022E606A60E9E7002684
:1061A0003246F9E708B5EFF31180402383F31288F4
:1061B000BFF36F8FF9F7ECF808BD10B50446FFF791
:1061C00061FF60B9636A0BB12046984704F118007B
:1061D000FFF741FE18B1FFF7C3FDFFF7E3FF10BD66
:1061E00008B160387047704738B50D468068FFF7D2
:1061F000F7FF437B13F0020F01D1002038BD0446A6
:10620000FFF74EFE082D0AD00023C4F8C030637B90
:1062100013F01F0F08D1A36923B1002305E06FF02D
:106220000303F2E7012300E00023002BE5D0204622
:10623000FFF796FDE1E770B58468237873B154F8F1
:10624000045C5DB1A4F1140604F11400FFF71AFF19
:106250000023E36231462846FFF74DFC002070BD65
:1062600070B504460D468668D6B17378012B0DD003
:10627000022B12D0002030700023A360E368C3F328
:1062800086322A4362F39433E36070BDFFF7ACFFBC
:10629000002333709842EFDAF7E7FFF7CCFFF7E718
:1062A0000020E9E710B50346EFF31184402282F3A2
:1062B0001288BFF36F8F0068834208D0426803687A
:1062C00013605A60002303604360FFF7C9FF84F343
:1062D0001188BFF36F8F10BD0140012A03D0081E43
:1062E00018BF01207047884214BF0020012070476A
:1062F00038B504460D46C26E02F001024968806E50
:10630000FFF7EAFF08B9002038BD012384F8703098
:106310002B6863662C6004F11800FFF7B3FEF2E708
:106320002DE9F04F85B0DDF83890DDF83C800E4661
:1063300019B9304605B0BDE8F08F0446154602F0A5
:10634000010AF9F791F9039004F10C030293EFF3BA
:10635000118B402383F31288BFF36F8F15F0020F68
:1063600001D00023A360A768524639463046FFF7A4
:10637000B3FF40B958EA09030BD18BF31188BFF37F
:106380006F8F002703E08BF31188BFF36F8F3E40C0
:10639000CFE7039FBE66FD66CDF80090CDF8048080
:1063A000224659460298F8F753FF08B9BF6EEEE748
:1063B0000027ECE708B54FF0FF32F9F7F9FC08BD0C
:1063C00008B50A460021F9F7F3FC08BD10B582B004
:1063D00042B10222DDE90434CDE90034FFF7A0FF29
:1063E00002B010BD0022F5E7D0B582B0044600230C
:1063F00004320ED27BB900260027CDE9006741F0B8
:1064000004012046FFF726F908B140F8044B02B01A
:10641000D0BD0123EEE70020F9E730B108B5011F38
:1064200050F8040CFFF765F908BD70470A44914223
:1064300000F1FF3300D1704710B511F8014B03F89C
:10644000014F9142F9D110BD02440346934200D15D
:10645000704703F8011BF9E710B501390244904277
:1064600001D1002005E0037811F8014FA34201D0CB
:10647000181B10BD0130F2E710B50139044632B1E6
:1064800011F8013F00F8013B013A002BF7D1002140
:10649000FFF7DAFF204610BD10B5024601448A42DC
:1064A000134603D01C780132002CF8D1181A10BD05
:1064B000F0B5C3F137070446FFB203F01F031046DF
:1064C000082BE6B233D0102B3ED06508A40844EA6E
:1064D000817445EAC1752D194FEA910242EB5102D0
:1064E000290941EA02716D1842EB1212290A41EAA8
:1064F00002616D1842EB1222290C41EA02416D182B
:1065000042EB1242AD1842F10002EC0844EA427438
:10651000D10804EB8402A6EB4205EDB2092D0CD99B
:106520000134A5F10A0541F10001EDB212E0E408E1
:1065300044EA417406F00705C908303554EA0102FF
:1065400000F8015BBCD1F0BD240944EA017406F0F7
:106550000F050909092D84BFED19EDB2EDE7000023
:0C656000014800687047000098210020EE
:08656C00BA27FF7F01000000C7
:106574003DAB000000000000C9C50000F465010047
:106584004DE7000000000000C9CB00000C660100CC
:106594009549010000000000DB49010000000000F3
:1065A4008D3801003C66010099C800002466010092
:1065B400E9D20000000000006DAB00000000000004
:1065C400F1AA0000000000009DD6000054660100FE
:1065D40071D9000000000000D1EA000000000000B2
:1065E4009DC200006C6601007340010084660100D6
:1065F400A06E0100B06E01008068010074040020E8
:10660400E821002000000000E06E0100F06E0100AF
:10661400546801007A040020902200200000000049
:10662400C06E0100000000004C68010076040020E8
:106634003C22002000000000D06E01000000000099
:1066440044680100780400200000000000000000FD
:10665400B46F010000000000C06F01007E04002040
:10666400A822002000000000846E01000000000049
:10667400386801007204002000000000800300203C
:10668400106F0100206F0100786801007C04002075
:0866940094030020980200208D
:10669C00F54901000F4C010000000000CD2601005F
:1066AC0000000000CD26010000000000CD260100F6
:1066BC0039E400000F4C010000000000CD26010061
:1066CC00A5E000000F4C01006C660100E9C200005F
:1066DC0000000000CD26010000000000CD260100C6
:1066EC0000000000CD26010000000000CD260100B6
:1066FC0000000000CD2601003C220020FDC7000058
:10670C0000000000CD26010000000000CD26010095
:10671C0000000000CD2601000000000001D40000A4
:10672C0000000000CD26010000000000CD26010075
:10673C0000000000CD26010000000000CD26010065
:10674C0000000000CD26010000000000CD26010055
:10675C0000000000CD26010000000000C1D900009F
:10676C0000000000CD26010000000000CD26010035
:10677C0000000000CD26010000000000CD26010025
:10678C0000000000CD26010000000000CD26010015
:10679C0000000000CD26010000000000CD26010005
:1067AC0000000000CD26010000000000CD260100F5
:1067BC0000000000CD26010000000000CD260100E5
:0867CC0000000000CD260100D1
:1067D800A81300204028002000100000D5900000D9
:1067E800000000000000000000000000070000009A
:1067F800000000004C6B01000000000000000000D9
:10680800E01200200024002000040000299200006B
:106818000000000000000000000000000800000068
:1068280000000000346B01000000000000000000C0
:0C68380029BF000071C2000058020000DF
:10684400913801000000000045C800004DC7000059
:1068540009CA0000293A0100373A01006B3A0100E5
:106864008F3A0100B33A010015C90000153B01003D
:046874000000000020
:08687800BF3F0100693D010072
:106880006DC5000093370100D537010000000000FE
:0C689000A736010000000000000000001E
:10689C00040000000F0000000100000008000000D0
:1068AC002000000074000000840000000D000000B7
:1068BC000C0000000E0000005000000088000000DA
:1068CC00BC000000FFFFFFFFFFFFFFFFFFFFFFFF0C
:0468DC00FFFFFFFFBC
:1068E0000000E0000000000018700100000100003E
:1068F000F401FA00960064004B0032001E00140000
:106900000A00050002000100010001000001010071
:1069100000010001000001000100000001000B0067
:1069200002000A00050009000A0008001400070020
:106930001E000600320005004B0004006400030046
:1069400096000200FA000100F401000002030100B9
:106950000C0802170D0101020909010106020918BC
:10696000180301010909030305030201230202249C
:106970000910040405050B0B040B2B1B1B151A1A1D
:106980001C021D16130501490D150508061B0F02F3
:10699000020801010000FEFEFEFEFEFEFEFEFEFEFF
:1069A000FEFEFEFEFEFEFE16FEFEFEFEFEFEFEFEEF
:1069B000FEFEFEFEFEFEFE26FEFEFEFEFEFEFEFECF
:1069C000FEFEFEFEFEFEFEFEFEFEEAEAA301B103AF
:1069D000BF05EF024906A309C505F50B25120E02F6
:1069E0001C045A03B4063006600C000001000000CD
:1069F0001011004000000000000000000000000036
:106A0000000000000406080A0C0E10121416181CD0
:106A10001E20222426282A2C2E30323436383A3CA6
:106A20003E40424446484A4C4E021A500000340848
:106A3000E80300002CA6E0A10000000028000000F0
:106A40001800000000000000141E000030110000BB
:106A50000000000070170000A00F00000000DC051F
:106A6000E803000000000000141E000030110000C8
:106A700000010302D8ECF0F4F8FC00020304050660
:106A800007080000000000000000000000000000F7
:106A900000000000000001010101020202020303E4
:106AA0000303040404040505050506060608090099
:106AB00000000000000000000000000000000000D6
:106AC00000000001010101020202020303030304AA
:106AD0000404040505050506060708090A0B0C0D44
:106AE00006080801020600100200FA00000000007B
:106AF000078D0000138D0000178D00001F8D000012
:106B0000238D0000000000000000000000000000D5
:106B10000338FDD87047000072616E646F6D00002D
:106B200046463A45453A44443A43433A42423A415A
:106B3000410000007468726561645F72756E5F7019
:106B40006F6C6963795F6964000000007468726546
:106B500061645F726561645F626D613430305F698A
:106B6000640000000C66010004002000FF1A000011
:106B7000400300200000000004000000200000008E
:106B800021000000000000006C6601000001040408
:106B90000A400001000000000C0000000001010399
:106BA000010003012A2A2A20426F6F74696E672050
:106BB0006E524620436F6E6E6563742053444B20C3
:106BC00076332E302E312D3965623536313564619C
:106BD000363662202A2A2A0A000000002A2A2A20A1
:106BE0005573696E67205A6570687972204F53201B
:106BF00076342E302E39392D3737663836356238AF
:106C000066386430202A2A2A0A000000000000208A
:106C10000000000000000B0602000000306C0100C4
:106C2000464C4153485F30005352414D5F300000A5
:106C300000000000206C010024000207000000207A
:106C4000286C01001E000B11292A01000000000021
:106C5000B32901000000000000000000FFFFFFFF5B
:106C6000FFFF000000000000000000007075626C73
:106C700069630000287075626C6963290000000078
:106C80002872616E646F6D29000000007075626C7F
:106C900069632D6964000000287075626C69632D5A
:106CA0006964290072616E646F6D2D696400000073
:106CB0002872616E646F6D2D69642900486C010053
:106CC000C86C01004700000040570020486C0100DC
:106CD000D86C01002E000000485B0020486C0100C9
:106CE000E86C010002010000285C00205745535465
:106CF0005F544F504449522F7A65706879722F73F0
:106D000075627379732F626C7565746F6F74682F19
:106D1000686F73742F6863695F636F72652E6300B9
:106D200062745F6863695F6576745F6765745F66E8
:106D30006C616773286864722D3E6576742920261D
:106D4000202831554C203C3C2028312929000000C6
:106D5000415353455254494F4E204641494C205BC4
:106D600025735D20402025733A25640A0000000049
:106D70006576745F666C6167732026202831554CF8
:106D8000203C3C2028302929000000004248415284
:106D900000000000627566007375636365737300BD
:106DA00009636F6D6D616E64206F70636F64652041
:106DB0003078253034782074696D656F75740A00F9
:106DC000657272203D3D20300000000009436F6E67
:106DD00074726F6C6C657220756E726573706F6E15
:106DE000736976652C20636F6D6D616E64206F70C2
:106DF000636F6465203078253034782074696D6560
:106E00006F75742077697468206572722025640A32
:106E1000000000004254205258205751000000004A
:106E20000E030000C1B600000F04000095B600007C
:106E3000FF01000031AF00003E01000011AF000073
:106E400010010000B52D0100486C0100546E0100D6
:106E500047000000485D002006010501040107020B
:106E600003010502020103020504010101020103FD
:106E7000010401060108010C011001180120014064
:106E8000018000006164634034303030373030308E
:106E90000000000095C3000075C300000000000062
:106EA000636C6F636B403430303030303030000012
:106EB000FDC300006DC4000049380100093801001D
:106EC00072616E646F6D4034303030643030300049
:106ED000656E74726F70795F62745F6863690000D9
:106EE0006770696F4035303030303030300000002E
:106EF000FFFFFFFF00000050FFFFFFFF000000004A
:106F000000600040000000000001020304050607C5
:106F1000737069403430303034303030000000005D
:106F20000040004000000000000000FF00FF0000E3
:106F30000000000000000001010000002D400100E1
:106F4000506F0100FFFFFFFF000000000000000085
:106F5000004000405C6F010002000000786F0100FB
:106F6000030000006C6F01000301000007800004B3
:106F700005800005068000060700000405000005E6
:106F8000060000060C66010008000100536F6674DD
:106F900044657669636520436F6E74726F6C6C65CF
:106FA00072204153534552543A2025732C202564B6
:106FB0000A00000062745F6863695F7364630000C5
:106FC00011D60000DB430100AB4301004D50534C90
:106FD000204153534552543A2025732C2025640AEE
:106FE000000000004D50534C20576F726B000000A2
:106FF00069646C65000000006D61696E000000004E
:107000007465010074650100B4650100C465010088
:10701000F4650100F4650100737973776F726B7129
:1070200000899A508A95019C58FC39D2C11004EE0F
:107030000264CE25BE00FFFFFFFF1F006472616780
:107040006F6F6E2F6C6962732F7363686564756C04
:10705000696E672F7372632F72656D5F68616C5F15
:107060006576656E745F74696D65722E6300286E57
:10707000756C6C29002A666C6F61742A0000000030
:10708000FFFFFFFFFF1F00001F00000000000000C7
:107090005D40000000000000FFFFFFFF1FFF000039
:1070A000BAABBABA10101010000000000080004007
:1070B00000000000000000000C00000000000000C4
:1070C00000FF7F0000000000000000007D140000B1
:1070D00000000000A9830000000000000000000084
:1070E00000000000000000006C000020B78B0000D2
:1070F000BD8B0000BF8B0000E58B0000C38B000040
:10710000EF8B0000C98B0000FB8B0000CF8B0000D1
:10711000018C0000DB8B0000DF8B0000D18B0000B6
:10712000D78B0000EB8B0000F58B00000000000007
:10713000000000000000000000000000000000004F
:10714000000000000000000000000000000000003F
:10715000000000000000000000000000000000002F
:10716000000000000000000000000000000000001F
:10717000000000000000000000000000000000000F
:1071800000000000000000000000000000000000FF
:1071900000000000000000000000000000000000EF
:1071A00000000000000000000000000000000000DF
:1071B00000000000000000000000000000000000CF
:1071C00000000000000000000000000000000000BF
:1071D00000000000000000000000000000000000AF
:1071E000000000000000000000000000000000009F
:1071F00000000000000000004DB50000000000008D
:10720000000000000000000000000000000000007E
:10721000000000000000000000000000000000006E
:10722000000000000000000000000000000000005E
:10723000000000000000000000000000000000004E
:10724000000000000000000000000000000000003E
:10725000000000000000000000000000000000002E
:107260000000000054660100000000000000000063
:107270000000000000000000E9FB0000000000002A
:1072800000000000000000000802002008020020AA
:107290000D350100000000000000000000000000AB
:1072A000000000000000000028020020280200204A
:1072B0000000000001000000380200203802002019
:1072C00040020020400200200000000001000000F9
:1072D00050020020500200200000000000000000CA
:1072E000000000000000000000000000000000009E
:1072F000000000000000000000000000000000008E
:10730000000000000000000000000000000000007D
:10731000000000000000000000000000000000006D
:10732000F33F01000000000000000000000000002A
:10733000B0020020B00200200100000001000000A7
:10734000C0020020C0020020C8020020C8020020A5
:10735000000000000000000000000000000000002D
:10736000000000000000000000000000000000001D
:10737000000000000000000000000000000000000D
:107380000000000000000000000000007004002069
:10739000000000002190000079900000B10301007E
:1073A00000000800000000008466010040420F0059
:1073B000000100000C660100080001000000000050
:1073C00059000102030405060708090A0B0C0D0EFB
:1073D0000F1011121314151617180000811F010049
:1073E00000000000EF2E010000000000000000007F
:1073F0000000000071AF000000000000000000006D
:10740000800100000000000001BF0000000000003B
:10741000000000000000000000000000846F010078
:1074200001000000A4030020A403002000000000CD
:1074300001000000B4030020B4030020BC030020BE
:10744000BC0300200000000001000000CC0300206D
:10745000CC0300200000000000000000000000003D
:10746000000000000000000000000000000000001C
:107470000000000000000000846601000000000021
:1074800000000000000000000000000000000000FC
:1074900000000000000000000000000000000000EC
:1074A00000000000000000000000000000000000DC
:1074B00000000000000000000000000000000000CC
:1074C00000000000000000000000000000000000BC
:1074D0000000000008000000FF00000000000000A5
:1074E0000100000000000000680400206804002083
:0274F0001F017A
:0E74F20000000000000000000000000000008C
:107500000000000000000000E9FB00000000000097
:1075100000000000000000009804002098040020F3
:10752000C590000000000000000000000000000006
:08753000000000000000000053
:10753800B8040020B804002000000000000000008B
:047548000E00000031
:10754C00CC040020CC04002000000000010000004E
:10755C00DC040020DC040020E4040020E40400200F
:10756C000000000001000000F4040020F4040020DE
:10757C0000000000000000000405002004050020AD
:10758C000C0500200C050020030003000100000086
:10759C0000000000CC6C0100D45B00200000000057
:1075AC0000000000300500203005002038050020C8
:1075BC00380500200200020001000000000000005D
:1075CC00486E0100D85D00200000000000000000A3
:1075DC005C0500205C05002064050020640500208B
:1075EC000A000A0006000000B52C0100BC6C01006A
:1075FC00085A002000000000000000008805002050
:10760C008805002090050020900500200100010055
:10761C000100000000000000DC6C01002C5D00206B
:04762C0015E015E070
:040000030000A5E173
:00000001FF
