:020000040000FA
:10000000004D0020EDAC0000731F0100D9AC0000D2
:10001000D9AC0000D9AC0000D9AC00000000000051
:100020000000000000000000000000005DAE0000C5
:10003000D9AC000000000000F5AD0000D9AC000014
:1000400015B00000112A010015B0000015B0000025
:1000500015B0000015B0000015B0000015B000008C
:10006000C729010015B0000015B00000FB290100F0
:1000700015B0000015B0000015B0000015B000006C
:1000800015B0000015B0000015B0000015B000005C
:1000900015B0000015B0000015B0000015B000004C
:1000A00015B0000015B0000015B0000015B000003C
:1000B00015B0000015B0000015B0000015B000002C
:1000C00015B0000015B0000015B0000015B000001C
:1000D00015B0000015B0000015B00000064B074A2F
:1000E0009B7802604FF490728280C3710822FF23D4
:1000F00082710372704700BFB0050020E1860000E6
:10010000F8B5C41D002824F00704054614BF204696
:10011000002000F0F9FA071E02DA6FF00B00F8BDBC
:100120000DB9FC42F9D4294E3189F088F37AB27ABC
:100130000331033089B280B207F024FC0028ECDBE5
:10014000317873783C440334002D194424F00304BF
:1001500000FB01F114BF2046002000F061FC2044A8
:100160000DB90028D9DBB2780346B2B1F17CF3783F
:1001700011441944FF29D0DC0330002D20F0030482
:1001800014BF20460020F289C9B200F09FFC031E74
:10019000C3DB23440DB9002BBFDB317C81B1B278C6
:1001A00072B10733002D23F0070414BF204600204E
:1001B00001F08AFE031EB0DB23440DB9002BACDB3B
:1001C000002D0CBF18460020A9E700BFB005002095
:1001D0001FB572B6184BDD6AE5B9BFF34F8F1749EB
:1001E000174BCA6802F4E0621343CB60BFF34F8F32
:1001F00000BFFDE7B2FBF6F2DCB20133002AF9D111
:1002000004F110036B4403F80C2C0A2234B901A842
:10021000A847E2E7024600230A26EDE7631E04AE84
:10022000DCB256FA83F3B0FBF2F602FB1600303074
:1002300003F80C0C3046E9E7B005002000ED00E0C3
:100240000400FA0507B50C4BDA7A8DF801209A7A8A
:100250008DF8002068461A89DB88ADF80420ADF8D7
:10026000023001F0EDF818B1DB210320FFF7B0FFF9
:1002700003B05DF804FB00BFB005002038B50546AB
:1002800068B306F0C3FB10B94FF0FF3038BD03F080
:10029000DFFEB0F5FA7FF7D8134C1448E56200256D
:1002A00000F0ACF92A222946204684F8305006F0A6
:1002B00041FF01236370A3701B23E380238140F27D
:1002C000032363811F23E38108232374EFF3108446
:1002D00072B600F0D1FC2CB962B62046D6E76FF0BA
:1002E0001500D3E72846D1E7B005002045020000FD
:1002F00010B5002842D1244C94F83030032B3AD06A
:1003000059B1002A3DD00239052937D8DFE801F07C
:10031000031428362B2E137863700020FFF7F0FEAD
:100320000028B7BF0123022384F830306FF00B00A0
:10033000A8BF84F8303010BD137913B3537903B3D9
:100340001188FB291DD81A2953881AD91B3BE02B89
:1003500017D81368C4F806300C4B92889A80DCE7F3
:100360001378A370D9E71388E381D6E71388FF2BAE
:1003700007D82374D1E74FF0FF30DCE76FF02C0093
:10038000D9E76FF01500D6E7B0050020B6050020CC
:10039000F8B50D46064630B329B311F0070422D153
:1003A000124F97F83030012B02D16FF00B00F8BDDF
:1003B000032B02D14FF0FF30F9E700F05FF800287F
:1003C000F8D02846FFF79CFE0028EEDB08F05AFB29
:1003D0003046214601F078F8FFF734FF032387F811
:1003E00030302046E3E76FF01500E0E7B00500206D
:1003F00010B5074C94F83030032B03D101F07CF892
:1004000001F08EFC07F0B4FB002084F8300010BD32
:10041000B005002050B1074B03F1140253F8041B40
:1004200040F8041B9342F9D1002070476FF015008B
:10043000704700BFCC40010010B5074B93F8304027
:100440003CB901F027F80120044900F055F9204695
:1004500010BD4FF0FF30FBE7B0050020DD000000CD
:10046000024B02681A600020704700BFE4050020BC
:10047000014B1B68184700BFE4050020024B1868B9
:10048000003818BF01207047E40500202DE9F7432C
:10049000294E0446071D2848376001F051FC022808
:1004A000054607D12449204606F074FF284603B0CC
:1004B000BDE8F083042838D13378072B18D13E20CB
:1004C00000F050F878B9F378327901A943EA0223B1
:1004D0006846ADF8003007F0A4F90028DBD05321BE
:1004E0000820FFF775FE052000F074F80028EAD018
:1004F0003146204606F0B3FFB0F5817F01D372216B
:10050000EEE70028C7D094F8008094F802904046A7
:1005100000F028F80028BED0B8F13E0FC6D14846FA
:1005200000F058F80028C1D1B5E70828BED102492B
:10053000204606F05EFFB9E7E8050020074B4FF0C4
:10054000FF3141F6FF72C3E9001205490022C1E9FB
:1005500000221F21C3E90212704700BF00000020E3
:100560002C0600203F280CD801380B4BC0F3421258
:1005700000F01F0053F8223023FA00F000F00100D1
:100580007047FF2806D04038C0F34212034B00F0FA
:100590001F00EFE701207047000000202C0600201C
:1005A0000146074B006849681A4603C240F48C2292
:1005B0001A6041F0107242F4FF625A60704700BF47
:1005C000000000200246024B0068516803C37047D8
:1005D00008000020FD281ABF00F1FF30C0B23F2004
:1005E000054B420903EB820300F01F009B6823FACE
:1005F00000F000F00100704700000020014B18607F
:10060000704700BF3406002010B5FFF797FF07F0D2
:100610008CFC034B1B68044603B19847204610BD71
:10062000340600200B880288F0B5C3F30E049EB296
:1006300004F11803C57CC35A02352A442B4497B2EF
:1006400013FA82F3013B4288B3FBF7F313FB074332
:100650009BB29A42044A93BF22EA060332401343F4
:100660009BB20B80F0BD00BF0080FFFF4A1E062A30
:1006700008B50346084604D84FF4D1711520FFF79A
:10068000A7FD094A914202D940F2A311F6E711B938
:1006900003B1196008BD2BB11B680022C3E9012119
:1006A0001A1D1A600430F5E7FAFFFF7F10B5114BF1
:1006B00000EB41041A786389B3FBF2F303FB0223D6
:1006C000013A1A44B2F5706F027928BF00231A4428
:1006D0008378B2FBF3F0194403FB1020091AB1FB35
:1006E000F3F003FB101313446FEA43436FEA5343E1
:1006F000638110BD38060020024B03EB8003596074
:10070000704700BF380600202DE9F04F10F0070AAF
:1007100085B0054604D040F261111720FFF758FD5F
:10072000554F07F10C06B1460446B0464FF0010B99
:1007300057F8043B8DF80BA03BB101A898479DF8F2
:100740000A30082B01D9E821E7E79DF80B1081BB9F
:1007500005B13160B94506F10406E9D12DB3DFF8E2
:100760001CE100238EF800301E46022258F82200B9
:10077000013A60B190F804A08178BAF1FF0F66D118
:100780004FF000078E4207713CBFCEB20123511CCF
:10079000ECD10BB18EF80060022640F6FF6A58F8E3
:1007A0002670002F65D1013EF9D2601B05B0BDE86F
:1007B000F08F9DF80AC0BCF1020FE64601F1050278
:1007C00038BF4FF0020E0EF1FF3004EB4204044438
:1007D000CEF100002040BDF808406444013CCCF15B
:1007E000000C04EA0C04B4F5803F4FEA420301D345
:1007F000F82192E775B1C31A336099701C8083F8B1
:1008000003B09DF80C201A71019A1A814FEA124C1C
:10081000A3F806C004FB01049CE758F82C90B9F13A
:10082000000F06D099F804B0D34504BF99F80290A0
:100830004F440CF1FF3CBCF1000FEEDA3944FF29C4
:10084000A0D90BB18EF8006040F2271165E79446FD
:100850000027F0E707EB41033846A3F80AA0FFF7AB
:1008600025FF09F10109BB785FFA89F18B42F1D8C4
:1008700099E74FF00009F6E73C0600203806002013
:10088000F8B54FF6FF730380184B03EB8103054661
:100890001869B8B186780379B3FBF6F206FB123318
:1008A000DBB219460A1D00EB4202B2F9027054880D
:1008B000002F09DB0131B1FBF6F206FB1211C9B2C0
:1008C0008B42EFD10020F8BDFF29FBD0C4F30E030B
:1008D000C4782B8024B94FF4D5711720FFF778FC2A
:1008E0005380BDE8F84007F02CB800BF3806002060
:1008F0001D4B03EB810370B51C69054644B303042B
:1009000004D54FF4DC711720FFF762FC0146204646
:1009100006F0F9FFFF28014604D02046BDE87040EC
:1009200007F00FB8A078B5FBF0F300FB1353DBB270
:1009300019460A1D04EB4206B6F90260002E09DBD7
:100940000131B1FBF0F200FB1211C9B28B42F0D1C0
:10095000002070BDFF29FBD08B4204EB42021CBF7C
:100960000023E3705580D8E738060020094B03EBDD
:10097000810310B51C690146204606F0C4FFFF281C
:10098000014604D02046BDE8104006F0DABF002042
:1009900010BD00BF38060020F8B5104B03EB8103F3
:1009A00007461C690146204606F0ADFFFF280546B4
:1009B00011D0E688238953EA064606D00146204630
:1009C00006F0BFFF01463846B04720462946FFF7EC
:1009D0006DFE0020F8BD0520FCE700BF38060020B2
:1009E00038B50E4B827903EB82030446186908B9C7
:1009F000052038BD8278E1799142F9D24B1CE37130
:100A000000EB41035D89B3F90A30002BF3DBA580CD
:100A100006F097FF20600020EBE700BF38060020BB
:100A200070B5044610F003000E4603D04F21182085
:100A3000FFF7CEFBFFF71AFE054624B10348314607
:100A40000460FFF713FE284670BD00BF5406002067
:100A50002DE9F14FDFF870B09DF828A09DF82C909B
:100A60001E46DBF8003007460D4690461BB9612153
:100A70001820FFF7ADFB52460921404606F0FAFE6A
:100A80004A4684B20921304606F0F4FE14FA80F199
:100A9000DBF8000006F013FF386018B9286001B0D9
:100AA000BDE8F08F04442C60386853464146092263
:100AB00006F0BFFE28684B460922314601B0BDE86A
:100AC000F04F06F0B6BE00BF540600201F2AF8B54E
:100AD000044613460ED89200033222F00303B3F506
:100AE000803F2DD2184DACB1A00710D05F21092056
:100AF000FFF76EFBFF2B4FEA420204D9FF339A4205
:100B0000A8BF1A46E8E77C2AB8BF7C22E4E7297030
:100B10006C602B8122F0030201EB81031204D800E8
:100B200001276B68120C0025EEB28E4200D3F8BD8F
:100B300014B126181F705E60104401352833F3E7A6
:100B40004FF0FF30F3E700BF5806002038B5144AD5
:100B5000147853680021C8B2844203D8AB2109201D
:100B6000FFF736FB1846013105782833002DF2D007
:100B70000021817001241289447044688161C1613F
:100B8000920800F12001051D21F8022B994245F839
:100B9000044B1444F8D100234361037038BD00BFF7
:100BA000580600202DE9F8434B7880460C4602F0A9
:100BB000040602F0FB07D3B1DFB12E4BD4F804904A
:100BC0001D89B7BB01236370AD08A761E76104F11C
:100BD00020034A46211D04F1280023F8025B9842B5
:100BE00041F8042B2A44F8D10023636101E0002F6F
:100BF000E3D0FF23A370002E18BF0226A3191B7D8C
:100C0000032B03D1022F1CBF0136F6B2A319012218
:100C10001A7506F10C0204EB8606002324F8123044
:100C20007268A370C8F80020A8F804304046BDE8F8
:100C3000F883002114226170A01806F07BFAB5F544
:100C4000FF7F0FD26B08ED1AADB209EB0502C4F8B5
:100C500004902584A2606384C4F80C90A58422616A
:100C6000E384C6E7B5F5EE6F4FF0FF03EBD940F232
:100C70007265EAE758060020134B012200214FF06D
:100C8000FF309A60C3F80012C3F80803C3F80015D8
:100C9000C3F804259A60C3F80803C3F80015C3F825
:100CA00004250A490A4A03F580334FF40040C3F88B
:100CB0000825C1F88000BFF34F8FBFF36F8FC1F8D5
:100CC0008001C3F80825704700F0004000E100E013
:100CD0000000F63F014B1876704700BF6406002005
:100CE0002DE9F04104460D46164690F8F03003F029
:100CF000FF071BB10C273846BDE8F0810146454887
:100D000004F08EFD20288046F4D05822394604F1A4
:100D1000C80006F00FFA84F8C880C4F8CC50FF234E
:100D200084F8F03035B101F059F800F007000130D7
:100D300085F8D40102234FF00008A4F8003184F8AC
:100D4000F88003F08FF900F19E05204607F0AEFD14
:100D5000ADB2014670B307F037FB00F5CD6189B243
:100D6000304603F039F93044C4F8FC0007F099FF2D
:100D7000281841F10001C4E94201012084F8D000A3
:100D8000A4F8268007F050FEE53E361AC4F8D46079
:100D90004FF0FF326FF00043C4E9442394F8C800D9
:100DA00004F1F80104F082FE48BB4FF4E5713020F5
:100DB000FFF70EFA204607F09DFCDFF85C80E53077
:100DC000C4F8FC00B8F8080048B1E08C38B101F074
:100DD00005F8B8F80830B0FBF3F202FB1300054445
:100DE00007F05FFF2D1841F10001C4E94251002EC8
:100DF000CED0751941F10001C4E94451CEE7D4E9E0
:100E000042230021C4E93823C4E93A23204607F0ED
:100E10006AFD70E7C17B00001C070020F0B50023CD
:100E200085B0CDE9003301238DF806306846FFF721
:100E3000D7FD70B11B4E0123B3720027CDE90277B5
:100E400002A8FFF7CDFD0546A8B10023B37205B097
:100E5000F0BD009806F06EFFE8E790F8FB0105F0A2
:100E6000B5FB94F8FB0184F8E45104F00DFD202358
:100E700084F8FB31E2E7029B002BE1D093F8FB21E1
:100E8000202ADDD018884FF6FF739842DDD029461E
:100E9000FFF76CFD04460028DFD14FF49A71302033
:100EA000FFF796F91C070020054B00220121DA729A
:100EB00019709A7242F210721A81FFF7AFBF00BF29
:100EC0001C070020014BD872704700BF1C07002090
:100ED000014B1881704700BF1C070020F0B5070CBC
:100EE000A7F5AA42144B543A012A03EA90231FD9CA
:100EF00027F4004042F6AA22801A18BF01200022DF
:100F0000162116461F2487EA060562EA0505013503
:100F100010D0DD03ADB245EA5606E503ADB20139A6
:100F200045EA52024FEA53034FEA5404EBD1F0BDB5
:100F30000020E4E70020FAE7E0FF3F0010B50121C0
:100F40000020FFF713FD044670B90121FFF7D0FC24
:100F5000044620B940F24D313920FFF739F9034BEF
:100F600093F9061007F08EFB204610BD2C070020D9
:100F700008B507F02BFA00F045FC00F0DFFA07F0A7
:100F8000F3FA00F0A7FD00F0B1FF00F0BBFD094B44
:100F900000221B214FF4A47098801A805980DA71C6
:100FA000054B064818605A829A7599805A749A823D
:100FB00008BD00BF2C070020540B002003021B00BB
:100FC000044B41F64C52C3E902221B221A74FFF76C
:100FD000CFBF00BF540B00202DE9FF41354DAB685A
:100FE000044640F8303F06F0DCFE064600F096FA74
:100FF0002B7C84F83830304B668710F0200F1B684C
:101000001DBFAA886988A4F85A101B2208BFA4F83B
:101010005A20A4F85C201BB194F9701020889847DE
:10102000AE7CEF7CB5F8148041F64C53A36116B941
:1010300000F07AFA064687BB00F076FA074676B3E8
:1010400068B303A920468DF80C608DF80D70ADF8DB
:101050000E8007F0FBF901236A88E385AB88697885
:10106000019103332978009103329BB292B204F1CB
:10107000140104F11000FFF7EBFC236913B94FF4DE
:10108000BE6114E0636913B940F2F1510FE0002032
:1010900004B0BDE8F0810920FAE7002ED1D1208804
:1010A0000021FFF779FC0028F5D040F2D351392018
:1010B000FFF78EF8540B002048000020F7B50546D6
:1010C0000E4607F012FB002874D0284607F0EEFB0E
:1010D00040B1B6F80130013B7F2B03D912242046E2
:1010E00003B0F0BD284607F0E5FB08B90C24F6E78D
:1010F000284606F0A1FE0028F8D1284607F0B3FAEA
:1011000004460028F2D1284601F058FA0028E5D01C
:10111000B6F80170F17842F2107328465F4307F089
:10112000B2FB284607F0BAFB014658B93A462846B2
:10113000FFF7D6FD04460028D1D041F6152139200D
:10114000FFF746F821460DF10600FFF799FB06462A
:1011500070B3214600F04AFCBDF8063033802846C3
:10116000314607F0B1FB284607F0AAFBA0B9296A6F
:10117000284607F0A7FB01463046FFF72DFF04463F
:101180000028ACD13A4631462846FFF7A9FD04466F
:1011900020B141F63821D2E70121EDE7064B9B68EB
:1011A000002B9CD0024606F58D713046984796E795
:1011B0000D2494E7422492E72C070020034B5A8821
:1011C00002801B7883700020704700BF540B002002
:1011D000F0B50778EF2F85B004460D4603D91225E8
:1011E000284605B0F0BDB0F80130ADF80C309DF9DF
:1011F0000C209DF80C30002AF1DB9DF80D209107A2
:10120000EDD1DA063FD49E0603F0030238D5002A5A
:10121000E5D11807E3D46378190711D42179E2786E
:10122000E07942EA0122617942EA0142A17941EA88
:101230000021207A41EA00418A42D0D81F2ACED923
:10124000627A013A062ACAD8A27A032AC7D813F0CA
:10125000040102D1023A012A03D8E27A012ABED857
:1012600011B9A27C032ABAD813F01001227D19D03B
:10127000012AB4D1227E012AB1D8B1B91125AFE734
:10128000032AC6D1ABE713F0600FA8D103F00F0219
:1012900003F00703052BBED0931E012BBBD9002AF8
:1012A0009DD1B8E7022AE5D199E7DA071FD4637820
:1012B000227D03F0180108291ED1022ADED11B0766
:1012C00009D4E279A37943EA0223227A43EA02436A
:1012D000B3F5804FD2D8BFB201213846FFF746FBA5
:1012E000064678B106F0A8FDB8B10C2578E700F005
:1012F000E5F80028DBD1C1E7022AE0D0227F002AEE
:10130000DDD0BBE701213846FFF7F2FA064650B3BD
:10131000164B93F9061007F0B5F9304607F0BBFA03
:1013200021462870E074304607F000FAE37E054657
:10133000002B3FF455AF00287FF452AF316B0246CB
:101340006846FFF72FFC306B2A46012106F062FB4E
:10135000316B68460422FFF725FC306B2A4629468C
:1013600006F058FB3CE707253AE700BF2C070020B2
:1013700070B50579042D8AB003465CD84488B4F56D
:10138000804F58D82D48465D284400214279857AFF
:10139000C07BADF8001042F0100242EA460242EA79
:1013A000850242EAC00202F01F028DF80020BDF85B
:1013B0000020ADF809201A888DF80B208DF80E401A
:1013C000120A240A8DF80D108DF810108DF80C20DB
:1013D0008DF80F405A7B8DF811205A798DF8122024
:1013E0009A79D3F807008DF81320B3F80B209B7B74
:1013F0008DF81A307F238DF81B3001238DF80810EB
:1014000005908DF81D10ADF818208DF81C308DF862
:101410001E3002A88DF81F108DF820108DF82310B3
:101420008DF824108DF821108DF822106946FFF7F1
:10143000CFFE0AB070BD1220FBE700BFF0390100FB
:101440000278034672B1427862B142881A2A09D9F9
:1014500082881A2A06D9044A006810609B88938003
:101460000020704712207047540B0020024B026886
:101470009A600020704700BF540B002008B501F0AF
:1014800095F8FFF711FDBDE80840014801F078B874
:101490003807002010B5064C064904F5027006F026
:1014A00075FF04F503700449BDE8104006F06EBFF7
:1014B000380700204C00002054000020014B93F816
:1014C000020170473807002010B5074C00F014FCEB
:1014D000D4F8080206F052FFFFF772FD00F096FC08
:1014E000012384F8143210BD38070020014B93F813
:1014F000140270473807002010B5074CD4F80C02CE
:1015000006F03CFFD4F8100206F038FFFFF730FD7C
:10151000002384F8143210BD38070020014BD3E9B2
:101520000001704710000020034B1868C0F3002032
:10153000400040F0010070471000002008B502F0A4
:1015400087FD084A002332F82310814205D302EBBD
:1015500083039B78044A137008BD01330C2BF2D12E
:101560000023F7E7043A01004D090020054B9A8C4F
:10157000824201BF002283F822204FF6FF729A8434
:10158000704700BF4E09002050B90A4A1346012097
:1015900003F8010B0868C2F801008A889A80704736
:1015A000012805D1034B0A689A608A88D8719A810C
:1015B000704700BF7809002048B90A4B187880B1FD
:1015C000D3F80120B3F805300A608B8070470128FA
:1015D00006D1044BD87920B19A680A609B89F4E758
:1015E000002070477809002020B9054B187800F0DA
:1015F0000100704701280ABF014B0020D879F6E7A7
:1016000078090020F7B500228B888DF80600ADF828
:10161000043008680C4B8DF80720019D1C780146AA
:1016200003F5AC73D0B2844201D8082009E0D3E9B5
:101630000076AE4208BF8F4203F1080302F10102B7
:10164000F0D103B0F0BD00BF8809002030B5094BD0
:1016500001465C78002203F58173D0B2844201D840
:10166000082005E013F8015B8D4202F10102F4D17C
:1016700030BD00BF88090020F0B5254D95F8984190
:1016800089B0224605F29911684605F0BFFD214652
:10169000684606F0BAFE0446B8B300EB4001C9B292
:1016A00002A8FEF7E5FE601E95F8A161C0B2012414
:1016B00095F8982105E0731CB3FBF2F102FB11339E
:1016C000DEB206F120030DEB030111F8203C002BE4
:1016D000F1D100EB400220326A4406EB46032B4472
:1016E00012F8187C83F8A27112F8177C12F8162CE5
:1016F00083F8A37183F8A42101F8204C0138AB19B9
:10170000C0B2FF2883F89941D2D109B0F0BD00BF23
:101710008809002070B5064688B00C46002A4FD0D4
:101720002A4A92F8A131D01890F8991121B94FF4B2
:1017300080712820FEF74CFD03EB43011144013377
:1017400091F8A251E57091F8A35191F8A41161713B
:101750000021257180F8991192F89811B3FBF1F0EE
:1017600001FB103382F8A13192F8C23123B9184934
:1017700002F5DD7006F01AFF657905F03F0545F0CA
:10178000400565710D220021684605F0D3FCE37821
:101790008DF80F3023798DF80E3004AA04236946A2
:1017A00030468DF80D5005F067FA9DF81F30237014
:1017B0009DF81E3063709DF81D30A37008B070BD99
:1017C00003216018FEF754FED6E700BF8809002009
:1017D00079160000044B5A78824286BF1B1893F892
:1017E0004A010020704700BF88090020044B5A7846
:1017F000824286BF1B1893F842010020704700BF49
:1018000088090020064B00224FF461711A8083F88A
:10181000C32183F8C421A3F8C61183F8C2217047FD
:1018200088090020014B83F8C40170478809002013
:10183000014BB3F8C60170478809002030B50A4B48
:101840005C7884420ED9184490F802012B3003EBE7
:10185000C004A5790D7053F830001060A388938000
:10186000012030BD0020FCE788090020024607481F
:1018700010B590F8C34124B1417821B1023001F094
:101880003FF8204610BD0C46FBE700BF880900204A
:101890002DE9F74F2F4C9A4663788342804689465C
:1018A00056D9231893F8425185F00105F9B193F800
:1018B0004A31E3B945F002070135BAF1000F18D1FA
:1018C000FA070AD5062101FB084104EB081052462D
:1018D00001F585718230FFF71DFFBB0734D504EB9E
:1018E0000810524649460230FFF714FF2CE02F46FD
:1018F000E3E794F8A1614FF0010B002DE0D0A319AC
:10190000019393F8991199B90092DAB100F04EFA67
:1019100006EB46012144019B81F8A2014FEA102CFD
:10192000009A81F8A3C1000C81F8A40183F899B151
:1019300094F898310136B6FBF3F103FB1166F6B269
:10194000013DDAE747F00407384603B0BDE8F08F01
:101950000027F9E788090020074B5A78824209D905
:101960001A1892F842212AB9062202FB003000F52B
:10197000857070470020704788090020064B5A7810
:10198000824281BF1B1893F83A01B0FA80F04009F7
:1019900098BF0020704700BF8809002030B50024A0
:1019A000A0F84040B0F8444042F210754C43B4FBFC
:1019B000F2F4A0F84440541E05FB0343B3FBF2F3DA
:1019C000A0F84230084BB3FBF2F30133A0F84830E3
:1019D000838F05FB0344436BB4FBF2F459438463E8
:1019E000B1FBF2F2426330BD005A620270B50446A8
:1019F0000D4651BB4FF41C7205F09CFB012384F88B
:101A00008E306FF0360384F8D930042384F8DA304E
:101A10006FF03B0384F8DB306F2384F8DC306FF029
:101A20003C0384F8DD30062384F8DF302B2384F870
:101A3000D830FE2384F80E317F2384F885302023AC
:101A400084F8DE5084F8FB3170BD012922D10023D7
:101A5000A0F8BC3180F8B331144B82691344B3FB56
:101A6000F2F3C0F8B03040F6B833A0F8B430114605
:101A7000438C7830FFF792FF05F016FA30B1E06939
:101A8000FFF72CFA10B984F89F51DDE7002384F8A2
:101A90009F31D9E70229D7D1B0F85232D0F84C2281
:101AA0008169BDE870407830FFF778BF7FC3C90116
:101AB000074B93F900301844142804DC10F17F0F11
:101AC00003DB40B27047142070476FF07E00704710
:101AD000500B0020024B00221A705A70704700BF52
:101AE000500B0020054BFF221A70054A0168116057
:101AF0000179117100221A70704700BF520B00204B
:101B00001800002007B5064B186800901B798DF867
:101B100004306846FFF7E6FF03B05DF804FB00BF42
:101B2000E140010083230B70014B1B78CB707047A1
:101B30006C0B00202DE9F347DFF85C818246894673
:101B400005270025D9F8103053B11B7A1BB97E2127
:101B50001020FEF73DFBD9F81040B4B9002070E02A
:101B6000D9F80440237A012BF8D0EFF3108372B632
:101B7000D9F804201268C9F8042003B962B6C9F87C
:101B80001040237A0BB9A421E2E7267AF6B2277235
:101B9000731E0B2B6DD8DFE803F069061C33666CEF
:101BA0003C6C6C6C6C57636813B94FF4D471CFE71D
:101BB0002046514698470420EFF3108372B6227AEC
:101BC000052AD1B25FD12572C9F81050ABB962B6FF
:101BD00013E0636813B940F2B111B9E751462046EA
:101BE00098470346C3F30723012BADF80400C0B2A6
:101BF00042D0022BE0D1C9F810500028A2D020E03A
:101C0000636813B940F2B911A2E720469847002053
:101C1000D2E763680BB9B3219AE70B228AF8002058
:101C200019881869AAF80310012200248AF80220F2
:101C30008AF805208AF8064005F02FFEC9F8104002
:101C4000042002B0BDE8F087606810B940F2E111ED
:101C50007EE7D8F8003051469847034660B1C9F88E
:101C600010500220EDE74FF4F97171E740F2F511E1
:101C70006EE74FF4FC716BE726720028E1D1002B70
:101C80007FF460AF6AE711B940F2192160E7002BD9
:101C90007FF458AF62B655E75C00002070B5144C75
:101CA0001426231D32460021184605F043FA034648
:101CB0000125257400210433324604F11800C4E9DB
:101CC000013305F037FA84F824500A4A04F11C0362
:101CD000C4E906330023E362236384F83430C4F894
:101CE0003530C4F8393084F83D30136070BD00BF22
:101CF0006C0B00206000002010B5084C2378FF2BEF
:101D000004D04FF49D711020FEF762FA04F0FCFF3E
:101D10002070BDE81040FFF7C1BF00BF1D000020CC
:101D200010B5034C207805F00BF8FF23237010BD8D
:101D30001D000020014B187805F012B81D0000208E
:101D400010B506490446FFF7F5FE28B920460449B8
:101D5000BDE81040FFF7EEBE10BD00BF840B0020B1
:101D6000700B002010B51346027A22B140F2952183
:101D70001020FEF72DFA0A46BDE810400146014842
:101D800006F0F4BB700B00200346064890F83E2096
:101D90003AB190F83D2022B900F8353B024906F0EF
:101DA00002BC70476C0B0020251B0000094AD2E9D9
:101DB0000003434083EAB01181EA43214FEAF34331
:101DC0005360054B116058434FEAF06000EB800010
:101DD000704700BFAC0B0020BB79379E094AD2E99F
:101DE0000003434083EAB01181EA43214FEAF34301
:101DF0005360054B116058434FEAF06000EB8000E0
:101E0000704700BF20000020BB79379E10B50A4CF8
:101E100009480821FEF72CFBD4E900231343F7D02F
:101E2000064CFFF7DBFF2060FFF7D8FF23686060F8
:101E30000343F6D010BD00BF20000020AC0B0020F3
:101E4000F0B5204E054630780024147080B1431E52
:101E50007768DBB2181B01280BDC07EBC40057F8CE
:101E600034604068884208BFAE4212D1147001202D
:101E7000F0BD1819461007EBC60E57F836C0DEF84D
:101E80000460AC45C0F347008E412CBF03460446B6
:101E9000E0E7B54271EB000002D214700020E7E7E2
:101EA00007EBC30057F833404068884208BFAC4294
:101EB00001D11370DBE7A542814128BF01331370C4
:101EC000ECE700BFD40B002010F0070208B503D0E8
:101ED00063214820FEF77CF918B1034B1972586052
:101EE0001A70C80008BD00BFD40B0020014B0022AF
:101EF0001A707047D40B0020014B187A704700BF4E
:101F0000D40B00202DE9D34306F05DFB0DF1070251
:101F100007460E46FFF794FF98B9114C2278237AB2
:101F200093420ED0616813466FF0604E9DF8070033
:101F3000984209D301EBC003C3E900760132227055
:101F4000012002B0BDE8D08303EB0E0001EBC0001E
:101F5000D0E90089013BC0E90289DBB2E6E700BFB6
:101F6000D40B002037B506F02EFB0DF10702FFF76A
:101F700067FF0446A0B10C4A9DF807001378556826
:101F8000013BDBB213701A1AD2B2411CD200834259
:101F900038BF002205EBC10105EBC00005F084F855
:101FA000204603B030BD00BFD40B002038B5074D2C
:101FB000044600F15101286806F04CFA94F85010DC
:101FC0002868BDE8384006F053BA00BFF40B002083
:101FD000F8B504460E466588407F15F004011346A7
:101FE00018BF04F15F013246FFF752FCC2070546F5
:101FF0000BD5012384F85030607FFFF7ADFC0368F8
:10200000C4F851308388A4F85530AB070CD5094E7D
:102010000127306884F85E7004F15F0106F021FA50
:102020003068394606F02DFA85F00400C0F38000D0
:10203000F8BD00BFF40B002038B5C38D0E4D013341
:10204000C385AB7C04462BB101F0D2F900F08AFCC9
:102050000023AB7400232B7194F871302BB1012154
:102060002046BDE8384005F0A8BE637C13B1E28D80
:102070009A42F4D20021F3E7F40B002010B5094C8A
:102080002379012B02D02379022B05D1A37C1BB12C
:1020900001F0AEF900F066FCE069BDE81040FFF722
:1020A000CBBF00BFF40B002070B5294C2379012B66
:1020B00007D02379022B04D040F638412D20FEF7BB
:1020C00087F8A0B90125A37C1BB101F091F900F0BC
:1020D00049FC002D3AD0E06905F051FE002830D0CF
:1020E00001F09CF8236ABDE870409B68184721689E
:1020F000E26911F8095B02F15103E80992F85020F6
:1021000006F065F90028DDD02068002106F0DEF930
:102110000028D7D02379E069012B05D02379022B41
:1021200002D040F61141C9E72379226A03F18043C6
:102130005269013B05F00F0152F8233098470546DC
:10214000C1E7E069BDE87040FFF776BF70BD00BF32
:10215000F40B0020074A0346D06903B909B9FFF719
:102160006BBF1379126A03F180431269033B52F883
:1021700023301847F40B00202DE9F043032985B0E4
:10218000054690467BD090F870300529DBB202D12D
:102190004288D60760D5002B5ED10127DFF8E89092
:1021A00099F81260B6B106F047F9082888F80000DF
:1021B00014D002AA0DF10701FFF740FB20B940F649
:1021C000A4612D20FEF704F89DF8070002A906F08F
:1021D00006FA064698F80030082B08D1D9F8001006
:1021E00011F8030BC0F3801006F0F9F90646D9F890
:1021F000001095F8572011F8030B05F15803C0F3B0
:10220000801006F0E4F8D9F80010044611F8030B2A
:10221000C0F3801006F006F98146FFF7AFFB0146D8
:1022200040B1B9F1080F1BD04846FFF7D3FA80F050
:102230000101C9B298F80000082815D094B96B7F45
:102240001C1A604260416B885A0706D421B996B9BE
:10225000EB7C93B1BB4210D0002005B0BDE8F08309
:102260000021E7E70120EEE714B181F00104E4B2B8
:1022700004F00100E7E73046EFE70120EDE743888F
:102280009B07E9D5022789E7F40B0020032973B5E2
:10229000044604D0052952D0012002B070BD0823A5
:1022A0000DF107028DF80730FFF766FF0028F3D025
:1022B000237C284D03B39DF8070094F8BE30DBB9AA
:1022C000237884F8BF30082804F1C10228D004F133
:1022D000C001FFF7B3FA20B940F61A712D20FDF7BF
:1022E00077FF94F8C03043F0020384F8C0301A49F5
:1022F00004F1B60006F057F92B68062204265A703E
:102300001E702046FFF752FE94F84020E16B2868CB
:1023100006F0CDF828682E7101F020F80020BCE707
:102320002868034613F8031BC1F3801184F8C0101A
:10233000D0F80310C4F8C1109B889380D7E7074BEF
:102340001B6823B1984780F00100C0B2A5E718468A
:10235000A3E700BFF40B0020F38500006400002019
:10236000F8B504460F4619B300F12805284606F0D3
:1023700034FBA0B963881A072ED5284606F044FB23
:102380000646284606F029FB301AC0B206F04CFB80
:10239000444A936803442846936006F0FAFA2846B4
:1023A00006F0FCFA00F0CEFE2179252000F0E4FDD5
:1023B0003C4D94F85E2028680023037043706388C6
:1023C000103B0D2B5ED8DFE803F0595D550C5D40E6
:1023D0005D5D5D5D5D5D5D402046BDE8F840FFF7F9
:1023E0002BBE06234370202303702046FFF7DEFD3B
:1023F000638823F008039BB2152B05D094F838208E
:10240000616B286806F044F8286800F0A7FF0323F2
:1024100021792B71002000F09BFE064607B9E86089
:1024200063881B0704D506F0FCFA0644C4F8D8609C
:102430006388103B0D2B30D8DFE803F0322F2929B9
:102440002F292F2F2F2F2F2F2F290C23437021239C
:10245000037042B104F15F0106F003F8012128681E
:1024600006F00FF8C1E704F1580105F0FAFF94F8FF
:102470005710F4E7062303704370B6E70223037096
:102480000623F9E740F21F612D20FDF7A1FE217917
:102490000120BDE8F84000F0B9BF40F6AB41F3E7DA
:1024A000F8BD00BFF40B002038B54388102B04465C
:1024B00004D1BDE838400121FFF752BF0B4DAB7C82
:1024C00023B100F035FA402000F086FF286800F0C4
:1024D00045FF608810F0040002D1217900F096FFDA
:1024E000002000F055FF01232B7138BDF40B0020B4
:1024F000024B0121D869FFF733BF00BFF40B002066
:1025000010B5134CA37C1BB100F072FF00F02AFA47
:10251000E06905F034FC70B12379E069012B0FD13B
:102520002379226A03F18043D268013BBDE8104061
:1025300052F823301847E069BDE81040FFF77CBD32
:102540002379022BECD040F63B312D20FDF740FEE5
:10255000F40B002010B50948037903F0FF0453B9C8
:1025600018222146043004F0E5FD00F041FF00F0A0
:10257000F9F9204610BD0C24FBE700BFF40B002046
:1025800010B5094C002323712060FFF7E3FF20B151
:1025900040F2EA212D20FDF71BFE236A13B940F219
:1025A000ED21F7E710BD00BFF40B0020014B024AFC
:1025B0001A627047F40B0020742800002DE9F041E6
:1025C000067DB31EDBB2012B04468CBF4FF0000822
:1025D0004FF001087EB3B71E18BF0127012B36D874
:1025E00000F1580190F8570005F01CFF0828054637
:1025F0002DD0FFF7FBF858BB657784F81C8084F872
:102600005070FFF715F9054606F04BFB174BA5FB7D
:1026100003351B1845EB01050022C4E9123584F887
:102620005E2011462046FFF7D3FC70B940F2754199
:102630002D20FDF7CDFD3746082504F1510100207E
:10264000FEF7BAFF0028D7D10020BDE8F0810825A9
:10265000022EF2D0E37E002BF6D0D4F81530C4F869
:102660005130B4F81930A4F85530C5E740420F0096
:10267000F0B5464E327985B0044602F0FF0312B938
:102680000278FF2A04D140F6A2112D20FDF7A0FD0B
:102690003382B3607371B37180F871303C4B009337
:1026A0003C4B01933C4B0293336A68465B6803934F
:1026B00000F04CFE00F08CFC00F09AFE00F052F9A5
:1026C000364800F019FD04F12805354800F038FEC1
:1026D000284606F05EF9284606F060F900F032FD63
:1026E0002179252000F048FC94F9120000F0FEFC4E
:1026F00004F13401206B05F0AAF904F13C0107460E
:10270000206B05F0CBF9054617B194F82430C3B916
:102710000DB194F82550237F13B963885B0709D561
:10272000D4E912126FF000439A4208BFB1F1FF3FA3
:1027300009D185B930680330FFF798F8B07405B057
:10274000F0BD0125E7E706F0ACFAD4E91223904288
:1027500071EB0303EDD3012205EA02012046FFF7E6
:1027600037FC68B1FFF764F8054606F09AFA0D4B9E
:10277000A5FB03351B1845EB0105C4E91235D9E764
:10278000002DD7D040F6D7117FE700BFF40B002013
:1027900001250000A920000055210000D6BE898E29
:1027A0005555550040420F00F7B50446FFF760FF4E
:1027B00000212046FFF7D4FDA36E0BB101221A6061
:1027C0006388DB0721D50023114E256ACDE900334C
:1027D000FF23F37405F10A076846FEF701F9A0B973
:1027E000009CA542F8D06A7A607A3B4604F10A015F
:1027F00005F0EDFD0028EFD0A378F374D4F80300C2
:102800007061044BB4F807209A8003B0F0BD00BF9C
:10281000F40B0020080C0020024BD8611B6A1B68D7
:10282000184700BFF40B002043881B0710B504466F
:1028300011D5036A0A493C2280F87B201B88A0F846
:102840007C30FF2380F899304FF6FF73A0F89A3060
:10285000723005F0A8FEFF2384F8713010BD00BF70
:102860000B8600008D220000A92400006386000072
:102870005D860000A92700007D200000F1240000F3
:102880007028000068280000642800000138022831
:1028900008B503D9C3212F20FDF79AFC13290A4B51
:1028A00005D811290CD8102907D0D121F3E7152913
:1028B000FBD103EB4003D88801E033F8100008BDDA
:1028C00003EB40039889FAE7B43A0100064BD3F8CA
:1028D000000138B1D3F8040120B1D3F80801B0FAEF
:1028E00080F04009704700BF00F00040034B002219
:1028F0001A705A7010229A70704700BF300C002076
:1029000070B50646022014460D4600F0B9F8064B95
:1029100001221A70054B033CC3F81045C3F8086543
:10292000C3F8045570BD00BF300C002000F000401B
:1029300008B5022000F0A4F8084B01221A70084BD9
:102940000022C3F80021C3F80421C3F8082103F5CD
:1029500080334FF40002C3F8042508BD300C00207A
:1029600000F000400D4A08B513787BB10C4B4FF4D2
:102970000001C3F80815FFF7A9FF60B101235370E8
:10298000084BD3F80034937000231370BDE808405F
:10299000002000F075B850701023F4E7300C0020D0
:1029A00000F0014000F000400A4B1A786AB10A4B6F
:1029B000D3F800215AB1D3F8040120B1D3F80801AB
:1029C000B0FA80F04009C0B27047587870470220D2
:1029D000704700BF300C002000F0004008B5074BE6
:1029E0001A783AB1FFF772FF30B1054BD3F8000403
:1029F000C0B208BD9878FCE71020FAE7300C002040
:102A000000F00040024B00221A705A709A70704712
:102A1000330C0020084B1A784AB10849084AC1F81B
:102A200008250022C1F89825C1F89C251A700022BB
:102A30005A709A70704700BF330C002000F00140BC
:102A40000000020208B50B4B4FF40042C3F880208F
:102A5000BFF34F8FBFF36F8F074B0022C3F80025E2
:102A6000C3F80025FFF7D6FF044B4FF40002C3F86C
:102A7000082508BD00E100E000F0004000F0014042
:102A800038B5144C0023C4F80035C4F800350546A9
:102A9000FFF7C0FF104B4FF40002012DC3F80825CB
:102AA00003D0022D08D085B938BD0223C4F8003503
:102AB0000A4BC4F81435F7E70321C4F80015074999
:102AC000C4F81415C3F80425EEE784213D20FDF772
:102AD0007FFB00BF00F0004000F00140380C0020F8
:102AE000024B00221A809A701A717047480D00201C
:102AF00038B5144D95F835200346084622B940F6FE
:102B000092013E20FDF764FB6BB9012A2C6B95F80E
:102B1000341005D100F0F0FD2044AB6AC01A38BD76
:102B200006F019F8F8E7012B0AD1012A2C6B95F869
:102B3000341002D100F0D2FDEEE706F017F8EBE713
:102B40000020EAE7480D002008B5094B012883F86A
:102B50002000084B06D0022808D040F6E1513E2064
:102B6000FDF736FB0322C3F8102508BD0422FAE75F
:102B7000480D00200010004008B5144B93F8413078
:102B8000D90720D59A070ED5114BD3F8002242F071
:102B90000102C3F80022D3F8500500F0F600023815
:102BA00018BF012008BD5B070DD50A4B0A4AC3F8C0
:102BB000AC25A3F5B833D3F8403123B140F24161DD
:102BC0003E20FDF705FB0120ECE700BF480D00208B
:102BD0000010004000F001400810004007B50B4A0B
:102BE00001AB92F9212000F0CBFD9DF9040000F02B
:102BF0006DFD9DF8050000F037FE20B140F20A613E
:102C00003E20FDF7E5FA03B05DF804FB480D002017
:102C100008B503460F4863B92831C1600E4900F07A
:102C20000BFE0130012814D940F264713E20FDF7FB
:102C3000CFFA012B0AD12931C160074900F002FE09
:102C40000130012805D940F26E71EFE740F2727150
:102C5000ECE708BD28000020D43A010008B50C4B71
:102C60009B78012B09D100F0F3FD013001280ED92A
:102C700040F6E3013E20FDF7ABFA022B07D100F04E
:102C8000EDFD0130012802D940F6E901F2E708BD67
:102C9000480D0020044B03441A7E044BC3F808255A
:102CA000C3F85405704700BFD43A0100001000403B
:102CB00038B50D460446FFF747FF2846FFF7EAFF01
:102CC00029462046104DFFF789FF40F20313C5F84F
:102CD000343540F25B63C5F8383504F0E5F890B15F
:102CE0004FF08053D5F88825D3F82033022C22F4F6
:102CF000FE420CBFC3F30663C3F3062342EA032379
:102D0000014AC2F8883538BD0010004010B50C46A5
:102D1000FFF71AFF2046FFF7BDFF124B5A78012A32
:102D200003D1D8782146FFF759FF0F4CD4F8003271
:102D300043F48873C4F8003240F20313C4F8343506
:102D400040F25B63C4F8383504F0AEF840B904F0E3
:102D5000BBF828B9D4F8683543F4C023C4F8683503
:102D600010BD00BF480D002000100040F8B53D4CDC
:102D70000D4616460746002847D1104694F8221003
:102D8000FFF796FF22780123A3709A42364B4FEA51
:102D900046061E4429D1B6F840304FF47A7203F546
:102DA000FA73B3FBF2F3ED1AA16A304B304A0D44CB
:102DB000C3F8405503F5A073C2F8A835A36B43F4DC
:102DC0000023A3634FF40023C2F8043523789BBB90
:102DD00094F8413043F0020384F84130FFF7CCFE11
:102DE000044680BB40F2536123E0B6F846304FF40E
:102DF0007A7103F5FA73B3FBF1F3ED1A002AD3D11C
:102E00001B4B1C4AC3F8AC25CEE701280FD194F820
:102E100022101046FFF77AFF0223A3702378012BBC
:102E2000C2D0293D002BBFD1114B134AEAE740F62F
:102E300014013E20FDF7CCF9012BCFD194F841309D
:102E400043F00403C8E7094B0122DA64D3F84C3598
:102E50009D4205D929463846FFF7DAFE2046F8BDDF
:102E60000024FBE7480D0020D43A01000080004018
:102E700000F00140001000400410004010B558223E
:102E80000021194804F056F9FFF72AFE03F0C2FFAB
:102E900060B124221548FF2104F04CF94FF0804323
:102EA0000022C3F8082EC3F8102E10BD03F0BCFF9B
:102EB0000028EED103F0C2FF0028EAD103F0DEFFC4
:102EC00008B14022E6E703F0CFFF04460028F8D11E
:102ED00006483822FF2104F02DF94FF08043C3F853
:102EE000084EC3F8104EE0E7480D0020000E0040E9
:102EF000024B0344187E00F516607047D43A010077
:102F0000094AD2E90A3092F83410C01A074B03EB91
:102F10008103DA6C9B6D801A03F2F3134FF47A721B
:102F2000B3FBF2F3C01A7047480D0020D43A0100F9
:102F300008B50F4A92F83410012906D0022914D09E
:102F400040F2B2213E20FDF743F940F6B830D2E915
:102F50000A239B1A074A02EB8102D26C9B1A4FF498
:102F60007A72B0FBF2F0184408BD4FF4FA60EEE755
:102F7000480D0020D43A010008B5134B012983F80D
:102F8000400006D002291BD04FF441713E20FDF7CE
:102F90001FF900230D4A43F4801340F0007043F4FE
:102FA000847340F44030C2F81435C2F81805D2F8E2
:102FB000503503F0F703032B05D140F21B31E5E751
:102FC0004FF08073E6E708BD480D00200010004078
:102FD0003F4B022270B5C3F88020BFF34F8FBFF381
:102FE0006F8F3C4C0023C4F8FC3F0123C4F8FC3F26
:102FF00003F06AFF28B1D4F83C3743F48063C4F887
:103000003C3703F025FF58B1D4F83C3723F0004398
:1030100023F0FF0343F0004343F09603C4F83C372A
:1030200003F042FF2B4C38B1D4F8403723F47F43F0
:1030300043F4B053C4F84037274BC4F8783700F056
:1030400023FC38B14FF08053D3F83033591C18BFEC
:10305000C4F84C374FF010231E4C1B6E5A1C09D07D
:10306000D4F88C251B0403F47F0322F47F0213435E
:10307000C4F88C35194D0123C4F8303585F820305B
:103080000323C4F8103540F20123C4F85036022659
:10309000134BC4F80062187C00F0FCFB114B124A81
:1030A000C3F804250023AB862B6385F8413002F07A
:1030B00005FC074BA8621022C3F88061C4F8042302
:1030C0001E60AB6D03B19847BDE8704000F0A8BB2F
:1030D00000E100E0001000402C000089480D0020B5
:1030E0002800002000F001400000020C014B83F892
:1030F00021007047480D0020034B020E0002C3F868
:103100002425C3F81C0570470010004038B504465C
:1031100000680A4DFFF7F0FF094B6268C3F83C25D1
:10312000237A85F82230617AA07AFFF725FF607A4A
:10313000FFF70AFDE37A85F8213038BD480D0020FD
:1031400000100040014B83F822007047480D00201A
:10315000F8B5244E96F84130DA0705460F4604D4F8
:103160004FF4F5613E20FDF733F81F4CD4F80022F0
:1031700043F0020342F00102C4F8002286F8413015
:1031800000BB96F822103846FFF792FD174A01233C
:10319000B370D3642360154BD3F84C4528462146C1
:1031A000FFF736FDB06A241ACDB9114901EB470784
:1031B0004FF47A71B7F8460000F5FA70B0FBF1F001
:1031C0002044F8BD0128E6D196F822103846FFF7D2
:1031D0009DFD0223B370054BDD646560DBE704F100
:1031E0002900EEE7480D002000100040008000405C
:1031F000D43A010008B5FFF7B9FD58B9064BC3F83A
:103200004005A3F5E04301221A610220BDE8084011
:10321000FEF7BABD08BD00BF0080004037B5244BA3
:103220002449D3F8044302224FF0FF30C3F80803C7
:10323000C1F880212049C3F80022002281F84120F2
:103240001E49C1F8402501F5B8314FF46025C1F899
:103250000855D3F85015C9B204F01004D1B18DF857
:103260000700C3F8102101221A619DF8072012B14E
:10327000D3F810213AB19DF807305BB940F6D2017E
:103280003E20FCF7A5FF9DF80720013AD2B28DF849
:103290000720EAE7FFF7E2FC05490023C1F81031F7
:1032A000FFF71EFC14B11023C1F8043303B030BD86
:1032B0000010004000E100E0480D002000800040C8
:1032C00038B51B4D0024C5F84845C5F84445C5F838
:1032D0004045C5F84C45FFF7A1FF00F0A7FA154B94
:1032E00015499A6B9C6342F0446242F40032C1F883
:1032F0000825C3E90B441C76104BC5F8484502224B
:10330000C5F84445C5F84045C5F84C45C5F84841A1
:10331000C5F84441C5F84041C5F84C41C3F8802088
:10332000BFF34F8FBFF36F8FC3F8802138BD00BF4D
:1033300000800040480D002000F0014000E100E066
:10334000014BC3F83C0570470010004010B50FC892
:10335000014C84E80F0010BDA40D002008B50A4BF5
:10336000C3F80405094B93F84120D86342F00102E9
:1033700083F84120FFF700FC20B940F644113E20BD
:10338000FCF726FF08BD00BF00100040480D0020DC
:1033900010B50F4C034694F8350094F8341002220F
:1033A000012822764FF0960094F820200CD100F0EE
:1033B000B1F9084AE0610023C2F84431236BE169A6
:1033C0000B44C2F8443510BD00F0BEF9F1E700BF70
:1033D000480D002000800040044BC3F86005D3F87E
:1033E000002242F04002C3F8002270470010004063
:1033F000054BD3F8002222F04002C3F8002200223D
:10340000C3F86025704700BF0010004008B50D4BA1
:103410000246D97008460021197082B901225A70FB
:103420009A78022A0DD193F82210FFF7D7FB064AAB
:10343000D2F8003243F48873C2F8003201E002226D
:103440005A7008BD480D0020001000402DE9F843D7
:10345000924D934C0123EB64A36AD5F84C7594F814
:103460004090FF1A02F088FF0026C4E91206276583
:10347000FFF7F4FB8B4BA26BC3F808258A4AA663BF
:10348000D2F8003223F48E7323F00103C2F8003225
:10349000237E84F8416023B1D5F844319B1B18BFCB
:1034A0000123A178012938D1D2F80C31002B0CBFAF
:1034B0000025082515F00B0F7B4B04D1D3F8102104
:1034C0000AB145F010050022C3F80021C3F80C2111
:1034D000C3F81021C3F80421C3F8082105F018032C
:1034E000102B03D1012908BF45F020056B4B6678EE
:1034F000D3F848252263D3F84435E36294F82030AA
:1035000084F8343084F83510EEB9FFF7E9FA2676FE
:10351000EF0761D5E36D98478EE0022911D1624A29
:10352000D2F80C01D2F8002400280CBF0025022597
:10353000D20758BF45F00405002BBBD045F001056C
:10354000B8E70025B6E715F0110F21D12379B6F1C0
:10355000010818BF4FF00108012B26781CD0022B60
:103560002FD09BBB96214046FFF7C2FA0146FFF7DA
:10357000B7FA012E07D13B378F422AD8474B267026
:103580000022C3F84021E2784046FFF733FE01E015
:10359000FFF744FE0026BBE74448FFF7B7FD94F869
:1035A000353023B940F29F713E20FCF711FE012B0C
:1035B00004D1FFF7BDFC61690144D8E7FFF7A0FC27
:1035C000F9E73A48FFF7A2FD6169D0E740F6D92153
:1035D000EAE7354B1E619BE7A80745D503F064FC7D
:1035E000E8B903F071FCD0B92F4BD3F85034D901AE
:1035F00015D51A0705D013F0F00F02D013F4706F31
:103600000DD1294AC3F304410129D2F8542406D12B
:10361000012A04D0C3F34253022B7FF67BAFE36B46
:103620005B784B4588BF45F0040585F00400236EA8
:103630003146C0F380009847A378022B12D1237E35
:1036400083B1022B154A1DD1236BE1690B44C2F8EB
:103650004435A36B43F48003A363124B4FF4800201
:10366000C3F80425BDE8F88315F0280F06D085F0CF
:103670002001636EC1F340113046DCE7EB06DBD579
:10368000A36E48E7012B02D040F6B9418CE7E3690D
:10369000216B8B42DBD840F6BA4185E700800040C1
:1036A000480D002000F0014000100040500D0020A7
:1036B000024B03EB8003D86C704700BFD43A010083
:1036C000014B53F8200070472C3B0100024BC0B265
:1036D000C3F80C05704700BF00100040054B33F8DD
:1036E000113002384FF47A7203F2E733B3FBF2F38E
:1036F00018447047443B0100054B33F811304FF438
:103700007A7203F57A73B3FBF2F31844704700BF83
:10371000443B010038B51D460A4B33F8111003EB4A
:10372000820305359C6821444FF47A7301F6B73162
:1037300003FB00141046B4FBF3F4FFF7B9FF2C446D
:10374000204438BD443B010070B506460846154686
:10375000FFF7B6FF094A02EB850293684FF47A72CD
:1037600003F6B73302FB06331C1A2846B4FBF2F407
:10377000FFF79EFF0530204470BD00BF443B0100B1
:103780002DE9F74F244C074698460D46164600F0A3
:10379000A3F82378BB42814611D16378AB420ED1A6
:1037A00094F90230B3420AD1E378834207D1A38867
:1037B000A8F8003094F9060003B0BDE8F08F781E39
:1037C000C0B203280ED8DFF854C00DF107031CF86F
:1037D00000003246294600F085F8824638B13D2186
:1037E000752002E040F2B7410620FCF7F1FC2846C4
:1037F0009DF907B0FFF77CFB534602464146584609
:1038000000F038F8B8F80030A071A3802770657018
:10381000A67084F80390CDE740000020583B0100DB
:10382000014B1B685B68184768000020014B1B6850
:103830009B68184768000020014B1B681B691847EC
:1038400068000020014B1B685B6918476800002076
:10385000014B1B689B69184768000020014B1B68DF
:10386000DB69184768000020014B1B689B6A1847FA
:103870006800002010B4034C2468E468A44610BC1F
:10388000604700BF68000020014B1878704700BFF8
:10389000C812002000220F4938B50446134644FAE6
:1038A00002F0C007D5B248BF581C02F1010244BF64
:1038B000CD54C3B2042AF2D1064DC3F10402042B45
:1038C000D2B24FF0FF0188BF0022E81803F032FCAB
:1038D0002C7138BDD4120020014B187D704700BFF9
:1038E000B80D0020042810B511D883B104280CBFEE
:1038F00010242824A1420AD2064C54F8200018B102
:1039000041568A42A8BF0A461A70002010BD6FF0C7
:103910001500FBE7B80D002030B50346114890F9BB
:103920001C209A4219DD90F924209A4217DA9A1A3B
:10393000846AA05C0C4A15569D420DD00E320029B7
:1039400018BF01309442C0B206D129B1013BDBB2AD
:10395000012B01D80130C0B230BD0D20FCE70020A2
:10396000FAE700BFB80D00205C3B010008B5054B2D
:1039700093F91C30984203DAFFF7CEFF024B1B5637
:10398000184608BDB80D00205C3B010010B51C4C6A
:1039900094F82C3073B9012384F82C3003F04EFADC
:1039A00048B1184BA362D823236284F8243008233B
:1039B000A361237710BD03F057FA0028F1D103F07B
:1039C0005DFA0028EDD103F01BFA38B10E4BA3626B
:1039D000D823236284F824300423E9E703F01AFA99
:1039E0000028F3D103F020FA0028EFD103F030FAD9
:1039F0000028EBD14FF4DF71742002F0C7FF00BF45
:103A0000B80D0020973B01006A3B01004FF0804257
:103A1000012353600023C2F80031014A137070473C
:103A2000E50D0020014B01221A707047E50D0020C2
:103A30004FF08043D3F8003123B9034B187800F0DE
:103A4000010070470120FAE7E50D002070B50A4D2E
:103A5000012604462E70FFF7EBFF30B94FF080438C
:103A60006E706C60C3F8046370BD002CFCD0A0477E
:103A700000236B60F8E700BFE80D0020024B002236
:103A80001A705A705A607047E80D002010B5034C48
:103A9000208100F02FFC608110BD00BFE80D0020E8
:103AA000014B9889704700BFE80D0020014B188931
:103AB000704700BFE80D0020014B5889704700BFD8
:103AC000E80D002010B5EFF3108472B6064A937B20
:103AD0000133DBB29373937B012B01D105F091F895
:103AE00004B962B610BD00BFE80D002038B5FFF77D
:103AF000E9FFFFF79DFF094C4FF0804540B105F00D
:103B0000AAF801232B610423E3730023237438BD37
:103B10000323E3730123C5F80433F6E7E80D00201F
:103B200010B5EFF3108472B6094A937B23B940F2C3
:103B3000E3116D2002F02AFF937B013BDBB293730C
:103B4000937B0BB9FFF762FF04B962B610BD00BFEB
:103B5000E80D0020024BD87B003818BF01207047C9
:103B6000E80D002073B51B4D6B7C63B9E86900F06C
:103B7000030005F060F830B1EFF3108372B6EA7B12
:103B80001AB103B962B602B070BD0122EA7303B97B
:103B900062B64FF080430822C3F808234FF4207325
:103BA000ADF80630BDF80640A4B2631E9BB2ADF876
:103BB0000630002CF6D14FF080460748C6F80C417D
:103BC00005F07FF885F82140FFF790FF0823C6F83D
:103BD0000433D8E7E80D0020080E00202DE9F0415D
:103BE000384C94F82230002B69D04FF08043D3F842
:103BF0000071D3F8046157B10122C3F80823637838
:103C00002BB16368002565700BB1984765604EB1B4
:103C10004FF080430022C3F804210222C3F8082396
:103C2000FFF7A0FF4FF080462748D6F80C8194F8A4
:103C30002150EDB205F049F820B14FF421716D200B
:103C400002F0A4FE47B1E37B032B05D10423E37309
:103C500005F001F801233361B8F1000F16D04FF0E1
:103C600080430022C3F80C21E37B042B02D040F2F6
:103C7000A221E4E703F00CF9C0B14FF08043002229
:103C8000C3F8342C0223E373FFF74AFF4DB100233E
:103C900084F82130E37B022B01D1FFF727FFFFF7E8
:103CA0003FFFBDE8F041084805F01EB803F0D0F82A
:103CB0000028E2D103F0E2F80028DED1E2E7BDE817
:103CC000F08100BFE80D0020080E002010B5054C63
:103CD000E06900F0030004F0AEFF0028F8D00020F7
:103CE00010BD00BFE80D0020F8B5054650B10278C0
:103CF000042A07D8437842B9013B1F2B02D88378A6
:103D0000212B07D96FF0150097E0002BFAD18378AB
:103D1000002BF7D1854B0127C3F88070BFF34F8F7D
:103D2000BFF36F8F4FF08046C3F88071804C4FF027
:103D3000FF33C6F808330023C6F80031C6F8043153
:103D4000C6F80C31A373AB88A38104F05FFF08B100
:103D50002770A773D6F80C24D6F80C34D20303D5F9
:103D6000DF0701D5FFF75EFE4FF4AF60FFF78EFE71
:103D70002B78A97863740022E261A1742274042B69
:103D80002CD8DFE803F00503192729000123E3619C
:103D900004F043FF002851D004F046FFE36903F02C
:103DA000030398424AD1AB79EBB9FFF78FFF0028A4
:103DB0001EDA40F21F4113E0FFF784FE4FF080430C
:103DC000D3F80C14D3F80C24CE03F9D5D007F7D5CB
:103DD0000223DCE7574BDAE7574BD8E740F21141B3
:103DE0006D2002F0D3FD4FF080430222C3F804237C
:103DF000A37C6BB12B785BB9FFF71AFE054602F086
:103E000045FF6FF00043002D00F08D80C4E90503ED
:103E10004FF08043D3F80C24D3F80C34D20303D5ED
:103E2000DB0701D5FFF7FEFD404A01230020E073C8
:103E300084F82230C2F880311360F8BD4FF080431F
:103E40000122DA600022C3F80421E269C3F81825D0
:103E500002F0D6FF10B34FF080534FF08042D3F8FA
:103E60004432C3F34233C2F83C3502F0C9FF10B309
:103E70004FF080430122C3F84C254FF080430122CC
:103E80009A600222C3F80423AA79002AB0D1D3F899
:103E9000042391071CD44FF47171A1E702F0BAFF1B
:103EA0000028D8D102F0C0FF0028D4D102F0D0FF02
:103EB0000028D0D1D9E702F0ADFF0028D8D102F018
:103EC000B3FF0028D4D102F0C3FF0028D0D1D4E73B
:103ED0001A4A1669116941F010011161D3F80431D1
:103EE00006F010060BB904F00CFF4FF08047D7F82E
:103EF000043133B1FFF7EAFE002805DA40F2DE3183
:103F00006EE704F0FCFEF2E726B90C4A136923F0D1
:103F1000100313614FF080430222C3F808230022EC
:103F2000C3F8042164E7C4E9053071E700E100E06B
:103F3000E80D0020010002000100030000ED00E098
:103F400010B50D4C04F1200004F0BFFE48B9E37B2E
:103F5000022B01D1FFF7CAFDBDE81040074804F06D
:103F6000C3BE074A012384F82130BDE81040C2F8DF
:103F70000031FFF7A7BD00BFE80D0020080E0020AC
:103F800000E100E0094B1A7810B504461AB142214D
:103F90006F2002F0FBFC5A7832B901225A70FFF709
:103FA00091FD2046FFF752FD002010BD0C0E0020B1
:103FB00038B5084C25781DB158216F2002F0E6FC79
:103FC000637823B1FFF75AFD6570FFF7A9FD002064
:103FD00038BD00BF0C0E002008B501B3F0B14FF0A2
:103FE000FF331A46E0FB01320E498A4203D9902181
:103FF0006F2002F0CBFC180D40EA0230C3F30F1320
:104000004FF22441B0FBF1F203EB0040064B03FBFF
:104010001200B0FBF1F040EA0240013008BD084652
:10402000FCE700BF3F420F00000024F4014B5B6837
:10403000184700BF0C0E0020014B9B68184700BFBB
:104040000C0E0020014BDB68184700BF0C0E00204F
:10405000034B1A780AB9FFF723BD188D704700BFCC
:104060000C0E0020034B1A780AB9FFF71FBD188AFF
:10407000704700BF0C0E0020034B1A780AB9FFF7F7
:104080001BBD988D704700BF0C0E0020024B1B78A3
:104090000BB9FFF767BD70470C0E0020014B5B6941
:1040A000184700BF0C0E002010B5144C2378A3B1A4
:1040B000236A9847002806DB94F82A3023B10123AD
:1040C00084F82E30002010BDFFF7E8FF0028F6DA54
:1040D0004FF49F716F2002F059FC094B6361094B4B
:1040E000A361094BE361094B6360094BA360094B72
:1040F000E360FFF7F9FD0028E1D0E4E70C0E0020B3
:10410000CD3C0000413F0000553B0000C53A000097
:10411000213B00007D8C0000064B10B51C7824B1BB
:1041200040F29D116F2002F031FCFFF7AFFC2046FA
:1041300010BD00BF0C0E0020014B1879704700BF66
:10414000400E0020054B1A79824283BF1B6800EBAA
:10415000400003EB00100020704700BF400E00201D
:1041600043F60952C0F3080302FB03F3400A03F5C8
:10417000807302FB00F000EB5320704743F6095CAC
:10418000C0F3080210B50CFB02F2C0F34E24030E7C
:1041900043EA01230CFB04F0090E02F580724FEA9A
:1041A000411C00EB52205A01B2EB030E4CEAD36CD7
:1041B0006CEB01044FEA841C4FEA8E12B2EB0E0244
:1041C0004CEA9E6C6CEB040C4FEACC0C4CEA527C33
:1041D000D200D31841EB0C01DA03C903801841EA7D
:1041E000534141F1000110BD430B48F2376C0CFB09
:1041F00003F34FEA134C00B5104B43F6095E0EFB78
:104200001C0000FB03F35B0D0EFB03FE03EB4C23D2
:104210000EF5745C0CF1080CB0EB5C2F08D80EF5B1
:10422000807EA0EB5E20C0B20B6010705DF804FBD6
:10423000013300200B6010705DF804FB6F0C01006F
:10424000F8B5274DA94246D8264E274F450F45EAD7
:10425000C105A6FB0514C0F34F31A40B01EB0541CA
:1042600007FB1411A6FB0151890B41EA04411F4CC5
:1042700004FB110448F2376C600B0CFB00F04FEAB2
:10428000104C43F6095E1A480EFB1C4505FB00F076
:10429000400D0EFB00FE00EB4C200EF5745C0CF1A3
:1042A000080CB5EB5C2F12D80EF5807EA5EB5E2EC8
:1042B0005FFA8EFE069D85F800E00D0628184FEA8D
:1042C000112141F10001186059601460F8BD0130FE
:1042D0004FF0000EEEE796219B2002F057FB00BF47
:1042E000FF7F841E83DE1B43000024F40080841EB5
:1042F0006F0C0100420B48F2376303FB02F2120C11
:1043000043F6095C074B0CFB120101FB0333013B35
:104310005B0D0CFB03FC5002B1EB5C2F88BF01303E
:10432000184470476F0C010010B5094A92F8003329
:10433000202B03D13E21022002F028FB18214B4301
:10434000D018BDE81040D35840680321184700BF7B
:10435000480E00200C4B0D491B78012B14BF4FF465
:10436000E0224FF4C022C1F8482318BF0023C1F84F
:104370000823074A99000A440021012B42F8041B34
:1043800000D170470123F8E78811002000B00040F9
:1043900040B1004070B5EFF3108472B6094A0A4B81
:1043A0000025D2F80415D2F804612EB15968013104
:1043B0005960C2F80451F4E75B6804B962B6C0E919
:1043C000001370BD00B0004088110020094BD3F8E5
:1043D0000435C01A20F07F4323F001033BB120F0E5
:1043E0007F40B0F5000F8CBF0220002070470120F5
:1043F000704700BF00B0004008B5124BD3F8042549
:1044000022F00302C3F80425D3F8082542F0030282
:10441000C3F80825102292FAA2F2B2FA82F2092A0F
:1044200004DD094840F2A73102F0A6FAC3F81025CE
:104430000122DA60054B4FF48072C3F880211A60C4
:1044400008BD00BF00800040E740010000E100E03F
:10445000114B4FF40062C3F88020BFF34F8FBFF3BE
:104460006F8FC3F880210D4B01225A609A60D3F8F8
:104470000425002AFBD10A49C3F808134FF4E021B0
:10448000C3F84813C3F84021C3F84421C3F84821B6
:10449000C3F80421704700BF00E100E000B0004015
:1044A000020007000D4B4FF48072C3F88020BFF369
:1044B0004F8FBFF36F8FC3F88021094B01214FF05D
:1044C000FF325960C3F808230022C3F84025C3F81F
:1044D00040211961034B1A72704700BF00E100E0F0
:1044E00000800040881100202448FF2310B54FF0C1
:1044F000FF32002443724FF0FF33C0E904230470FD
:104500004460FFF7CFFFFFF7A3FF1D4A1D4BC2F822
:1045100000424FF40061196080691B4930B90123E2
:104520000B60194B0222C3F8042310BD174B184C23
:10453000C3F8A845C3F8AC05C3F85C194FF40021D3
:10454000C3F804150521C2F8401501211160D2F805
:1045500040110029FBD04FF40021C3F808150121B8
:104560005160D1600021C2F84011C2F84015C3F873
:10457000A815C3F8AC15C3F8AC15D2E78811002014
:104580000080004000E100E000B0004000F0014089
:1045900040810040014BD3E904017047881100209D
:1045A000014BD3F80405704700B0004013B56846CE
:1045B000FFF7F0FEDDE90004FFF7D2FD024B00211A
:1045C000E4FB030102B010BD0080841E70B50F4BE8
:1045D0000F4D104A104C0026C5F80061C3F8A825FD
:1045E0004FF40022C3F8AC45C3F8042504F05BFB8C
:1045F000D5F800312BB10123C5F800616360E36099
:10460000F4E7013041F1000170BD00BF00F001404E
:1046100000B0004000B1004000800040B1F1FF3F19
:1046200008BFB0F1FF3F2DE9F041334C05460E467F
:104630001ED1324BD3F80031ABB1314B314AC3F804
:104640000825FFF787FE00236372FFF72BFFFFF7B4
:10465000D3FEFFF7BBFF0223C4E904012370FF234D
:104660006370BDE8F08104F01EFBC51C41F100063B
:10467000D4E90473B34208BFAF42F2D0204B214AC1
:10468000C3F80825FFF766FE1C4A4FF4803125F079
:104690007F480023C2F808134046C2F84813C2F806
:1046A0004031FFF793FE20B140F209316C2002F057
:1046B0006DF9C2F84085C2F844132378012B06D166
:1046C00027F07F473846FFF781FE0128FAD0002304
:1046D0006372FFF7E7FEFFF78FFE094A01234FF0F1
:1046E00000412370C2F8041504226270034AC4E931
:1046F0000456C2F84833B4E78811002000B00040E7
:1047000000F001400000088037B540B1041FE4B25A
:10471000022C13D94FF46B716C2002F037F9214B46
:104720004FF48032C3F80823C3F84005C3F84001B2
:10473000D3F840310093009B03B030BD1A4D2B7865
:1047400093B16A7882420FD1184A1949C2F8081504
:10475000012B01D1FFF7A6FE00232B704FF0FF3293
:104760004FF0FF33C5E90423124A4FF48033A340CE
:10477000C2F80833C2F8483304F5A87352F823008E
:10478000FFF724FE012818BF0B4B22B24FEA840426
:104790001CBF00211951084B53F822300193019B93
:1047A000CAE700BF008000408811002000F00140EF
:1047B0000000088000B0004040B1004070B52C4BB4
:1047C00030B1041FE4B2022C2AD940F267310BE069
:1047D000D3E90401B1F1FF3F08BFB0F1FF3F06D1BB
:1047E0001B7A23B940F23F316C2002F0CFF812B9A6
:1047F00040F24331F8E71F4B4FF480310120C3F8FA
:104800000413C3F840255864D3F8441500248A42A1
:10481000C3F8444503D82046FFF776FF204670BD15
:10482000197829B15B78834202D140F26331DBE72A
:10483000114B124E22F07F41A20013444FF48035F9
:10484000A5400022C6F808530846C6F848531A6027
:10485000FFF7BCFD48B904F5A874012046F8241000
:10486000C6F80453C6F84453D9E71046D7E700BF4B
:10487000881100200080004040B1004000B000409E
:1048800008B5FFF767FD054B4FF0FF32C3F808236B
:104890000022C3F84025C3F8402108BD0080004035
:1048A00008B50122084B10B1C3F8442308BDC3F872
:1048B0004823FFF7F7FD054B4FF0FF3118704FF01D
:1048C000FF30C3E90401F1E700B000408811002087
:1048D000F8B5164D164E00244FF48037D5F8043342
:1048E00007FA04F21A4212D056F824307BB10023A2
:1048F00046F8243004F5A87355F82300FFF766FD49
:1049000028B1201DC5F80823C0B201F025FC0134F0
:10491000032CE3D1054BD3F8042132B10022C3F8B4
:104920000421044A536801335360F8BD00B00040CD
:1049300040B100408811002010B51C4C637AFF2B59
:104940002DD0237883B10122022B227221D1184B62
:104950004FF40022C3F80825002323704FF0FF32E4
:104960004FF0FF33C4E90423124BD3F80423D203DE
:104970001BD5D3F84021C2B14FF480320020C3F8D8
:104980000823C3F84001FF236372BDE8104001F023
:10499000E3BB022360782370FFF7B6FEE4E7054B24
:1049A000D3F804330BB10720EFE710BD88110020C6
:1049B00000F00140008000402DE9F04F95B01C460A
:1049C0000492CDE90201FFF7E5FD182301910646A7
:1049D000C049082004EB440213FB0404631801EBF4
:1049E000C202083265581F7BD3F8048093F80D90FB
:1049F00005970FCA0EAC25F07F4A84E80F00504699
:104A0000FFF7AEFBB44B7C1C9842044400F2988143
:104A10009C4200F39380002C55DBFFF713FBB9F1A8
:104A2000010F834608D0AD4FD7E90223B3F1FF3F12
:104A300008BFB2F1FF3F4BD0FFF71EFB019B069072
:104A4000B3F1FF3F08BFB6F1FF3F03D0B54278EBAB
:104A5000030378D2029B0322EB1A934269DBBBF17A
:104A6000000F00F0F88000230793029BB5EB030BC7
:104A7000039B68EB0307FFF7FFFA0930C217834572
:104A800077EB020380F0EB80049B012B00F0F180B8
:104A9000079B002B5AD1019BB3F1FF3F08BFB6F132
:104AA000FF3F53D0721B63EB0803042A73F100012C
:104AB00080F23881012A73F100033ADADDF81CB084
:104AC00026F07F4A52E004F1F45404F59024A4E760
:104AD0000028B1D1FFF7D0FA019B0690B3F1FF3F58
:104AE00008BFB6F1FF3F00F0B380B54278EB030397
:104AF000C0F0AE803B7C002B069B14BF00221A4600
:104B00003346EB1A9A4214DC01230793D7E90232A9
:104B1000B2F1FF3F08BFB3F1FF3FA6D00699EB1AF1
:104B200068EB02028B4272F100039ED2B9F1010FD1
:104B30009BD00024204615B0BDE8F08F04F16144FD
:104B400004F5F70469E73346002285E72846414625
:104B5000FFF764FD4FF0000BB8F1FF3F08BFB5F160
:104B6000FF3F00F0F2802E46CDF804805046FFF75C
:104B7000F7FA5B4B221A9A420ED3001B9842C0F000
:104B80008C80554B9A4200F2C280984240F2E780F6
:104B9000C0F1614202F5F702D3170020FFF70EFEC5
:104BA00004460028C5D04D4FB9F1010FD7E90223C3
:104BB00075D0BBF1000F40F09780B3F1FF3F08BF05
:104BC000B2F1FF3F00F0B5800120FFF769FE3B7CAA
:104BD000002B40F0A1806A1E68F100030620FFF759
:104BE000EDFD002851D0B9694FF0804200230B60E1
:104BF000C2F8083500238DF8483008934FF0FF3293
:104C00004FF0FF33CDE90A23DDF814A08DF845906D
:104C1000CDF83C808DF844A00E9508AF0FCFDFF89B
:104C2000C4904E460FC60FCF0FC697E80F0086E818
:104C30000F0028464146FFF7A1FA534601331B18DF
:104C400041F100012046C9E9043115B0BDE8F08FFB
:104C5000029BC21C55E7214FCDF81CB056E7B9F1B5
:104C6000010B2846414618BF4FF0010BFFF7D6FC59
:104C700072E7019BB3F1FF3F08BFB6F1FF3F73D06E
:104C800026F07F4A4FF0000B70E7BA694FF0804181
:104C90000123C1F808351360ACE742427CE7B3F169
:104CA000FF3F08BFB2F1FF3F24D1BBF1000F8ED010
:104CB000069BF21A019B4FF0050063F10003FFF71A
:104CC0007DFD002846D03B7C002B84D101233B7422
:104CD00081E700BF480E0020FF7F841EA81100203E
:104CE0000040420F50110020B3F1FF3F08BFB2F166
:104CF000FF3FDDD0FFF7A0F94FF0FF324FF0FF3359
:104D0000C7E90223BBF1000F3FF461AFD0E702F126
:104D1000F45202F590223FE70520FFF7F5FC00234F
:104D20003B7458E728464146DDF81CB0FFF776FC97
:104D300012E7FFF77BF903F0B6FFC7E9020143E78B
:104D400040F22E41702001F021FE40F243717020AC
:104D500001F01CFE40F23121702001F017FE40F6F8
:104D60000B01702001F012FE40F2A761702001F0EB
:104D70000DFE00BF2DE9F04F8D4F7C7C04EB44030A
:104D80003B4483B05D78202D48D08A4BE6B2640066
:104D9000002B00F08980884BDFF82092002B5FD039
:104DA00005EB461207EB420A4FEA46189AF81C3008
:104DB000013BDBB2052B34D8814A12F803B0BBF1BA
:104DC000080F2ED0AFF30080EFF3108372B6344497
:104DD0003C449AF81D206270A278AA4204BF2022A7
:104DE000A27013B9AFF3008062B6A84405EB450585
:104DF00009EBC50207EB4808506859F83530012225
:104E0000594688F81C2098477C7C04EB44033B44BB
:104E1000E6B25D78202D4FEA4404C1D103B0BDE86D
:104E2000F08F40F27261702001F0B0FD62B6A844CC
:104E300005EB450509EBC50207EB4808506859F832
:104E400035300122594688F81C2098477C7C04EBB9
:104E500044033B44E6B25D78202D4FEA4404DDD0A4
:104E600005EB461207EB420A4FEA46189AF81C3047
:104E7000013BDBB2052BD4D8514A12F803B0BBF189
:104E8000080FCED0AFF30080EFF3108372B6344436
:104E90003C449AF81D206270A278954204BF2022FB
:104EA000A270002BC3D1C1E7434BDFF814B1DFF888
:104EB0000CA14FF02009002B4FD005EB461207EB59
:104EC00042024FEA4618137F013BDBB2052BA8D8FC
:104ED0001BF803100829A4D0EFF3108372B63444F2
:104EE0003C44527F6270A278954208BF84F80290D9
:104EF000002B52D0A84407EB480805EB45050AEB08
:104F0000C5025AF835305068012288F81C209847AD
:104F10007C7C04EB44033B44E6B25D78202D4FEAF1
:104F20004404CAD17AE762B6A84405EB45050AEB0A
:104F3000C50207EB480850685AF83530012288F856
:104F40001C2098477C7C04EB44033B44E6B25D782C
:104F5000202D4FEA44043FF461AF05EB461207EB06
:104F600042024FEA4618137F013BDBB2052B3FF6A6
:104F700058AF1BF8031008293FF453AFEFF3108329
:104F800072B634443C44527F6270A278954208BFA6
:104F900084F80290002BC7D1C5E70191AFF30080E0
:104FA00062B6A844019905EB450507EB4808A6E75A
:104FB000A81100200000000000000000480E0020A2
:104FC000C83B01002DE9F04F85B0DFF80C8101935B
:104FD00001EB41034FF0200C18F8034003916445A6
:104FE000924682F800C073D04B01DFF8F09006467D
:104FF0009B4610E0727B012A02D0427D012A57D0E5
:105000000BEB040308EB43038AF800405B7F202B83
:10501000A4465DD01C4604EB440009EBC000D0E977
:10502000032387683568716813EB070E42F10002AD
:10503000754571EB02024FEA4403DBD21D46019B2A
:1050400083F800C0039B4FEA431B281909EBC000FB
:105050003768B368D0F808A07268C168DB1942F1FC
:1050600000029A4571EB020310D3437D012B02D05D
:10507000737B012B03D0012005B0BDE8F08FFEF754
:10508000FBFFAAEB070701308742F4DA019A2544B7
:1050900009EBC5051470A97DB27B0BEB04039142AB
:1050A00008EB430310D95C7F202CE4D06500CCE7EB
:1050B0000293FEF7E1FFED1B01308542A0DA029B6F
:1050C0009AF800C01D46BAE7002005B0BDE8F08F91
:1050D000019B1C70CFE700BFA8110020480E0020E4
:1050E0002DE9F04F83B00C4615461E469DF83070F2
:1050F000FFF700F922686368451946F100069542FA
:1051000076EB030342D3DFF88C8005E05D4576EB58
:1051100009033BD3C4E900B90DF107030DF1060201
:1051200039462046FFF74EFF88BB9DF8073003EB5A
:10513000430308EBC303D3E902A01A691AF1030B76
:1051400040F1000012EB0B0B627B40F10009012AD9
:10515000DCD05B7D012BD9D1FEF78EFFABEB0A03D0
:1051600001308342D2DA9DF8073003EB430308EBAA
:10517000C303D3E902B9FEF77FFF013010EB0B0B3D
:1051800049EBE0795D4576EB0903C3D2002003B01B
:10519000BDE8F08F480E00202DE9F04715461C466B
:1051A00012782F7A95F809C088B00023E360C4E92B
:1051B0000033A7739DF8408084F80DC00646A360B5
:1051C000E2730F46002A3AD1FEF7D8FFD5E9042C46
:1051D0003C4BC31841F1000E9A427CEB0E030AD3FC
:1051E000013E47F1FF37C4E900674FF47A73A360CB
:1051F00008B0BDE8F087263041F1000182427CEB27
:105200000103EDD3501E04F10C036CF10001009377
:1052100004AA06ABFFF714F8049B686802330DF18B
:105220000F0205A91844FEF7DFFFDDE905320799F3
:105230009B1A23F07F43C4E90021A360D8E72248EA
:1052400004F10C0206A9FEF7CFFF204B1B78202BA0
:1052500024D01F498B69D1E90721083342F1000AA4
:1052600013EB01094AF1000A6B68207B18440230F5
:1052700005AA04F10801C4E9009AFEF7B5FF286900
:10528000CDF8008032463B462146FFF729FF002833
:10529000AED1C4E9006708B0BDE8F087637B16F1C2
:1052A000080947F1000A012BDED0FEF7CBFE0028EB
:1052B000DAD1FEF7E1FE10EB090399464AF1000A44
:1052C000D2E700BF0040420FFF7F841E481100203C
:1052D000501100202DE9F04700EB4003344DDFF87A
:1052E000D480EC5C06464700FFF75AF94FF0200CDB
:1052F0004FEA461E04EB440108EBC1010EEB040328
:10530000D1F808A00A69AAEB000929F07F49B9F58C
:10531000000F05EB43030DD812EB0A02121A22F01C
:105320007F42B2F5000F05D8BCF1200F0AD120460C
:10533000BDE8F0875B7F202BA4461C46DAD1BCF188
:10534000200FF4D00CEB4613BA1905EB430315F804
:1053500002805B7FAB54710144464FF0040E0B1981
:1053600005EB430322469445204683F81CE05C7F0E
:10537000F5D1BB192B440A4493F802E0BEF1200F8B
:105380005FFA8EFC18BF8C443E4418BF05EB4C0CF2
:1053900005EB4202354408BF83F801804FF020033B
:1053A00018BF8CF81D80A87053772046BDE8F087A1
:1053B000A8110020480E00202DE9F04101EB410327
:1053C0004A4DEE5C202E82B00C4680464FEA4107E3
:1053D00040D1474B0BB1AFF3008003F064FCAB7CD2
:1053E0000191202B0AD0434BD3E906E210F1020CC5
:1053F00041F10003E64572EB030330D3202E0AD0BF
:1054000042463346FFF7D8FA00283DD00220AE745A
:1054100002B0BDE8F081D5E90223B3F1FF3F08BF38
:10542000B2F1FF3F1FD12B7C43BB0420FFF76CF987
:10543000FFF726FA0020FFF733FAA9694FF0804200
:105440002020A874002301200B60C2F8083502B0A8
:10545000BDE8F0810846FFF73DFF8642B9D0002045
:1054600002B0BDE8F081FEF7E7FD4FF0FF334FF0EB
:10547000FF32C5E902232B7C002BD6D00520FFF795
:1054800043F900232B74D0E73A1906EB441305EBDC
:10549000430315F802C05B7FAB54610162460420F0
:1054A00013468A1805EB42029E421077527FF7D1CD
:1054B0003A192A443C449678F0B2202E18BF40187E
:1054C000194418BF05EB400005EB4101254418BF06
:1054D00080F81DC0AB704FF000004FF0200308BFF4
:1054E00082F801C04B7702B0BDE8F081A81100201E
:1054F000000000005011002038B5164A164D4FF03C
:10550000FF304FF0FF310023C2E90201C5E902017B
:10551000202142F22000A970136082F82830A9747B
:105520001C4628806B742B7405F11C0202F81430A1
:105530000134202CFAD1094801F0E6FB084B094A56
:105540001C70107001F0D0FCA861FEF7CDFF0123A4
:10555000EB7438BD50110020A8110020754D0000DB
:1055600048110020801100202DE9F04F83B003F096
:105570009AFBA44F06460C46FFF782F94FF0FF3323
:105580004FF0FF32C7E9022397F82830BBB9BB6957
:105590003A6AF9699C48023341F100019B1802F50F
:1055A000DF62A0FB02024FEA922241F100019B1848
:1055B00041F100019E4274EB010380F00E814FF037
:1055C000FF304FF0FF31FFF729F8904A92F800B012
:1055D000BBF1200F00F011818D4D20231370AB74AF
:1055E0006B7C00223A6003EB43025FFA83F915F803
:1055F00002805B00B8F1200F00930BD0DFF814A2FB
:1056000008EB48030AEBC3034FEA4802D97D01299E
:1056100000F0B780009BDFF800A203EB09062E44E0
:105620004FEA49183478202C04D04846FFF752FE40
:105630008442F7D1BAF1000F01D0AFF3008003F03C
:1056400032FBAB7C202B09D0D7E9062310F1020EE8
:1056500041F1000C724573EB0C03E3D3202C19D0FD
:1056600023460122FFF7A8F9002860D008EB0B03BE
:1056700005EB4303AC741A7F022A36D0FF23AB71CB
:10568000009B4B441D446B78202B40F08C8003B072
:10569000BDE8F08FD5E90223B3F1FF3F08BFB2F1B7
:1056A000FF3F07D0FEF7C8FC4FF0FF324FF0FF334B
:1056B000C5E902232B7C002B5DD10420FFF724F8E1
:1056C000FFF7DEF80020FFF7EBF8A9694FF0804202
:1056D00000232020A8740B60C2F8083508EB0B03E8
:1056E00005EB43031A7F022AC8D14A4A0BEB4B0150
:1056F00002EBC102527D022A6CD0009A4A442A442D
:105700000621197791782029CBB260D0434405EB6C
:10571000430383F81DB0009B4B442B44D84405EB56
:10572000480883F802B0202388F81D30A6E708EB6C
:10573000040305EB430330785B7F3370024604219A
:105740001346424405EB42029C421177527FF7D147
:10575000B178B370CAB220291CBF424405EB4202A3
:10576000434405EB430318BF50774FF0200208BFB6
:1057700070705A7756E70520FEF7C6FF00232B749A
:105780009BE75B7D012B15D1033644F1000402EB4E
:1057900008030AEBC303D3E90202B042A24128BFC7
:1057A000C3E9026436E71D4B187803B0BDE8F04F3B
:1057B00001F0D6BA0192FEF745FC019A0028E3D128
:1057C000FEF75AFC8619019A44F10004DFE782F8DB
:1057D00001B0A0E701221A7750E70C4B0D4A1B7865
:1057E000182101FB03F3D01807214068D3589847CC
:1057F00040F2B621702001F0C9F840F2C1217020BA
:1058000001F0C4F8501100209300DC9248110020F0
:10581000A8110020480E0020000000008011002088
:1058200038B505460C46FEF739FC002822DB144942
:105830004B7C01F11C0C5FFA83FE0CEB831C0023F4
:1058400002E00133202B13D01CF81320D8B2002A19
:10585000F7D10C4A03EB4E1E03EB430301EB4E0161
:1058600042F8335002EBC30301220A775C6038BD73
:10587000184638BD40F21731702001F087F800BF9C
:10588000A8110020480E00201F2808D80A494B7C88
:1058900000EB431301EB43031A7F012A01D00020E0
:1058A00070474B7C00EB431301EB43034FF0000CBC
:1058B000104683F81CC07047A8110020014BD3F894
:1058C00040057047008000400378002B40F0D780EF
:1058D0002DE9F04F6F4A5368C3F3080389B081463E
:1058E000002B40F0B8806C4E6C4FDFF8B4B106F17D
:1058F0001C0A27B1002140F25B40AFF30080757CA9
:10590000EDB24FF00003B37127B100214FF48C606A
:10591000AFF300800AEB851EBEE80F006C1C04F09C
:1059200001080AEB881CACE80F00BEE80F00ACE8E9
:105930000F00BEE80F00ACE80F009EE80F004446E1
:105940008CE80F002DB227B1002140F2EB30AFF30D
:10595000008005EB450504EB44047319725B9B78EA
:1059600032533444A37057B1002140F2EF30AFF30B
:10597000008027B1002140F26540AFF3008003F0C2
:1059800092F9CDF8008004AB4A4604460D46FFF775
:1059900003FC27B1002140F26C40AFF30080414B83
:1059A0001B78202B3FD0DBF81830DBF81C20DBF80D
:1059B0002010083342F100025B1842F10002DDE9D9
:1059C0000401984271EB020CCDF8008022D33648D6
:1059D00022462B4604A9FFF783FB98B1DDE90401B9
:1059E000FEF7CCFB9DF81C3001331B1841F1000180
:1059F000C9F81030C9F8141027B1002140F27F40D7
:105A0000AFF30080B379002B7FF473AF012009B0AE
:105A1000BDE8F08FCDE9043204A922462B46224886
:105A2000FFF75EFBDAE79DF81D1014F1080345F15E
:105A300000020129C3D0CDE90232FEF703FBDDE904
:105A400002320028BBD1FEF717FB029B039AC31852
:105A500042F10002B3E7103B59B2002911DB01F11A
:105A6000604101F5614191F8000340090028CED062
:105A7000094E0A4FDFF828B006F11C0A39E700206A
:105A8000704703F00F03043B1344187E40090028BD
:105A9000EED1BCE700ED00E0A811002000000000FE
:105AA00050110020481100200040420F2DE9F04F16
:105AB000AC4A53688FB0C3F3080383460491002BAC
:105AC00040F0628108230393049B1B78012B00F2B2
:105AD0003D82A54E26B1002140F24D50AFF300802B
:105AE0000023A24C05934FF0010926B1002140F29A
:105AF0005A50AFF30080B9F1000F04D19C4B0BB1A9
:105B0000AFF3008062B6657CEDB24FF00003A37185
:105B1000039B002B40F09880A84626B1002140F25C
:105B20006E50AFF3008003F0BEF8049A00950AAB04
:105B30008246FFF731FB26B1002140F27650AFF3E9
:105B400000800BEB481904EB49094FEA481799F814
:105B50001C30013B012B75D80A992AF07F4AA1EB32
:105B60000A0222F07F4323F00103002B40F0BD80A6
:105B700008EB4802224407EB0B03907804EB430345
:105B80000421202819774FEA4803C1B200F096811A
:105B9000394404EB410181F81DB0434423445F4480
:105BA00004EB470783F802B020237B77002305939B
:105BB000012726B1002140F27B50AFF300806D4BEE
:105BC0000BB1AFF30080EFF31088C14672B6A37932
:105BD000002B8AD1684B0BEB4B0C03EBCC0C0AABC4
:105BE0000FCB0CF1080C8CE80F008FB1039B002B3E
:105BF00000F0EA80059B23B1604B1B78202B00F05E
:105C00006081637CDB4303F001036374FF23A371B2
:105C1000B8F1000F04D1564B0BB1AFF3008062B660
:105C200026B1002140F2B250AFF30080002F4AD1DC
:105C300026B1002140F2BE50AFF3008038460FB0CD
:105C4000BDE8F08F0027B4E74D4B05F1010A0AF0DB
:105C5000010A03EB851E03EB8A1CBEE80F00ACE8CB
:105C60000F00BEE80F00ACE80F00BEE80F00ACE884
:105C70000F009EE80F002DB28CE80F00D0460FFAFF
:105C80008AF726B1002140F2EB30AFF3008005EB3C
:105C9000450507EB47076319625B9B78E25327448E
:105CA000BB7056B1002140F2EF30AFF3008026B157
:105CB000002140F26450AFF30080A379002B7FF401
:105CC00014AF554629E7637C03EB43031C44637818
:105CD000202BADD026B1002140F2B950AFF30080A7
:105CE000284B187801F03CF8A2E722F07F42B2F589
:105CF000000F3FF63DAF0C9B5B18A3EB0A0323F0AC
:105D00007F43B3F5000F3FF633AF0DF127030DF1DD
:105D1000260229460AA8FFF755F9059000285AD10E
:105D200008EB480222440423907889F81C304FEA9B
:105D300048032028C1B2434418BFC91923445F4413
:105D400004EB470718BF04EB410183F802B04FF0A2
:105D5000200314BF81F81DB082F801B07B770127C2
:105D600027E700BF00ED00E000000000A8110020C0
:105D70000000000000000000480E00204811002034
:105D8000C411002080110020103B59B20029C0F23C
:105D90008D8001F1604101F5614191F800335B09AB
:105DA0000393002B7FF490AE704B1B78202B00F0F8
:105DB000D280049B1B780393002B3FF48AAE40F201
:105DC0004651702000F0E2FDFF23A371B8F1000FEF
:105DD0007FF426AF1FE79DF826C09DF827E0F44525
:105DE00018D1BCF1200F00F09E8007EB0C0304EBF0
:105DF00043035B7F89F81D30BC4404EB4C0C00224C
:105E00008CF81DB05F4404EB4703059F0592032205
:105E10001A77CEE6BEF1200F00F0A28007EB0E034A
:105E200004EB4303BCF1200F597F00F0878007EBA0
:105E30000C0204EB42024FEA4803507F0690517770
:105E40004FF0050A3A1804EB420201468E4581469E
:105E500082F81CA0507FF5D103EB08022244079181
:105E600092F802A0BAF1200F5FFA8AFE63D0BE4416
:105E700004EB4E0E069A8EF81D2003EB0802224416
:105E8000079982F80290394407EB0B024FF0200E7D
:105E900004EB410104EB4202F44581F81DE0507728
:105EA000AAD14344059A04F803B0ABE703F00F030B
:105EB000043B13441B7E5B09039372E782F801B035
:105EC0006BE629460220FFF777FA00287FF499AEA7
:105ED000637C03EB430020440BEB431204EB4202D0
:105EE00085780421DFB211775A015B00202DE9B2D9
:105EF0003B4418BF891823445A4418BF04EB41019E
:105F000004EB420283F802B04FF0200318BF81F87F
:105F10001DB0059F08BF80F801B05377B8F1000F9E
:105F20007FF47EAE77E608EB4803E35C89F81D302A
:105F30004FEA4803B5E7069951709EE708EB48021F
:105F40004FEA4803A05C0690A15479E740F24A5119
:105F5000702000F01BFD40F24351702000F016FD50
:105F600040F2CF11702000F011FD00BF4811002059
:105F70002DE9F84F734CDFF8D08105464FF0010A48
:105F800004F11C0BB8F1000F04D000214FF4BA60EB
:105F9000AFF30080BAF1000F04D16C4B0BB1AFF33B
:105FA000008062B64FF00003A371B8F1000F04D077
:105FB000002140F2D550AFF30080667C0BEB861ECB
:105FC000BEE80F0006F1010909F001070BEB871C81
:105FD000ACE80F00BEE80F00ACE80F00BEE80F0011
:105FE000ACE80F009EE80F00B9468CE80F00B8F14E
:105FF000000F04D0002140F2EB30AFF3008006EB3D
:10600000460607EB4707A319A25B9B78E253274498
:10601000BB70B8F1000F04D0002140F2EF30AFF3B5
:106020000080A37903F0FF01002B7CD1B8F1000FB1
:1060300003D040F2DF50AFF3008005EB491304EBCF
:1060400043034FEA49161A7F032A6AD109EB490232
:10605000A75CBD4271D0202F63D03B4601E0202BCE
:106060005FD0F21804EB42021946537F9D42F6D1ED
:10607000202D56D07319314404EB430304EB410146
:106080005B7F4B77B8F1000F0CD0002140F25D3000
:10609000AFF30080B8F1000F04D0002140F2E450CB
:1060A000AFF300802E4404EB460601233377B8F1AA
:1060B000000F04D0002140F2ED50AFF30080244BDC
:1060C0000BB1AFF30080EFF3108A72B6A379002B07
:1060D0007FF458AFBD4203D11E4B1B78202B1AD042
:1060E000637CDB4303F001036374FF23A37101248A
:1060F000BAF1000F04D1154B0BB1AFF3008062B6BB
:10610000B8F1000F04D0002140F20F60AFF300801F
:106110002046BDE8F88F49460220FFF74DF90028D8
:10612000DED10024E4E7B8F1000F3FF433AF0021E3
:1061300040F2DB50AFF3008024E7202DF1D05B7FED
:10614000A3549FE7A81100200000000000000000F9
:10615000000000004811002070B586B007280DD857
:10616000DFE800F0310C0C0C0C1D040E604B4FF0FE
:1061700080419A690123C1F80835136006B070BDEB
:106180005C4B5D4A1B7803EB430302EBC30052F800
:1061900033304068042106B0BDE870401847544CC5
:1061A000237C002B49D0D4E90223B3F1FF3F08BF81
:1061B000B2F1FF3F00F085800120FEF771FB002364
:1061C000237406B070BD4A4CD4E90223B3F1FF3FFB
:1061D00008BFB2F1FF3F56D0464E0120FEF760FBEC
:1061E0003378202B56D0454D95F82520012A3BD0F9
:1061F000FDF728FF0346002835D194F89C20013292
:10620000D2B2312A84F89C206CD84FF47A7230785C
:106210006946CDE90032CDE90233CDE90433FFF719
:1062200045FC002859D095F82840012385F82830EE
:10623000FFF79AF985F82840A0E72E4B2E4A1B78E5
:106240002E4903EB43034FF0FF344FF0FF35C1E914
:10625000024502EBC30152F833304868052106B00D
:10626000BDE8704018473378234A03EB430302EB41
:10627000C30052F833304068002184F89C1006B007
:10628000BDE870401847FDF7D1FE02F00CFDC4E9EF
:106290000201A1E7637C03EB4301DAB2635C202BCC
:1062A00016D003EB421204EB4202507F6054FF21F0
:1062B000A171124D337002211177002285F8282038
:1062C00092E7FDF7B3FE02F0EEFCC4E9020173E7CA
:1062D00040F25221702000F059FB4FF4C76170204A
:1062E00000F054FB40F23461702000F04FFB00BF1F
:1062F000A811002048110020480E00205011002055
:1063000010B51B4B1B78202B86B026D0194CD4E936
:106310000223B3F1FF3F08BFB2F1FF3F22D1D4E91E
:1063200004310DF10B02C01841F1000104AB0092E1
:1063300003AAFDF785FF9DF80B20DDE904130F2A62
:1063400094BF00220122521843F100030520C4E942
:106350000223FEF733FA06B010BD40F2DF71702061
:1063600000F014FB4FF4FC61702000F00FFB00BF45
:106370004811002050110020FEF712B92DE9F04F0E
:106380008C4B1D7887B0202D019000F00D81DFF837
:106390002892DFF8288299F8113003EB4303064670
:1063A000D8F8000019F80340D8F8183003930DF11D
:1063B0001302D8F8203002938B46304405A9FDF72C
:1063C00013FF7F4BA6F132029A426AD8DFF8F4A19C
:1063D000059BD8F81C6005EB45050AEBC505A868C8
:1063E0001B182869D8F818501818401B20F07F4354
:1063F000B3F5000F55D899F81120C8F82000202CCB
:1064000088F826B0D2B200F0C2805201DC462021CA
:10641000934604EB440240190AEBC20246F1000E17
:10642000D2E90263864273EB0E034FEA440746D378
:10643000537D012B03D098F82530012B35D0052052
:106440000091FEF761F9009999F811004FF0FF32C1
:106450004FF0FF332029C8E90223C0B240F09580F5
:1064600000EB4000202419F80030524A99F811102E
:10647000127802EB411209EB42025377D8F8003050
:10648000019A1344C8F80030FF2389F80630202C05
:1064900035D04D4B187800F063FC002007B0BDE804
:1064A000F08F012007B0BDE8F08F0091FDF7E4FD0B
:1064B000751B013085420099C1DA98F826C027443F
:1064C0000AEBC707BB7D63450DD90BEB040309EB52
:1064D00043035B7F202B16D02146D8E90656D8F817
:1064E00020001C4695E7DDE90231D8F818205B183A
:1064F0009B1A0220C8F8203007B0BDE8F08F0020BA
:1065000007B0BDE8F08F0520FEF7FEF84FF0FF3230
:106510004FF0FF3399F81100C8E90223C0B204EB31
:10652000401309EB430346005A7F00EB400341014F
:1065300019F803A009F803204FF0050C5346CF18B3
:1065400009EB47071A4694421D4687F81CC07B7F1B
:10655000F5D137184F440A4497F802E0BEF1200FF6
:106560005FFA8EFC18BF8C44304418BF09EB4C0C0A
:1065700009EB420248444FF0200114BF8CF81DA0E3
:1065800087F801A0857051776FE70C46C7E70520B3
:10659000FEF7BAF899F811004FF0FF324FF0FF33D1
:1065A000C8E90223C0B25BE740F64401702000F066
:1065B000EDF900BF48110020A81100205011002063
:1065C000CE3F420F480E0020801100202DE9F84FE9
:1065D0009A4C637C00EB431304EB43031B7F002BBB
:1065E00000F02781677CDFF858820546FFB2B8F1DA
:1065F000000F04D0002140F6A500AFF300807E011B
:1066000005EB471704EB4707B8F1000F40F0D980BE
:10661000771904EB47073B7F012B08D0043B022B83
:1066200040F2C58002F06BFB3B7F012BF6D1DFF817
:1066300014A24FF0010BB8F1000F04D0002140F676
:10664000BC00AFF30080BBF1000F04D17E4B0BB157
:10665000AFF3008062B64FF00003A371B8F1000FF2
:1066600004D0002140F6C100AFF30080667C0AEB45
:10667000861EBEE80F0006F1010909F001070AEBCA
:10668000871CACE80F00BEE80F00ACE80F00BEE8C6
:106690000F00ACE80F009EE80F00B9468CE80F0031
:1066A000B8F1000F04D0002140F2EB30AFF30080CE
:1066B00006EB460607EB4707A319A25B9B78E2535C
:1066C0002744BB70B8F1000F04D0002140F2EF3036
:1066D000AFF30080A37903F0FF01002B40F0858029
:1066E000B8F1000F03D040F6CB00AFF3008009EB08
:1066F000490323444FEA490B5E78B54200F08F808E
:10670000202E2CD04FEA491101E0202E27D08B19E2
:1067100004EB4303324637465E7FB542F5D1202D68
:106720001DD00A44294404EB410104EB42024B7F93
:106730005377B8F1000F04D0002140F25530AFF389
:1067400000800BEB090323449B789E425AD0B8F19A
:10675000000F0CD0002140F25D30AFF30080B8F1A3
:10676000000F04D0002140F6CF00AFF30080374B7C
:106770000BB1AFF30080EFF310839B4672B6A279A2
:10678000002A7FF458AF84F81190FF22A27123B938
:106790002D4B0BB1AFF3008062B6B8F1000F04D0FF
:1067A000002140F6E100AFF30080BDE8F88F7319D7
:1067B00004EB43030122DFF88CA01A774FF0010BA2
:1067C00039E73B7F012B3FF432AF043B022B16D954
:1067D000002140F6B100AFF3008002F090FA0021F2
:1067E00040F6B500AFF300800EE7B8F1000F3FF4BC
:1067F0002AAF002140F6C700AFF300801BE701235A
:106800003B77ECE7B8F1000F04D000214FF456704D
:10681000AFF300800BEB090323449F7097E7202D13
:106820009DD005EB491204EB42022027527F5A709B
:106830007FE740F69C01702000F0A8F8A811002026
:1068400000000000C4110020000000000000000053
:10685000BFF34F8F0549064BCA6802F4E062134349
:10686000CB60BFF34F8F00BFFDE700BF00ED00E03E
:106870000400FA05094B01225A604FF0FF32C3F8B9
:106880000823074B4FF48042C3F88020BFF34F8F9B
:10689000BFF36F8FC3F88021704700BF00E0004056
:1068A00000E100E0094B01225A604FF0FF32C3F8CB
:1068B0000823074B4FF48052C3F88020BFF34F8F5B
:1068C000BFF36F8FC3F88021704700BF00C0004046
:1068D00000E100E0084B0022C3F8FC2F0122C3F8BE
:1068E000FC2F064B0222C3F88020BFF34F8FBFF36B
:1068F0006F8FC3F8802170470010004000E100E076
:10690000F8B51B4E337805460C46174663BB00F0BE
:106910006BFAFDF73BF817487760002D18BF284643
:106920003472FFF7D7FFFFF7BDFFFFF7A3FFFDF7B7
:10693000BBFB0546B0B9FEF7DFFDFDF7A7FB02F094
:106940009FF9002C0CDB04F01F026409A40004F181
:10695000604404F5614401239340C4F8803123600E
:10696000012333702846F8BD4FF0FF35FAE700BF2A
:1069700048120020CE3B010008B572B6024B5B689E
:1069800003B19847FFF764FF481200201FB572B6A5
:10699000134B5D688DB9FFF75BFFB2FBF6F2DCB21B
:1069A0000133002AF9D104F110036B4403F80C2CD5
:1069B0000A2234B901A8A847EDE7024600230A26B7
:1069C000EDE7631E04AEDCB256FA83F3B0FBF2F6D9
:1069D00002FB1600303003F80C0C3046E9E700BF2C
:1069E00048120020074B93F90830002B09DB5A09A5
:1069F000012103F01F0301FA03F34032024941F879
:106A0000223070474812002000E100E0014B187866
:106A1000704700BF481200202DE9F84FDFF8C4A0EE
:106A2000314C324DDFF8C890074601269AF80080B5
:106A30005FFA88F8FF238AF80030B8F1000F01D020
:106A40008AF80130EFF3108272B600236660C4F852
:106A50000031C4F80431C4F8047526603AB962B64E
:106A600005E0D4F8043133B92B69DB0620D4D4F81F
:106A70000031002BF5D0D4F80431002BE2D1B8F16D
:106A8000000F13D19AF80130DBB28AF8018003219C
:106A90004FF48042C4F80813C4F80481C4F800819C
:106AA000C9F880218AF80080002BBFD1BDE8F88F9B
:106AB0004FF48043C9F88031EFF3108B72B6032393
:106AC000C4F80433D4F8003113B9D4F804311BB13D
:106AD000BBF1000FCBD1C2E702F011F9BBF1000FFF
:106AE000C5D1BCE75412002000E0004000ED00E0FA
:106AF00000E100E070B51646DA078CB01D46864608
:106B00008C4640F1A280C37B8DF80030837B8DF8EA
:106B10000130437B8DF80230037B8DF80330C37A5C
:106B20008DF80430837A8DF80530437A8DF806307D
:106B3000037A8DF80730C3798DF8083083798DF8A2
:106B4000093043798DF80A3003798DF80B30C3781A
:106B50008DF80C30837842788DF80D3003788DF8FD
:106B60000F308DF80E20CA7B8B7B8DF810208DF8AE
:106B700011304A7B0B7B8DF812208DF81330CA7AC6
:106B80008B7A8DF814208DF815304A7A0B7A8DF8AF
:106B900016208DF81730CA798B798DF818208DF86A
:106BA00019304A790B798DF81A208DF81B30CA7884
:106BB0008B788DF81C208DF81D304A780B788DF875
:106BC0001E208DF81F306C462046FFF725FFAB07CF
:106BD00031D59DF82F009DF82E109DF82D209DF8A1
:106BE0002C30307071709DF82B009DF82A10B27017
:106BF000F3709DF829209DF82830307171719DF84F
:106C000027009DF82610B271F3719DF825209DF89C
:106C10002430307271729DF823009DF82210B272F8
:106C2000F3729DF821209DF8203030737173B27398
:106C3000F3730CB070BD0DF1200CBCE80F00306098
:106C40007160B260F3600CB070BDDEF80410DEF865
:106C50000820DEF80C3000686C46A646AEE80F004F
:106C6000DCF80000DCF80410DCF80820DCF80C305C
:106C7000AEE80F00A8E700BF10B5002482B0CDE950
:106C80000044FFF737FF02B010BD00BF1B4B4FF4AD
:106C9000805270B5C3F88020BFF34F8FBFF36F8F62
:106CA000174D184C0021C5F80011C3F88021266942
:106CB000236943F0100323610123C5F8043306F070
:106CC00010062B60D5F80031A3B11EB9236923F05B
:106CD000100323610A4B0122D3F808055A60C3F858
:106CE00008230022C3F80021044B4FF48052C3F85C
:106CF000802170BD02F003F8E4E700BF00E100E08E
:106D000000C0004000ED00E038B50C490246052007
:106D10000138C0B2FF2803D148216920FFF736FEB1
:106D200001EBC0031D7905F0FF04002DF0D141F8FF
:106D3000302001225C719C711A7138BD58120020FC
:106D4000042808B503D94F216920FFF71FFE034B24
:106D500003EBC0000023037108BD00BF58120020E0
:106D6000042808B503D958216920FFF70FFE094B05
:106D700003EBC0000379012B01D05921F4E74379DB
:106D800082790133DBB29A4218BF4371BDE80840F3
:106D9000FFF728BE5812002070B5124C06250026B9
:106DA000013D15F0FF0500D170BD94F8281004EBEB
:106DB000C1031A79012A09D158799A79904205D0EC
:106DC0005A79D2B29A7154F83130984794F82830F1
:106DD0000133DBB2042B94BF84F8283084F8286098
:106DE000DEE700BF581200204FF08052034BD2F86C
:106DF00030111960D2F834215A6070478412002093
:106E0000034B1868A0F10F0358425841704700BF68
:106E100084120020034B1868A0F10A03584258411D
:106E2000704700BF84120020034B1868A0F10E03C6
:106E300058425841704700BF84120020034B186825
:106E4000A0F1100358425841704700BF841200203F
:106E5000044B1868062803D0431C58425841704719
:106E60000120704784120020034B1868A0F10D0325
:106E700058425841704700BF84120020034B1868E5
:106E8000A0F1080358425841704700BF8412002007
:106E900008B5FFF7BFFF20B1024B5868B0FA80F089
:106EA000400908BD8412002008B5FFF7D1FF38B1B2
:106EB000044B5868063810F1080F94BF00200120D9
:106EC00008BD00BF8412002008B5FFF7C1FF38B12C
:106ED000044B5868063810F1080F8CBF00200120C1
:106EE00008BD00BF8412002008B5FFF789FF70B904
:106EF000FFF790FF58B9FFF797FF40B9FFF7A8FFDA
:106F0000044A054B002808BF1346184608BD024B2B
:106F1000FBE700BF00E701400C05004008B5FFF7A4
:106F200097FF08B3EFF3108072B6104A1369116926
:106F300041F010011161A2F5406203F01003D2F894
:106F40000011D2F804210A4300D040BF20BF00BF87
:106F500000BF00BF00BF23B9044A136923F0100328
:106F6000136100B962B608BD20BFFCE700ED00E088
:106F7000914270B53BD2B2FA82F33BB1C3F1200427
:106F800020FA04F49940214398409A40160CB1FB32
:106F9000F6FC06FB1C1424041FFA82FE030C85B2C7
:106FA00004EB10400CFB0EF4844206D9201A9042E8
:106FB0008CBF02200120ACEB000C03EB01410CFB69
:106FC0001211B1FBF6F006FB101105EB014100FBBD
:106FD0000EFE8E454FEA0C4C06D9AEEB010E9645DF
:106FE0008CBF02220122801A40EA0C0070BD73217E
:106FF0009620FFF7CBFC00BF2DE9F8431C4652EA70
:10700000040349D0074615460E467CB9914208D381
:1070100021463046FFF7ACFF04462A46384604FBBB
:107020001561FFF7A5FF2146BDE8F883B4FA84F99E
:10703000B9F11F0F34DC4FF0010808FA09F2A2FB86
:10704000051320FA08F002FB043226FA08F140EAA0
:10705000C670FFF78DFFC9F11F03D8404FF0000144
:1070600018D0431E8C4661EB010105FB01F203FBC6
:10707000042280461846A5FB033EFB1A724466EBC9
:1070800002061F46AF4276EB040324BF404661462A
:10709000BDE8F8838446F5E7CA219620FFF776FC21
:1070A000E7219620FFF772FC10B5441A94422BD3C7
:1070B0004AB34B1CC31A022B31D9531E072B2ED9AE
:1070C00022F003048C4686460C445CF8043B4EF8E0
:1070D000043BA445F9D122F003039A4202F00304D1
:1070E00000EB030C01EB030E0DD0CA5CC254012C63
:1070F00009D09EF801308CF80130022C03D09EF8A4
:1071000002308CF8023010BD002AFCD08B180244EB
:1071100013F801CD02F801CD8B42F9D110BD4B1E01
:107120000244014613F8014F01F8014B9142F9D195
:1071300010BD00BF2DE9F04184075FFA81FE5FD0EA
:10714000002A59D0034601E0002A55D003F801EB8C
:10715000990702F1FF32F7D14EEA0E24032A44EADE
:1071600004443ED9151FAE08172D06F10106C3F3DE
:10717000800147D99846002940D048F8044B771A37
:1071800003EB810C79080CEBC101CCE900440CF154
:10719000080C6145F9D127F0010C08EB8C0167451B
:1071A000CCEB8C7805EB880517D02F1F032F0C60D4
:1071B00013D9A5F10807032F4C600ED9A5F10C07D0
:1071C000032F8C6009D9A5F11007032FCC6004D9D7
:1071D000143D032D0C6188BF4C6102F0030203EBE8
:1071E00086034AB1013A83F800E005D0012A83F80A
:1071F00001E018BF83F802E0BDE8F0811546BEE764
:107200000346A9E719461546CFE700BF844641EA81
:10721000000313F003037DD1403A51D32DE9F00070
:10722000F0C9F0C0F0C9F0C0F0C9F0C0F0C9F0C0BA
:10723000403AF5D2F0BC43E0403A41D351F8043B28
:1072400040F8043B51F8043B40F8043B51F8043B40
:1072500040F8043B51F8043B40F8043B51F8043B30
:1072600040F8043B51F8043B40F8043B51F8043B20
:1072700040F8043B51F8043B40F8043B51F8043B10
:1072800040F8043B51F8043B40F8043B51F8043B00
:1072900040F8043B51F8043B40F8043B51F8043BF0
:1072A00040F8043B51F8043B40F8043B51F8043BE0
:1072B00040F8043B51F8043B40F8043B403ABDD24F
:1072C000303211D351F8043B40F8043B51F8043BF1
:1072D00040F8043B51F8043B40F8043B51F8043BB0
:1072E00040F8043B103AEDD20C3205D351F8043B80
:1072F00040F8043B043AF9D2043208D0D2071CBF4C
:1073000011F8013B00F8013B01D30B880380604674
:10731000704700BF082A13D38B078DD010F00303EA
:107320008AD0C3F10403D21ADB071CBF11F8013B5A
:1073300000F8013B80D331F8023B20F8023B7BE7A9
:10734000043AD9D3013A11F8013B00F8013BF9D2D4
:107350000B7803704B7843708B788370604670476E
:1073600053B94AB9002908BF00281CBF4FF0FF31AC
:107370004FF0FF3000F00CB8ADF1080C6DE904CE11
:1073800001F0E3FCDDF804E0DDE9022304B070471E
:10739000704700BF10B58B880370437803F0F0038B
:1073A00043708A88C2F3032213434370CA888270F1
:1073B000CA8803F0CF03120A4370C2700A7A12011E
:1073C00002F03002134303F03F0343704A7A43EA6A
:1073D000821343700C4609680430814205D0E2886C
:1073E000FB2A28BFFB22FFF711FFE0880430C0B260
:1073F00010BD10B48B880370437803F0F003437022
:107400000A468988C1F303210B434370D1888170F8
:10741000C17801F0C001C170D488C4F305242143B0
:1074200003F0CF034370C170147A240104F03004D8
:10743000234303F0BF034370547A43EA841301F0FB
:107440003F0103F07F034370C17011680430814233
:1074500003D0D28810BCFFF7D9BE10BC704770B5FE
:107460000B78192B05460C461ED82BB3013B182B65
:1074700022D8DFE813F03A003E002100B100B70047
:10748000BD00C300C900CD00CF00DF00E50024002F
:10749000210021004200D300D900E900EF00F500EF
:1074A000FB00010107010D01822B4FF0FF0200F0EC
:1074B000F580832B00F0F68040F2422112E00E238B
:1074C000B1F803200B7042F283039A4209D10623DC
:1074D000637066780236324621462846FFF796FEEC
:1074E00051E03121C720F8F773FE0C230B700823FD
:1074F000EEE71A230B700123EAE72920F9F76AF86F
:1075000030B13E232370222363702923A370E0E768
:107510000A20F9F75FF83E2305F1080204F108019B
:107520002B7090B30A23AB70E378EB70A3882B71B8
:10753000A3881B0A6B71A379AB71E379EB71A36824
:10754000AB608B889380D4F80E30C5F80E30638A18
:107550006B8263696B61238B2B83638BAB76638B4D
:107560001B0AEB76A38B2B77A38B1B0A6B77E38B22
:10757000AB77E38B1B0AEB7794F8203085F820304B
:107580001F266E700236304670BD0123AB70E37863
:10759000EB70A3882B71A3881B0A6B71A379AB7165
:1075A000E37903F00103EB71A368AB608B889380F0
:1075B000638BAB73638B1B0AEB73A38B2B74A38B53
:1075C0001B0A6B74E38BAB74E38B1B0AEB7494F8AC
:1075D00020302B751326D4E73E230B7004234B7009
:1075E000142393E73E230B700C234B7004238DE789
:1075F0003E230B700A234B70032387E73E230B7057
:107600000D234B70052381E70523237004235FE7D7
:107610000823FAE730230B70032359E73E230B704E
:107620000B234B70072371E73E230B7006234B702F
:107630000C236BE713230B708B789B00013347E718
:1076400057230B70022343E73E230B7006234B7036
:1076500012235BE73E230B7009234B70132355E77E
:107660003E230B7005234B7020234FE73E230B7006
:1076700009234B70212349E7FF230B700B234B7029
:10768000A22343E7FF230B7005234B70A3233DE7A1
:10769000FF230B700D234B70802337E70A700D22F8
:1076A000627033E70A700222FAE710B50C4648B15F
:1076B00041B1F8F7EBFE0028207014BF00206FF0F6
:1076C000220010BD6FF01500FBE708B5F8F768FF62
:1076D000002008BD034602221A709A7089225A714E
:1076E0006FF065029A715022DA716FF075021A72AA
:1076F0006FF06A025A72012200209A726FF06302E0
:107700005870D8701871DA72704700F096BC38B5AE
:10771000044601F0D4F901281BD1601C01F0D6F910
:10772000B8B1A37963F03F03A3710020F9F75CFFC0
:10773000E51D40B1102200212846FFF7FBFC012384
:107740002370002038BD284601F0D3F90028F1D07D
:10775000F5E70023F4E710B5102204460021FFF7F7
:10776000E9FC04F11003102200211846FFF7E2FCA7
:1077700001F0D8F90020F9F737FF20B1204601F0D9
:10778000B8F9002010BD01F09AF90028F6D0F8E70A
:1077900010B50446FFF77AFAB0F5007F09DA10F564
:1077A000007F08DD031EB8BF03339B102370002049
:1077B00010BD7F23FAE76FF07E03F7E701207047E3
:1077C00000F0C4BD0078003818BF012000F05BBC99
:1077D000F9F74CBE00F0A3BD00F0CEBD00F0E6BB53
:1077E00000F020BC08B5F8F7EDFE002008BDF9F761
:1077F000E5BC00F037BCF9F7BBBD00F0FFBB00F003
:107800003ABD00F004BD00F04BBD00F093BB00F0AA
:1078100098BB00F0A4BB00F0B6BB00F0FABB00F0D0
:10782000D6BB03880B8000F06DBD00F0D6BB00F026
:1078300096BDF8B5941C0C446343B3F5004FA8BF44
:107840004FF0FF330E4610F00301054617469CB279
:1078500003D0B0211420F8F7BBFCB4F5004F01D9D8
:10786000B121F7E714220430FFF764FCEF746C8059
:107870002E80F8BD023101444A43B2F5004FA8BF43
:107880004FF0FF3290B21B3020F00300B0F5004FF4
:1078900034BF00B24FF0FF3070478288038992B244
:1078A000934210B5014608D0C3F30E0318330831D4
:1078B000C45AF8F7B7FE204610BD0024FBE707299D
:1078C00038B5034604D84FF4EC711520F8F780FC66
:1078D0000068A8B1D0E900248C4212D02AB901F185
:1078E0000805AC4204D210460AE003461046F1E710
:1078F00042501A6845181268641A6C6042501D6044
:1079000038BD1A60FCE730B590B18478B1FBF4F370
:1079100004FB131300EB430252898A4201D1D8B20F
:1079200030BDC27822B900F10A03D0B2844201D836
:10793000FF20F5E733F8025BA94202F10102F4D11E
:10794000EEE78278038805324B4303EB4203184489
:10795000704713B50023CDE9003304468DF80600C7
:107960006846F9F73DF808B102B010BDBDF8040053
:107970002146F9F711F80028F2D040F2152117201E
:10798000F8F726FC70B50D4609211E46FFF772FF79
:107990003246044609212846FFF76CFF002C03DB22
:1079A000002801DB204470BD4FF0FF30FBE70123CE
:1079B00003707047F8B505460846002811461E4674
:1079C00014BF00240224FF23AB702B191B7D012B55
:1079D00004D001342B191B7D012B19D105EB440771
:1079E0003B8B3A8C9819904204DD2C44002038835C
:1079F0002075F8BD05EB8404324660681844FFF733
:107A000005FC3A8B16443E830023AB700120F0E75F
:107A10000020EEE7002910B514BF00230223FF2148
:107A20008170C1180C7D012C07D10C3320F8132074
:107A300002230B750023837010BD0133C1180C7D28
:107A4000012CF2D04FF48C710920F8F7C1FB30B54E
:107A50000246837803F0FF00F3B9137D022B19D09F
:107A6000537D022B19D10346012089B1D5180C335F
:107A700000242C7522F81340131803241C7502EB04
:107A800080035B680B6000F10C0332F813308B80CD
:107A9000012002E00123E8E7002030BD30B5837803
:107AA000E3B9837D022B17D0C47D022C16D10323AA
:107AB00081B105190C3400222A7520F81420C2184F
:107AC0000324147500EB83020C33526830F8133032
:107AD0000A608B80012002E00324E9E7002030BD2A
:107AE000037D012B01D1008B7047437D012B0CBF1F
:107AF000408B00207047837D012B01D1808B704724
:107B0000C37D012B0CBFC08B00207047038B23B9B2
:107B1000408B003818BF0120704701207047838BCD
:107B200023B9C08B003818BF01207047012070476F
:107B3000027D022A01D1008B7047437D022B01D1C7
:107B4000408B7047032AF6D0032BF9D000207047F2
:107B5000827D022A01D1808B7047C37D022B01D127
:107B6000C08B7047032AF6D0032BF9D00020704752
:107B7000F9F782B870B5044690F8183103F0FF01A8
:107B8000E3B9D0E944526FF000439A4208BFB5F11F
:107B9000FF3F01D1002070BDD0E9425600F0AAFDA0
:107BA000D4E94432E5305B1B62EB06021B1A62F13A
:107BB0000002002AEEDA2046FAF736FE0120EAE754
:107BC000F8B5044618B9E0213020F8F701FB072981
:107BD00000F2AA80DFE801F0043E3E3AA82E9EA6FD
:107BE000FAF71AFED4F8FC00CB38FEF789FB10B97F
:107BF00040F25A21E8E7204600F058FE0546F0B969
:107C00000146204600F076FD00F1E506D4F8FC00C0
:107C1000B04209D2301A322838BF32200321FEF791
:107C2000ADFB051E18BF0125C4F8FC60204600F01E
:107C300057FE35B12046BDE8F84000F052BE0025A1
:107C4000F4E7D4E94223C4E93A23F8BDBDE8F8409B
:107C5000FBF7FCBB00F059FD002384F8F83084F8F2
:107C60000131D4F8CC3005460E46EBB150EA0103A1
:107C70001AD00721A5FB012301FB0633D4E93A10F2
:107C8000521843EB0003D4E9420182428B410BD2EC
:107C9000012304F1F80784F800313846FDF714FE9B
:107CA00020B94FF4D3618FE70223F2E72046FFF7B4
:107CB00061FF034694F8C80033B93946FDF7F6FE74
:107CC00038B940F29C617FE7FDF7DEFD002384F8C0
:107CD000F030D4E94201D4E93832834272EB010733
:107CE000B3D255EA0607B0D0C01A61EB02013346A1
:107CF0002A46FFF781F905FB01F300FB0633A5FBDC
:107D000000500344D4E93802451943EB0203C4E9A7
:107D100038539AE790F8C800FDF7B6FD002384F8C1
:107D2000F03092E7FD214FE740F201114CE7D0F827
:107D3000CC00704710B5044690F8F030EBB1FF234B
:107D400080F81831012100F0CEFD94F8F030A3B195
:107D500094F8C800FEF70CF994F8C800FEF736FC5A
:107D600094F8C800FDF790FD20B94FF4F47130206D
:107D7000F8F72EFA002384F8F030002010BD10B57B
:107D800090F8182142B990F8D02042B1D0E93531AD
:107D9000994202D9FAF748FD0022104610BD01228F
:107DA000FBE708B540F28D2100F003FC40F64803E4
:107DB000984228BF184680B208BDF8B5044621B1E4
:107DC000012930D040F2BE712AE0C68C36B1F9F7F5
:107DD000EDFFE58CB0FBF5F606FB15062046D4E971
:107DE000385700F092FC2D1847EB01010023AD1924
:107DF00041F1000184F8F8300223C4E94251C4E99A
:107E00003851A4F800312046FFF7B4FE70B994F859
:107E1000C80004F1F801FDF749FE38B940F2EF61FE
:107E20003020F8F7D5F9002380F8D030FBF748FA76
:107E3000BDE8F840FDF798BB90F8F000003818BF97
:107E40000120704713B50023CDE9003301238DF8DD
:107E500006306846F8F7C4FD08B100200AE0009C2F
:107E60002046FFF7E9FF0028F3D0204600F050FC41
:107E70000028EED002B010BD07B50023CDE90033D5
:107E800001238DF806306846F8F7AAFD08B10020F6
:107E900004E00098FFF7D0FF0028F4D003B05DF8AD
:107EA00004FB07B5002340F6881201A9FBF7E2FCAA
:107EB00003B05DF804FB38B5054600F016FCF0B1E0
:107EC0002846FFF7B9FF08B9002038BD2846FFF75C
:107ED0002EFF04462846FFF72DFF054688B9002CE3
:107EE000F2D02088F9F742FB20882946F8F754FDA4
:107EF0000028E9D041F65B213920F8F769F94220E2
:107F0000E3E70C20E1E710B5F9F718F8044600F0B4
:107F1000C9FC40B9204600F0C1FC80F00100C0B2AD
:107F200000F0010010BD0020FAE708B5F9F7E4FA07
:107F3000002008BD10B50446F9F7DEFF20700020D0
:107F400010BD10B5FFF77EFF044630B9F9F7CEFF3C
:107F50002046F9F767FC204610BD0C20FCE710B561
:107F60000446FFF76FFF50B92078012809D8611C3B
:107F7000F9F7C8FF002814BF0020072010BD0C200F
:107F8000FCE71220FAE738B50546FFF75BFF044629
:107F900040B92878012803D8691CF9F7E3FF18B91C
:107FA000122038BD0C20FCE72046FAE710B5034646
:107FB0000E2404706FF00C0110220020DC70592494
:107FC00059709A701C7158719971DA7110BD08B5A9
:107FD0000821F8F74DFA002008BD10B504466FF0EF
:107FE0007F00FFF75EFFF9F763FD20707F20FFF74A
:107FF00058FFF9F75DFD6070002010BD10B5044614
:10800000F8F79CFF00F047FCF9F752FD20700020C4
:1080100010BD08B50A46072300F11001FEF72CFE3B
:10802000002008BD10B5014604460020F9F7C4FA47
:1080300008B92060A080002010BD10B50446F9F7F3
:1080400055FA28B900202146F9F79EFA002010BD04
:10805000FFF712FF0028F5D0FFF755FF0028F1D1F8
:108060000C20F4E710B50446FFF706FF28B90120FD
:108070002146F9F789FA002010BDFFF744FF0028D8
:10808000F5D10C20F8E708B5F8F724FE002008BD6C
:108090002DE9F3410546477800780121F8F766FCA1
:1080A000044600285FD000F0E7FBEE78864228BF48
:1080B0000646042FB6B23DD0206BFFF711FD3044C9
:1080C00080B21F2803D9122002B0BDE8F081FB1E48
:1080D000012B2CD8204600F0F3FB6B78032B2CD11E
:1080E00007F0FD08B8F1010F39D1204600F0E8FB98
:1080F000002831D1012F08BF4FF00208216B424602
:108100006846F8F74FFD6A68206B33460121FFF798
:1081100051FC50B36B78023B012B22D8206BFFF748
:10812000DFFC01210246206BFFF774FC19E0002EF2
:10813000D0D1C8E7002ECDD0C5E70028C3D1042B8D
:10814000CED12046FFF778FE0028BCD0206BFFF789
:10815000DDFC0028C4D1B6E74FF00008CEE7042FBD
:10816000D1D10020B0E74220AEE70720ACE72DE9EF
:10817000F74380464578C77800780121F8F7F6FB89
:108180000446D0B100F08EFB0028206B08BF00270A
:10819000FFF7B1FCC619B6B21F2E1FFA87F910D827
:1081A000042D0ED0032D12D05FB12046FFF744FE00
:1081B00058B10C2002E0042212E0422003B0BDE8D6
:1081C000F0831220FAE70720F8E7012D0CD12046B2
:1081D00000F076FB0028EED1012D0CBF062205220F
:1081E000216B6846F8F7DEFCD8F80420206B4B467C
:1081F0000021FFF7DFFB0028E5D0023D012D04D868
:10820000206B32460021FFF705FC0020D6E713B5AE
:108210000446F8F793FE4FF44073ADF800300023A6
:108220008DF80230684614F8013B8DF80330019454
:10823000FFF79DFF02B010BD38B50121054600785B
:10824000F8F794FB0446A0B1FFF7F6FD28B92046E5
:10825000691C00F062FA002038BD204600F022FBC5
:1082600008B10C20F8E7204600F018FB0028F8D1F0
:10827000EDE74220F0E713B50446F8F75FFE14F887
:10828000013B8DF803304FF44073ADF80030684681
:1082900000238DF802300194FFF7FAFE02B010BD02
:1082A00073B50546F8F74AFE2B78044663B1002300
:1082B0000DF1010101208DF80030F9F77DF918B1B9
:1082C0006846FFF7B9FFA0B9002620468DF8006088
:1082D00000F0ECFAB04214BF80233346ADF8013011
:1082E0002B788DF80360012B05D169462046F8F7FD
:1082F000E5FE02B070BD1BB92046FFF7DCFDF8E7D4
:108300001220F6E708B500880021F8F72FFB20B10E
:10831000BDE80840002100F08BBB022008BD10B56D
:1083200004460078FF280AD00121F8F71FFB58B156
:108330006378A27843EA0223C384002010BDB4F816
:108340000100F8F7C5FDF8E74220F7E708B5007827
:10835000003818BF0120F8F7B5FD002008BD10B5A2
:108360000446F8F7EBFD6178C1F3400201F001012A
:1083700000F0BCFA002010BD1220704710B5044672
:1083800004B910BD236898476468F9E703680BB91E
:10839000016070471A465B6813B18A42FAD1704790
:1083A0008A4218BF5160704708B5F8F737FDFAF7F1
:1083B000D1F820B140F22B110120F7F709FFBDE8F9
:1083C00008400120FFF7C5BAFBF742BE704730B541
:1083D00042400C7818785D784440487868400444FE
:1083E0009D78887868400444DD78C8786840044403
:1083F0001D7908795B794979684004444B402344EE
:10840000D3420CBF0120002030BD034600200139BB
:10841000C9B2FF2900D170475A5C82F001021044B2
:10842000C0B2F4E708B5F9F7EDF8082803D0BDE8C5
:108430000840F9F70BB908BD08B500F02EFB18B1DC
:10844000BDE80840FAF7CABA082008BD0346086824
:10845000586670470B68C0F803308B88A0F8073067
:1084600070470B68C0F809308B88A0F80D30704752
:108470000378890123F0400301F040010B430370AE
:108480007047037803F07F0343EAC113037070471A
:108490001F2A38B50546144603D9C1212A20F7F70B
:1084A00097FE09300634FEF7B1FE6C7038BD1F2A06
:1084B00038B50546144603D9E3212A20F7F788FE8C
:1084C00009300634FEF7A2FE6C7038BD30B5037873
:1084D00003F00F03032B024640D0052B1FD1C37FAF
:1084E00090F82000034392F82100034392F8220001
:1084F000034392F8230020F01F0018432DD0537837
:10850000222B0CD1B2F81930B2F81740907D41B14E
:10851000B3F5506F05D940F607518B420ED90020B4
:108520001BE0991F89B240F67A45A942F7D8411E4F
:108530000729F4D88342F2D9A342F0D3B2F81B3012
:10854000B3F5FA7FEBD2B2F81D000A3880B240F6DC
:10855000764398428CBF0020012030BD4078A0F1C6
:108560000C0358425841F8E7F9F798BB10B521B908
:108570004FF40F711020F7F72BFE4A600B72EFF3E8
:10858000108472B6031D0B6042681AB1127A012A78
:1085900008BF036003681960016004B962B6BDE8F2
:1085A0001040F9F7C7BB0222F9F7DCBB0422F9F748
:1085B000D9BB006801F19C03984283BF401A9C38E4
:1085C00040080020704710B50B794C790A680128E3
:1085D00043EA042108BF41F48031104610BD07B5BD
:1085E000FFF7F1FF0DF10702F9F72AFC03B05DF880
:1085F00004FB0B46142203F8032BD0F80920C1F822
:108600000320D0F80D205A60704738B50B46102271
:1086100003F8032B0C4600F10902293052F8041B21
:1086200043F8041B8242F9D112781A70A5880123FD
:10863000A37100212846F8F799F970B1E37863B186
:108640000088F8F793FF00212846F8F7A5F920B134
:1086500040F223212D20F7F7BBFD38BD0121F9F7AA
:108660007FBEFFF7FBBF90F87A300BB10120704757
:1086700090F8B22002F0FF03002AF7D190F8A4206E
:108680001846704737B504460D464FF490720021E6
:10869000FEF750FDFF2323701323638042F2107313
:1086A000E384F8F753FA0022014620636846F8F79E
:1086B00079FA206B00220121FFF7ACF9216B6846A3
:1086C0000422F8F76FFA0022206B1146FFF7A2F997
:1086D00004F12800A57403B0BDE8304000F03EB9B5
:1086E000FF23086B0B70FFF762B90078FF3818BFE3
:1086F0000120704710B50446283000F085F96188E4
:108700002822FAF7C3F86D3010BDD0E90201704796
:10871000C07C003818BF012070470B68C0F81530C6
:108720008B88A0F819300123C37670472DE9F04FEC
:1087300006460D4607460FCE91B006AC0FC40FCECD
:108740000FC496E803000DF1100884E803004046CA
:1087500000F004F995F814906E7895F80AA095F851
:1087600000B0B9F1010F06F07F0607D0B9F1020F92
:1087700004D040F256310620F7F72AFD697A4046C8
:1087800000F0F3F82B7D2A7F022B08BF697D02F1F0
:10879000010206BF0131C9B20121D2B2404600F048
:1087A000E6F816F0080364D14046019300F02CF976
:1087B00028223146FAF76AF840F271212A79019BA2
:1087C00000F2D720B0FBF1F401FB04F0EC7844EAAE
:1087D00002246A7944EA02444C43A0420BD9EC7962
:1087E000AA7942EA04222C7A42EA044201FB02F40A
:1087F000A04200D804462A7E0393531E5A425A418F
:10880000A97C386B02910192FFF792F9386BFFF760
:108810009FF9039B019A0299ADF81A6008948DF8AC
:1088200028208DF82B108DF82CA08DF818B08DF81D
:108830001C90099306AE0FCE3C460FC40FCE0FC45A
:1088400096E8030084E8030098E80300B862B9855D
:10885000EB7A13F0FD0F14BF0123002387F8573084
:10886000EB68BB652B8AA7F85C30002011B0BDE82F
:10887000F08F00242346BEE7438813F0040F0CBF9B
:108880001F20002070470023C38543881D2B08BF8D
:1088900000214174704790F912007047408800F041
:1088A000010070474088C0F3400070474088C0F323
:1088B000C000704708B5006BFFF731F9012008BD13
:1088C000012070470120704790F8503001624B72D0
:1088D000D0F85130C1F80A30B0F85530CB8170472C
:1088E0007047F9F7A9BB80F87010704780F8241022
:1088F00080F825207047C0F34002C0F38003134482
:1089000000F0010018447047022808B507D0042879
:1089100007D0012807D039212E20F7F759FC26204F
:1089200008BD2720FCE72520FAE78278034612F0ED
:10893000010002D0D978C9070FD5900702D5D978A0
:10894000890709D512F0040007D0DB7813F0040F73
:1089500014BF002004207047022070470023C0F895
:10896000023001234370037070478170704710B567
:108970000170427080781446FFF7BDFF10FB01F1D3
:1089800004FB01F2FE2A03DD5C212E20F7F720FC18
:1089900010BD0023C37043710371704710B50446C6
:1089A000FFF7C3FF637962780133DBB29A426371E8
:1089B0000FD1E378A1780343DBB29942E37008BF9B
:1089C00023794FF0000208BF0133627104BFE270E7
:1089D0002371BDE81040FFF797BF38B50146807896
:1089E000FFF789FF0446C8784D78FFF784FF0A79BE
:1089F0000B789B1A13FB05F34A7913FB04F39B1ABC
:108A000000FB1530C0B238BD08B501468078FFF7CD
:108A100072FF4B780A7813FB02F313FB00F0C0B22D
:108A200008BD40F2EF20704740F25A335843704778
:108A300038B50446084694F8383213B10C25284658
:108A400038BD94F88730153B012BF7D894F8603285
:108A500003F0FF05002BF1D191B194F8CE3123B989
:108A600040F6E5113120F7F7B3FB052304F1F002DE
:108A700004F5DF71FEF700F9012384F83832DEE7F0
:108A80000223FAE708B5FAF7F9F9F9F7DBFFF9F786
:108A90002DFFBDE80840F9F7B5BF08B5C821F9F7C3
:108AA00083FF022807D1013911F0FF01F7D1EF212F
:108AB0003B20F7F78DFB431E5842584108BD4FF04D
:108AC0008053D3F8A00000F0010070474FF08053AE
:108AD000D3F8A420D3F8A830511C9BB203D14FF691
:108AE000FF718B4203D00260838001207047002019
:108AF00070474FF0805330B5D3F89050D3F894407E
:108B0000D3F89810D3F89C2005EA04030B401340D7
:108B100001331FBF056044608160C2600CBF00204C
:108B2000012030BD4FF0805330B5D3F88050D3F8DA
:108B30008440D3F88810D3F88C2005EA04030B4056
:108B4000134001331FBF056044608160C2600CBFE9
:108B50000020012030BD10B504460846FAF7B0FDEC
:108B60004FF47A73B0FBF3F0201A10BD10B5044631
:108B70000846FAF7A5FD023C4FF47A7300F2E7309D
:108B8000B0FBF3F0201A10BD08B5FEF72DF9BDE8D3
:108B90000840FAF7FBBE801A00F3070038B540B270
:108BA0000D4659B21446FAF7E1FE0023287020441E
:108BB0006B7040B238BD00230360704770470020DF
:108BC00070474FF0FF3070474FF0FF3070477047ED
:108BD0004FF0FF307047002070470020704700239F
:108BE000037070470022FFF7D6BF002070474FF098
:108BF000FF3070474FF0FF3070474FF0FF30704745
:108C000070474FF0804301221A6070474FF0804355
:108C1000D3F8080400F0010070474FF08043D3F808
:108C2000140400F0010070474FF08043D3F81C0497
:108C300000F0030070474FF080410246D1F818045D
:108C4000D1F8181410F4803004D001F00300831A16
:108C500058425841704708B5FEF71AF928B14FF04D
:108C600080430222C3F8342C08BDFEF7F1F8002837
:108C7000F5D1FEF703F90028F1D1F5E7FAF7D8BEF0
:108C800070B5FBF759FA002405462646E0B2854246
:108C900000D870BDFBF756FA0134868480F8266050
:108CA000F4E7FBF783BC07B56846FBF773FBDDE928
:108CB00000024FF080730021E2FB030103B05DF876
:108CC00004FB0346002018707047EFF3108272B661
:108CD00003780121DBB2017002B962B6012B0CBF2F
:108CE0006FF0220000207047EFF3108372B600226D
:108CF000027003B962B600207047FEF74DB8FEF768
:108D00000DB9FEF70BB900280CBF6FF0150000205D
:108D10007047002070470723037000207047002031
:108D200070470020704710F8012B11F8013B012A11
:108D300028BF9A42F7D0D01A7047034613F8012B88
:108D4000002AFBD1181A013870472DE9F0478646F2
:108D50008C460846089E154674461946002B40F07E
:108D6000C2808542B2FA82F245D94AB1C2F12003EB
:108D700000FA02FC2EFA03F3954043EA0C0C9440EF
:108D80004FEA154EA8B2BCFBFEF8230C0EFB18CC24
:108D900008FB00F943EA0C43994528D9EB1808F180
:108DA000FF3704D2994502D9A8F102072B44A3EB5F
:108DB0000903A4B2B3FBFEFC0EFB1C330CFB00F05A
:108DC00044EA0344A04214D92C190CF1FF3304D215
:108DD000A04202D9ACF102032C44241A43EA074012
:108DE0001EB1D440002334607360BDE8F08747466D
:108DF000DDE76346F1E792BB431B01214FEA154EC5
:108E0000AFB2B3FBFEFC200C0EFB1C330CFB07F8CF
:108E100040EA0343984562D9EB180CF1FF3004D2C5
:108E2000984502D9ACF102002B44A3EB0803A4B28D
:108E3000B3FBFEFC0EFB1C330CFB07F744EA0344B8
:108E4000A7424ED92C190CF1FF3304D2A74202D904
:108E5000ACF102032C44E41B43EA0040C0E7C2F13A
:108E6000200320FA03F1954090402EFA03F30343C8
:108E70004FEA154EAFB2B1FBFEFC0EFB1C10190CF5
:108E80000CFB07F841EA0041884504FA02F422D9B4
:108E900069180CF1FF3004D2884502D9ACF1020008
:108EA0002944A1EB08019BB2B1FBFEFC0EFB1C1197
:108EB0000CFB07F743EA01439F420ED9EB180CF174
:108EC000FF3104D29F4202D9ACF102012B44DB1BDB
:108ED00041EA004192E76046E3E76146F7E7604612
:108EE000A3E76346B7E7834206D916B900210846CF
:108EF0007BE7C6E900E0F9E7B3FA83F78FB983426D
:108F000001D3724508D8BEEB020460EB03030120D5
:108F10009C461EB9002168E73846FAE7C6E9004CCE
:108F2000F8E7C7F1200CBB4022FA0CF41C432EFAE0
:108F30000CF120FA0CF3B84001434FEA14490EFA41
:108F400007F5B3FBF9F81FFA84FE09FB18300B0C88
:108F500008FB0EFA43EA00439A4502FA07F240D9A9
:108F6000E31808F1FF3004D29A4502D9A8F10200B3
:108F70002344A3EB0A0389B2B3FBF9F809FB1833C6
:108F800008FB0EFE41EA03418E452CD9611808F119
:108F9000FF3304D28E4502D9A8F10203214443EAEB
:108FA0000040A0FB0298A1EB0E014145CE4643468E
:108FB00002D306D14D4504D2B9EB020E68EB04038F
:108FC0000138002EA6D0B5EB0E0261EB030101FAC9
:108FD0000CFC22FA07F34CEA0303F940C6E900311E
:108FE00098E74046C5E74346D9E70000014806F048
:108FF00017BD00BFE4040020F0B58BB00DF10703EE
:109000001546029302AA0123CDE904230C46EA186F
:109010000E490F4E079206AA8DF807000393069695
:10902000CDE9082351F8040B836804AA1F6808AB34
:10903000B84725442146A94202D100200BB0F0BD1B
:1090400016F8013F01F8013BF5E700BF28030020B7
:10905000F22000202DE9F7431B4F1C4EDFF87080F3
:109060004FF0FF324FF0FF33384606F00DFDB56884
:1090700016486B68174C41469847174BB3F90020C8
:109080002B892260534301A90420019303F05EFB66
:1090900010B9019B1B132360DFF8409099F8003052
:1090A000002BDDD00E4C0F49012502202570657084
:1090B00008F012F90B4A2946204608F03EF9002331
:1090C00089F80030CCE700BFE40400209C370100A1
:1090D0008C1A0020681A00208A1C00206F040020CF
:1090E000F020002008030020F0B52E4F2E4D85B053
:1090F00001264FF0FF324FF0FF332C4806F0C4FC3E
:109100000121384601F07CFA2946294808F0C3F9C4
:1091100008232849ADF80E300DF10E022B462448E5
:1091200001F032F824482A460024012106704470D8
:1091300008F003F92946204608F0CEF821463846C3
:1091400001F05EFA1B4A1D4BB2F90010C1F3071182
:109150009970B2F90210C1F30711D970B2F9041075
:109160000134C1F30711082C197102F1060203F151
:109170000303E9D100231A460121114803F06AF9DB
:1091800000230F49009301220E4803F091FA0021B9
:109190004FF4A4700AF028F803F0BCFA0A4B1E70D2
:1091A000A7E700BFB437010008030020CC0400206B
:1091B0006C1A00203C1C0020F020002054040020E9
:1091C000083C0100103C01006F040020014806F03B
:1091D00027BC00BFCC04002010B586B00B788DF8FA
:1091E000053001AB0A49029302AB0132049301231B
:1091F0008DF80400039251F8040B0593836804AAC8
:109200001C680023A04700EAE07040B206B010BD21
:1092100028030020F8B51D4C1D4D002722460121D2
:1092200028462F7000F0C8FB4FF483736B802F71BA
:109230002846184D2246012100F0C4F80523224695
:109240000121284601262B7000F0A8FE40F2F11300
:109250006B802246202331462846AB80EE7100F019
:10926000E7FC0D4B0D4D0E4A1A60214640F2644258
:1092700030469A802E706F7008F02EF822463146E4
:109280002846BDE8F84008F058B800BF08030020A1
:109290006C1C0020801C00206C1A0020F020002094
:1092A0008C1C0020F0B585B002AA3849384802F07D
:1092B0002DF9002102A802F02BFF002002F0DCFDB6
:1092C000044658B9334D286809F09EFC68B1E86837
:1092D00038B9314D284609F097FC48B94FF0FF34B2
:1092E00003E009F091FC0028F3D1204605B0F0BD61
:1092F0002A69AE68136823F0100313603368274AA5
:109300000421284698470028E8DBB76937B14FF0B9
:1093100080634FF0A07204212846B8472049214BB2
:109320004B6010238B60F36913B11B4801229847EF
:109330001D4D1E4BAB600223EB601D4E304609F005
:1093400063FC0028D1D0B3681A491B68304698479F
:109350000028CADB01236B6017480C232B8207F01F
:109360008CFFFFF757FF0021144801F049F941F63F
:109370009A1200231248CDE9002307F077FB4FF043
:10938000FF314FF0FF3009F02FFFF8E79C3D01005F
:10939000A33D0100280300203C370100200001000C
:1093A000801A0020CD9100008C1A00208A1C002019
:1093B0009C3701002A3C010008030020B43701005B
:1093C000800400202DE9F043C64D85B02B88ADF810
:1093D0000030044600231046884616468DF80230B9
:1093E00007F053FE002840F0E482002C00F0E182F8
:1093F000134669460322212007F00FFF002840F0A2
:10940000C981142303FB0848444500F0BD81074689
:1094100005F103092378002B40F05C81B9F80020A6
:1094200099F80230ADF804208DF806300322334657
:1094300001A9192007F0F1FE68BB9DF80430E2791C
:1094400003F07F0343EAC213A279520102F06002E3
:1094500023F0600313438DF804306379E2781B0135
:1094600003F0300343EA8213A27802F00F021343A1
:109470008DF8053023799DF806209B0022F00C0220
:1094800003F00C0313438DF806300322334601A981
:10949000192007F091FE257A01232278012A35D17F
:1094A0003346022201A95720ADF8047007F0B5FE3B
:1094B00050BBA2789DF80430D20002F0180203F0ED
:1094C000E0031343E27802F007021343A2798DF818
:1094D00004309DF80530120102F0300203F0C3039E
:1094E00013436279920002F00C021343227923F0B5
:1094F000030302F0030213438DF8053002223346C2
:1095000001A9572007F058FEE57909232278022A9D
:1095100016D121796379E078A5788DF8045003F0AD
:109520000F03090143EA401301F010010B438DF8CA
:10953000053001A93346552007F03EFEA5790823E2
:109540002278032A44D1E37AA179A27A029703F020
:10955000030343EA4113E179CDF80B70090101F0EF
:1095600010010B43910001F00C010B438DF8043006
:10957000237A617A5B0001F0010103F002030B43DF
:109580008DF80530A3788DF80630A3888DF8083063
:10959000190A8DF80710002A40F0A180A3898DF8E0
:1095A00009301B0A8DF80A30E3898DF80B301B0A4D
:1095B0008DF80C30238A8DF80D301B0A8DF80E3093
:1095C0000B22334601A93F2007F0F6FDA57C0523B9
:1095D0002278042A43D1E37AA179A27A029703F090
:1095E000030343EA4113E179CDF80B70090101F05F
:1095F00010010B43910001F00C010B438DF8043076
:10960000237A617A5B0001F0010103F002030B434E
:109610008DF80530A3788DF80630A3888DF80830D2
:10962000190A8DF80710002A5ED1A3898DF8093038
:109630001B0A8DF80A30E3898DF80B301B0A8DF870
:109640000C30238A8DF80D301B0A8DF80E300B225A
:10965000334601A94A2007F0AFFDA57C04232278F8
:10966000052A49D12179E37802971B018A0002F08B
:109670000C0203F010031343A278ADF80C7043EA18
:1096800042138DF8043063798DF80530A3798DF895
:109690000630E3798DF8073049BB2389ADF80830EF
:1096A0006389ADF80A30A389ADF80C300A2233463D
:1096B00001A9352007F080FD2378A57B062B1DD05E
:1096C000002867D1012D40F0EC809DF8003043F078
:1096D00002033DE000252B466FF00300DDE6334634
:1096E00005226FE7EC3B010033460522B1E7042277
:1096F00033460DEB0201DCE7062A08D1A378012BE3
:1097000040F042819DF8023043F0010308E1002857
:1097100040D1013B082B33D801A252F823F000BFFF
:1097200045970000A9970000E797000025980000E2
:1097300063980000C5960000D598000015990000B8
:1097400051990000012D06D19DF8003063F07F0390
:109750008DF8003014E0022D06D19DF8013063F041
:109760007F038DF801300BE045B9BDF8003023F4DC
:10977000004323F08003ADF8003001E0032D0CD04E
:109780001434A0457FF446AE3346032269462120B7
:1097900007F012FD05B0BDE8F083BDF8003043F4DA
:1097A000004343F08003E6E7012D04D19DF800302B
:1097B00043F04003CCE7022D04D19DF8013043F083
:1097C0004003CEE735B9BDF8003023F4804323F0E1
:1097D0004003D0E7032DD3D1BDF8003043F48043DC
:1097E00043F04003C7E7012D04D19DF8003043F05A
:1097F0002003ADE7022D04D19DF8013043F0200392
:10980000AFE735B9BDF8003023F4005323F020034F
:10981000B1E7032DB4D1BDF8003043F4005343F059
:109820002003A8E7012D04D19DF8003043F0080380
:109830008EE7022D04D19DF8013043F0080390E734
:1098400035B9BDF8003023F4006323F0080392E734
:10985000032D95D1BDF8003043F4006343F00803B5
:1098600089E7012D04D19DF8003043F004036FE730
:10987000022D04D19DF8013043F0040371E735B99E
:10988000BDF8003023F4806323F0040373E7032D55
:109890007FF476AFBDF8003043F4806343F00403F7
:1098A00069E7022D04D19DF8013043F0020358E727
:1098B00035B9BDF8003023F4007323F002035AE7F2
:1098C000032D7FF45DAFBDF8003043F4007343F027
:1098D000020350E7012D04D19DF8003043F001034D
:1098E00036E7022D04D19DF8013043F0010338E73B
:1098F00035B9BDF8003023F4807323F001033AE753
:10990000032D7FF43DAFBDF8003043F4807343F086
:10991000010330E7012D06D19DF8023043F0080322
:109920008DF802302CE7022D04D19DF8023063F04F
:109930007F03F5E725B99DF8023003F07703EFE7E1
:10994000032D7FF41DAF9DF8023063F07703E7E746
:10995000012D04D19DF8023043F00403E0E7022D0D
:1099600004D19DF8023043F04003D9E725B99DF8B2
:10997000023023F04403D3E7032D7FF401AF9DF8B9
:10998000023043F04403CBE7022B04D19DF80230B0
:1099900043F01003C4E723B99DF8023023F011030C
:1099A000BEE7032B7FF4ECAE9DF8023043F01103C9
:1099B000B6E74FF0FF30EDE6F0B59C4B85B01B8865
:1099C000ADF800300446002310460F4615468DF8CA
:1099D000023007F05AFB002840F02481002C00F0F0
:1099E0002181134669460322212007F016FC142327
:1099F000064603FB0747BC4200F00C81002E40F0F6
:109A000009812378002B40F008812B46032201A90D
:109A1000192007F002FCA8B99DF80430DA09C3F355
:109A20004113A3719DF80530E2719A09E270C3F306
:109A3000011203F00F03A3709DF806306271C3F3A7
:109A4000810323712378012B19D12B46022201A90E
:109A5000572007F0E2FB90B99DF80430C3F3C10230
:109A600003F00703E3709DF80530A270C3F3011201
:109A7000A271C3F3810203F00303627123712278A0
:109A8000022A12D12B4601A9552007F0C6FB60B966
:109A90009DF80430A3709DF805305A09E270C3F3B5
:109AA000001203F00F03227163712378032B3DD161
:109AB0002B460B2201A93F2007F0AFFBB0BB9DF85E
:109AC00004305A09A271C3F30012E271C3F3810298
:109AD00003F00303E3729DF80530A27203F0010264
:109AE000C3F3400323729DF80630A370BDF807301E
:109AF00062725BBA9DF80A20A3809DF8093002F0DB
:109B00000F0243EA02239DF80C20A3819DF80B303D
:109B100002F00F0243EA02239DF80E20E3819DF834
:109B20000D3002F00F0243EA022323822378042B34
:109B30003DD12B460B2201A94A2007F06EFBB0BB9A
:109B40009DF804305A09A271C3F30012E271C3F305
:109B5000810203F00303E3729DF80530A27203F063
:109B60000102C3F3400323729DF80630A370BDF8D1
:109B7000073062725BBA9DF80A20A3809DF8093015
:109B800002F00F0243EA02239DF80C20A3819DF806
:109B90000B3002F00F0243EA02239DF80E20E3810E
:109BA0009DF80D3002F00F0243EA0223238223784E
:109BB000052B28D12B460A2201A9352007F02DFBC1
:109BC00008BB9DF804305A09A270C3F30012C3F316
:109BD000810323719DF8053063719DF80630E270B2
:109BE000A3719DF809209DF80730E3719DF80830B6
:109BF00002F00F0243EA02232381BDF80A30638199
:109C0000BDF80C30A38114F8143B062B08D1A742F1
:109C10007FF4F7AE304605B0F0BD6FF0030011E7FA
:109C20000646E8E64FF0FF36F4E700BFEC3B0100E4
:109C30002DE9F043BD4B85B01B88ADF800300446DC
:109C4000002310468DF8023007F01FFA0F46154624
:109C50000646002840F09F81002C00F09C811346AE
:109C600069460322212007F0D8FAB3B29F4240F29E
:109C70008E81002840F0BB802378052B00F2848180
:109C8000DFE813F006002C007F00B800E4000501B7
:109C90002B4601220DF109012D2007F0BEFA002804
:109CA00040F0A580A2789DF80930A188920002F0CA
:109CB000040203F00B030811134301F00F0143EA00
:109CC00001138DF808008DF8093002222B4602A9F5
:109CD0002C2007F071FA01360A34C6E7A3782279FE
:109CE00003F0030343EA4213E278920002F01C02FD
:109CF00013438DF8083063798DF80930A3798DF816
:109D00000A30E3798DF80B30237A8DF80C30052278
:109D10002B4602A92F2007F04FFA002867D1637A5B
:109D2000012B12D19DF8003043F001038DF8003073
:109D30000136B3B29F4204F10A049DD82B46032298
:109D40006946212007F038FA51E0022B06D19DF830
:109D5000013043F001038DF80130E9E743B9BDF864
:109D6000003023F4807323F00103ADF80030DFE707
:109D7000032BDDD1BDF8003043F4807343F00103C1
:109D8000F3E72B46012201A92B2007F046FA70BB0E
:109D9000A2789DF8043002F00F0123F00F030B436B
:109DA00012F00C0F8DF8043004D12B46012201A9CA
:109DB0002B208EE72B46012202A92A2007F02DFA3C
:109DC000A8B9A28813118DF808309DF8043002F06C
:109DD0000F0203F00F0343EA02138DF8043001224F
:109DE0002B4602A92A2007F0E7F90028DDD005B0AC
:109DF000BDE8F0832B46012202A9242094F80290AA
:109E000094F8038007F009FA0028F0D1B9F1010FA6
:109E100010D19DF808304FEA480823F0060308F0F7
:109E2000060843EA08038DF808302B46012202A9F0
:109E300024204EE7B9F1020FF7D19DF808304FEA20
:109E4000481823F0600308F06008EAE7A378012BC4
:109E500004D19DF8003043F0100367E7022B04D1D2
:109E60009DF8013043F0100375E733B9BDF80030B9
:109E700023F4805323F0100377E7032B7FF458AFCC
:109E8000BDF8003043F4805343F010036DE72846DB
:109E900007F0FBF80028AAD12B46032202A92620AE
:109EA00007F0BBF90028A2D1E378A2788DF804204E
:109EB0002BB99DF8083023EA02038DF8043022798B
:109EC000A3889DF809108DF80520C3F30223914261
:109ED0008DF806301DD19DF80A209A4219D12B46E3
:109EE000012201A9262007F067F900287FF47FAF3F
:109EF000E379012B10D19DF8003043F040038DF839
:109F00000030A379012B26D19DF8003043F02003C7
:109F10000CE72B460322E4E7022B09D19DF8013020
:109F200043F040038DF80130EBE700BFEC3B01004C
:109F300043B9BDF8003023F4804323F04003ADF86B
:109F40000030DEE7032BDCD1BDF8003043F4804362
:109F500043F04003F3E7022B04D19DF8013043F0B6
:109F60002003F8E633B9BDF8003023F4005323F0A2
:109F70002003FAE6032B7FF4DBAEBDF8003043F498
:109F8000005343F02003F0E66FF003002FE70028B2
:109F90003FF4D4AE2BE74FF0FF3028E72DE9FF4721
:109FA000784B1B88ADF804300446002310468846E1
:109FB00016468DF8063007F068F8002840F0DE807D
:109FC000002C00F0DB80134601A90322212007F0BA
:109FD00024F909340546B8F1000F40F0B88028464E
:109FE00004B0BDE8F0873346022202A92C2007F016
:109FF00014F908B10546F2E79DF80930C3F3800271
:10A0000004F8072C9DF808201B0943EA021324F8E2
:10A01000053C0137BBB2434504F10A04C0F09B8004
:10A02000DDE73346052202A92F2007F0F6F80028C5
:10A03000E0D19DF808309DF805109DF8040003F06C
:10A04000030204F8072CC3F382025B0904F8053C01
:10A050009DF8093004F8043C9DF80A3004F8033CEC
:10A060009DF80B3004F8023C9DF80C3004F8062CE7
:10A0700004F8013C224601F0010100F0010007F064
:10A0800012F80137BBB2984504F10A0463D8A6E779
:10A090003346022202A92A2007F0BFF80028A9D1DE
:10A0A0009DF8093003F00F02AAE73346012202A906
:10A0B000242007F0B2F800289CD114F8073C012BAB
:10A0C00006D19DF80830C3F3410304F8063CA0E72D
:10A0D000022B9ED19DF80830C3F34113F5E79DF89C
:10A0E00005109DF80400E21FC1F30011C0F3001039
:10A0F000C5E7304606F0C9FF00287FF47BAF334642
:10A10000032202A9262007F088F800287FF472AF06
:10A110009DF808309DF80A2004F8073C9DF80930A6
:10A120009DF804909DF805A002F0070243EA02237F
:10A13000CAF34011E21EC9F3401024F8053C06F0B2
:10A14000B2FFA21ECAF38011C9F3801097E700285E
:10A150007FF445AF2F4614F8093C052B91D801A296
:10A1600052F823F0E79F000023A0000091A0000018
:10A17000ABA00000DFA00000F3A000004FF0FF350F
:10A180002DE700BFEC3B01002DE9F04F074685B0FD
:10A19000184693461A4606F078FF894682460028FC
:10A1A00040F0DF80002F00F0DC80002900F0D98033
:10A1B000BBF1000F00F0D5807B890BB9137A7B814E
:10A1C0007B89ADF80E304FF001080025BE88BDF840
:10A1D0000E10B1425FD23868425C4C1CC2F30013CF
:10A1E00002F0EF02A4B28E2AADF80E402CD812F085
:10A1F000800F05D1482A00F0A980ADF80E6046E036
:10A20000803A0E2AF9D801A151F822F0FBA10000F2
:10A21000FBA10000C3A20000FBA10000DBA2000024
:10A22000FBA100000BA30000FBA10000F3A20000B3
:10A23000FBA1000037A30000FBA1000021A3000048
:10A24000FBA1000073A20000A02AD6D1A31CB34238
:10A2500013DAB8F1000F18D00219035D967852781E
:10A2600043EA064343EA022304313B61ADF80E1092
:10A270000DE02BB10534B44204DBADF80E6004E010
:10A280000234F8E7B8F1000F0ED14FF00008BBF828
:10A290000030AB429AD1BDF80E307B81ABF8005054
:10A2A000504605B0BDE8F08F8E220621009201FBDA
:10A2B00005910DF10E023846013506F000FFADB2F2
:10A2C000E5E73BB10134B442D7DAB8F1000FDED094
:10A2D0008222EAE7B442F8D3CFE73BB10134B4427B
:10A2E000CBDAB8F1000FD0D08422DEE7B442F8D345
:10A2F000C3E73BB10134B442BFDAB8F1000FC4D0B8
:10A300008822D2E7B442F8D3B7E73BB10334A64280
:10A31000B3DDB8F1000FB8D08622C6E70134F6E706
:10A320003BB10334B442A8DAB8F1000FADD08C22AF
:10A33000BBE70134F6E73BB10334B4429DDAB8F130
:10A34000000FA2D08A22B0E70134F6E7B44294D2DB
:10A35000B8F1000F9BD0035D3B730231ADF80E10D6
:10A3600095E74FF0FF3A9BE7014B1B68184700BF8A
:10A370004003002030B585B004460D461022002170
:10A38000684609F009F902238DF802302A46044B89
:10A3900001932146684606F019FC05B030BD00BFA8
:10A3A00069A3000080B505460E461746984606F09C
:10A3B00091F8034609F06CF9DFF81890044649F863
:10A3C0000030424630463946A84754F8090000F0AC
:10A3D000FBFC00BF080000002DE9F047058B044698
:10A3E0002807904611D4022905F0070540F0CC80DB
:10A3F000204607F0F4FB78B10138218B042811D8EE
:10A40000DFE800F0C2106D85950001290CBF45F012
:10A41000100545F02005258388F31188BFF36F8F61
:10A42000BDE8F08701F0070AAA4500F0A5800027E3
:10A43000B9463E46A368002B00F0BC8041F00801FD
:10A44000218388F31188BFF36F8FA168002900F082
:10A45000BA800D68002900F0B680D1F80480334638
:10A4600052462046C047002D76D02B6829461D460F
:10A47000F0E701F007035A1F012A1BD8002221F040
:10A480000701062B276889B2C4E9002209D13B469F
:10A4900003E0628B013262831B68002BF9D141F02B
:10A4A00002012183204607F09AFB00287AD041F070
:10A4B000200176E0042B0AD121F0070189B2218323
:10A4C000204607F08CFB10B141F020012183218B45
:10A4D00001F0070AAA454FD00027B946AAE7236929
:10A4E00021F0070141F00601062DD3F800902183E9
:10A4F0002DD1B9F1000F3FD041F00801218388F33D
:10A500001188BFF36F8F3A492046C84729E021F0F0
:10A510000701236941F0040189B2042DD3F80490A6
:10A520002183E6D000273E464FF0040A82E721F05F
:10A530000701236941F0050189B2052DD3F8089080
:10A540002183D6D000273E464FF0050A72E7002748
:10A550003E464FF0060A6DE72B4687E7B9F1000F3C
:10A56000D1D1EFF31188402383F31288BFF36F8FAB
:10A57000238B23F008032383258BEA062ED525F0B1
:10A580001003238305F007056669218B002EBFF6B3
:10A5900070AF00232768C4E9003321F0070141F0C0
:10A5A00001012183218B01F0070AAA454FF0000920
:10A5B0007FF440AF002F9CD041F00801218388F345
:10A5C0001188BFF36F8F002FC8D03D6839463346DE
:10A5D0005246204607F02FFB2F46F4E7AB067FF5E7
:10A5E0001BAF25F02003238305F0070500E700BF1C
:10A5F000631C0100014B036000207047383C0100E0
:10A6000070B544690D46002C3FD0244A2379565C2E
:10A61000B3423DD0224A525C9A423CD1A36898474B
:10A62000002814DA022D10D0032D0FD110F1860F5F
:10A630000BD0BFF35B8F54E8003F43F0020344E8C4
:10A640000032002AF7D1BFF35B8F267170BD022D57
:10A65000267101D00020F9E7BFF35B8F54E8003F7B
:10A6600023F0040344E80032002AF7D1BFF35B8FE4
:10A67000BFF35B8F54E8003F23F0020344E800324D
:10A68000002AF7D1BFF35B8FE4E76FF05700DDE7F7
:10A690006FF07700DAE76FF08500D7E7E43D01005F
:10A6A000E03D01002DE9F84388460521054607F005
:10A6B000D7FB17461E46044638B3DFF87C9099F85E
:10A6C000001029B308F0D4FC4FF0FF33421E43F1D1
:10A6D000000305F1180007F0CCFB041E29DB4146FE
:10A6E000EB681BB3013BEB6043B999B102232B71BB
:10A6F0003A46334605F1400005F0AAFB99F80030D0
:10A700001BB105F1180007F0B6FB2046BDE8F88341
:10A710000C46E5E7AB6868699847041EB7BFEB686D
:10A7200001230133EB60A8BF2B71E7E76FF07704DB
:10A73000E4E76FF00F04E8E7042200202DE9F34777
:10A740004569064625B90024204602B0BDE8F087D9
:10A750000521284607F084FB0028F4D07069082101
:10A7600007F07EFB074660B3EFF31187402383F3C6
:10A770001288BFF36F8F7569EA682B68E2B95A07D0
:10A780000AD4AB68012130469847041E0EDA87F3DD
:10A790001188BFF36F8FD7E7286943691B68DB0512
:10A7A0000CD5FFF7CBFF041EEBDAF0E700232B718B
:10A7B000EB680133EB60EAE70024F9E76FF00A0485
:10A7C000E5E73F4E347854B108F052FC421E67F181
:10A7D000000305F1180007F04CFB041E6DDB08F0C8
:10A7E00047FC10B12B79022B0ED02F6917B33846D6
:10A7F000FFF7A4FF044648B90121284607F030FBC3
:10A8000060B1384607F039FB6FF00A043378002B4B
:10A810009AD005F1180007F02EFB95E7BFF35B8F88
:10A8200055E8003F43F0040345E80032002AF7D121
:10A83000BFF35B8FEB680133EB602B79022B08D100
:10A8400005F1400008F001FC10F0010001D1287171
:10A85000DCE7337843B105F130074FF0FF384FF0B4
:10A86000FF392B79022B10D0EB68012BCED8AB68C7
:10A87000686901219847041EB7BFEB68002303F104
:10A88000FF33EB60A8BF2B71C0E70321384605F109
:10A89000180A08F065FE504607F0EDFA0022CDE9EF
:10A8A00000890321384608F05FFE4FF0FF324FF079
:10A8B000FF33504607F0DDFAD3E76FF00A0443E7B1
:10A8C00004220020F8B545690646002D61D0052117
:10A8D000284607F0C5FA00285ED1304607F066FA30
:10A8E000044600285AD17069082107F0B9FAE0B18E
:10A8F0007569EFF31187402383F31288BFF36F8FDD
:10A90000297931B9AB6830469847041E07DB01232B
:10A910002B712B6843F020032B600023EB6087F33F
:10A920001188BFF36F8F2046F8BD1E4F3B783BB1B7
:10A930004FF0FF324FF0FF3305F1180007F099FA9E
:10A940006B692BB918496E6105F1400008F071FB85
:10A950002979E1B9AB6868699847041E0FDB0123C8
:10A960002B710023EB60BFF35B8F55E8003F43F092
:10A97000200345E80032002AF7D1BFF35B8F3B7814
:10A98000002BD0D005F1180007F075FACBE70024B2
:10A99000E7E76FF08504C6E70024C4E76FF00F0413
:10A9A000C1E700BF04220020D51E010008B50448FD
:10A9B00007F0ABF8BDE80840024807F0A6B800BFB2
:10A9C000E83D01001D3E010030BFFFF7FDBF00BFA5
:10A9D0002DE9F0410B4EDFF8308006EB0807CC1B69
:10A9E000054632460949204608F0C8FDA0194246EE
:10A9F0000021083C08F0D0FDC5F8844007F10800AC
:10AA0000BDE8F0810000000004000000CC39010026
:10AA1000074A936893F90E10002907DB52699342A5
:10AA20001FBF044A536843F080535360704700BF10
:10AA3000041C002000ED00E070B5264B15469A6A14
:10AA400012F0100F9A6A14BF1124102412F0080F8C
:10AA50009A6A18BF1224920706460AD5586B9A6A5A
:10AA6000140634D519B19A6A22F080029A6213242E
:10AA700001E06FF01500174B9A6A12F0010F9A6A05
:10AA800018BF142412F0200F9A6A18BF1524D2069A
:10AA900002D49B6A9B070AD50E4B5B68190506D545
:10AAA000314600F06FFA10B180F309880224094B97
:10AAB0009A6A920642BF5A6A22F400525A629A6A0D
:10AAC00042F0FF029A6200232B70204670BD6FF0A7
:10AAD0001500CCE700ED00E0134B9A6A12F0007FFE
:10AAE0009A6A14BF1E201D2012F0807F9A6A18BF38
:10AAF0001F2012F4002F9A6A18BF212012F4802F11
:10AB00009A6A18BF222012F4003F9A6A18BF2320C5
:10AB100012F4803F9A6A6FEA02426FEA12429A6226
:10AB200018BF2420704700BF00ED00E010B5194B9E
:10AB30000246986A9C6A10F4805F14BF17201620A2
:10AB400014F4006F9C6A18BF1820A40509D5986BEF
:10AB5000986A000404D51AB19A6A22F400429A62F3
:10AB600019200C4B9A6A12F4806F9A6A18BF1A2047
:10AB7000D2050CD49B6A13F4005F18BF1C20054A51
:10AB8000936A43F47F43936200230B7010BD1B2034
:10AB9000F5E700BF00ED00E0F0B5484B5B688BB017
:10ABA0000446C3F30803002585F31188BFF36F8FB4
:10ABB00002F07F40B0F17F4F11D102F00C00082865
:10ABC0000DD010074CBF0C4601250022033B8DF829
:10ABD0000720032B05D8DFE803F0246367602C46C9
:10ABE000F3E700239DF80720CAB902AE04F120075D
:10ABF00020686168324603C20834BC421646F7D169
:10AC0000099A002D54D0C2F3080121B96FEA5222EB
:10AC10006FEA4222099202A9184607F0A0F90BB088
:10AC2000F0BD264BDA6A9107DBD4DA6A002AD8DB5A
:10AC3000DA6A5200D5D55A69A16942F480725A6124
:10AC4000BFF34F8FBFF36F8F5A6931F8021C22F4A4
:10AC500080725A61BFF34F8FBFF36F8F4DF6027250
:10AC600091420AD09A6AD2B24AB10DF1070201218B
:10AC70002046FFF7E1FE0346B4E72368B2E79A6A8D
:10AC800012F47F4F05D00DF107010120FFF74EFFB1
:10AC9000F1E79B6AB3F5803FA3D3FFF71DFFEAE717
:10ACA0000DF107020021E3E70DF107010020EDE7B8
:10ACB00022F4FF7222F00102ACE700BF00ED00E0D9
:10ACC000044B5A6942F010025A615A6922F0080294
:10ACD0005A61704700ED00E0EFF30880EFF309815F
:10ACE00001B57246FFF758FF01BD00BF002080F399
:10ACF0001488BFF36F8F0F4880F3088803F098FD26
:10AD000000200D490860BFF34F8F00F02BF8402062
:10AD100080F3118809484FF40461401880F30988D2
:10AD2000EFF314800221084380F31488BFF36F8F80
:10AD300000F0F0F8004D002094ED00E0403F0020CE
:10AD40000749D1F890200023C2F307221846934206
:10AD500000DB7047C1F89830C1F8A0000133F6E776
:10AD600000ED00E008B572B6002383F31388FFF707
:10AD7000E7FF144B4FF0FF32C3F88020C3F8842064
:10AD8000C3F88820C3F88C20C3F89020C3F894201F
:10AD9000C3F89820C3F89C20C3F88021C3F884210D
:10ADA000C3F88821C3F88C21C3F89021C3F89421FB
:10ADB000C3F89821C3F89C2162B6BFF34F8FBFF34D
:10ADC0006F8F08BD00E100E0084B9B6883420BD108
:10ADD000EFF3058343B1064B5A6842F080525A6044
:10ADE0005A6A22F400425A6205F07ABB041C002021
:10ADF00000ED00E016498A684FF030001044EFF390
:10AE0000098C80E8F01F402080F31288BFF36F8F19
:10AE1000104F4FF000664A698A603E604FF084042C
:10AE2000141920680C4C2060D2F888000023C2F866
:10AE3000883080F3118804B5104600F009F9BDE8A8
:10AE4000044002F1300090E8F01F8CF3098870474D
:10AE5000041C002004ED00E0A01A00201EF0040FE6
:10AE60000CBFEFF30880EFF30980816911F8021C31
:10AE70000229FFD001B5724607F077F801BD00BF87
:10AE800040B2002807DB044A4109012300F01F00FB
:10AE9000834042F82130704700E100E040B20028D2
:10AEA0000CDB4309064900F01F00203301228240D9
:10AEB00041F82320BFF34F8FBFF36F8F704700BF60
:10AEC00000E100E0054B420900F01F0053F822208A
:10AED000012303FA00F01040704700BF00E100E0DA
:10AEE00040B2D30754BF023100210028ACBF00F1AB
:10AEF0006040074A4FEA4113ACBF00F5614000F0E3
:10AF00000F00DBB2B4BF135480F80033704700BFAA
:10AF100014ED00E00B4A08B50B4B22F07F029A605B
:10AF2000BFF34F8FBFF36F8FD3F8882022F47002E6
:10AF3000C3F8882004F0B4FB05F0F2FB00F05EF8E3
:10AF400004F0F2FB0000000000ED00E042F8203CBD
:10AF5000009B42F81C3C0A49019B42F8183C029BAA
:10AF600042F8143C21F001014FF0807342F8043C98
:10AF700042F8081C0023203A0265C0F88830704768
:10AF8000A5A30000094A0346906870B113F1160F9B
:10AF9000406F05D0A0F140029A4205D8834203D207
:10AFA000814228BF0020704700207047041C002009
:10AFB00008B515460A4A0B4B9060D0F884201A60F9
:10AFC0000E4600F045F82C4686F309880020064B13
:10AFD00098472046002100220023044C204700BF50
:10AFE000041C0020A01A0020891F0100A5A3000056
:10AFF000014B10221A61704700ED00E00448002365
:10B000004021C2180133272B82F80013F9D1704771
:10B0100000E100E008B5EFF30583064A103B02EBC0
:10B02000C30152F8330049688847BDE80840FFF77C
:10B03000EFBC00BFCC370100024B034A034801219B
:10B0400000F076B80000012000000020383C01002C
:10B05000426F054B403A1A60044A4021C3E901128D
:10B060001846012100F06EB8A41A002000000B154C
:10B07000084AC2F898000B6823F01F03034343F00B
:10B080001003C2F89C308B6843F00103C2F8A03073
:10B09000704700BF00ED00E02DE9F043DFF860806D
:10B0A00085B00E461F4604464FF00009B14523DA2D
:10B0B0006068D8B13FB1411E08421BD11F2819D981
:10B0C0002368194216D12368019306F080FFA36814
:10B0D00003430393D8F89050C5F30725D0B2013D40
:10B0E000A84207D801A9FFF7C3FF421C09F10109D3
:10B0F0000C34DBE76FF01502104605B0BDE8F083B5
:10B1000000ED00E0044B0522C3F89420BFF34F8FFD
:10B11000BFF36F8F704700BF00ED00E0BFF35F8F9C
:10B12000024B0022C3F89420704700BF00ED00E0FE
:10B1300010B5034C01232278FFF7AEFF207010BD3D
:10B140007221002008B50B4A00231278FFF7A4FFF4
:10B1500010F1160F07D0084A0021D2F89030C3F33F
:10B160000723984200DB08BDC2F89800C2F8A0107F
:10B170000130F2E77221002000ED00E02DE9F043FC
:10B18000534B544CD3F890302568C3F307239D42AA
:10B1900085B000F29A80FFF7C1FF00200C2685429F
:10B1A0001AD14D4C4D4F25706846FFF723FADFF852
:10B1B0002081DFF82C9106460025AE4213D123787A
:10B1C00043490020D1F89020C2F30722934276DB56
:10B1D000FFF798FF002042E0616806FB0011FFF7CF
:10B1E00047FF0130DBE7009800EB05114FEA051C33
:10B1F000CB683B40B3F5000F48D00AD8B3F5001F29
:10B2000030D0B3F5800F36D0B3F5801F10D00135A4
:10B21000D3E7B3F1807F42D0B3F1007FF7D150F88C
:10B220000C3088684A6806F0D2FE40F4802009E0BD
:10B2300050F80C3088684A6806F0C9FE40F0885023
:10B2400040F43020CDE901230390D8F890302078E5
:10B25000C3F30723013B98422AD96FF0150005B0CC
:10B26000BDE8F08350F80C3088684A6806F0AFFEFD
:10B2700040EA0900E6E750F80C3088684A6806F0B2
:10B28000A6FE40F0E06040F40030DBE750F80C3000
:10B2900088684A6806F09BFE40F08270D2E750F85A
:10B2A0000C3088684A6806F092FE40F08870C9E762
:10B2B00001A9FFF7DDFE237801332370A7E7C1F86A
:10B2C0009830C1F8A00001337CE74FF0FF30C6E7AB
:10B2D00000ED00E0443C0100722100200000F0FF7E
:10B2E0000000081108B50649064821F00701C1F120
:10B2F000005202F5803206F0AEFB002008BD00BF10
:10B30000575C0020B01A002070B54169867A0B4D59
:10B31000044659B1437ADB0706D42C2303FB0653BA
:10B320005B6A1B689B689847002363612C20214659
:10B3300006FB0050BDE8704007F0B9BDFC040020DA
:10B34000024B2C2202FB0030704700BFFC0400209F
:10B35000827A064B2C2101FB02339A6A1B7F1B3336
:10B36000801A23F00303B0FBF3F07047FC040020C5
:10B3700038B5074B827A2C2404FB02335B6AD3E98D
:10B3800001240C601568FFF7E3FF04FB005038BD93
:10B39000FC0400202DE9F04385B005466846039182
:10B3A00090461C4607F0BEFFDDE90067EFF3118908
:10B3B000402383F31288BFF36F8F6B8B002B41D038
:10B3C0002A8B9A4225D900220023284604F0F6FA57
:10B3D0000446F0B189F31188BFF36F8F039B002BF4
:10B3E00041D032463B46684607F0C0FFA27A264B62
:10B3F0002C2101FB023320465B6A1B6803A91D68F0
:10B40000DDE90023A847606170BB2046FFF77CFFA1
:10B4100024E0698B4B1E6B8389F31188BFF36F8F18
:10B420002B7F2A8BAC6A1B3323F00303521A02FBD7
:10B430000344154B154AEB1A9B105343A3722B7F01
:10B44000E372CBE789F31188BFF36F8F234642463F
:10B45000284604F0B3FA04460028BFD10024204651
:10B4600005B0BDE8F0836361012300252381039BC0
:10B470006382E27A6560294604F1180008F08CF8CE
:10B4800063692582E360EAE7FC040020A38B2EBAFF
:10B4900070B50C4C2C2500B970BD037A4668013B91
:10B4A000DBB20372002BF7D1C3604360837A05FBE4
:10B4B00003431B6A13B198473046ECE7FFF724FFBC
:10B4C000FAE700BFFC040020044A0123C2F840351B
:10B4D0004FF080420020C2F87835704700E001400C
:10B4E00020B1034B800143F001031847704700BFB0
:10B4F000003C010008B5044807F086FB00280CBF9B
:10B500006FF01200002008BD5437010038B50C461A
:10B51000511C154606F0D9FD00280BDB1C492046BE
:10B52000FDF701FC20B11B492046FDF7FCFB40B9AB
:10B530002870002038BD0120FAE70220F8E7032038
:10B54000F6E715492046FDF7EEFB0028F3D0134936
:10B550002046FDF7E8FB0028EDD011492046FDF715
:10B56000E2FB0028E9D00F492046FDF7DCFB00286C
:10B57000E3D00D492046FDF7D6FB0028DFD00B496C
:10B580002046FDF7D0FB0028D9D06FF01500D1E799
:10B590006D3E0100743E01009C3D01007D3E0100B6
:10B5A000863E0100903E01009C3E0100A63E010047
:10B5B00008B506F0ACFD04F075FE044B1B680BB13A
:10B5C0000A209847BDE8084004F080BEBC1A00205D
:10B5D00038B50546054806F010FD044620B10121A6
:10B5E0000C3006F03DFD2576204638BD5405002080
:10B5F00010B5044604F056FE024B1C60BDE8104036
:10B6000004F064BEBC1A00200E38012810B50CD816
:10B610000A4806F0F2FC044628B101210C3006F07D
:10B620001FFD02232376204610BD09B10448F0E730
:10B63000BDE810400220FFF7CBBF00BF800500200F
:10B64000FC04002010B5012104460C3006F023FD57
:10B650002146034A0078BDE81040002306F082BD71
:10B66000C83C010010B5012104460C3006F013FD62
:10B670002146034A0078BDE81040002306F072BD61
:10B68000C83C010038B51B4806F0D0FC044680B326
:10B69000017E022902D1038A012B0BD8FFF7F8FEA5
:10B6A000154BD3F8143123B3BDE83840134914487F
:10B6B00007F0A9BC0C3006F0EEFC03780E3B012B22
:10B6C00005460ED80F4A1049104840F6CE3306F012
:10B6D00029FA002383F31188BFF36F8F03231846E1
:10B6E00002DF28780A4A0323214606F03BFD204664
:10B6F000D4E738BDC4010020B0000020540300206E
:10B7000000140020B23E0100E63E0100143F01009B
:10B71000B03C01002DE9F0478846164682460028D5
:10B7200079D0BFF35B8FDFF8F490002359E8004F26
:10B7300049E80032002AF9D1BFF35B8F002C6AD0B0
:10B740002046FFF705FE364D0C2303FB005027462D
:10B750004388534511D0BFF35B8F59E8003F49E858
:10B760000072002AF9D1BFF35B8F002B53D01F4624
:10B770003846BDE8F047FFF78BBEA6420FD0204603
:10B7800006F036FC04F10C09022301214846237619
:10B7900006F066FC328AF168484606F06BFC2046EB
:10B7A000FFF7D6FD0C2606FB00504368ABB1B8F19D
:10B7B000000F12D12046FFF7CBFD06FB0050012100
:10B7C0004268D2E90003127A03F01F06B1405B0918
:10B7D000DAB100EB830006F0B2FC2046FFF7B8FDBB
:10B7E0000C2606FB00508368002BC1D02046FFF7D3
:10B7F000AFFD704305F800802046FFF7A9FD06FB6A
:10B800000055A86804F00CF9B2E7C94300EB8300C7
:10B8100006F0BFFCE1E7BDE8F08700BFC0010020F3
:10B82000C01A0020094BBFF35B8F1A68BFF35B8F10
:10B8300002F00902BFF35B8F53E8001F43E80020CA
:10B840000028F9D1BFF35B8F704700BF840100204F
:10B8500010B5C1E900239DF808300B720C46FFF7C4
:10B8600077FD034B0C2202FB00335C6010BD00BF70
:10B87000C01A00202DE9F0474FF0FF3206464FF086
:10B88000FF331848884606F0B8FB044638B300F189
:10B890000C070121384606F0E3FB012323762046FE
:10B8A000FFF756FD104D4FF00C0909FB00504FF00B
:10B8B000000A46802046FFF74BFD09FB0050C0F808
:10B8C00008A02046FFF744FD09FB00550321384638
:10B8D000C5F804A006F0C8FB068080F80280204668
:10B8E000BDE8F08728050020C01A0020034B014660
:10B8F000D3F8340182689268104700BFB00000207E
:10B900002DE9F041044600F10C06304606F0CBFB71
:10B91000B4F81080B8F1010F054604D82046BDE800
:10B92000F041FFF7B5BD3046022106F0B4FB0378C5
:10B93000052B064622D00E3B012B21D9114A124974
:10B94000124840F6EE7306F0EDF8002383F31188F9
:10B95000BFF36F8F0323184602DF022702230C4A2E
:10B960003078214606F0FEFBBB07D7D56369A4F803
:10B97000108013FA85F5E560BDE8F0810327EDE757
:10B980000127EBE7B23E0100313F0100143F010007
:10B99000A03C010010B50C4604F084FC237E022B71
:10B9A0001AD1E3681B78052B0AD00E3B012B0AD86D
:10B9B0002046FFF7A5FF002404F088FC204610BDB8
:10B9C0002046FFF79DFF2146064806F01AFB064970
:10B9D000064807F018FBEEE72046FFF759FD6FF029
:10B9E0001504E9E7C40100205403002000140020DE
:10B9F0000148042106F0A3BB8401002000487047E1
:10BA00004A3F0100014804F0B5B900BF44030020DB
:10BA100038B502460B46244DD5F81C1109B9002053
:10BA200038BD05F1F80004F02FF80028F7D1002206
:10BA3000002305F58E7003F0C1FF044668B91B4A68
:10BA40001B491C4840F6DD3306F06CF884F311887E
:10BA5000BFF36F8F0323184602DFD5F8100120B122
:10BA6000FFF716FD0023C5F81031204606F0F4FA62
:10BA7000C5F810012046FFF739FF98B10E4803F0D2
:10BA8000CFFF2046FFF764FC0C4B0C2202FB00307A
:10BA90001F2140882246FFF73DFE2046FFF7F8FCB5
:10BAA000FFF7B0FF0120BBE7B0000020B23E01006D
:10BAB0004F3F0100143F0100A8010020C01A0020E0
:10BAC0002DE9F04F064687B015460C4631B9FFF711
:10BAD000D1FE044648B96FF068007BE0887AFFF732
:10BAE0002FFC484B834240F08680012200216846AB
:10BAF00007F0EBF92046FFF72BFCDFF80C910C2345
:10BB000003FB0090C0F808D0204606F0A5FA0146D5
:10BB10003E4807F0C1F9FFF775FF07F0B9FD3C4B50
:10BB20001A583C4B9A4222D1DFF8ECA0DFF8ECB077
:10BB3000364807F0C6F9002180464FF4A020FFF7F1
:10BB400067FF074688B94FF4D873524659463448C0
:10BB500005F0E8FF3348314605F0E4FF87F311882C
:10BB6000BFF36F8F0323184602DF4445E0D14FF443
:10BB7000A0220023684603F087FF074698B14FF4E0
:10BB8000DB73254A2849264805F0CCFF27483A466A
:10BB9000314605F0C7FF002383F31188BFF36F8F91
:10BBA0000323184602DF2046FFF7D2FB0C2358433D
:10BBB00019F80060BEB12046093EFFF769FC092E66
:10BBC0000ED8DFE806F01B0D0D0A050D0D0D0D1842
:10BBD0006FF00B0007B0BDE8F08F6FF00C00F9E7D5
:10BBE0006FF00400F6E715B12C600020F2E7204664
:10BBF000FFF74EFCF9E76FF01500EBE76FF06E0012
:10BC0000E8E700BF28050020C01A0020CC01002072
:10BC10000800000008190020B23E0100533F010057
:10BC2000143F01005B3F01007B3F0100843F0100A6
:10BC3000F7B50022114640F60340FFF741FF0446E6
:10BC4000002853D1FFF7EEFD214601AA41F203007F
:10BC5000FFF736FF0446002848D1019A844DD16889
:10BC6000D1F80100D1F8051005F1780303C310469F
:10BC7000FFF70EFC214601AA41F20100FFF720FF69
:10BC8000044698BB0198C3685A7885F870205A8892
:10BC9000A5F872201A7985F87120B3F80720A5F865
:10BCA0007420B3F80530A5F87630FFF7F1FB214694
:10BCB00001AA41F20200FFF703FF0446B0B9019F59
:10BCC000FA6805F18006531C4132186859683446F9
:10BCD00003C4083393422646F7D13846FFF7D8FB12
:10BCE00095F87C30580604D46FF01204204603B057
:10BCF000F0BD01AA002142F20300FFF7E1FE044675
:10BD00000028F3D1019A5B4BD168D1F80100D1F83A
:10BD1000051003C31046FFF7BBFB1F23A5F8E8304F
:10BD200095F87C30990618D4022140F66D40FFF753
:10BD3000A1FD0646002800F0978002210C3006F095
:10BD400093F90123447003702246314640F66D405A
:10BD5000FFF7B6FE04460028C8D195F89C301A07B4
:10BD600012D501AA002142F21C00FFF7A9FE0446E9
:10BD70000028BBD10198C368D3F80120D3F805305F
:10BD8000C5E93823FFF784FB082142F20100FFF7E1
:10BD900071FD0446002867D008210C3006F064F9D4
:10BDA00002270022077042708270C27002714271D5
:10BDB0008271C271214642F20100FFF781FE044602
:10BDC000002893D1082140F60140FFF753FD0646B5
:10BDD000002849D008210C3006F046F98023437032
:10BDE000202304708470047144718471C770C3711E
:10BDF0002246314640F60140FFF762FE0446002825
:10BE00007FF474AF014601AA4FF60140FFF758FED8
:10BE1000044620BB0198FFF73BFB214601AA4FF6E1
:10BE20000240FFF74DFE0446C8B90198C368B3F855
:10BE30000130A5F8C130FFF72BFB95F8C1305B0747
:10BE40000DD501AA21464FF60340FFF739FE30B960
:10BE50000198C3685B7885F8C030FFF719FB03B021
:10BE6000BDE8F04000F09CBA6FF068043EE700BF08
:10BE7000B00000208801002073B5264D0646D5F895
:10BE8000340106F0C1FE00283CD06FF0020105F13C
:10BE9000D40006F07EF9012106F051F910EA010400
:10BEA00033D11D4B1E600A4605F1F80007F00DF86E
:10BEB00005F58E7006F0E4FF184807F0B4F818494D
:10BEC000164800946FF007034FF4806203F058FFA8
:10BED0001449124807F0D2F8D5F8340112498368A2
:10BEE0001B689847044628B93EB9FFF7A1FE78B908
:10BEF000FFF77EFD204602B070BD05F1C40003F0DF
:10BF000039FFF7E76FF01204F4E76FF07704F1E719
:10BF10000446EFE7B0000020D81A002000140020EB
:10BF2000C0360020C93F010095B9000010B5FFF7E9
:10BF30007FFE044608B9FFF75BFD044B1B681BB18D
:10BF40002046BDE81040184710BD00BFD81A002099
:10BF5000F7B5144B93F99B30002B05460C461DDAC0
:10BF600014B9204603B0F0BD082C01AA4FF000011F
:10BF700042F21800264628BF0826FFF7A1FD002838
:10BF8000F0D1019FF96832460131284607F0F6FAF0
:10BF90003846FFF77DFA3544A41BE1E76FF08500D2
:10BFA000E0E700BFB000002038B5032104460C30A4
:10BFB00006F071F8E3680578B0F80100197840F6EA
:10BFC000354398420AD02246FFF7A4FB35B1044816
:10BFD00003F026FDBDE83840FFF714BD38BD00BFB3
:10BFE000A801002038B5042104460C3006F053F8AF
:10BFF0004578017840882246FFF78CFB35B104482C
:10C0000003F00EFDBDE83840FFF7FCBC38BD00BFB3
:10C01000A8010020F8B50A4DEF7906460024E3B2E6
:10C020009F4202D86FF0010007E02946304606F033
:10C03000C7F80735631C08B12046F8BD1C46EEE77B
:10C04000B000002070B5144E06223146044607F0B9
:10C05000ABFAD8B1062142F20500FFF70BFC05460A
:10C06000B0B1062221460C3006F004F80022294621
:10C0700042F20500FFF724FD48B93346226843F831
:10C080006929A288B280012283F86820002070BD4F
:10C090006FF06800FBE700BF1901002037B50446C8
:10C0A0000D4689B11849284606F08AF860B9174A42
:10C0B0002968C4EBC404A3181151AA889A80AA79EC
:10C0C0009A71002003B030BD684605F0F0FF0028EB
:10C0D000F8D16846FFF79EFF0028F5DA0B4A009872
:10C0E0009DF80610C4EBC404A3181051BDF8040059
:10C0F00098809971002DE4D012592A609A88AA80FC
:10C100009B79AB71DDE700BF5A3E0100B000002013
:10C1100070B5044611B16FF0150070BD80B11C49B7
:10C1200006F04EF860B92046FFF774FF002829DAC0
:10C130002378012BEFD1A37903F0C003C02BEAD100
:10C14000144DEB79012B20D0BFF35B8FD5F8D430A1
:10C15000BFF35B8FDB0707D4002CDCD00C492046F3
:10C1600006F02EF80028D6D1EE792146731C304611
:10C17000EB71FFF793FF08B93046CEE7EB79013B4F
:10C18000EB71CAE76FF07700C7E76FF00B00C4E709
:10C190005A3E0100B00000202DE9F3410446D8B119
:10C1A00001AA002141F20900FFF78AFC054698B96F
:10C1B000019E1249D6F80C8008F101070622384684
:10C1C00007F0F2F928B10E490622384607F0ECF9DB
:10C1D00030B93046FFF75CF9002002B0BDE8F081CD
:10C1E000D8F80130C4F80130BB88A4F805303046D7
:10C1F0002570FFF74DF90120EFE700BF673E010012
:10C20000613E010007B56846FFF7C6FF044BD871D1
:10C2100018B169460020FFF741FF03B05DF804FB49
:10C22000B0000020F0B5294DEE7989B0002E46D13E
:10C2300095F8C230DB0722D56A4631464FF60940F1
:10C24000FFF73EFCD8B9DDF800C0DCF80C4063789D
:10C25000012B1E4628BF012673B1A31C02AA12346B
:10C2600018685968174603C70833A3423A46F7D1FE
:10C27000186838609B88BB806046FFF709F9EE714B
:10C28000002416260127EB79E0B2834202D8B3B12D
:10C29000002012E008AB06FB0033694653F8182C67
:10C2A00033F8143CCDF80120ADF805308DF800705E
:10C2B000FFF7F4FE01340028E5D009B0F0BD0021FD
:10C2C000084609B0BDE8F040FFF722BFB0000020EB
:10C2D0002DE9F0410D4617461C460646002856D06B
:10C2E000002B54D00A03037808D56D074FD405F00E
:10C2F00077FF002849D1012323700CE0E9072CD5F2
:10C3000026480FB1AA0608D4C3EBC302825C012AF7
:10C3100012D002B92270002037E090F8D8205106E0
:10C3200038D5C3EBC302825C012A05D002B9227062
:10C33000237843F00203DFE74FF00108072111FBE8
:10C3400003810144304605F043FFF0B984F80080D2
:10C35000002FE0D0AB06DED5EAE76A0711D50F491A
:10C36000C3EBC3028E5C012E08D1072212FB0363CC
:10C37000194405F02DFF40B92670EBE7002EE9D1F6
:10C38000FAE705F02DFF01232370BDE8F0816FF07F
:10C390001500FAE76FF08500F7E700BFB000002056
:10C3A00010B50A4CE3790BB1002010BDFFF72AFF4E
:10C3B0000028FAD1E379002BF6D1FFF733FF0028EC
:10C3C000F3D1601CBDE81040FFF73CBEB000002078
:10C3D000F8B545686905064635D4046914B115F009
:10C3E000010330D0194F3078FB7983422BD9C0EB51
:10C3F000C00017490722384407F0D6F8A8B115F055
:10C40000010306D197F87020082A02D8B2689F2A43
:10C4100019D915F0300F09D0ACB1EA060AD405F4E9
:10C420006035B5F5603018BF0120F8BDEB0601D4CA
:10C43000002CF4D1D6E902239A4204D81F2A02D94B
:10C44000B3F5804FEBD90020EFE700BFB00000202C
:10C450005A3E0100F0B5054685B00F4805F0EAFEEA
:10C460001F460306164613D50B4805F0E3FE0446A7
:10C470000A4805F0E1FFC4F3C02402900A46CDE962
:10C48000007406483346294605F05FFF05B0F0BD4D
:10C490006FF00A00FAE700BFD8000020C8000020B3
:10C4A0002DE9F04FD1F810A08BB0BAF10005064687
:10C4B0007C48059318BF012505F0BCFE40070C46DB
:10C4C000934640F1E5800846FFF782FF28B96FF0F8
:10C4D000150528460BB0BDE8F08F204605F097FE05
:10C4E00081460028F3D006F11008404605F0A2FE70
:10C4F0000106C0F3C01300F1CE80CDE90733CDF8BB
:10C500002330A3686068ADF81830E368ADF81A30DE
:10C5100005F081FE6FF480718DF82500614805F00B
:10C520008FFE614A2378337082F86F3061682A4643
:10C530000DF11D033046FFF7CBFE05460028C8D19C
:10C5400006F10903BAF1000F18D022691168C6F884
:10C5500009109188998092799A71204605F07CFFA4
:10C560006368DA0707461BD4980503D4149B0BB9FC
:10C57000022F48D102238DF81C3023E04B4A11686A
:10C58000C6F809109188927999809A71204605F031
:10C5900063FF6368DD070746E6D58DF81CA011E050
:10C5A00013F0100F0CBF012304238DF81C302369F6
:10C5B0001A68CDF81E209A88ADF822209B798DF854
:10C5C0002430A9460F2142F20600FFF753F9054631
:10C5D000002863D00F2206A90C3005F04BFD294638
:10C5E000002242F20600FFF76BFA054600287FF4AE
:10C5F00070AFBAF1000F0CD00121304605F03CFFBE
:10C60000F0B1054665E70323DDF850908DF81C3046
:10C61000D8E7159B0093CDE90197149B059A5946DD
:10C62000304605F092FE0028EBD10121304605F09E
:10C6300023FF0028E5D1606880F00200C0F34000CD
:10C6400000F001020E21404605F068FE7B1E5A42B2
:10C650005A414046082105F061FEB91E4A424A414E
:10C660004046092105F05AFE6268404602F0010288
:10C670000A2105F053FE4A4640460B2105F04EFEC6
:10C6800062680D21C2F38002404605F047FE20E7B4
:10C690006FF00A051DE76FF077051AE76FF0680580
:10C6A00017E700BF84010020B00000205A3E0100BF
:10C6B00073B51546069A0C46CDE900322B460A465C
:10C6C00001461148FFF7ECFE21460646002340F2E2
:10C6D00001109D4202D1304602B070BD0A888242EC
:10C6E00004D14A6812B11278D20702D4013308315A
:10C6F000EFE70649064806F09CFC4FF47022002341
:10C70000034803F0D9FBE6E7C8000020C924010074
:10C71000E000002008B50B4805F0D3FE0A486FF48E
:10C72000804105F08DFD084805F084FD03461B0699
:10C73000C0F3C01005D5BDE808400248002105F04F
:10C740009BBE08BDC8000020D800002014280ED8C9
:10C75000084A12F8103053B102EB4002527832B15D
:10C7600008684343002093FBF2F30B6070476FF0BF
:10C7700015007047D23F010021B1012902D06FF0AE
:10C7800085007047024B0020C3F80015704700BFBA
:10C790000070004010B504460648FDF7CFFF94F83E
:10C7A0008610054B012209B1DA6010BD1A605A608B
:10C7B000FBE700BF9C370100007000402DE9F0410D
:10C7C0000D7905F01F03072B1DD80C780C2C1AD8F7
:10C7D000DFE804F00808081907191C19191E2019A8
:10C7E000220003244A78032A18D0042A0BD10020FF
:10C7F0004A8844F20A06B24264D843F6FE76B24250
:10C800000ED8002A6CD06FF0150057E00424E9E739
:10C810000524E7E70624E5E70724E3E70120E7E747
:10C82000A2F57F523F3A0B2AEDD801A656F822F026
:10C83000E9C8000007C8000007C8000007C80000DA
:10C8400061C8000007C80000C1C8000007C8000098
:10C8500007C8000007C8000007C80000E1C80000C2
:10C860000022224F8E7997F8A8C04FF001080003EC
:10C8700008FA03FE40EA042015F020055FFA8EFE58
:10C8800040EA02404FEA031214BF2CEA0E0C4CEAB5
:10C890000E0C02F1804287F8A8C002F5E04218BFF2
:10C8A00045461F44497987F8A01040EA0550C2F870
:10C8B00018050020C2F81005C2F81465BDE8F08123
:10C8C0000122CEE744F21406B2420BD044F228060D
:10C8D000B24209D044F20F06B24294D10322C0E71B
:10C8E0000222BEE70422BCE70522BAE7E8010020E5
:10C8F000F7B50D464FF0FF335B484FF0FF3203F0C2
:10C90000C3F86E68731EFE2B44D800235748584F57
:10C910001A4626FA03F111F0010126D017F803C0D8
:10C92000BCF1000F36D000EB031E6C7CDEF818154E
:10C93000003C18BF012421F0807141EA0461CEF867
:10C94000181503F151010901013240F801C0D2B2BA
:10C950000133082BDDD12B7C083B062B1AD8DFE8EE
:10C9600003F0111925192119230000EB031CDCF831
:10C97000184524F08074CCF8184503F151042401C3
:10C980000151E5E700233949012AC1F8F0356B7CF4
:10C990000ED97BB16FF01504334803F041F82046FF
:10C9A00003B0F0BD0223EEE70323ECE70123EAE73F
:10C9B000082BEFD8C1F8F4352968530011B18989E3
:10C9C00001FB0333E96899424AD3284BA968C3F8AD
:10C9D0002C162F46C3F830260FCF264C04F17406D0
:10C9E0000FC63B683360002626672B6827469BB33B
:10C9F0000FCB04F1880585E80F006567A4F89860FF
:10CA000050B3BFF35B8F57E8003F47E80062002A4E
:10CA1000F9D1BFF35B8F1849D4F88850174A4FF407
:10CA200000400F463146E5FB007100233846FAF717
:10CA300097FC0022CDE90001002304F1080004F076
:10CA400015F80F484FF0FF324FF0FF3303F01CF89A
:10CA500000B12067246F9FE70648FFF79BFEF0E7D1
:10CA60006FF00B0498E700BF280200200070004020
:10CA700088020020E80100203F420F0040420F00E2
:10CA80004002002038B5114B0025C3F80451D3F8FB
:10CA90000421C3F81051D3F810211222C3F8042343
:10CAA00004460720FEF7ECF92A4601210720FEF78D
:10CAB00017FA0748836C13B9403002F0B1FF2046E3
:10CAC0000449BDE8384005F087B900BF0070004058
:10CAD000E801002079C700002DE9F0413E4CD4F870
:10CAE00004318046002B69D000233C4DC4F804314A
:10CAF0000126D4F804313A48A66005F0BEF9A96FC2
:10CB000095F8A80008422F4606D16B6FC3B9354887
:10CB1000BDE8F04102F084BFD4F82C263346C9B2F8
:10CB2000194208D0184205D0B2F90040002CBCBF11
:10CB30000024148002325B009BB29842F0D2E4E7FA
:10CB4000D5F88C30B5F8982033B12749404698473E
:10CB5000012814D0022829D0B5F89830B5F89420CF
:10CB60009A4223D90133A5F898301B4BD3F82C26D1
:10CB7000D3F8341689B202EB4102C3F82C26D5F85B
:10CB8000883023B9BDE8F0411448FFF703BEBFF376
:10CB90005B8F57E8003F5A1E47E800210029F8D173
:10CBA000BFF35B8F012BEDDCBDE8F081D5F8883059
:10CBB000002BACD00D4806F0FAFBA8E7D4F8102102
:10CBC000002AF1D0C4F81031D4F810310123A36049
:10CBD00023606360E8E700BF00700040E8010020C8
:10CBE0009C370100400200205C020020F001002080
:10CBF000084B70B5C31A0D4607499B1004465943AC
:10CC00000648402205F082FC2B4601462046BDE83E
:10CC100070401847F01A0020B76DDBB624370100CA
:10CC200073B50C4C0C4A4023041B00930D460B4675
:10CC30000A49A41061430646094805F093FC011E09
:10CC400005DA30462B4602B0BDE87040184702B006
:10CC500070BD00BFF01A0020CF250100B76DDBB614
:10CC600024370100002270B5012104461046FEF76A
:10CC700037F90F4801F0B8FD0E4B984215D105F079
:10CC8000DEFE26690C49304604F0F8FF00280BDB75
:10CC9000012535642469084904F11C0004F0EEFF05
:10CCA000002801DBE564002070BD6FF00400FBE7A5
:10CCB00015CE00000000AD0BD83C01007FB500226E
:10CCC0000123CDE9022304ABCDE90433094ACDF8B1
:10CCD00000D06B46CDF804D005F072FC002805DBCF
:10CCE0004FF480420023684602F0CEFE07B05DF8A4
:10CCF00004FB00BFE725010010B5074C23782BB9D2
:10CD00004FF4A57005F07BFF01232370BDE81040B0
:10CD1000002001F059BD00BF7321002010B5EFF3D2
:10CD20001184402383F31288BFF36F8F074A13687F
:10CD300023F00201DB07116002D4012005F07AFE26
:10CD400084F31188BFF36F8F10BD00BF401B00201C
:10CD500030B4104B0C2202FB003301460020D3E913
:10CD60000E529863EFF31180402484F31288BFF3CE
:10CD70006F8F1C6C04F0C00444F002041C6480F348
:10CD80001188BFF36F8F1DB12B46034830BC184785
:10CD900030BC7047F01A00202437010010B4EFF3C4
:10CDA0001182402383F31288BFF36F8F1748016805
:10CDB00041F002040460C80707D482F31188BFF36E
:10CDC0006F8F012010BC01F0FFBC4FF08041D1F803
:10CDD0000C04D1F80C14C907EFD5EFF3118083F3DD
:10CDE0001288BFF36F8F0A490B6C03F0C00343F046
:10CDF00002030B6480F31188BFF36F8F82F31188F5
:10CE0000BFF36F8F002010BCFFF7A2BF401B0020B4
:10CE1000F01A002010B1012804D07047034B1B6C9E
:10CE20005B0701D1FFF794BF704700BFF01A0020E5
:10CE30002DE9F0413849BFF35B8F0746012251E8E5
:10CE4000003F41E800200028F9D1BFF35B8F33B9E0
:10CE5000324933484B60CB608A6004F022FF7B1E6E
:10CE6000012B2BD8012F07D14FF08043D3F81C346E
:10CE700003F00303012B21D006F0FAF80546F8B9B8
:10CE8000284B1B78E3B14FF080430222C3F80823FC
:10CE90000646DFF894804FF08044D4F81824D4F884
:10CEA0001834D20315D503F00303012B01D0012F51
:10CEB0000FD155B386F31188BFF36F8FBDE8F081B2
:10CEC000EFF31186402383F31288BFF36F8F0125A0
:10CED000DFE7ADB1304605F06BF8D4F81835002B1C
:10CEE000DBD1D4F80421002AD7D0C4F80431D4F817
:10CEF00004310123C4F81835C8F88031A360CCE7A9
:10CF00000021212006F070F9E7E74FF0804302226C
:10CF1000C3F80423D2E700BFEC1A0020DC1A00207B
:10CF20000C1B00200422002000E100E0EFF311823E
:10CF3000402383F31288BFF36F8F0A4BD3F800119D
:10CF400061B10021D3F80805C3F80011D3F800310E
:10CF5000C0B282F31188BFF36F8F70476FF00A0081
:10CF6000F7E700BF00D00040F0B5034610469C78BC
:10CF700093F803C0EFF31182402585F31288BFF3C5
:10CF80006F8F1F7893F801E0E41B04EA0C04A042C1
:10CF900088BFA0B23E180CEA06063D461E7082F31A
:10CFA0001188BFF36F8F0A188A4216D177450CD1CA
:10CFB000EFF31182402181F31288BFF36F8F19784C
:10CFC000597082F31188BFF36F8F1B79241AA34223
:10CFD00022BF064B01221A60F0BD5E190135767939
:10CFE00001F8016B05EA0C05DEE700BF00D0004048
:10CFF000DB432DE9F04713F001050E46144604D03B
:10D000002248FFF7B1FFBDE8F0879AB3EFF311882C
:10D01000402383F31288BFF36F8F0D20FDF752FF7B
:10D0200007460D20FDF73AFF88F31188BFF36F8F95
:10D03000DFF85CA0DFF85C80CAF80051DAF8003154
:10D040004FF400590123CAF800302546C8F88091F2
:10D05000DAF8003183B1FFF769FF031EC8F8809149
:10D06000F6DB013DADB27355002DF1D117B10D20A6
:10D07000FDF706FF2046C6E7EFF31180402383F358
:10D080001288BFF36F8F04F093FFE1E7741B002059
:10D0900000D0004000E100E02DE9F041124F0D46C4
:10D0A000144607F1450814B92046BDE8F0814FF059
:10D0B000FF334FF0FF32384602F0E6FC22462946A5
:10D0C0004046FFF751FF0646384602F0A9FC3EB93C
:10D0D0004FF0FF324FF0FF33044802F0D5FCE6E793
:10D0E000A41BA4B23544DEE7441B00205C1B0020D7
:10D0F00038B5194C01221146204605F0E6FE012202
:10D10000002104F1180005F0E0FE40F20743A4F806
:10D1100048304FF0706323630C2384F834300025CB
:10D120000E4B84F84550A4F84650D3F8042522F05D
:10D130000102C3F804250121C3F80051D3F80021EE
:10D14000C3F804132A4619600D20FDF7C9FE0D200F
:10D15000FDF796FE284638BD441B002000D0004055
:10D1600010B5FFF7E3FE002820DB174B93F83220C1
:10D1700093F8314093F83310141B31EA0404C0B221
:10D180000DD193F8472093F8464093F84810141BAC
:10D1900031EA04040BD10D4B01225A600EE09C18B9
:10D1A0000132114084F8350083F8321010BD9C180C
:10D1B0000132114084F84A0083F847100448BDE862
:10D1C000104002F02DBC00BF441B002000D00040E6
:10D1D0005C1B002038B545682B69B3B11035284673
:10D1E00001F0F8FE044680B90146284601F0BEFE73
:10D1F000084B98420BD108492246284601F09EFE72
:10D20000224605210620FDF76BFE002038BD6FF099
:10D210000400FBE70000AD0B1DD20000430970B510
:10D2200007D10B4B596821B101250C68094E854087
:10D2300001B970BD8A682A4002D04B6830469847D1
:10D240001CB1236821461C46F2E72346FAE700BFDB
:10D25000981B00203C3701002DE9F043476840F25D
:10D260000636D0063B7B87B002EA060654BFC2F3FF
:10D270004010032001F01F05B6F5837F144645EAF0
:10D2800043158DF8030043D00FD8062E18D007D8C9
:10D29000B6B1022E3ED06FF0150007B0BDE8F083A6
:10D2A000B6F5807FF7D101260AE040F202229642CD
:10D2B00032D0B6F5407F31D0B6F5007FEBD10226F3
:10D2C0000123220303FA01F12AD57B68C3F808156C
:10D2D0003B695BBB05F01F026D0974D1920002F13E
:10D2E000A04284F48031D2F80037C1F30041C4F386
:10D2F000404423F4E16344EA410423F007031C4360
:10D3000044EA800444EA0624C2F800470020C4E747
:10D310000726D5E70426D3E70526D1E70326CFE77E
:10D32000630344BF7B68C3F80C15D1E710370DF1D8
:10D3300002022946384601F007FE14F4403F8046B9
:10D340000CD12946384605F0FCFB214B9845DDD130
:10D350009DF80210384601F047FED7E701AB4FF0C9
:10D36000000903AA29463846CDE90439CDE90199D7
:10D37000CDF80C9001F0BCFC154B98428BD114F405
:10D38000003315D09DF803308DF80E3084F48034CE
:10D39000C4F300444B4603AA294638468DF80C6076
:10D3A0008DF80D4001F054FD094B9842CDD072E745
:10D3B000CDE9043303AA0DF103032946384603934C
:10D3C00001F096FCF0E702F5E07253F82230FFDE40
:10D3D0000000AD0BF0B54068057B01F01F0444EA86
:10D3E0004514056987B0002D60D0B2F5001F00F12B
:10D3F000100506D12146284605F0A5FB002007B000
:10D40000F0BD01AE0027B2F5800F0197776038D1EB
:10D41000B3F1007F14BF052304238DF804300023EB
:10D42000CDE904630393836823FA01F111F001014C
:10D4300019D1B2F1A07F16D104F01F03620903F5E0
:10D44000E07339D14FF0A04252F82330DB070AD401
:10D450000DF1030632462146284601F075FD184BB2
:10D46000984219D0029603AA2146284601F040FCB2
:10D47000144B98421DD101222146284601F0C0FDDF
:10D48000BCE7B3F1C06F05D0B3F1007F14BF012337
:10D490000223C2E70323C0E73146284601F0AAFD74
:10D4A000084B9842DED06FF00B00A8E76FF08500C4
:10D4B000A5E76FF01500A2E751F82330FFDE00BFAB
:10D4C0000400AD0B0000AD0B2DE9F04FDFF800813B
:10D4D000DFF800918C46002740F2FF1EFBB29C450E
:10D4E00002D80020BDE8F08F50F82730C3F3C724DE
:10D4F00014F00804C3F3C321C3F3080A57D1F2455B
:10D5000018F801504FEA136136D0052926D00629B4
:10D510003CD1C2F810A5264650F8271001F4004B64
:10D52000BBF1000F1CBF002601245FEA5A1A03F06A
:10D530001F0346D19B0003F1A043C1F3412BD3F855
:10D5400000A7290241EA8B010AEA090A41EA0A0115
:10D55000314341EA4401C3F8001715E0C2F80CA5B5
:10D5600001245FEA5A1128D101264FF0A04106FAA2
:10D570000AFBC1F80CB5CFE7052913D006290AD15B
:10D580004FF0FF33C2F810350137A7E7042911D156
:10D59000C2F808A5E5E704290CD14FF0FF33C2F823
:10D5A0000835F1E74FF0FF33C2F80C35ECE76FF0C8
:10D5B000150097E76FF0850094E70023C3F80C355A
:10D5C000FFDE03F5E073002252F82330F8E700BFD6
:10D5D00045400100F0F8FCFF7FB505464068296929
:10D5E0008A6D0B6E0ABBABB14C6D8B6616461A4644
:10D5F000C96D0291CDE9004611B3002B18BF134647
:10D6000000226946039301F01DFF0E4B98420AD099
:10D610006FF004032C69236404F1280002F000FA7F
:10D62000002384F86C3004B070BD4C6D13B19A4285
:10D6300028BF1A46002C8A6614BF16460026D7E774
:10D640000B46DDE70000AD0B2DE9F04F89B00E462B
:10D650000093436801938B880469990407469146B7
:10D6600029D44FF0FF324FF0FF3304F1100002F0E5
:10D670000BFA6660D7F81080D7F804A098F86D30E0
:10D6800023B1D8F800309E4200F0A780B6F804C05D
:10D690001CF4006F16D06FF0850523689B8813F487
:10D6A000005304D1636004F1100002F0B9F9284678
:10D6B00009B0BDE8F08FA369002BD2D163689E4208
:10D6C000CFD1D7E71CF0090F02D06FF01505E4E7C2
:10D6D000CCF34513082BF8D135689E4B9D42F4D905
:10D6E0000AF1080BBBE80F000DF10C0EAEE80F00BD
:10D6F000DBF80030CEF80030974B9D424CD9974B69
:10D700009D424CD9964B9D424CD9964B9D424CD94B
:10D71000954B9D424CD9954B9D422CBF4FF00045F7
:10D720004FF080451CF0020F05950CF0040342D029
:10D73000002B14BF032302238DF81830CCF3001301
:10D740008DF81930DAF80030D3F808251CF0020FF4
:10D75000CCF340014FEA52104FF001032FD10028C3
:10D7600040F0F18093404FF0A042C2F80C3598F899
:10D770006D302BB1504601F02DFE002388F86D303E
:10D7800043467B4A03A9504601F0F0FD794B98428D
:10D790001ED06FF0040580E74FF00075C2E74FF030
:10D7A0008065BFE74FF00065BCE74FF08055B9E7F3
:10D7B0004FF00055B6E7003B18BF0123BCE7002837
:10D7C00040F0C48093404FF0A042C2F80835CEE745
:10D7D000012388F86D30C8F80060012384F86C30AC
:10D7E000019B596A4A1C03D003F1280000F0F4F8A9
:10D7F000B9F1000F40F08780C4F844900023A3647F
:10D8000004F1580204F1480104F1440004F061FFFE
:10D81000009B6065002B7FD1E3640023236504F146
:10D82000600204F1500104F14C0004F052FFE06585
:10D8300020680023236448B183683BB1012108308C
:10D8400004F083FF2368186905F0D9F93846FFF71B
:10D85000C3FE0022A06C1346834266D10023256DCF
:10D860001946A94268D19342264638BF13464FF461
:10D87000FA5202FB03F556F8283B4FF000081B68EC
:10D88000B5FBF3F54FF4004CC835414640F2E730A4
:10D890004FF47A720023E5FB0C01F9F761FD0246B3
:10D8A0000B46304602F0F0F818B9256C15F1740FEC
:10D8B00013D10198C4F8688001F08CFD84F86D8064
:10D8C0003F696FF073053D6407F1280002F0A8F886
:10D8D00087F86C80304602F0FDF82368002B3FF497
:10D8E000DCAE9A68002A3FF4D8AE998811F48056CD
:10D8F0007FF4D3AE186905F082F92068314608300C
:10D9000004F023FFC9E6D9F800306364002B3FF42C
:10D9100075AFD9F8043072E7009B1B68E364002BF5
:10D920003FF47BAF009B5B6878E7616C01EBC30160
:10D93000013349680A448FE7E06C00EBC100013114
:10D94000406803448DE7C1F80C15FFDE0023C3F8DF
:10D950000835FAE747E801008FD003001FA1070050
:10D960003F420F007F841E00FF083D0000127A0036
:10D97000772801000000AD0BF0B587B001238DF8CA
:10D98000023002238DF804306B4403930F4601AB41
:10D990000DF103010024049305460291059401F062
:10D9A00029FB0C4B984206460FD103AA394628465C
:10D9B00001F09EF9B0420BD09DF80310284601F00B
:10D9C00013FB6FF0040007B0F0BD6FF01200FAE730
:10D9D0002046F8E70000AD0B2DE9F0410D46064664
:10D9E00005F0B3F8002207462946304601F008FB4F
:10D9F0006B0905F01F0429D1A40004F1A044164BC3
:10DA0000D4F80027134043F00C03C4F8003704F0A7
:10DA10008CFF80463368DB597BB1002730462946AE
:10DA200005F091F8D4F800270B4B134043F00403A2
:10DA3000C4F800373846BDE8F08104F076FFA0EB6B
:10DA400008000628E6D96FF07307E7E704F5E074ED
:10DA5000002353F82430FFDEF0F8FCFF70B50123FB
:10DA600083400E4ABFF35B8FDC4352E8001F01EA9C
:10DA7000040542E80056002EF7D1BFF35B8F4FF448
:10DA8000803282400648C0F80823BFF35F8FBFF39F
:10DA90006F8F0B4214BF0120002070BDA81B002017
:10DAA0000010014070B40E49D1E90034D01AC318F7
:10DAB00044F1000422F07F46C1E90034A6F50013CA
:10DAC000B3F5400F09D2074B1B681A0A1B069C19B5
:10DAD000054B42F10005C3E9004570BC02F0E0BE11
:10DAE000C0140020AC1B0020C814002011B3BFF3E9
:10DAF0005B8F0123104A834052E800CF4CEA030CAD
:10DB000042E800C10029F7D1BFF35B8F0B4A4FF405
:10DB100080338340C2F80433094BBFF35B8F1B682B
:10DB2000BFF35B8FC340DB0742BF064B4FF40032AD
:10DB3000C3F80021704700BFA81B0020001001405F
:10DB4000A41B002000E100E00D4B1868010A00064C
:10DB5000BFF35F8F0B4BD3F80435181841F1000168
:10DB6000B3F5801F0AD2084BD3E90023904271EB32
:10DB7000030303D210F1807041F10001704700BF30
:10DB8000AC1B002000100140C81400202DE9F04F0C
:10DB900085B016461F469DF840A00446FFF75EFF7D
:10DBA0000190FFF7D1FFB04271EB070354D23E4B17
:10DBB000301A67EB0101984271F100014FD23B4BE3
:10DBC00003EB0413D3E902239F4208BF96425ED0C1
:10DBD00037494FF4803804F1500508FA04F8AD00D5
:10DBE000C1F848832046ADB204F093FE26F07F4B87
:10DBF00005F1804504F5A87305F58835DC464FF03E
:10DC000003090293029A2CF07F4341F82230C1F8B5
:10DC10004483D1F80435274A6FF00200C01A6044EB
:10DC200020F07F40904232D9286868B1D1F804359D
:10DC30000393A3EB0B0020F07F40B0F5000F26D933
:10DC4000204604F066FE039BBAF1000F07D109EBF2
:10DC5000030C09F10109D5E7BAF1000F09D06FF003
:10DC6000150520460199FFF741FF284605B0BDE89C
:10DC7000F08F0123104ABFF35B8FA34052E8000FDF
:10DC8000184342E800010029F8D1BFF35B8F074930
:10DC90000E98230101EB0412C8500F9B5360C2E998
:10DCA00002670025DDE700BF01008000B0140020FE
:10DCB00000100140FDFF7F00A41B00207FB51C4C1D
:10DCC0001C4BC4F80833C4F848331B4B00254FF0F5
:10DCD000FF304FF0FF31C4F80855C3E902014FF49B
:10DCE0008033C4F80433154B02264FF4003201216F
:10DCF000C4F804631120C3F880212A46FDF7F0F828
:10DD00001120FDF7BDF80E4A0123A36023601360C4
:10DD10000C4B0D4A0093CDE9015500232846FFF72F
:10DD200035FF3046FFF784F8284604B070BD00BFC9
:10DD30000010014003000F00B014002000E100E0DB
:10DD4000A81B0020A5DA0000FFFF7F002DE9F743A4
:10DD50002B4CD4F8043399070BD5D4F8043143B1D4
:10DD6000284A0023C4F80431D4F80431136801337D
:10DD70001360D4F80433DA0323D5BFF35B8F224B4F
:10DD800053E8002F22F0010143E800100028F7D1EA
:10DD9000BFF35B8FD30702D4D4F840318BB1002599
:10DDA000C4F84051D4F84031FFF7CEFEEFF31082B3
:10DDB00072B6164BD3E90267B042B94104D282F37E
:10DDC000108803B0BDE8F0834FF0FF384FF0FF3903
:10DDD000C3E90289D3E900101D604FF48033C4F811
:10DDE0004833C4F84051D4F8403182F310880029F8
:10DDF000E7D0009032463B4628468847E1E700BF1F
:10DE000000100140AC1B0020A41B0020B014002017
:10DE100030B5431C124C85B005D08442A8BF0446DF
:10DE2000012CB8BF0124FFF78FFE0E4B0C4DD3E938
:10DE30000013401AB0F5000F10D22218AA4228BFD2
:10DE40002A4652184FF0000007490091CDE9010021
:10DE500043F10003FFF79AFE05B030BD2A46F0E714
:10DE6000FFFF7F00C0140020A5DA000008B5FFF70F
:10DE70006BFE024B1B68C01A08BD00BFC014002017
:10DE800002460B46014801F0D1BC00BFB804002097
:10DE9000014801F043BD00BFB804002008B50A46A0
:10DEA0000146074803F031FE064803F02EFE00232A
:10DEB00083F31188BFF36F8F0323184602DF08BD79
:10DEC0005A400100493E010070B5064686B0194827
:10DED0000D46194905F07BF801A8F2F79BFA17489F
:10DEE00004F092FE00B3164B00936846F2F7B8FABE
:10DEF000E8B94FF0FF304FF0FF31FFF7C1FF0446A4
:10DF000038B910491048F2F743FA044620B1FFF738
:10DF1000BFFF204606B070BDFFF7BAFF33690B485C
:10DF20001D60FDF765FBF4E76FF01204F1E76FF099
:10DF30001504EEE7B41B00206129010054370100ED
:10DF400001E00000D014002019E000006DE10000A5
:10DF500030B52A4885B0F2F791F90446002845D13A
:10DF6000F2F76AFA0546002845D101AA02218DF888
:10DF70000440F2F7BDF9041E38DB082301AA07218B
:10DF80002846ADF80430F2F7B3F9041E2EDB4FF04B
:10DF90001B13019301AA40F2032303212846ADF885
:10DFA0000830F2F7A5F9041E20DB012301AA0421A1
:10DFB00028468DF80430F2F79BF9041E16DB1F2368
:10DFC00001AA06212846ADF80430F2F791F9041EA3
:10DFD0000CDB40F262239C420BDD85F31188BFF31A
:10DFE0006F8F0423184602DF6FF00B04204605B044
:10DFF00030BD2C46FAE76FF08504F7E79DDE0000A0
:10E0000010B403460A46034881680C681946234643
:10E0100010BC18475437010070B53C4C94F8473099
:10E02000F3B194F84730042B43D120783E2829D00F
:10E03000FF282DD0002563780233472B5CD80022BF
:10E0400000232946FDF7E0FA064630BBCDB1002398
:10E0500084F84730BDE870402D492E4804F0D3BF06
:10E060004FF0FF304FF0FF31FFF70AFF48B904F1DE
:10E070004701204600F006FB0546FFF709FF002D8B
:10E08000CFD070BDA578022D14BF00250125D2E7A1
:10E09000A57805F0FD05802DF6E762781B49023270
:10E0A0000C3003F0E7FF1C4B1B6831461B489847B8
:10E0B000CDE7022B14D1002200230820FDF788FAB7
:10E0C00005460028DDD062880432472A14D80F495B
:10E0D00005F10C0003F0CEFF0F4B29461B68E5E766
:10E0E000082BB4D1002200232020FDF771FA6288AA
:10E0F00005460028E8D1C4E7002383F31188BFF365
:10E100006F8F0423184602DFA1E700BF74210020AF
:10E11000B41B002038170020B01B002084370100FA
:10E1200038B50B8A0D46D3B10B7E012B17D14FF0BA
:10E13000FF304FF0FF31FFF7A3FE044668B9E868EF
:10E1400000F030F80446FFF7A3FE34B9054906484D
:10E1500004F059FF2846FDF79BF9204638BD6FF0C3
:10E160001504FAE7B41B0020381700200A4B93F877
:10E170004730042B02D1810709D47047022B02D10A
:10E18000020704D47047082B05D1830603D5034941
:10E19000034804F038BF704774210020B41B0020EE
:10E1A00038170020F7B5C74D2B780646002B40F0F6
:10E1B000628204238DF80730C34B04881F68B7B10F
:10E1C0000DF106030DF10702691CB84701280ED0B6
:10E1D0009DF80630002B40F028819DF80730AB7089
:10E1E0000E2201236A70EB70AC80A87126E1A30AAD
:10E1F000082B6BD009D8032B0ED0042B1FD0012085
:10E2000040F206439C427DD10FE13F2B00F0738129
:10E21000012001280AD0E0E7B6F9003040F60142BB
:10E22000934205D040F60342934205D00120FCE022
:10E23000F01CF9F74AFAECE7F2F7E6F9E9E7338878
:10E24000A3F58053013B082BF0D801A252F823F02C
:10E2500075E2000087E200009BE200002DE2000072
:10E260002DE200002DE200002DE200002DE2000072
:10E27000BBE200009DF80730944808338DF8073062
:10E28000F9F7ACFAC5E79DF80730904840338DF8B0
:10E29000073004F067FB00209FE79DF80730083344
:10E2A0008DF80730894B00221A605A60EB7A23F010
:10E2B000600343F06003EB72EDE79DF8073083489D
:10E2C00006338DF80730F9F78BFAA2E7304642F2B1
:10E2D0001C0130F8033B1AB28A4259DCB2F5005FE8
:10E2E00042F2640214DC9442A0D000F2C28142F2F5
:10E2F00019039C4200F2BB8142F20C039C424FF096
:10E30000010067D840F21D439C4200F08E8080E7F8
:10E31000A3F50053013B1B2BE5D801A151F823F0D5
:10E32000ABE30000E3E30000F5E30000E7E20000F8
:10E3300047E400004DE4000053E4000065E4000001
:10E340006BE4000071E40000E7E20000E7E2000097
:10E35000E7E20000E7E200007DE400008FE4000057
:10E3600095E400009BE40000E7E20000E7E2000023
:10E37000E7E20000E7E20000A1E40000B3E40000EF
:10E38000E7E20000E7E20000E7E20000D1E400007D
:10E3900042F24B039A4200F0A58042F27C039A427B
:10E3A00069D042F264039C429EE7F9F71BFA42F2FD
:10E3B00064039C4239D042F264039C4200F2038120
:10E3C00042F219039C4200F2468142F20C039C4245
:10E3D0007FF616AFA4F500530D3B9BB241F24122EC
:10E3E00032E19DF80730394803338DF80730F9F7EB
:10E3F000FEF9DCE79DF80730344808338DF8073024
:10E4000004F0D3FA42F264039C420DD000F2DA80A9
:10E4100042F219039C4200F21D8142F20C039C421D
:10E4200040F20B810020D5E700200F236B700423FE
:10E43000AB700123E8702B71A5F8054001232B7008
:10E44000002003B0F0BDF9F7D4F9B0E7F9F7D3F93C
:10E45000ADE79DF807301D4801338DF80730F9F717
:10E46000CCF9A4E7F9F7CBF9A1E7F9F7CAF99EE7E8
:10E47000F9F7C9F99BE7F9F7DAF998E79DF807305A
:10E48000124801338DF80730F9F7BFF98FE7F9F734
:10E49000BEF98CE7F9F7BDF989E7F9F7BCF986E72A
:10E4A0009DF80730094910338DF80730F9F7B5F9B1
:10E4B0007DE79DF80730054808338DF80730F9F7F8
:10E4C000AEF974E7BC210020C41B0020C32100204A
:10E4D0009DF8073008338DF807300323EB710023D4
:10E4E000EB728FE79DF80730644802338DF80730F0
:10E4F000F9F79BF95BE730464FF60C5230F8033BD7
:10E50000934236D84FF60152934206D803F2FF32B7
:10E5100092B20A2A20D901203AE0A3F57D43023BBA
:10E520000A2BF8D801A252F823F000BF19E6000028
:10E530001FE6000025E600002BE6000017E50000BE
:10E5400017E5000017E5000017E5000017E50000DB
:10E5500017E5000031E60000A3F57C43013B0A2BE0
:10E5600069D8DFE803F00D1B6868684D68683B44B4
:10E5700050004FF61D529342CDD1F9F72DF907E027
:10E580009DF807303D480C338DF80730F9F7A2F8B5
:10E5900024F008034FF602529342B6E69DF8073086
:10E5A00040338DF80730354B00221A80EB7923F089
:10E5B000230343F02303EB712B7A23F0070343F08B
:10E5C00007032B72002042F285039C42E0D842F2FE
:10E5D00067039C4233D842F2660395E69DF8073004
:10E5E000264817338DF80730F9F791F8D0E79DF8F2
:10E5F0000730224820338DF80730F9F7ACF8C7E729
:10E60000F9F783F8C4E79DF807301C4801338DF80B
:10E610000730F9F7BDF8BBE7F9F7D0F8B8E7F9F735
:10E62000CFF8B5E7F9F7CEF8B2E7F9F7D1F8AFE7E9
:10E63000F9F7D0F8ACE70120BDE6002062E6A4F5CA
:10E640000153283B0E4A9BB222FA03F3DB077FF506
:10E65000E0ADEAE6002042F232039C423FF4E5AE30
:10E66000A4F50153033B012B7FF6DFAED1E501207A
:10E67000F1E70120A7E74FF0FF30E2E6C3210020D9
:10E680002F80402038B5094C23780D461BB9BDE8D2
:10E690003840F9F70AB8A278611C023204F06EFF24
:10E6A0000020042320702B7038BD00BFBC21002047
:10E6B00070B505460E46084C204604F0A5FA38B160
:10E6C000A368B2B2294620461B68BDE870401847CF
:10E6D0006FF0120070BD00BF5437010008B50A4644
:10E6E0000146074803F011FA064803F00EFA00232A
:10E6F00083F31188BFF36F8F0323184602DF08BD31
:10E700008B400100493E010037B53223ADF804309B
:10E71000124A00230125192168468DF80630ADF80C
:10E7200000508DF80230F8F7EBF8044690B94FF43A
:10E73000AF60F5F7F1FC2A4621460820FCF7D0FB34
:10E740002A4621460B20FCF7CBFB2A4621462846C9
:10E75000FCF7C6FB204603B030BD00BFDDE600007D
:10E760000149024804F04FBCC81B002038170020A4
:10E7700037B50D4D0D49002400946FF009034FF497
:10E780008062284601F0FCFA0949284604F076FC2C
:10E790000849094804F01BFC224604211920FCF713
:10E7A0009FFB204603B030BD38170020003B0020FF
:10E7B000A0400100E1290100C81B0020014B0020FE
:10E7C0001B681847D81B002020B1012806D1044837
:10E7D000F5F7D8BB034B01201B681847704700BFF3
:10E7E000BDE70000D81B0020014B186001487047AE
:10E7F000D81B00200000AD0B4FF0704393F8E02FC2
:10E80000062A09D1D3F8E83FC3F30313033B042BD3
:10E8100002D8024AD05C704700207047B94001001E
:10E82000024AD2F80034002BFBD0704700E00140D0
:10E8300010B504F007F940B14FF080538E4AD3F879
:10E840002433C3F30423C2F84035FFF7D5FF10B1DA
:10E850008A4B8B4A5A6704F0F5F848B14FF0805361
:10E860004FF08042D3F84432C3F34233C2F83C3510
:10E87000FFF7C2FF30B1834AD2F8FC3023F0807337
:10E88000C2F8FC3004F0DEF840B14FF080430022C3
:10E89000C3F80C21C3F81021C3F83825FFF7ACFFEB
:10E8A00020B14FF080430322C3F8A025FFF7A4FF57
:10E8B00060B1754B0522C3F810260122C3F88826E3
:10E8C0000022C3F818263F22C3F814264FF08053C5
:10E8D000D3F83021511C09BF4FF07043D3F83431C5
:10E8E00093F8E02FD3F8E83F08BFC3F30313062AD9
:10E8F0004DD1033B042B03D8644AD35C002B46D094
:10E900004FF08052624BD2F80414C3F82015D2F8AD
:10E910000814C3F82415D2F80C14C3F82815D2F83B
:10E920001014C3F82C15D2F81414C3F83015D2F80B
:10E930001814C3F83415D2F81C14C3F84015D2F8D3
:10E940002014C3F84415D2F82414C3F84815D2F89B
:10E950002814C3F84C15D2F82C14C3F85015D2F86B
:10E960003014C3F85415D2F83414C3F86015D2F833
:10E970003814C3F86415D2F83C14C3F86815D2F8FB
:10E980004014C3F86C15D2F84424C3F8702504F081
:10E9900059F848B14FF080534FF08042D3F85832C5
:10E9A00003F04F03C2F8E43E04F04CF848B14FF0D6
:10E9B0008043D3F80024D20744BF6FF00102C3F8AC
:10E9C00000244FF08053D3F83021062A26D1D3F803
:10E9D0003431033B042B02D82E4AD35C63B12E4A58
:10E9E000D2F83C3743F48063C2F83C374FF0805391
:10E9F000D3F83031062B11D14FF08053D3F8343196
:10EA0000033B042B02D8254AD35C3BB14FF01023C3
:10EA1000D3F808224FF08043C3F858254FF0102355
:10EA2000D3F80022002A03DBD3F80432002B22DAC9
:10EA30001B4901234FF01020C1F804351524FFF7BE
:10EA4000EFFEC0F80042FFF7EBFEC0F80442FFF70C
:10EA5000E7FE0023C1F80435FFF7E2FEBFF34F8F56
:10EA60000849104BCA6802F4E0621343CB60BFF35D
:10EA70004F8F00BFFDE710BD0030014000C00740D0
:10EA80000DF0ADBA00ED00E000500040B4400100D0
:10EA900000C00040AF40010000100040AA4001004B
:10EAA00000E001400400FA0530B50468CCB1BFF3C2
:10EAB0005B8FB4FA84F3C3F11F03DBB201229A40E7
:10EAC00024EA020250E8005FA54204D140E8002C8D
:10EAD000BCF1000FF6D1BFF35B8FE6D102480B709B
:10EAE00030BD0248FCE700BF0000AD0B0200AD0BDB
:10EAF00010B50368CB40DB0714D401238B400268B8
:10EB0000BFF35B8F43EA020150E8004F944204D107
:10EB100040E8001CBCF1000FF6D1BFF35B8FEED1D3
:10EB2000014810BD0148FCE70000AD0B0400AD0B2F
:10EB300070B500F108030C4C34F81330DA050546C3
:10EB40000E4607D5C3F3432304EBC30254F8333016
:10EB500052689847A3682BB1E26831462846BDE861
:10EB60007040184770BD00BFE803002010B4C0B269
:10EB7000114A083032F81030D9051BD5C3F34321B0
:10EB800023F4F85322F8103002F10E04002034F878
:10EB9000023F13F4807F03D0C3F34323994209D08B
:10EBA00001302028F3D1002342F83130034810BC53
:10EBB000FFF79EBF10BC7047E80300204004002010
:10EBC000F0B5054600200446012607468C420BD1CD
:10EBD000114BD3F87C2132B10022C3F87C21D3F849
:10EBE0007C3140F00040F0BDE3B29B0003F5807241
:10EBF0009B0806FA03F31D420BD002F1804202F596
:10EC0000C042D2F800C0BCF1000F02D017601268F9
:10EC100018430134DAE700BF00600040C0B2064B81
:10EC2000083033F81000830643BF400B800000F526
:10EC300080704FF4BE707047E8030020CBB20246EC
:10EC4000083308460C4931F81330990611D5990755
:10EC50000FD410685B0B01219940C0F808131268AB
:10EC600002EB8303D3F8102522F00302C3F810252A
:10EC70007047002103F048BFE8030020F7B5CDB28C
:10EC8000174E0835074636F81530DB070C4624D5F5
:10EC9000FFF7D4FF36F815309A0606D55B0B3A68B5
:10ECA00003F5A273002142F823102046FFF75EFF10
:10ECB000002301A826F81530019403F0D2FE019B31
:10ECC00000EB8300074BD0F80027134043F002030A
:10ECD000C0F80037044803B0F0BD0448FBE700BFAC
:10ECE000E8030020F0F8FCFF0000AD0B0400AD0BC2
:10ECF0002DE9FF41136807460C461546FBB1CEB21D
:10ED0000DFF83C81083638F8162002F02202222A69
:10ED100022D00022CDE900228DF80E208DF80F20A0
:10ED20000DF10E010DF10F02204603F0A4FE38F89C
:10ED3000163023F0020343F0010328F816306B6805
:10ED40004BB393F800C05A683D4EE3B2083336F82F
:10ED50001310880702D5B2B13A481FE021F0200114
:10ED6000C904C90C26F813106AB1BCF1030FF3D81B
:10ED70006A68386852681278BCF1000F11D102F548
:10ED8000A27240F822C036F8132022F01C0242EA98
:10ED90008C0226F81320AB6843BB2B4804B0BDE8B7
:10EDA000F08100EB820041EA4231D0F810E52EF00C
:10EDB000030EC0F810E53F6807EB820741F0200121
:10EDC000D7F8100526F8131020F4473020F44070CF
:10EDD000C7F810052002D7F810E500F4F85040EA13
:10EDE0000C4040EA0E00C7F81005CCE7D3E90067F5
:10EDF0002046FFF7BBFE002ECFD0114DD5E90023F2
:10EE0000964203D19F4201D1002209E00F480DF143
:10EE10000F01FFF749FE0C4B9842BFD19DF80F2020
:10EE200045F83260E4B205EBC20308345F6035F8A0
:10EE3000143043EA422343F4807325F81430ACE7DE
:10EE4000E80300200400AD0B0000AD0B40040020DF
:10EE50002DE9FF4107460C461E4612B3CDB2DFF83E
:10EE6000D080083538F81530980701D4990621D498
:10EE700013F01C0F02D05378012B1BD001238DF807
:10EE80000F300023CDE900230DF10F01931C204624
:10EE9000013203F0F0FD38F8153043F0030328F891
:10EEA0001530002E42D0E1B2214D083135F8112045
:10EEB000930703D41F4804B0BDE8F08196F800E042
:10EEC000D7F800C022F020020EF5A270D204002371
:10EED000D20C4CF8203025F8112096F801C0BCF176
:10EEE000000F23D03868B67800EB8E004FEA0C4C48
:10EEF000D0F8103523F4981323F4F853C0F81035E4
:10EF0000230203F4F8530CF4403C3605D0F8107596
:10EF100043EA0C0306F4801642EA4E32334342F0D1
:10EF200020023B4325F81120C0F810350248C2E703
:10EF3000E80300200400AD0B0000AD0B014BC3E95A
:10EF400002127047E8030020C9B20831044B33F8BD
:10EF50001130990643BF5B0B02481370024870479B
:10EF6000E80300200000AD0B0400AD0B70B5164D9A
:10EF700095F8604006462CBB2146402205F1100062
:10EF800004F00AFB30682E6D21468E420ED100231C
:10EF9000C0F87C31D0F87C3140F30730FBF770FFCC
:10EFA00001230A4885F86030AB6570BDCBB29B0089
:10EFB00003F580727C2B08BF845001F1010108BF6A
:10EFC0008358E2E70248F0E7E80300200000AD0BB9
:10EFD0000C00AD0B034B93F86000003818BF012004
:10EFE000704700BFE80300200148FFF781BD00BF64
:10EFF0003C0400200148FFF757BD00BF3C0400203F
:10F0000073B503680C46D3F804130029A4BF4FF06E
:10F010000041C3F80413E3B21D49083331F813303B
:10F0200099061AD513F0020617D15B0B9C000568F0
:10F0300004F580716E50695801682144D1F810457B
:10F0400044F00104C1F810452AB10168012202FA16
:10F0500003F3C1F8043302B070BDC3F38203042B81
:10F0600012D0052B12D001A8019403F0FAFC019AEA
:10F07000D0F81035D34003F00103991C204602B0AC
:10F08000BDE8704003F040BD0321F7E70221F5E73A
:10F09000E80300202DE9F347544B554FD3F8040300
:10F0A000396DC0B240F00040FFF78AFD051E18DA46
:10F0B0000023F96D0093684603F035FD4FF0010819
:10F0C00097F85C30DA075AD4396D4FF00040FFF7FB
:10F0D00077FDF96D684603F026FD0028F0D125F094
:10F0E00000450124002D69D102B0BDE8F08794FAF3
:10F0F000A4F4B4FA84F4E00804F1080304F007026D
:10F1000037F813901DF80030019408FA02F223EA50
:10F1100002030DF8003001A803F0A3FC019B03F5E6
:10F12000E0734FEA990150F82360C9F3820A4B0754
:10F13000D146C6F3014626D520465146FFF7F8FCD6
:10F1400001A8019403F08DFC019B03F5E073F6B276
:10F1500050F82330C3F301439E4207D100212046DB
:10F1600003F0D2FC3146204603F0CEFC01A8019406
:10F1700003F077FC019B08FA03F3C0F82035009CEC
:10F18000002CB4D1A0E7022E0CD10321204603F0BD
:10F19000BBFC0AF00503012BE8D149462046FFF7E6
:10F1A000C7FCE3E70221204603F0AEFCBAF1030FEF
:10F1B000F3D0032EDAD1BAF1020FEDE795FAA5F3F9
:10F1C000B3FA83F304FA03F29B0003F1804303F5DF
:10F1D000C04325EA0205D3F81005D3F81015C0F393
:10F1E0000420C1F30141FFF7A3FC7BE7006000406E
:10F1F000E803002007B5019001A803F0A9FC019BDA
:10F2000000EB8300054BD0F80027134043F00303C5
:10F21000C0F8003703B05DF804FB00BFF0F8FCFF56
:10F2200073B5CB7B0446002B38D10B7B0878012BC0
:10F2300077D803F0A4FC0B78019301A803F088FCB5
:10F24000019B00EB83003C4BD0F80027134043F0B8
:10F250000103C0F800374878FF2804D003F08FFC82
:10F260004878FFF7C7FF8B78FF2B0FD001A88D7B65
:10F27000019303F06DFC019B00EB83002E4BD0F853
:10F280000027134043EA8503C0F80037C878FF28F9
:10F2900004D003F067FCC878FFF7ACFF2379274858
:10F2A000CA78282505FB03039A770B7C9BB94B781A
:10F2B00025680E78FF2B18BF1A468B78C5F80865AD
:10F2C00008BF4FF0FF32FF2B08BF4FF0FF33C5F8E8
:10F2D0000C25C5F8103523688A68C3F824254B7BB4
:10F2E0000A7B2568003B18BF0123022A1CD0032A91
:10F2F0001DD0012A01D143F00203C5F8543523790A
:10F300004979282202FB0303D97723795343C35851
:10F3100083B1206840F3073002B0BDE87040FBF7CE
:10F32000AFBD03F01FFC86E743F00403E5E743F0BD
:10F330000603E2E702B070BDF0F8FCFFDC1B002022
:10F3400007B5019001A803F003FC019B00EB8300CB
:10F35000054BD0F80027134043F00203C0F80037F4
:10F3600003B05DF804FB00BFF0F8FCFF2DE9F041AD
:10F3700090F80480144C4FF0280C0CFB08FC04EBB4
:10F380000C06074696F81CE0BEF1000F19D144F8B0
:10F390000C20736041B1CB7B86F82530CB78B377F6
:10F3A0004B79F377FFF73CFF3A6808480123C2F82E
:10F3B0000035282202FB0844002262772377BDE84B
:10F3C000F0810348FBE700BFDC1B00200000AD0B11
:10F3D0000C00AD0B70B50679194C056828237343F2
:10F3E000E35833B145F30730FBF758FD0423C5F864
:10F3F00008330023C5F80035282303FB064393F8A0
:10F400002530BBB9D5F80805FFF79AFFD5F81005E8
:10F41000421C01D0FFF794FFD5F80C05431C01D026
:10F42000FFF78EFF282303FB0643987FFF2801D0B8
:10F43000FFF786FF282303FB06440023237770BDD4
:10F44000DC1B00202DE9F8430779394C28237B4346
:10F450009046E2180E46517F8146002966D1E35856
:10F460000BB10123537796E80F00282505FB0745CC
:10F4700005F10C0C8CE80F00A87F0023FF2885F80D
:10F48000243001D003F07BFB2823B8F1000F06D015
:10F4900003FB0743002227485A77BDE8F883D9F8D1
:10F4A000005003FB07430422C5F80823C3F820805B
:10F4B000C5F80881D5F8082172689AB133681B78BD
:10F4C000C5F81C357368012B0ED933685B78C5F815
:10F4D0001C3528237B43E65876B10423C5F8043352
:10F4E0001548DAE7DB7FEBE7F368012BF1D9282336
:10F4F00003FB0743DB7FEAE707EB870104EBC1016E
:10F50000D5F80831002BFBD0C5F808612846D5F89E
:10F51000083103F041FB0028F2D1282303FB074404
:10F52000A07FFF28DCD003F01DFBD9E70348B4E738
:10F53000DC1B00200300AD0B0000AD0B0B00AD0B7E
:10F5400010B54FF040200023C0F808310A49D0F828
:10F55000083103F021FB68B9887FFF2801D003F050
:10F5600001FB00234B770B72BDE81040D1E900315D
:10F570000248184710BD00BFDC1B0020E41B002020
:10F5800038B5EFF31185402383F31288BFF36F8FF3
:10F59000064B9C6803F04BFB85F31188BFF36F8F1C
:10F5A0002046BDE83840FBF70FBC00BF041C00201C
:10F5B00038B5094B53F82040013053F82050A5428C
:10F5C00000D838BD636823B1204603F033FB08340C
:10F5D000F5E723689847FAE7843D010070B52B4BA7
:10F5E0002B4C2C4D012286B003201A70FFF7E0FF50
:10F5F000FBF7DCF903F046FB0420FFF7D9FF2646B2
:10F60000AE4204F1300410D300F04CFE204C224EE8
:10F61000AC4226D300F05AFEF9F744FE1F4A137B92
:10F6200023F00103137306B070BD54F80C3C05932E
:10F6300054F8103C049354F8143C039354F8183CC9
:10F64000029354F81C3C019354F8203C009354E975
:10F650000A2354E90C0100F035FC54F8303C5E6597
:10F66000CDE7D4E90A23B3F1FF3F08BFB2F1FF3F72
:10F6700005D052EA0301206803D100F005FF3034C1
:10F68000C6E73146183001F095F8F8E7042200206B
:10F6900008390100683901007D3101007818002027
:10F6A00008B50348034A0021121A03F0E7FA08BD1F
:10F6B000B00500200822002070B5164E164D1749DF
:10F6C000902386B003FB006601220023CDE90423CA
:10F6D0000F22CDE902320193142303FB00550446A7
:10F6E0004FF4C07000FB04110D4B00954FF4A07255
:10F6F000304600F0E7FB737B0A4AEE6023F0040318
:10F7000073734FF4046304FB033313442C746B6072
:10F7100006B070BDE8170020041C002080470020C0
:10F72000512D0100403F0020BFB50020FFF740FFF2
:10F730002D4B83F308882D4D2D4E6B692D4F43F4CF
:10F7400000736B61E02385F8223000242023EB77DF
:10F750002C766C76AC7685F820406B6A43F4E02317
:10F760006B6285F82340FBF7ABFAFBF741FC4FF0E7
:10F77000FF33AB62EB62FBF701FDFBF75DFC1E4B59
:10F78000B36040F201129A81C3E91D44C3F880407E
:10F7900003F039FA0120FFF70BFF0220174DFFF7A6
:10F7A00007FF00F0C7FD164B75610593012315494E
:10F7B0000094CDE903434FF480623B46CDE9014418
:10F7C000284600F07FFB6A7B064622F004022846AA
:10F7D0006A7303F090FC2046FFF76EFF3A4631460D
:10F7E0002846FBF7E5FB00BF8047002000ED00E066
:10F7F000041C0020DDF50000B81900207818002056
:10F80000BE4001000049002038B5064C064DAC4210
:10F8100001D3002038BDD4E90112204603F033FAA9
:10F820001434F4E7B8040020B80400202DE9F341B3
:10F83000044617461E46EFF31188402383F31288CF
:10F84000BFF36F8FC368334A7BB180689168884289
:10F8500019D057EA060318D188F31188BFF36F8FC8
:10F860006FF00F0002B0BDE8F081916891F90E10C1
:10F8700021610133E3609368A36088F31188BFF3CB
:10F880006F8F0020EEE72169F2E791F90E1090F9F1
:10F890000E309942A8BF19466FF07E029142B8BF60
:10F8A00011468B422DDD03F05EFA0546CDE9007668
:10F8B00019482246414600F055FC0028E1D0EFF3FC
:10F8C0001186402383F31288BFF36F8FA068D0B1F5
:10F8D000236821699C420AD04BB193F90E309942BA
:10F8E000A8BF19466FF07E039942B8BF194603F0CE
:10F8F0003AFA40B10848314600F0AEFC6FF00A0019
:10F90000B0E70025D2E7002DF4D186F31188BFF3CC
:10F910006F8FF3E7041C002005220020F8B58368F0
:10F920000546002B40D0234A926893423FD1C368DA
:10F93000012B03D9013BC3600020F8BDEFF3118711
:10F94000402383F31288BFF36F8F0169806803F04F
:10F950000AFA2C68A54207D10023C5E9023387F3D0
:10F960001188BFF36F8FE7E7002CF5D0D4E90032A0
:10F9700013605A60637B002623F002036373C4E9BB
:10F980000066A66004F1180003F0A5FCAC6094F9D1
:10F990000E302B612046C4F88C6003F0ACFB0648A7
:10F9A000394600F059FCC7E76FF01500C5E74FF086
:10F9B000FF30C2E7041C00200522002037B51146A5
:10F9C000EFF31185402282F31288BFF36F8F046832
:10F9D0009CB12368426823F003039442036008BF8C
:10F9E00043600121204603F03FFA044685F3118865
:10F9F000BFF36F8F204603B030BD51EA0302F5D04C
:10FA000000F10802CDE900131046294600F0AAFBD8
:10FA10000028EFD1014B9B685C69EBE7041C0020D8
:10FA200070B5EFF31186402383F31288BFF36F8F15
:10FA30000468A0421BD0D4B1D4E9003213605A60EC
:10FA4000637B002523F00203C4E900556373A560BE
:10FA500004F1180003F03FFCC4F88C50204603F07A
:10FA60004AFB31460748BDE8704000F0F5BBD0E9DD
:10FA700002329A4218BF013383600221103003F032
:10FA8000F8FCEEE70522002013B5EFF311814024C6
:10FA900084F31288BFF36F8F846844B1013C8460A3
:10FAA00081F31188BFF36F8F002002B010BD52EABE
:10FAB000030406D181F31188BFF36F8F6FF00F003D
:10FAC000F3E7CDE900230246014800F04BFBECE7E9
:10FAD000052200202DE9F0410546EFF31187402370
:10FAE00083F31288BFF36F8F00266FF00A082C682B
:10FAF000A54215D0A4B1D4E9003213605A60637BEB
:10FB0000A66023F00203C4E90066637304F11800E1
:10FB100003F0E1FBC4F88C80204603F0ECFAE6E742
:10FB2000002305F11000AB60022103F0A2FC39466E
:10FB30000248BDE8F04100F08FBB00BF0522002065
:10FB40001FB5094A92E8030002AB83E803004FF4B3
:10FB500000620093054906484FF0FF3300F010F9AA
:10FB6000002005B05DF804FBD0390100404D0020B5
:10FB7000081900202DE9FF414F4E04464027EFF3BE
:10FB8000118887F31288BFF36F8FD4F89050F5B9BE
:10FB9000022104F1A80003F0A8F9002868D004F1BC
:10FBA000A00500220121284603F037FB0028F8D1E8
:10FBB000002302934FF0FF324FF0FF33CDE90023D3
:10FBC000414604F198023D4800F012FDD7E7D4F811
:10FBD00094202B68C4F89030954208BFC4F8943044
:10FBE000D4F8A83043F00203C4F8A830EB6823F03F
:10FBF000040343F00103EB606B6888F31188BFF3E3
:10FC00006F8F28469847EFF3118887F31288BFF368
:10FC10006F8FEB68D80623F0010236D4EA60EB68F8
:10FC20009A0716D5306823F00203EB6088B10368A9
:10FC3000002170B14268954235D1036869BB726892
:10FC40003360824200D17360002340F8083BFFF725
:10FC5000E7FED4F8A83023F00203C4F8A83088F3F4
:10FC60001188BFF36F8FDB0589D400F06BFB86E74B
:10FC7000D4F8A830D9069BD5C4F8A80088F3118819
:10FC8000BFF36F8F04B0BDE8F08123F01103EB6088
:10FC900005F11000FFF7C4FEC1E70B6073688342F3
:10FCA00008BF7160D0E723B11A68014618461346B1
:10FCB000BFE71A46F9E700BF241C002005220020F8
:10FCC000F8B5C3689A0704460F46C3F340062CD420
:10FCD0005B071AD40B680BB983680B60E368DD0718
:10FCE00044BFA3683B603D684CBF02260126002D3F
:10FCF0003AD01F4B9B68AB420AD0D5F8A830D80742
:10FD0000C3F3800214D46FF0120600233B6025E099
:10FD100003F0AEF9D5F8A8300028F0D1D907C3F325
:10FD2000C002F0D552B15B0708D46FF00F06ECE7C4
:10FD3000002AFAD1C3F3C003002BF6D100232360BD
:10FD4000D5F8943063B9C5E92444284603F0E7F8B0
:10FD5000E36843F00403E3603B68A3603046F8BD0A
:10FD60001C60C5F89440F0E76FF01506CDE700BFC2
:10FD7000041C00200146014803F045B90819002081
:10FD8000F0B589B004460020C4E924000E9D04F1BA
:10FD90009800C4E9260004F1A000C4E928004DB38E
:10FDA0002879002840F2011008BF0120C4F8A800FB
:10FDB00000204FF0FF364FF0FF37CDE90330CDE99B
:10FDC0000100CDE906670C4B0094204600F0CAF80C
:10FDD00055B1296811B1204603F050F96B791BB178
:10FDE000237B43F001032373204609B0BDE8F040B4
:10FDF00000F04ABB0120D9E775FB000037B5019040
:10FE00000846EFF31184402181F31288BFF36F8F0E
:10FE1000C16811F01E0F16D153EA020508D101A9DD
:10FE2000FFF74EFF84F31188BFF36F8F03B030BD2F
:10FE300041F00801C160019981621030034900F06E
:10FE4000B9FC0120EEE70020ECE700BF932F010092
:10FE500001460148FFF7D2BF08190020F7B50C464C
:10FE6000019016461D46EFF31187402383F3128855
:10FE7000BFF36F8F084603F043F855EA060309D134
:10FE800001A92046FFF71CFF87F31188BFF36F8F8E
:10FE900003B0F0BDE368074943F00803E360019B4A
:10FEA000A36204F1100032462B4600F083FC0120CF
:10FEB000EAE700BF932F010001460148FFF7CEBFDC
:10FEC000081900202DE9F043073285B022F007021F
:10FED0000E461F461099017300F158037F32C0E9A6
:10FEE00016330446002322F03F020421836041734D
:10FEF0003F2A0F98A073C4E90633E37306F1400963
:10FF0000A2F1400805D883F31188BFF36F8F08462C
:10FF100002DFB51829462046FAF75AFD07300E9B36
:10FF200020F00700E067C4E91D9802930D9B019340
:10FF30002D1A0C9B00932A463B4631462046FBF780
:10FF400005F80023636584F87030054B9B680BB19E
:10FF5000D3F88030C4F88030284605B0BDE8F0837F
:10FF6000041C0020F0B587B000250595109D049570
:10FF70000F9D03950E9D0295DDE912760D9D01956D
:10FF80000C9D00950446FFF79DFFB6F1FF3F08BFAB
:10FF9000B7F1FF3F05D056EA070305D1204600F030
:10FFA00073FA204607B0F0BD03493A46334604F1E0
:10FFB000180000F0FFFBF4E77D3101000A4A936866
:10FFC0006FF00A01C3F88C100849C3F888004B6829
:10FFD00043F080534B60002383F31188BFF36F8F8E
:10FFE0009368D3F88C007047041C002000ED00E0FB
:10FFF00070B590F90D20437B002A39DBD90637D143
:020000040001F9
:100000008269002A34D11D4C63F07F03224643737A
:1000100052F8183F93422CD1E169C0E900210860F1
:10002000E06111E09942F8D01B68002BF5D090F9FF
:100030000E5093F90E60B542F4D0AE42F2DD59682D
:10004000C0E9003108605860A569954200D005B943
:10005000E568A3685A7BD20604D1DA897F2A01D9E0
:10006000AA6942B1AB4202D0284600F001FB6561AB
:1000700070BDE169D9E76361FAE700BF041C0020A5
:1000800038B590F90D20437B002A014604DA03F0CD
:100090007F03437302F0F5FF0D4D2A46AB6852F81B
:1000A000184F944200D004B9EC688B4207D05A7BB9
:1000B000D20604D1DA897F2A01D9A2692AB1A342E2
:1000C00002D0204600F0D4FA23466B6138BD00BF51
:1000D000041C002070B590F90D20437B002A0146D6
:1000E00004DA03F07F03437302F0CBFF4B7B1C4C1D
:1000F00063F07F0322464B7352F8183FE069934246
:1001000007D1C1E900200160E16111E09842F8D017
:100110001B68002BF5D091F90E5093F90E60B54293
:10012000F4D0AE42F2DD5868C1E900300160596098
:10013000A569A368954200D005B9E5688B4207D050
:100140005A7BD20604D1DA897F2A01D9AA692AB159
:10015000AB4202D0284600F08BFA2B46636170BD9B
:10016000041C0020F8B5124B0C461146114A986841
:100170001060DDE90676EFF31182402282F31288E7
:10018000BFF36F8F9D68284602F08DFFB6F1FF3FE9
:1001900008BFB7F1FF3F06D007493A46334605F19D
:1001A000180000F007FB2046BDE8F840FFF706BF47
:1001B000041C00202C1C00207D310100F8B50446F1
:1001C000EFF31186402383F31288BFF36F8F437BD5
:1001D000DA0649B217D18269AAB903F07F034373E3
:1001E00002F04FFF1B4D437B817363F07F032A4670
:1001F000437352F8183F93422AD1E869C4E90020BA
:100200000460EC6116E0A173002086F31188BFF34F
:100210006F8FF8BD8342F1D01B68002BEED093F9AD
:100220000E70B942F6D08F42F4DD5968C4E900314E
:100230000C605C60AC69944200D004B9EC68AB68B7
:100240009C4202D0204600F013FA6C610120DCE7EA
:10025000E869E2E7041C002049B9EFF3058030B9F2
:10026000054B5A699B689A4201D0FFF7A7BE81F3FC
:100270001188BFF36F8F7047041C0020034648B9F4
:10028000EFF3058232B9064A51699268914201D072
:10029000FFF794BE83F31188BFF36F8F704700BFE1
:1002A000041C0020EFF31181402383F31288BFF375
:1002B0006F8F054B9A68D37B013BD37381F3118811
:1002C000BFF36F8F704700BF041C002070B5EFF3C1
:1002D0001186402383F31288BFF36F8F144DAB68F0
:1002E000DA7B0132DA732A4652F8184F944200D072
:1002F00004B9EC685A7BD20604D1DA897F2A01D985
:10030000A2692AB1A34202D0204600F0B1F92346E7
:100310006B6186F31188BFF36F8FEFF31180402379
:1003200083F31288BFF36F8FBDE87040FFF7A6BF5D
:10033000041C0020024B03F11802C3E90622704797
:10034000041C002070B5EFF31186402383F312885C
:10035000BFF36F8F1B4CA168E0690B68814214BF2B
:100360001A46002249680B605960A368E1692AB9FE
:10037000154AC3E900210B60E3610CE093F90E001C
:1003800092F90E50A84218D0854216DD5168C3E993
:1003900000210B605360A5690B4B9D4200D005B94D
:1003A000E568A3689D4202D0284600F061F96561C6
:1003B0003046BDE87040FFF701BE8A42D8D01268CF
:1003C000D5E700BF041C00201C1C002050EA0103DC
:1003D0002DE9F04105460E4604D1FFF7B3FF00209A
:1003E000BDE8F081831C71F1FF3324DB02F094FF40
:1003F0004419EFF31188402383F31288BFF36F8F02
:100400000F4F104BB8681860FFF73AFEB8680E49F6
:100410002A463346183000F0CDF9BA68537B43F0D2
:10042000040353734046FFF7C9FD02F075FF201A1D
:1004300020EAE070D4E76FF00104241AD9E700BF86
:10044000041C00202C1C00207D3101000C490D4AA9
:1004500038B500244FF400458C462146C0FB05C149
:1004600000236046F6F77CFFC117FFF7AFFF054A90
:1004700047F6FF73C0FB0234DB0B43EA444038BD50
:100480003F420F0040420F0038B50446183002F0DA
:1004900022FFEFF31185402383F31288BFF36F8FA0
:1004A000637B5A0704D485F31188BFF36F8F38BD7F
:1004B00023F0040363732046FFF79AFDEFF30583EF
:1004C000002BF0D129460248BDE83840FFF7C4BEF2
:1004D00005220020014B9868704700BF041C0020D3
:1004E0002DE9F8430446EFF31187402383F3128884
:1004F000BFF36F8F067B16F001060DD087F31188CE
:10050000BFF36F8F002383F31188BFF36F8F042332
:10051000184602DFBDE8F883437B1A0704D587F34A
:100520001188BFF36F8FF5E7D90943F0080251D165
:100530004273A36813B1204602F0ABFD04F118002A
:1005400002F0C9FEA56D04F15808A84511D04FF07E
:10055000000975B1284602F09CFD05F1180002F073
:10056000BAFEC5F88C902846FFF742FDA56DA84558
:10057000EFD11C4DAB689C4204D1EFF30586003EE1
:1005800018BF0126D5F81880174A904502D0B8F157
:10059000000F01D1D5F80C80434502D0404600F051
:1005A00067F8C5F814804EB1104BAB6040F20112F1
:1005B0009A810022C3E91D22C3F88020AB689C42C7
:1005C000ADD1EFF30583002BA9D13846BDE8F84340
:1005D000FFF7F4BC03F07F0343F00803437302F01A
:1005E00050FDA6E7041C00201C1C0020B8190020A8
:1005F000D3B5DDE90667089CCDE90067FFF7B2FDDA
:100600001CB1034B9B685B69236002B0D0BD00BF87
:10061000041C0020044BC01A044BC0105843044B68
:1006200001221A54704700BF481A0020ABAAAAAA98
:1006300005220020C3897F2B12D80A4B1B6863B1A7
:10064000094B90F90E201B689A4209DB437BDB06BD
:1006500006D1064BC31A18BF012303F001007047EF
:100660000023FAE7341C0020301C0020E81700208B
:1006700070B50E4B0E4C1E7C06EB460304EBC30418
:100680000546204602F027FE0A4B002228469A55CE
:10069000FFF7D0FF48B1084B08491A68013A2046D5
:1006A000D317BDE8704000F085B870BD041C002071
:1006B000481A002005220020341C002015060100E5
:1006C00038B5EFF31185402383F31288BFF36F8FA2
:1006D000104B114A9C681068A04206D1FFF7C8FF72
:1006E00085F31188BFF36F8F38BD00211B7C11602B
:1006F0000A4AD35C002BF3D02046FFF79BFF00286B
:10070000EED0637BDB0602D12046FFF7E3FC2046F8
:10071000E4E700BF041C00202C1C00200522002060
:100720000748084A084908B5121A02F0A9FA07480A
:10073000074A0849BDE80840121A02F0A1BA00BFF2
:1007400000000020AC05002028410100000000202E
:100750000000002028410100024B1868984208BFA1
:10076000002070474C040020034B1B680BB9FDF7B9
:100770007DBB0020704700BF381C002030B570B131
:100780000B4B5B6898420AD0036843B1D3E904215C
:10079000D0E90445121941EB0501C3E90421D0E970
:1007A000003213605A600023C0E9003330BD00BF3F
:1007B0004C040020B3F1FF3F08BFB2F1FF3FF8B592
:1007C00004461D4616465AD08160EFF31187402338
:1007D00083F31288BFF36F8F013275F1FF3321DA93
:1007E0002C49D1E900206FF001039B1A4FF0FF3232
:1007F00062EB00009E1B60EB0500012E70F1000310
:1008000001DA01260020C4E90460FFF7A5FF224EAB
:1008100084467068BCF1000F0DD1C4E9006004602B
:1008200074601CE0FFF7A0FF013645F100053618A3
:1008300045EBE070E7E7DCE90425D4E904319342B5
:1008400071EB050E1CDAD21ADCF8043065EB0105F9
:10085000CCE90425C4E900C31C60CCF80440FFF7D0
:100860007BFF844207D10D4B1C6824B902F01AFDAE
:100870002146FDF7CDFA87F31188BFF36F8FF8BDDE
:100880009B1A61EB05018445C4E90431C5D0DCF84D
:1008900000C0BFE7601A00204C040020381C002074
:1008A0002DE9F047EFF31185402383F31288BFF35E
:1008B0006F8FDFF8A090DFF8A080C9F80000FFF785
:1008C0004BFF00260027D9F80030D8E900ECD917F3
:1008D00050B1D0E90442A34271EB020A1ADAE41AD9
:1008E00062EB0102C0E9044213EB0E034CEB010181
:1008F0000024C8E90031C9F8004002F0D3FC2146C9
:10090000FDF786FA85F31188BFF36F8FBDE8F047D6
:10091000FFF7D6BE14EB0E024CEBE473C0E904679C
:10092000C8E90023FFF72AFF85F31188BFF36F8F13
:1009300083689847EFF31185402383F31288BFF350
:100940006F8FD9F800301B1BC9F80030FFF704FF88
:10095000B9E700BF381C0020601A002010B5EFF383
:100960001184402383F31288BFF36F8FFFF7FCFEDF
:10097000054A0346D2E90001181841EBE37184F3FC
:100980001188BFF36F8F10BD601A0020F8B50446C0
:10099000EFF31187402383F31288BFF36F8F026850
:1009A00022B187F31188BFF36F8FF8BDD0E90A3603
:1009B000581C46F10001022871F1000127D3012BD8
:1009C00076F10001BCBF012316465D1E46F1FF36DD
:1009D00002F0A6FC013041F10001401946EB010193
:1009E000012871F100013ADB02F09AFC013041F17B
:1009F00000016FF00102401946EB0103121A4FF09B
:100A0000FF3161EB030318492046FFF7D3FE236B48
:100A100001332363236A6BB187F31188BFF36F8FB0
:100A2000236A20469847EFF31187402383F3128807
:100A3000BFF36F8F54F8185FA542B2D0002DB0D02D
:100A4000284602F067FB0023C5F88C3087F3118835
:100A5000BFF36F8F2846BDE8F84002F04CBB6FF043
:100A600001024FF0FF33CEE78D0901002DE9F0417F
:100A700005461C4690461F46EFF31186402383F33C
:100A80001288BFF36F8FB4F1FF3F08BFB2F1FF3F91
:100A900005D186F31188BFF36F8FBDE8F081531C39
:100AA00074F1FF3309DB012A74F10003BCBF01229A
:100AB000002412F1FF3844F1FF37284602F00BFC06
:100AC000DDE906010023C5E90A012B63034942461B
:100AD0003B462846FFF76EFEDBE700BF8D090100AD
:100AE00038B50346EFF31185402282F31288BFF335
:100AF0006F8FC160012181600068834206D185F358
:100B00001188BFF36F8F0024204638BDD0E9003232
:100B100013605A600023C0E9003302F064FC2946E8
:100B200004460248FFF798FBEEE700BF06220020CC
:100B30002DE9F7430026009600F10C08EFF3118928
:100B4000402484F31288BFF36F8F8568694005EAFB
:100B500002070A4055400C4985606A46019502F03B
:100B60007FFB009C44B1C4F88C60A5662046002140
:100B7000646E02F0E0FAF5E740464946FFF76CFB89
:100B8000384603B0BDE8F0832935010073B5064649
:100B90000D4602F06DFA80B90B4B9B68D3F880408C
:100BA0007CB12A1D09D200200021CDE9000146F0C8
:100BB0000401204602F06FF808B9002401E0046047
:100BC000041D204602B070BD041C00202DE9F04F2A
:100BD0008DB043680293837815469A07804640F1AA
:100BE0000D8100240E78002E00F00A81252E0BD0F6
:100BF0004B1C03930134029B414630469847002822
:100C0000C0F2F6800399EDE74E788B1C252E0393F6
:100C1000F0D00027B946BB46BBF11F0F38D8A6F16C
:100C20002003102B0AD8DFE803F02A09093009094C
:100C3000092109090928092D09091F00A6F1300316
:100C4000092B33D92A2E37D11BF0400F55F8043B1E
:100C500040F08280002BA7BF4BF0200B9946C3F1D8
:100C600000094BF0280B01E04BF0010B039B13F83C
:100C7000016B0393002ECFD130E04BF0020B4BF011
:100C8000040BF3E74BF0080BF0E74BF0100BEDE72C
:100C9000BBF17F0F19D8A6F13003092BD2D81BF076
:100CA000400F03D00A2101FB0737DFE70A2101FBD0
:100CB00009394BF0200BD9E72E2E06D11BF0400F3F
:100CC00040F09E804BF0400BD0E76C2E31D02BD8FB
:100CD000682E36D06A2E3CD04C2E3AD0002F46F0EB
:100CE0002003B8BF2BF04002A3F16501BCBF1FFA7F
:100CF00082FB0027022901D9612B2FD1073525F06E
:100D00000705DFF8ACA2083507271BF0080F66D0EF
:100D10000AEB070B56465E4563D1A4EB0A0A06EBC5
:100D20000A02A9EB07096FE1742E9FD07A2E9DD09D
:100D3000D4E71BF0800F18BF4BF4007B4BF0800B07
:100D400094E71BF4807F18BF4BF4007B4BF4807B4F
:100D50008CE74BF4207B89E71F4687E7A6F1630108
:100D6000122900F2F080DFE811F013004F00EE00CE
:100D7000EE00EE00EE004F00EE00EE00EE00EE00A2
:100D8000EE00FE00E900EE00EE001B00EE00AF00FA
:100D900055F8043B8DF8183001270DF1180AB4E717
:100DA00055F804AB834BBAF1000F08BF9A461BF00D
:100DB000400F14BF39464FF0FF31504602F004FC9B
:100DC0000746A2E7029B41462020984700280FDBF8
:100DD000013EB742F6D34C44A41BB14698E74E46B9
:100DE000F7E716F8010B029B41469847002892DA74
:100DF00098F8023043F0040388F802304FF0FF34D3
:100E000020460DB0BDE8F08F1BF0800F34D01BF4EE
:100E1000007F2CD0073525F00705AA4669685AF8E7
:100E2000080B2BF010050029ADB237DA404261EB18
:100E3000410145F480650DF1180B0A235A4602F072
:100E4000CFFBA0EB0B0301936B0662D5019B25F052
:100E500001019F4289B240F3A180002E00F09980E9
:100E600015F0100240F09C80BB460D4623E0AA46D8
:100E70005AF8040BC117D4E7AA461BF4807F5AF82E
:100E8000041B01D10846F5E71BF4007F15BF48B2EB
:100E900008B241F3C01141F3C031C2E750EA010387
:100EA000C9D11BF0400FC6D0002FC4D12BF01102C6
:100EB00095B2BB46019740F2064115EA01021CBFFC
:100EC0000BF1010B00222CE02BF010021FFA82FB29
:100ED0000A231BF0800C49D01BF400711DBF07359D
:100EE00025F00705AA46AA461ABF5AF8080B6968F2
:100EF0005AF8040B50EA010545D12BF016051BF0FA
:100F0000400FADB242D0002F40D12BF0170295B266
:100F1000019715F0100248D0019B002E42D103F139
:100F2000010B29075AD4EB0706D5D9456FDD019986
:100F3000A9EB0B035F18CB465B4649E04BF0100B67
:100F400010237826C5E7782B04D1C6F1780343F047
:100F50001003BEE7029B4146252098470028FFF674
:100F600047AF023447E608230026B2E7AA461BF43F
:100F700080715AF8040BBDD01BF400711ABFC0B2C7
:100F8000614680B2B6E72BF0060295B20DF1180B60
:100F900054E725F01105ADB2BB468CE70D46B8E726
:100FA0003B460D4603F1020BBBE7DDF804B082E7D8
:100FB0002041010019410100CDE904324146029B64
:100FC000202098470028FFF613AF049B059A0133B1
:100FD0009945F1DCA4EB0B01CC189B460AB3029BAC
:100FE0004146302098470028FFF602AF8EB9013401
:100FF0002744019B391B994224DC1D465DBB019AA5
:10100000A9EB0B09224455461446914435E0019F53
:1010100092E7023441463046029B98470028E7DABF
:10102000E6E640F206410D42E2D015F0020F14BF91
:101030002B20202015F4806F04F10104414618BFD5
:101040002D20E9E7029B414630209847002804F113
:101050000104CEDACCE606AB013D4146585D029B69
:1010600098470028CADAC3E6029B414620209847E9
:10107000002804F10104FFF6BBAEA9EB0403002B2A
:10108000F2DCBFE57047FFF7E1B948B1C3683BB197
:1010900003692BB14068B0FA80F0400940427047C4
:1010A0004FF0FF307047012805D04B1E594259417F
:1010B000480010707047002918BF0320F9E7F0B509
:1010C0009DF81450012B05F0020405F0040605F00C
:1010D000080543D1002C3DD014880368671CBFB2BB
:1010E00017801B5DD0F800C0023414801CF8074044
:1010F00043EA0413B3F5006F28BFA3F580531BB276
:101100000B8006F0FF038EB114880368661CB6B22C
:1011100016801B5D076802341480BC5D43EA04132B
:10112000B3F5006F28BFA3F580531BB24B809DB170
:1011300014880368651CADB215801B5D006802341D
:101140001480425D43EA0213B3F5006F2FD21BB245
:101150008B80F0BD2346D3E70023F9E754B313880F
:1011600004685F1C1780E35C1B01B3F5006F02DBB2
:10117000A3F580531BB20B8006F0FF035EB113880A
:1011800004685E1C1680E35C1B01B3F5006FA4BF0E
:10119000A3F580531BB24B80002DDDD0138800686F
:1011A0005C1C1480C35C1B01B3F5006FD0DBA3F59E
:1011B0008053CDE72346DEE72DE9F8438146184604
:1011C0001D46FFF762FF0F469046044610BB09B369
:1011D000012A0AD12E696B684846B047287708B1C2
:1011E0006FF001042046BDE8F883FBD906460146AE
:1011F00009EB06006B68D5F810C001223944C0B273
:10120000E04728770028EBD10136F6B24645314653
:10121000EED3E7E74FF0FF34E4E7F0B50546A1B0C1
:1012200018460F4616461C46FFF72FFF10BB09B3A2
:101230006378227A012B18BF45F080052846636841
:10124000E56832446946A847207788B16FF001000D
:1012500021B0F0BD257A03F180016944294411F8D9
:10126000801CF95493B29E4202F10102F2D8EFE7DA
:101270000246F7E74FF0FF30EAE737B500230546AF
:101280008DF80730FFF701FF044600BB6B69696802
:1012900041F2883098476B78E3B9012220462A72E0
:1012A0002B460DF10701FFF7B8FF044678B92B462E
:1012B00001220DF107010020FFF7AFFF044630B90E
:1012C0009DF80730902B0CBF2B706FF00204204666
:1012D00003B030BD2C72EAE773B50023064608461A
:1012E0008DF80730FFF7D1FE0D46044610BB0B46C4
:1012F00001220DF107011920FFF78FFF0446C8B93D
:101300009DF8073006F0030223F0030313438DF822
:1013100007300DF107012B4601221920FFF74CFF82
:10132000012E04466B6969680CBF49F6404042F2E1
:1013300010709847204602B070BDF7B505461046BC
:101340000F461646FFF7A1FE002840F0A180002DB1
:1013500000F09E80134601A902221F20FFF75DFFC7
:1013600050B905EB4707BD4208D128B933460222E0
:1013700001A91F20FFF720FF03B0F0BD2B786C7888
:101380000B2B00F28280DFE803F0061019212931CF
:1013900039424B535B659DF8043003F07F0343EA09
:1013A000C4138DF804300235DDE79DF80430A40144
:1013B00023F0400304F040042343F2E79DF8043097
:1013C000640123F0200304F02004F5E79DF80430C5
:1013D000E40023F0080304F00804EDE79DF804306E
:1013E000A40023F0040304F00404E5E79DF80430AE
:1013F000640023F0020304F00204DDE79DF80530E9
:1014000003F07F0343EAC4138DF80530CBE79DF862
:101410000530240123F0100304F010042343F3E704
:101420009DF80530E40023F0080304F00804F5E714
:101430009DF80530A40023F0040304F00404EDE754
:101440009DF8053004F0010423F001031C438DF8DE
:101450000540A8E7334601220DF103012D20FFF7D7
:10146000DCFE00289FD19DF80330640004F00204E4
:1014700023F0020323438DF80330012233460DF19C
:1014800003012D20FFF798FE8DE76FF003008AE738
:101490004FF0FF3070E72DE9F341064608460D4650
:1014A000FFF7F3FD00287ED1002E7CD07081ADF8CF
:1014B00004000B46022201A91220FFF7AEFE0446EB
:1014C00000284BD12B4601220DF1030126209DF867
:1014D00005809DF80470FFF7A0FE044600283DD16A
:1014E00008F0070347EA03229DF803303061C3F395
:1014F0000011F17159093172B188C3F3800391422F
:10150000B37188BFB28033B102F163038B42BEBFB7
:10151000B3886433B3806B78B288002B2B7A134482
:10152000B3804FF001022B4601A94FF029000CBFF8
:101530004FF094084FF01408FFF76FFE044668B9A7
:101540009DF8043073B9EF686B68B2883168404623
:10155000B8470028287718BF6FF00104204602B072
:10156000BDE8F0818DF804002B46012201A9292055
:10157000FFF722FEA8B96B6969684FF47A70984743
:10158000EF686B68B28831684046B8472877002812
:10159000E4D101222B4601A929208DF80420FFF770
:1015A0000BFE0446DAE74FF0FF34D7E7836800EB21
:1015B000C101B3F5004F2CBF51F8220031F81200E1
:1015C000704700EBC1018068B0F5004F2CBF41F8B7
:1015D000223021F81230704708B50122FFF7E6FFEC
:1015E000D04008BD8368B3F5004F00EBC10108D3BC
:1015F0004B681AB143F001034B60704723F00103BD
:10160000FAE74B881AB143F001034B80704723F08F
:101610000103FAE753000122FFF7D3BF8368B3F554
:10162000004F34BF04230823C91A081AC0087047A2
:10163000B0F5004F34BF04230823481C0833A0EB47
:10164000D300B0FA80F0C0F11F0070472DE9F041DF
:10165000174603220E460446FFF7A8FF86420546BA
:1016600007F104080AD1E3680122BA4023EA020321
:10167000E360002344F82830BDE8F08131460222BF
:101680002046FFF793FF2B460646014644F82850B4
:1016900020460322FFF795FF3346294620460222C3
:1016A000BDE8F041FFF78DBF70B50D468668044672
:1016B000FFF792FFB6F5004F014601D3012809D08C
:1016C0003046FFF7B5FF294602462046BDE8704088
:1016D000FFF7BCBF70BD2DE9F04705468068FFF7F6
:1016E000A7FF05EB800A8846DAF810900646B9F1A4
:1016F000000F1BD00327DAF8104028462146FFF7D9
:101700006BFF404507D3324621462846FFF79EFF30
:101710002046BDE8F087032221462846FFF746FF12
:10172000013FCAF8100001D08145E4D1EB680136D1
:101730004FF0FF34B4401C40EAD094FAA4F2B2FA5D
:1017400082F2131D55F82340DEE72DE9F0411446DF
:1017500005460E46FFF740FFA4EB0608371B07447B
:10176000424631462846FFF755FF3A46214628466D
:10177000FFF750FF4346002221462846FFF721FF8E
:1017800021462846FFF728FF3B462118002228461D
:10179000BDE8F041FFF715BF2DE9F04116460446BC
:1017A0000F46FFF719FF314605462046FFF714FFA5
:1017B00005442A4639462046FFF72CFF314620468D
:1017C000FFF70AFF2B46311800222046BDE8F04102
:1017D000FFF7F7BE2DE9F0410D4686680446FFF796
:1017E000FBFEB6F5004F014601D3012832D030464A
:1017F000FFF71EFF04EB80010E6996B9E368012232
:1018000082401343E36002220D612B4629462046A5
:10181000FFF7D7FE032229462046BDE8F041FFF737
:10182000D0BE022231462046FFF7C0FE29460346BD
:1018300007462046FFF7C5FE0322334629462046C9
:10184000FFF7BFFE39462B462046FFF7BAFE0222BD
:101850003146E1E7BDE8F081F8B50C460546FFF7F3
:10186000BBFE2618012231462846FFF79FFEC3071C
:101870000CD431462846FFF717FF21462846FFF7CC
:10188000ABFE214622182846FFF786FF002221469C
:101890002846FFF78BFE271A012239462846FFF714
:1018A00085FE10EA020613D139462846FFF7FCFEF2
:1018B000214632462846FFF779FE2246211A28465D
:1018C000FFF76AFF214632462846FFF76FFE241ACB
:1018D00021462846BDE8F840FFF77CBF38B571B116
:1018E00005682846FFF79AFE00220446014628466E
:1018F000FFF778FE2146BDE83840FFF7ADBF38BDA1
:1019000070B5066809B9002070BDB368B3EBD10F9C
:10191000F9D9B3F5004F34BF04230823CC1D1C4470
:10192000E40821463046FFF7D6FE05460028EAD0F7
:1019300001463046FFF750FEA04209D92C44294603
:1019400030462246FFF701FF21463046FFF742FFAF
:10195000304601222946FFF745FEB368B3F5004F34
:1019600034BF0423082303EBC5031844CCE72DE957
:10197000F84306681446B26801F1FF39B2F5004F2A
:1019800034BF0423082319EA01090F460BD049424A
:1019900039408B424F4628BF0B46894654B9002533
:1019A0002846BDE8F8839942F8D82146BDE8F843B7
:1019B000FFF7A6BFB2EBD40FF1D9E11DB2F5004F8E
:1019C000394434BF04220822C91A1144C9083046D8
:1019D000FFF781FE80460028E1D0B368B3F5004FE1
:1019E00034BF0423082309EBC0051D4435447B1E86
:1019F0001D44B5FBF7F57D43A5EB090529463046A7
:101A0000FFF70CFE2C44073424F00704A41B804588
:101A100007464FEAE40408D2024641463046FFF743
:101A200094FE41463046FFF7D5FE39463046FFF773
:101A3000D3FD3844844208D2394630462246FFF767
:101A400084FE21463046FFF7C5FE01223946304666
:101A5000FFF7C8FDA4E7B2F5802F2CBF08230423AD
:101A6000D21A2DE9F0418C18CD1D25F0070524F080
:101A70000704641B0026E40805602146AC60EE60A4
:101A80002046FFF7D5FD421D9200013002F1070705
:101A90004FEAD707A2F110023146B8BF324605F12E
:101AA000100001F079FD3A4631462846FFF7B2FDB5
:101AB0003346324631462846FFF783FDA4EB07083C
:101AC000284631460122FFF78DFD42463946FFF791
:101AD000A1FD3B46324639462846FFF772FD2146B6
:101AE0002846FFF797FD4346324621462846FFF732
:101AF00068FD214628460122FFF774FD3946BDE8FE
:101B0000F041FFF767BE002070470FB407B504A986
:101B100051F8040B0191F8F72DFC03B05DF804EBCC
:101B200004B070470FB407B504A951F8040B019134
:101B3000F8F720FC03B05DF804EB04B07047A0F1A7
:101B40003003DBB2092B02D80B7000207047A0F1E4
:101B50006103052B02D85738C3B2F5E7A0F1410362
:101B6000052B01D83738F7E76FF015007047F7B548
:101B7000054601F0010000EB51069E424FEA510775
:101B800003D90026304603B0F0BD58B128780DF1D6
:101B90000701FFF7D4FF0028F3DB9DF8073002F8B8
:101BA000013B013501351744BA42EBD015F8010C61
:101BB0000DF10701FFF7C3FF0028E2DB9DF80740A6
:101BC0002401E4B2147015F8020BFFF7B8FF0028E7
:101BD000D7DB9DF807301C4402F8014BE4E7038B88
:101BE00013F0070305D10368002B0CBF002003206E
:101BF0007047022B05D1408BB0FA80F0400980007D
:101C00007047012B05D10368002B0CBF0020052075
:101C100070470020704710B50C4600B111B96FF045
:101C2000150010BD081D00F093F80028F9D1A36835
:101C3000032BF6D9F3E72DE9F0410D460746194687
:101C4000281D90461E4600F097F8044638B13346EA
:101C5000424629463846A446BDE8F0416047BDE803
:101C6000F08110B4EFF31182402484F31288BFF3A3
:101C70006F8F416110BC0121F8F7AEBB38B50C463F
:101C8000054658B151B10B6843B14B6833B11C22C2
:101C9000002101F081FC2C61002038BD6FF015009F
:101CA000FBE770B505460E46FFF7B5FF041E14DBD3
:101CB000EFF31182402383F31288BFF36F8F6B8B96
:101CC0002C8B4FF6FF718B4204F0070407D182F38F
:101CD0001188BFF36F8F6FF00A04204670BD022C8D
:101CE0000CD101336B8382F31188BFF36F8F002314
:101CF000224631462846FFF79EFFEEE7062C14D811
:101D0000DFE804F004131313041A04000023336003
:101D10006B683BB9C5E90066ACB902212846F8F703
:101D20005BFBDAE71E606E60F6E782F31188BFF3B3
:101D30006F8F6FF00404D0E782F31188BFF36F8FC9
:101D40006FF08504C9E782F31188BFF36F8FC4E792
:101D5000034640B1426802F00302022A06D0032A79
:101D600004D0012A05D06FF0150070471A68002AC8
:101D7000F9D000209860704710B54268816002F089
:101D80000302022A03464FF0000407D0032A02D0C0
:101D90005C60002001E018685C6010BD18685C6041
:101DA0000028F6D0FEF79CFEF3E77047406930B19B
:101DB000BFF35B8F0068BFF35B8F00F001007047DB
:101DC00043693BB11B692BB15B691879B0FA80F0AC
:101DD000400970470120704770B5044646690D46BA
:101DE000FFF7EEFF18B903233371002070BD032104
:101DF0002046A847002802DA10F1860FF6D12EB946
:101E000020462B460121BDE870401847BFF35B8F89
:101E10003368BFF35B8F1B06F2D5636901221A7129
:101E2000E3E770B5012644692568A90613D5E16882
:101E300099B10139E16071B9A3689847002809DBBD
:101E40006A07267106D5206943691B68DB05EAD459
:101E50006FF00A0070BD0020FCE76FF07700F9E733
:101E6000BFF35B8F0068BFF35B8F084100F0010098
:101E70007047FDF709BEFDF7D3BD38B5044660696C
:101E800030B30821FFF7ECFF014680B1EFF3118575
:101E9000402383F31288BFF36F8F2046FFF7C1FF03
:101EA000034685F31188BFF36F8F184638BD0023B2
:101EB00060690022F8F7F6FB03460028F5D1606957
:101EC0000221FFF7CDFF0028EFD063691C69D6E738
:101ED0000346EAE7F8B50021044650F8383C50F8CC
:101EE0002C0C9847A4F128064FF0FF3305464FF01D
:101EF000FF323046FFF7BDFF002DBDBF54F8343C24
:101F0000013344F8343C0123B8BF002304F83C3CBF
:101F100001219940A4F1100001F01EFB3046A4F10C
:101F20004007FFF7A8FF55B902213846FFF798FF91
:101F300028B154F8300CBDE8F840FFF79EBFF8BD5B
:101F400008B50346406940B10721FFF789FF20B17A
:101F50001846BDE80840F8F7B5BC002008BD0128C8
:101F600001D1EFF30583FDF70BBB01460068FFF7D6
:101F7000F6BF08B5F8F728FDBDE80840F8F748BDFA
:101F800000210120FFF7EBBF61B662B680F3118834
:101F9000BFF36F8F704772B6002383F31188BFF3CE
:101FA0006F8FBFF34F8F30BF62B6BFF36F8F704735
:101FB00072B6002383F31188BFF36F8FBFF34F8F87
:101FC00020BF80F31188BFF36F8F62B6704720285F
:101FD00009D9B0F1004F08D80138B0FA80F0C0F14B
:101FE0001F0040007047082070473E207047704730
:101FF000002303824369C3607047416A8968F9F727
:10200000C9B9EFF31182402383F31288BFF36F8FB6
:1020100000230B60436833B9C0E9001182F31188D3
:10202000BFF36F8F704719604160F7E710B5034643
:10203000EFF31181402282F31288BFF36F8F0068A3
:1020400028B15C6802681A60A04208BF5A6081F338
:102050001188BFF36F8F10BD027A01320272704790
:1020600083680B4403607047838802681944818049
:10207000D018704730B484880568A3188380281965
:1020800030BC01F07BBA10B5838802685C1C848088
:10209000D154D01810BD034600689A88521A0144E2
:1020A0009A801960704702688068101A704701238F
:1020B00010B50621044600F8013BFCF7F9FA18B9FF
:1020C000A37963F03F03A37110BD70B504460D46BC
:1020D000F6F733FE112817D10223E25C3A2A13D116
:1020E0000333112BF9D1053504F1120601232A46D9
:1020F00002212046FFF73BFD30B10334B44205F125
:10210000FF35F3D1002070BD6FF01500FBE738B547
:102110000446807AF9F714F96169054649B1637A92
:10212000DB0704D4436A1B6820469B68984700235A
:10213000636121462846BDE8384000F0B8BE10B5BE
:102140000346BFF35B8F53E8000F40EA010243E808
:102150000024002CF7D1BFF35B8F10BD01210C30A0
:10216000FFF799BF30B402EBC303044608469A4216
:1021700001D130BC7047114611F8085BA54206D169
:10218000018A53789942F4D330BC536818470A4601
:10219000EDE7BFF35B8F50E8003F0B4040E80032B3
:1021A000002AF8D1BFF35B8F704708B500200021EB
:1021B000F9F72EFC18B1BDE80840F9F723BC08BDBB
:1021C00008B5072201F0F0F9B0FA80F0400908BD27
:1021D00018B111B10846F9F735BF6FF01500704717
:1021E00013B5044680B106216846FCF761FA48B988
:1021F0009DF80530694603F03F0320468DF8053011
:10220000FFF7E6FF02B010BD6FF01500FAE70038E7
:1022100018BF01207047034610F4004F0CBF072081
:102220000620DA0348BF00F005009B0348BF00F01A
:10223000FB007047BFF35B8F0068BFF35B8F704795
:1022400010B50346BFF35B8F53E8000F00EA0102AD
:1022500043E80024002CF7D1BFF35B8F10BD2DE9BC
:10226000F74F0C46202100909246F9F703FB0546F4
:10227000002850D020210C30FFF7F6FE202200214C
:10228000814601F089F909F1010B04EBCA0A002625
:10229000D4F800800023626893420CD30834A2452E
:1022A000F6D1009889F800600022294603B0BDE805
:1022B000F04FF9F705BC98F8012098F800C0B01C61
:1022C00011181F2908D9BCF1090FC0F11F021AD13A
:1022D000002A18DD4FF0080CD7B2791C0BF8061055
:1022E000711CC9B25BFA80F00BF801C0D8F8041079
:1022F0000193023701F042F9019B3744FEB20133EA
:1023000008F10808C7E72846F9F7C2F86FF015008A
:1023100003B0BDE8F08F6FF06800F9E7012310B457
:1023200003FA01F1044662B1BFF35B8F54E8003F4A
:102330000B4344E80032002AF8D1BFF35B8F10BC96
:10234000704710BCC943FFF77BBF2DE9F04F87B042
:1023500005469DF84860DDF840909DF844A00C4685
:1023600090460021102202A81F4601F015F9EEB98F
:10237000CDE90248012202A942F20800FFF76FFFEF
:10238000044678B9BAF1000F3ED11035BFF35B8F28
:1023900055E8003F43F0040345E80032002AF7D136
:1023A000BFF35B8F204607B0BDE8F08FF9F726FB3F
:1023B0008346E4B937BB5846F6F7BFFC0923012E24
:1023C000CDE901B48DF800308DF80100CDF80C8016
:1023D000D0D1CDF810D005960222CCE714F83320E6
:1023E000083A012A25D901339845F7D1E2E70023BD
:1023F000FAE717F83320083A012A1AD90133994528
:10240000F7D1D8E70023FAE7022E4FF0010208BF08
:10241000059202A908BF324642F2090008BFCDF872
:1024200010D0CDE90279FFF71AFF0028ADD004469D
:10243000B8E76FF01504B5E708B500F110031846CA
:10244000FFF7F8FE820505D41846FFF7F3FEC0F348
:10245000002008BD0220FCE7436813F008000AD002
:102460005A0307D403F4C063B3F5806F14BF02208E
:10247000012070470120704770B5064686B00D46B2
:1024800042F20A000121F9F7F5F90446B0B10C3027
:1024900095B10121FFF7F7FD06F1100203A92046CF
:1024A00000950723F9F7D4F90022214642F20A00E9
:1024B000F9F706FB06B070BD2946EBE76FF0680040
:1024C000F8E7183000F0C1BDFAF724B910B403469C
:1024D0000838BFF35B8F50E8002F511C40E8001410
:1024E000002CF8D1BFF35B8F12B910BCFAF752B9C8
:1024F0006FF00F0210BC9A6670470369C9B20C22D4
:1025000001FB0233186C00F00700704770B5C9B2C8
:102510000369EFF31185402484F31288BFF36F8FB2
:102520000C2606FB0134246C14F0C00408D0A2422F
:1025300006D085F31188BFF36F8F4FF0FF3070BD69
:1025400006FB013301221A6485F31188BFF36F8FF4
:10255000436803EBC1035B6898470020EFE78022E4
:10256000FFF7D4BFF8B5069F0469C9B2EFF311862F
:10257000402585F31288BFF36F8F0C2505FB0144BE
:10258000256C05F0070CBCF1010F0CD1276486F314
:102590001188BFF36F8FC4E90E23436853F83130BD
:1025A00098470020F8BD05F0C005AF4286F31188BA
:1025B000BFF36F8F0CBF6FF077004FF0FF30F1E784
:1025C00013B580240094FFF7CDFF02B010BD10B406
:1025D0000069CBB21C2403FB0400002110BC10478F
:1025E000002000F027BA1046FDF71ABA0020704705
:1025F00008461146F9F7ACBC43685B68D3F8103560
:102600000B600020704743685B6802EA010021EA22
:102610000201C3F80805C3F80C1500207047436891
:102620005B680020C3F80815704743685B680020AA
:10263000C3F80C15704743685A68D2F8043521EA8C
:1026400003000B40C2F80805C2F80C3500207047A3
:1026500010B503695868F8B1884219D19C680868B8
:102660005860A14200D19860002008602AB15A68E1
:102670000A609A68596002B99960002010E08142AE
:1026800006D10868206098688142EDD19C60EBE734
:10269000044600680028F2D1002AE8D16FF0150046
:1026A00010BD30B543681360057A446804EBC50477
:1026B000A34202D36FF0010030BD5C798C4201D09F
:1026C0000833F0E70020F7E7002201210420F8F7A3
:1026D00007BC10B50B6813B91360184605E0036812
:1026E0005C681CB114600368186810BD083303608F
:1026F0000B68013B0B60EDE713B501AA0446FFF739
:10270000D0FF002805DB019B226819791868FAF7C9
:10271000DBFE02B010BD70B50C460669456839B1E4
:1027200001290FD10021286ABDE87040FFF7E4BFFE
:1027300096F86D3023B12846FCF74CFE86F86D40C4
:102740000121F0E76FF0850070BD03460A4600687E
:102750001979012303FA01F103691B68194218BFB3
:1027600082F0010212B18368DB68184783681B6935
:10277000FBE710B5036804464BB19A683AB1186993
:1027800000F03DFA206800210830FFF7DEFFA36962
:1027900033B9636004F11000BDE81040FDF740B9A3
:1027A00010BD10B5006903688B4206D190F86C40EB
:1027B00034B9FFF7DEFF204610BD6FF01500FBE7D0
:1027C0006FF00F00F8E72DE9F04144680569206AD1
:1027D0000021FFF791FF00281DDB616A481C11D121
:1027E000E3699847AC6801260834D5E9023203EB67
:1027F000C203A4F1080293420FD82846FFF7B9FF9D
:10280000002008E004F12800FBF7B6F810F1130FE0
:1028100001D0411DE4D1BDE8F08154F8080C00F06E
:10282000F3F928B354F8080C14F8041C34F8023CEB
:10283000D0F810C0D0F80880DCF80070DA0754BF78
:1028400043F4B01383F4D01323F4801206FA01FE8C
:10285000DB074CBF4EEA070727EA0E07CCF80070EB
:10286000D8F800309847002804F10804BDDAD2E710
:102870006FF01200CFE738B503780C4663B98D6E60
:102880005DB94B6E1C696FF07303236404F128007B
:10289000FDF7C6F884F86C5038BD8B6D93B19D423E
:1028A00010D85B1B8B6543BB4B6C08334B648B6C44
:1028B000013B8B6401F1580204F144004831FFF7F9
:1028C00008FF6065236E9BB19D4211D85B1B236698
:1028D000CBB9E36C0833E364236D013B236504F15A
:1028E000600204F1500104F14C00FFF7F2FEE065D4
:1028F000606EBDE83840FAF76FBE4B6D002BE1D03B
:102900002B444B65DEE7E36D002BF1D02B44E365F0
:10291000EEE700F150039B009BB203F1804303F507
:10292000883300221A601B68704708B5FBF70CF962
:1029300008BD10B54FF0FF304FF0FF31FBF7A0FAA4
:10294000044628B9EDF754FD044618B1FBF7A0FA88
:10295000204610BDFBF79CFA2046F8F749FEF7E742
:10296000FBF75ABB10B531220446002100F014FEDB
:102970006FF03F0363712823A3730223E3736FF0A7
:10298000080363766FF03C03A376E376782323771E
:10299000802384F82330012384F82430802384F8B2
:1029A0002630402384F82D3010BD0023036043609F
:1029B000037823F01D0343F01D030370437843F0B5
:1029C000400343707047684620F007018D4601B50B
:1029D000F1F7B2FFF8F71CF8BDE8014085467047F3
:1029E00008B54FF0FF314FF0FF30FBF749FAF6F72B
:1029F00084F9BDE80840FBF74BBA684620F00701B0
:102A00008D4601B5F1F764FFBDE80140854670478A
:102A1000684620F007018D4601B5F1F785FCF7F710
:102A2000F7FFBDE801408546704708B5F6F7ACF8FA
:102A3000002008BD012801D1F1F7BABA70477047EC
:102A4000F1F7CCB84FF08053D3F83001421C04BFEB
:102A50004FF0704393F8E00F831F5842584170477E
:102A60000047036803F01F025B0902600CBF4FF0D0
:102A7000A04000207047F7B5019001A8DDE90847A4
:102A800016461D46FFF7EDFF019BB6F1000C18BF7F
:102A90004FF0010C00EB83000B1E18BF0123002D2B
:102AA00043EA4C0314BF4FF00C0C4FF0000C002C09
:102AB00043EA0C0314BF4FF4E06C4FF0000C002FFE
:102AC00043EA0C03D0F8002714BF4FF4403C4FF00A
:102AD000000C43EA0C0322EA030301B109780EB1AA
:102AE0003678760019430DB12D78AD0031430CB125
:102AF0002478240229430FB13F783F040C433C4320
:102B0000C0F8004703B0F0BD1FB50DF10F030193EE
:102B100000238DF80F1000931A461946FFF7ABFFFC
:102B200005B05DF804FB024611F0010007D04FF03C
:102B3000A041D1F820351360C1F8203503B9002039
:102B40007047FCF79BB8FCF779B80846FCF766B805
:102B5000036803F01F025B0902600CBF4FF0A04046
:102B60000020704707B5019001A8FFF7F1FF019A17
:102B700001239340C0F8083503B05DF804FB07B5A6
:102B8000019001A8FFF7E4FF019A01239340C0F8E8
:102B90000C3503B05DF804FB37B5D0F818358A69F9
:102BA000DBB28DF807300B6A93423EBF4A699DF84D
:102BB0000740D4540B6A91F824500C695A1C0A62DD
:102BC000023335B1A3428C6938BF0B619C4288BF88
:102BD0008B610D699D4205D9CA68D35CC0F81C356C
:102BE00001200AE08C699C4201D9CB7FF6E7AA421A
:102BF000F6D3A2422CBF0020012003B030BD08B1A3
:102C0000F8F76EBC7047704740B1C368587810F051
:102C100001001EBF1878B0FA80F040097047EFF34A
:102C20001183402383F31288BFF36F8FFEE708B54B
:102C3000FFF7F5FF10B5D0E900344BB9E2685378DF
:102C400043F0010353702046FFF77AF9002014E0A7
:102C500020469847E36820B95A7842F001025A703A
:102C6000F1E70028B8BF4042FF28A8BFFF20187036
:102C7000E268537843F00103537010BD00F08CBC40
:102C800000F07CBC704710B400F10C04C0E90344B0
:102C900010BCFEF7E0BE2DE9F04F89B0DDE9126708
:102CA00005463B46914606A83246059100F03AFBA0
:102CB000DDE9063405F1140ACDE90234EFF311849D
:102CC0004FF0400888F31288BFF36F8F05F10C0BAB
:102CD00005994A462846FEF74AFE30B184F311882A
:102CE000BFF36F8F09B0BDE8F08F3E43F6D0DDE94A
:102CF000022306A800F03AFBDDE906675A46CDE953
:102D0000006721465046FDF72DFAEFF3118488F352
:102D10001288BFF36F8FDBE738B50446EFF31185F8
:102D2000402383F31288BFF36F8FFEF7D7FD04F1C2
:102D30000C0000F045FA30B1294604F11400BDE85A
:102D40003840FDF789BA85F31188BFF36F8F38BD1E
:102D500008B54024EFF3118384F31288BFF36F8F1B
:102D6000FFF719F9F6E790F90E308B4201D0FDF725
:102D700025BA00207047D0E9003213605A60427BC8
:102D8000002322F00202C0E90033427383607047DF
:102D90002DE9F843914604469DF820200D4600F1A8
:102DA0000807EFF31188402181F31288BFF36F8F7A
:102DB00002B14568A668B74215D0A6B13046FFF704
:102DC000DAFF06F1180000F086FA0023C6F88C300E
:102DD000C6F81490304600F08EF938464146FDF7AB
:102DE0003BFA00200BE0E3B108210020FDF7CEFE06
:102DF00038B988F31188BFF36F8F6FF00B00BDE80F
:102E0000F8830122C0F804900260016801F0030118
:102E10005DB922680A430260626820606AB9606036
:102E20000BE0C9F800304846EFE72A68032A10D8BB
:102E30000160616839B9C4E90000042104F110009F
:102E400000F017FBC9E70A6802F0030202430A60B8
:102E5000E5E722F003020A4302602A6802F0030257
:102E600040EA02032B60E8E710B5044630B102687F
:102E7000930703D0446809B100F079FB204610BDE8
:102E80000023C0E9003300F10803C0E9023300F178
:102E90001003C0E90433704707B5012300930023F2
:102EA0000A461946FFF774FF03B05DF804FB07B547
:102EB00000230A4600931946FFF76AFF03B05DF846
:102EC00004FB00680021FFF7CFBF5AB18A4209D343
:102ED00000F11003C0E90212C0E90000C0E90433A8
:102EE000002070476FF015007047026801238B4087
:102EF00022EA0303036022FA01F000F001007047A8
:102F000010B5032104460C30FFF7EFFF30B104F198
:102F1000100000F0E0F9B0FA80F0400910BD20B1D7
:102F200000221146983000F078B9704770B5C36838
:102F3000C3F340069B07044616D4856802210C3073
:102F4000FFF7D3FF80B1D5F890206AB194421DD12C
:102F500022689EB9D5F89430C5F890209C4201D1E2
:102F6000C5F8942000232360E36813F01F001EBF00
:102F700043F00203E36040F0020070BD3260D5F818
:102F80009420944208BFC5F89460EBE71646126897
:102F9000DBE773B50446EFF31185402383F3128812
:102FA000BFF36F8F0023A0F11006032104380193B3
:102FB000FFF79BFF28B1A369019301A93046FCF7F5
:102FC0007FFE85F31188BFF36F8F02B070BD38B5F7
:102FD00004460D461022002100F0DEFA656038BD7F
:102FE00013B501900846EFF31184402383F3128850
:102FF000BFF36F8F01A9FCF763FE84F31188BFF361
:103000006F8F02B010BD10B5FFF7EAFF041E08DD98
:10301000EFF31180402383F31288BFF36F8FFDF726
:103020002DF9204610BD08B5B022002100F0B4FAF9
:1030300008BD38B5302204460D46002100F0ACFA38
:103040004FF480736560E36038BD38B50446EFF334
:103050001185402383F31288BFF36F8FFFF750FF72
:103060002046FFF763FF85F31188BFF36F8F38BDEC
:10307000EFF30580003818BF012070476FF057004C
:103080007047D0E9003213605A600023C0E9003372
:10309000704708B5FFF7F5FF437B23F00203437346
:1030A0000023836008BD38B504460D46FCF7E8FFF1
:1030B000637B43F002036373E5B1A5602B689D4217
:1030C00009D16B68C4E900531C606C6012E06A6847
:1030D0009A42F6D01B68002BF3D094F90E2093F996
:1030E0000E108A42F3D09142F1DD5A68C4E90032F1
:1030F00014605C6038BD10B5EFF31184402383F396
:103100001288BFF36F8FFCF773FF84F31188BFF34E
:103110006F8F10BD08B5EFF31181402282F3128842
:10312000BFF36F8F83680BB1FFF7B3FF81F3118893
:10313000BFF36F8F08BD38B5EFF31184402383F3DD
:103140001288BFF36F8F90F87050427B002380F895
:1031500070302DB121B184F31188BFF36F8F38BD6A
:1031600012F0280FF7D183680BB1FFF792FF437B72
:1031700023F004034373FCF73BFFECE7012118380D
:10318000FFF7D9BF08B50346EFF31181402282F360
:103190001288BFF36F8F0068834207D008B1FFF732
:1031A00078FF81F31188BFF36F8F08BD0020F8E727
:1031B00010B5FFF7AFFFBDE81040183000F08BB836
:1031C00038B504680546AC424FF0000000D138BD68
:1031D000002CFCD02046FFF7EBFF2046FFF78BFFCB
:1031E0002C680120A542F1E738B50C460546FDF7ED
:1031F000EDF8B4F1FF3F08BFB5F1FF3F1FBF47F641
:10320000FF7300224FF47A71C0FB01321ABFD80B52
:1032100040EA42404FF0FF3038BD38B5EFF311853A
:10322000402383F31288BFF36F8F0468A04213D04A
:10323000A4B1C4F88C1062612046FFF72AFF04F1A4
:10324000180000F048F82046FCF7D2FE012085F374
:103250001188BFF36F8F38BD0020F8E72046F6E7EE
:103260002DE9F04105460E461746EFF3118840233D
:1032700083F31288BFF36F8F0468A0420FD1002040
:1032800088F31188BFF36F8FBDE8F081394620467F
:10329000B0470028F4D16B68A342F0D02468002C1A
:1032A000F4D1ECE710B5FDF757FA0446FDF75CFAE8
:1032B00074B1D4E904321B1A62EBE072B3F1004F2F
:1032C00072F1000104DA002AACBF1846002010BDDC
:1032D0006FF00040FBE738B50246EFF3118540235D
:1032E00083F31288BFF36F8F036893B1FDF734FA4D
:1032F00004461046FDF742FA844204D1FFF7D2FF9C
:103300000021FAF785FD002085F31188BFF36F8F48
:1033100038BD6FF01500F7E708B5FDF71FFB08BDD6
:10332000FDF71CBBB3F1FF3F08BFB2F1FF3F70B523
:1033300004461D46164613D01A4315D06FF00102FD
:10334000921B4FF0FF3363EB0501002904DAFDF710
:1033500005FB821941EB0501C4E90021204670BD3F
:103360004FF0FF321146F7E70022FBE7B3F1FF3FD2
:1033700008BFB2F1FF3FF8B5074616461C4610D00D
:1033800054EA020311D0FDF7E9FAB0420A46A1411E
:1033900003460AD2F31A64EB0204C7E90034384644
:1033A000F8BD4FF0FF331C46F7E70023FBE710B5ED
:1033B0000446FFF790FFA8B9636A0BB1204698470F
:1033C00004F11800FFF7DEFE60B1FFF794FEEFF3A3
:1033D0001180402383F31288BFF36F8FBDE8104044
:1033E000FCF74CBF10BD2DE9F041846805460E4640
:1033F000ECB16378012B25D114F8533C9A0714D50E
:10340000A4F160073846FFF7D3FE082E0CBF6FF01B
:1034100003030023E36214F8533CDB0605D154F8A0
:10342000483C13B93846FFF766FE00232370EB686B
:10343000C3F386321643002066F39433A860EB6032
:10344000BDE8F081022BF0D12378002BEDD054F8A9
:10345000048CB8F1000FE8D004F11400FFF73BFF33
:10346000A4F114070023E36239464046FFF7B8FD94
:10347000DBE710B50346EFF31184402282F3128894
:10348000BFF36F8F0068834208D0D0E90032136029
:103490005A600023C0E90033FFF7A5FF84F31188C9
:1034A000BFF36F8F10BD2DE9F3470646DDE90A989B
:1034B00017460C46E1B102F0010AFDF70BF805468C
:1034C000EFF31181402383F31288BFF36F8FBB07A3
:1034D00044BF0023B360B36803EA0402BAF1000FEB
:1034E0000AD094420AD181F31188BFF36F8F1C4038
:1034F000204602B0BDE8F087002AF4D159EA08035B
:1035000005D181F31188BFF36F8F0023EFE7C5E981
:103510001A473246CDE9009806F10C00FCF722FE6E
:103520000028F2D1AB6EE2E710B5C46E826E4B6834
:10353000E40703EA02030BD59A420BD1012380F87A
:1035400070300B68436608601830FFF7C4FE01E076
:10355000002BF3D1002010BD4FF0FF32FDF7E8BA89
:103560000A460021FDF7E4BA5200FFF79CBF20B1E4
:10357000011F50F8040CFFF7CFBB70470A4491427B
:1035800000F1FF3300D1704710B511F8014B03F87B
:10359000014F9142F9D110BD02440346934200D13C
:1035A000704703F8011BF9E710B501390244904256
:1035B00001D1002005E0037811F8014FA34201D0AA
:1035C000181B10BD0130F2E710B5024601448A42D3
:1035D000134603D01C780132002CF8D1181A10BD04
:1035E000F0B5C3F137070446FFB203F01F031046DE
:1035F000082BE6B233D0102B3ED06508A40844EA6D
:10360000817445EAC1752D194FEA910242EB5102CE
:10361000290941EA02716D1842EB1212290A41EAA6
:1036200002616D1842EB1222290C41EA02416D1829
:1036300042EB1242AD1842F10002EC0844EA427437
:10364000D10804EB8402A6EB4205EDB2092D0CD99A
:103650000134A5F10A0541F10001EDB212E0E408E0
:1036600044EA417406F00705C908303554EA0102FE
:1036700000F8015BBCD1F0BD240944EA017406F0F6
:103680000F050909092D84BFED19EDB2EDE7000022
:103690000148006870470000A01A00208A56FF7F8A
:1036A00001000000C9B400000000000065CC00006B
:1036B0002437010009F8000000000000D5D1000007
:1036C0003C37010009E70000000000002B2A010040
:1036D00000000000ED2501006C370100F1D0000072
:1036E00054370100BDDC000000000000F5B400000C
:1036F00000000000E5B200000000000051DF000003
:103700008437010071E700000000000041FB000069
:103710000000000085CA00009C370100C727010097
:10372000B437010009400100E43C0100B039010058
:1037300072040020F01A0020000000003740010051
:10374000F43C01008439010078040020981B00201B
:103750000000000018400100000000007C3901005A
:1037600074040020441B00200000000028400100D9
:103770000000000074390100760400200000000001
:10378000000000008040010000000000783D0100C2
:103790007C040020B01B002000000000FC3F010062
:1037A00000000000683901007004002000000000E3
:1037B000640300204D4001000C3D0100A8390100C8
:1037C0007A0400207803002098020020412A01009A
:1037D000612A010000000000811F010000000000BC
:1037E000811F010000000000811F010041F5000061
:1037F000612A010000000000811F010095F0000017
:10380000612A01009C370100D9CA000000000000B5
:10381000811F010000000000811F01000000000066
:10382000811F010000000000811F01000000000056
:10383000811F0100441B002061D100000000000036
:10384000811F010000000000811F01000000000036
:10385000811F0100000000004DDD0000000000009D
:10386000811F010000000000811F01000000000016
:10387000811F010000000000811F01000000000006
:10388000811F010000000000811F010000000000F6
:10389000811F01000000000061E70000000000003F
:1038A000811F010000000000811F010000000000D6
:1038B000811F010000000000811F010000000000C6
:1038C000811F010000000000811F010000000000B6
:1038D000811F010000000000811F010000000000A6
:1038E000811F010000000000811F01000000000096
:1038F000811F010000000000811F01000000000086
:04390000811F010022
:10390800701300208026002000100000E9900000BD
:103918000000000000000000000000000700000098
:1039280000000000CA3D0100000000000000000087
:10393800E012002040220020000400005590000002
:103948000000000000000000000000000800000067
:1039580000000000B53D010000000000000000006C
:10396800BDC70000F1C8000058020000F1250100A1
:103978000000000099D00000F1CF000059D20000EB
:10398800F9250100072601001F2601002B2601004A
:1039980037260100D5D300005126010000000000A1
:1039A80049D60000A3270100BDCC00005F25010017
:1039B800C125010000000000FB24010000000000F8
:0439C80000000000FB
:1039D000C340010000010000F401FA0096006400F9
:1039E0004B0032001E0014000A0005000200010016
:1039F00001000100000101000001000100000100C0
:103A00000100000001000B0002000A00050009008F
:103A10000A000800140007001E000600320005001E
:103A20004B0004006400030096000200FA0001004D
:103A3000F4010000020301000C0802170D0101024D
:103A40000909010106020918180301010909030304
:103A500005030201230202240910040405050B0BCF
:103A6000040B2B1B1B151A1A1C021D1613050149EA
:103A70000D150508061B0F02020801010000FEFEDD
:103A8000FEFEFEFEFEFEFEFEFEFEFEFEFEFEFE163E
:103A9000FEFEFEFEFEFEFEFEFEFEFEFEFEFEFE261E
:103AA000FEFEFEFEFEFEFEFEFEFEFEFEFEFEFEFE36
:103AB000FEFEEAEAA301B103BF05EF024906A3092E
:103AC000C505F50B25120E021C045A03B406300678
:103AD000600C000001000000101100400000000018
:103AE0000000000000000000000000000406080ABA
:103AF0000C0E10121416181C1E20222426282A2C04
:103B00002E30323436383A3C3E40424446484A4CE5
:103B10004E021A5000003408E80300002CA6E0A171
:103B20000000000028000000180000000000000055
:103B3000141E00003011000000000000701700008B
:103B4000A00F00000000DC05E803000000000000FA
:103B5000141E00003011000000010302D8ECF0F444
:103B6000F8FC00020304050607080000000000003E
:103B70000000000000000000000000000000010143
:103B80000101020202020303030304040404050505
:103B900005050606060809000000000000000000F8
:103BA000000000000000000000000001010101020F
:103BB00002020203030303040404040505050506C9
:103BC000060708090A0B0C0D06080801020600107A
:103BD0000200FA0000000000078D0000138D0000B5
:103BE000178D00001F8D0000238D000000000000D5
:103BF00000E00000000000000000000000000000E5
:103C00000338FDD870470000FF1A0000540400205C
:103C1000000000000400000020000000210000005F
:103C2000000000009C370100000104040A4000016C
:103C3000000000000C000000000000200000000058
:103C400000000B06020000004C3C010000000000D8
:103C50004B3E01002400020700000020533E0100FB
:103C60001E000B1171B3000000000000EF1F0100E7
:103C7000643C01007C3C01004700000080550020AE
:103C8000643C01008C3C01002E000000885900209B
:103C9000643C01009C3C010002010000685A0020C5
:103CA0000E030000A9BF00000F040000E5BF0000E4
:103CB000FF01000045B600003E01000065B60000AF
:103CC000100100005D210100643C0100D43C0100B2
:103CD00047000000885B002021CC0000F1CB0000F1
:103CE000000000009DCD00001DCD0000F9CC0000BB
:103CF000E1250100FFFFFFFF00000050FFFFFFFF75
:103D00000000000000600040000000000040004093
:103D100000000000000000FF00FF000000000000A5
:103D20000000000101000000C92601003C3D010027
:103D3000FFFFFFFF00000000000000000040004007
:103D4000483D010002000000643D01000300000046
:103D5000583D0100030100000780000405800005B4
:103D600006800006070000040500000506000006A6
:103D70003C37010008000100C9DE000033290100C2
:103D800021E10000A4360100A4360100E436010060
:103D9000F4360100243701002437010072616E649B
:103DA0006F6D0046463A45453A44443A43433A42E9
:103DB000423A4141007468726561645F72756E5F7A
:103DC000706F6C6963795F696400746872656164BF
:103DD0005F726561645F626D613430305F69640099
:103DE00000010103010003012A2A2A20426F6F7497
:103DF000696E67206E524620436F6E6E6563742055
:103E000053444B2076332E302E312D3965623536B2
:103E100031356461363662202A2A2A0A002A2A2A83
:103E2000205573696E67205A6570687972204F5308
:103E30002076342E302E39392D37376638363562B4
:103E40003866386430202A2A2A0A00464C415348F2
:103E50005F30005352414D5F300000000000000011
:103E600000FFFFFFFFFFFF00000000000070756211
:103E70006C696300287075626C696329002872613F
:103E80006E646F6D29007075626C69632D696400E2
:103E9000287075626C69632D6964290072616E64B3
:103EA0006F6D2D6964002872616E646F6D2D696499
:103EB0002900574553545F544F504449522F7A6557
:103EC000706879722F7375627379732F626C756580
:103ED000746F6F74682F686F73742F6863695F63A2
:103EE0006F72652E630062745F6863695F657674E4
:103EF0005F6765745F666C616773286864722D3EE6
:103F0000657674292026202831554C203C3C2028F9
:103F100031292900415353455254494F4E204641BF
:103F2000494C205B25735D20402025733A25640AA7
:103F3000006576745F666C616773202620283155B2
:103F40004C203C3C20283029290042484152006244
:103F5000756600737563636573730009636F6D6DD8
:103F6000616E64206F70636F646520307825303433
:103F7000782074696D656F75740A00657272203DF2
:103F80003D20300009436F6E74726F6C6C65722057
:103F9000756E726573706F6E736976652C20636FD2
:103FA0006D6D616E64206F70636F6465203078257D
:103FB0003034782074696D656F7574207769746822
:103FC000206572722025640A0042542052582057FE
:103FD0005100060105010401070203010502020167
:103FE00003020504010101020103010401060108A5
:103FF000010C01100118012001400180616463403F
:10400000343030303730303000636C6F636B4034A5
:10401000303030303030300072616E646F6D40345B
:104020003030306430303000656E74726F70795F9C
:1040300062745F686369006770696F403530303063
:104040003030303000000102030405060773706948
:1040500040343030303430303000536F6674446553
:104060007669636520436F6E74726F6C6C65722045
:104070004153534552543A2025732C2025640A009D
:1040800062745F6863695F736463004D50534C20D2
:104090004153534552543A2025732C2025640A007D
:1040A0004D50534C20576F726B0000000000010010
:1040B00000000101000001010101000000006D612C
:1040C000696E00737973776F726B7100899A508A89
:1040D00095019C58FC39D2C11004EE0264CE25BE75
:1040E00000FFFFFFFF1F00647261676F6F6E2F6C30
:1040F0006962732F7363686564756C696E672F738B
:1041000072632F72656D5F68616C5F6576656E7452
:104110005F74696D65722E6300286E756C6C290082
:104120002A666C6F61742A00FFFFFFFFFF1F00000B
:104130001F000000000000005D40000000000000C3
:10414000FFFFFFFF1FFF0000BAABBABA101010103C
:10415000000000000080004000000000000000009F
:104160000C0000000000000000FF7F0000000000C5
:10417000000000007D14000000000000A983000082
:10418000000000000000000000000000000000002F
:104190006C000020B78B0000BD8B0000BF8B0000BF
:1041A000E58B0000C38B0000EF8B0000C98B000083
:1041B000FB8B0000CF8B0000018C0000DB8B00002C
:1041C000DF8B0000D18B0000D78B0000EB8B000051
:1041D000F58B00000000000000000000000000005F
:1041E00000000000000000000000000000000000CF
:1041F00000000000000000000000000000000000BF
:1042000000000000000000000000000000000000AE
:10421000000000000000000000000000000000009E
:10422000000000000000000000000000000000008E
:10423000000000000000000000000000000000007E
:10424000000000000000000000000000000000006E
:10425000000000000000000000000000000000005E
:10426000000000000000000000000000000000004E
:10427000000000000000000000000000000000003E
:10428000000000000000000000000000000000002E
:10429000000000000000000000000000000000001E
:1042A0002DBF000000000000000000000000000022
:1042B00000000000000000000000000000000000FE
:1042C00000000000000000000000000000000000EE
:1042D00000000000000000000000000000000000DE
:1042E00000000000000000000000000000000000CE
:1042F00000000000000000000000000000000000BE
:1043000000000000000000000000000084370100F1
:10431000000000000000000000000000000000009D
:104320008D090100000000000000000000000000F6
:104330000802002008020020CD2401000000000037
:10434000000000000000000000000000000000006D
:1043500028020020280200200000000001000000C8
:1043600038020020380200204002002040020020D5
:104370000000000001000000500200205002002058
:10438000000000000000000000000000000000002D
:10439000000000000000000000000000000000001D
:1043A000000000000000000000000000000000000D
:1043B00000000000000000000000000000000000FD
:1043C00000000000000000001727010000000000AE
:1043D0000000000000000000B0020020B002002039
:1043E0000100000001000000C0020020C002002007
:1043F000C8020020C80200200000000000000000E9
:1044000000000000000000000000000000000000AC
:10441000000000000000000000000000000000009C
:10442000000000000000000000000000000000008C
:10443000000000006E04002000000000F98F000062
:10444000D991000087100100000008000000000062
:10445000B437010040420F00000100003C3701006A
:104460000800010000000000071B01000000000020
:10447000AB2101000000000000000000000000006F
:1044800085B6000000000000000000008001000070
:104490000000000079C700000000000000000000DC
:1044A0000000000000000000703D0100010000005D
:1044B00088030020880300200000000001000000A5
:1044C0009803002098030020A0030020A0030020F0
:1044D0000000000001000000B0030020B003002035
:1044E00000000000000000000000000000000000CC
:1044F00000000000000000000000000000000000BC
:1045000000000000B43701000000000000000000BF
:10451000000000000000000000000000000000009B
:10452000000000000000000000000000000000008B
:10453000000000000000000000000000000000007B
:10454000000000000000000000000000000000006B
:10455000000000000000000000000000000000005B
:1045600008000000FF000000000000000100000043
:10457000000000004C0400204C04002059000102FF
:10458000030405060708090A0B0C0D0E0F10111283
:104590001314151617181F0100000000000000007A
:0645A00000000000000015
:1045A80000000000000000008D090100000000006C
:1045B800000000000000000098040020980400207B
:1045C800ED8F000000000000000000000000000067
:1045D8000000000000000000B8040020B80400201B
:1045E80000000000000000000E000000CC040020C5
:1045F800CC0400200000000001000000DC040020C2
:10460800DC040020E4040020E40400200000000092
:1046180001000000F4040020F40400200000000061
:104628000000000004050020040500200C050020FF
:104638000C0500200300030001000000000000003A
:10464800803C0100145A0020000000000000000017
:1046580030050020300500203805002038050020EE
:10466800020002000100000000000000C83C010038
:10467800185C002000000000000000005C0500201D
:104688005C05002064050020640500200A000A007B
:1046980006000000B1B50000703C01004858002039
:1046A80000000000000000008805002088050020A8
:1046B8009005002090050020010001000100000085
:1046C80000000000903C01006C5B002015E015E044
:00000001FF
