:10000000004D0020EDAC0000731F0100D9AC0000D2
:10001000D9AC0000D9AC0000D9AC00000000000051
:100020000000000000000000000000005DAE0000C5
:10003000D9AC000000000000F5AD0000D9AC000014
:1000400015B00000112A010015B0000015B0000025
:1000500015B0000015B0000015B0000015B000008C
:10006000C729010015B0000015B00000FB290100F0
:1000700015B0000015B0000015B0000015B000006C
:1000800015B0000015B0000015B0000015B000005C
:1000900015B0000015B0000015B0000015B000004C
:1000A00015B0000015B0000015B0000015B000003C
:1000B00015B0000015B0000015B0000015B000002C
:1000C00015B0000015B0000015B0000015B000001C
:0C00D00015B0000015B0000015B00000D5
:1000DC00064B074A9B7802604FF490728280C37182
:1000EC000822FF2382710372704700BFB005002005
:1000FC00E1860000F8B5C41D002824F0070405466D
:10010C0014BF2046002000F0F9FA071E02DA6FF047
:10011C000B00F8BD0DB9FC42F9D4294E3189F08899
:10012C00F37AB27A0331033089B280B207F024FC3F
:10013C000028ECDB317873783C440334002D1944EF
:10014C0024F0030400FB01F114BF2046002000F052
:10015C0061FC20440DB90028D9DBB2780346B2B15A
:10016C00F17CF37811441944FF29D0DC0330002DC5
:10017C0020F0030414BF20460020F289C9B200F01D
:10018C009FFC031EC3DB23440DB9002BBFDB317C6A
:10019C0081B1B27872B10733002D23F0070414BF7C
:1001AC002046002001F08AFE031EB0DB23440DB96B
:1001BC00002BACDB002D0CBF18460020A9E700BFBC
:1001CC00B00500201FB572B6184BDD6AE5B9BFF358
:1001DC004F8F1749174BCA6802F4E0621343CB6088
:1001EC00BFF34F8F00BFFDE7B2FBF6F2DCB2013379
:1001FC00002AF9D104F110036B4403F80C2C0A22E9
:10020C0034B901A8A847E2E7024600230A26EDE725
:10021C00631E04AEDCB256FA83F3B0FBF2F602FBBB
:10022C001600303003F80C0C3046E9E7B00500201E
:10023C0000ED00E00400FA0507B50C4BDA7A8DF8F6
:10024C0001209A7A8DF8002068461A89DB88ADF86F
:10025C000420ADF8023001F0EDF818B1DB210320D9
:10026C00FFF7B0FF03B05DF804FB00BFB005002042
:10027C0038B5054668B306F0C3FB10B94FF0FF3034
:10028C0038BD03F0DFFEB0F5FA7FF7D8134C1448F5
:10029C00E562002500F0ACF92A222946204684F8B4
:1002AC00305006F041FF01236370A3701B23E380E1
:1002BC00238140F2032363811F23E38108232374EA
:1002CC00EFF3108472B600F0D1FC2CB962B6204664
:1002DC00D6E76FF01500D3E72846D1E7B00500202C
:1002EC004502000010B5002842D1244C94F830305F
:1002FC00032B3AD059B1002A3DD00239052937D801
:10030C00DFE801F0031428362B2E137863700020DD
:10031C00FFF7F0FE0028B7BF0123022384F830302A
:10032C006FF00B00A8BF84F8303010BD137913B3F5
:10033C00537903B31188FB291DD81A2953881AD96C
:10034C001B3BE02B17D81368C4F806300C4B928873
:10035C009A80DCE71378A370D9E71388E381D6E79A
:10036C001388FF2B07D82374D1E74FF0FF30DCE75D
:10037C006FF02C00D9E76FF01500D6E7B005002020
:10038C00B6050020F8B50D46064630B329B311F07A
:10039C00070422D1124F97F83030012B02D16FF0A5
:1003AC000B00F8BD032B02D14FF0FF30F9E700F042
:1003BC005FF80028F8D02846FFF79CFE0028EEDBFB
:1003CC0008F05AFB3046214601F078F8FFF734FF6D
:1003DC00032387F830302046E3E76FF01500E0E7A1
:1003EC00B005002010B5074C94F83030032B03D126
:1003FC0001F07CF801F08EFC07F0B4FB002084F8CF
:10040C00300010BDB005002050B1074B03F11402B1
:10041C0053F8041B40F8041B9342F9D10020704799
:10042C006FF01500704700BFCC40010010B5074BB2
:10043C0093F830403CB901F027F80120044900F052
:10044C0055F9204610BD4FF0FF30FBE7B0050020FA
:10045C00DD000000024B02681A600020704700BFEC
:10046C00E4050020014B1B68184700BFE405002081
:10047C00024B1868003818BF01207047E4050020B3
:10048C002DE9F743294E0446071D2848376001F033
:10049C0051FC0228054607D12449204606F074FF7A
:1004AC00284603B0BDE8F083042838D13378072BF5
:1004BC0018D13E2000F050F878B9F378327901A9C0
:1004CC0043EA02236846ADF8003007F0A4F900288F
:1004DC00DBD053210820FFF775FE052000F074F8DF
:1004EC000028EAD03146204606F0B3FFB0F5817FF4
:1004FC0001D37221EEE70028C7D094F8008094F85D
:10050C000290404600F028F80028BED0B8F13E0F0B
:10051C00C6D1484600F058F80028C1D1B5E70828E4
:10052C00BED10249204606F05EFFB9E7E80500207F
:10053C00074B4FF0FF3141F6FF72C3E9001205493A
:10054C000022C1E900221F21C3E90212704700BF3B
:10055C00000000202C0600203F280CD801380B4B43
:10056C00C0F3421200F01F0053F8223023FA00F0BF
:10057C0000F001007047FF2806D04038C0F342124B
:10058C00034B00F01F00EFE7012070470000002034
:10059C002C0600200146074B006849681A4603C226
:1005AC0040F48C221A6041F0107242F4FF625A60DF
:1005BC00704700BF000000200246024B00685168E3
:1005CC0003C3704708000020FD281ABF00F1FF305C
:1005DC00C0B23F20054B420903EB820300F01F0021
:1005EC009B6823FA00F000F0010070470000002027
:1005FC00014B1860704700BF3406002010B5FFF7A0
:10060C0097FF07F08CFC034B1B68044603B198471B
:10061C00204610BD340600200B880288F0B5C3F3C9
:10062C000E049EB204F11803C57CC35A02352A4449
:10063C002B4497B213FA82F3013B4288B3FBF7F3D6
:10064C0013FB07439BB29A42044A93BF22EA060368
:10065C00324013439BB20B80F0BD00BF0080FFFF04
:10066C004A1E062A08B50346084604D84FF4D17131
:10067C001520FFF7A7FD094A914202D940F2A311B8
:10068C00F6E711B903B1196008BD2BB11B68002244
:10069C00C3E901211A1D1A600430F5E7FAFFFF7F48
:1006AC0010B5114B00EB41041A786389B3FBF2F3DC
:1006BC0003FB0223013A1A44B2F5706F027928BF8A
:1006CC0000231A448378B2FBF3F0194403FB102087
:1006DC00091AB1FBF3F003FB101313446FEA434305
:1006EC006FEA5343638110BD38060020024B03EBC5
:1006FC0080035960704700BF380600202DE9F04F89
:10070C0010F0070A85B0054604D040F2611117209D
:10071C00FFF758FD554F07F10C06B1460446B0469D
:10072C004FF0010B57F8043B8DF80BA03BB101A81F
:10073C0098479DF80A30082B01D9E821E7E79DF886
:10074C000B1081BB05B13160B94506F10406E9D146
:10075C002DB3DFF81CE100238EF800301E46022278
:10076C0058F82200013A60B190F804A08178BAF1EF
:10077C00FF0F66D14FF000078E4207713CBFCEB21F
:10078C000123511CECD10BB18EF80060022640F60F
:10079C00FF6A58F82670002F65D1013EF9D2601B14
:1007AC0005B0BDE8F08F9DF80AC0BCF1020FE6461B
:1007BC0001F1050238BF4FF0020E0EF1FF3004EBD1
:1007CC0042040444CEF100002040BDF808406444CB
:1007DC00013CCCF1000C04EA0C04B4F5803F4FEA68
:1007EC00420301D3F82192E775B1C31A33609970B3
:1007FC001C8083F803B09DF80C201A71019A1A81A1
:10080C004FEA124CA3F806C004FB01049CE758F80D
:10081C002C90B9F1000F06D099F804B0D34504BF61
:10082C0099F802904F440CF1FF3CBCF1000FEEDA4A
:10083C003944FF29A0D90BB18EF8006040F2271182
:10084C0065E794460027F0E707EB41033846A3F829
:10085C000AA0FFF725FF09F10109BB785FFA89F1BE
:10086C008B42F1D899E74FF00009F6E73C060020DF
:10087C0038060020F8B54FF6FF730380184B03EBD6
:10088C00810305461869B8B186780379B3FBF6F293
:10089C0006FB1233DBB219460A1D00EB4202B2F919
:1008AC0002705488002F09DB0131B1FBF6F206FB14
:1008BC001211C9B28B42EFD10020F8BDFF29FBD039
:1008CC00C4F30E03C4782B8024B94FF4D5711720D0
:1008DC00FFF778FC5380BDE8F84007F02CB800BF58
:1008EC00380600201D4B03EB810370B51C690546CF
:1008FC0044B3030404D54FF4DC711720FFF762FCFA
:10090C000146204606F0F9FFFF28014604D0204698
:10091C00BDE8704007F00FB8A078B5FBF0F300FB12
:10092C001353DBB219460A1D04EB4206B6F90260FA
:10093C00002E09DB0131B1FBF0F200FB1211C9B240
:10094C008B42F0D1002070BDFF29FBD08B4204EB11
:10095C0042021CBF0023E3705580D8E73806002004
:10096C00094B03EB810310B51C690146204606F0C8
:10097C00C4FFFF28014604D02046BDE8104006F015
:10098C00DABF002010BD00BF38060020F8B5104BB0
:10099C0003EB810307461C690146204606F0ADFFB8
:1009AC00FF28054611D0E688238953EA064606D06F
:1009BC000146204606F0BFFF01463846B0472046A8
:1009CC002946FFF76DFE0020F8BD0520FCE700BFAF
:1009DC003806002038B50E4B827903EB82030446AF
:1009EC00186908B9052038BD8278E1799142F9D2AD
:1009FC004B1CE37100EB41035D89B3F90A30002B0A
:100A0C00F3DBA58006F097FF20600020EBE700BF2A
:100A1C003806002070B5044610F003000E4603D0D3
:100A2C004F211820FFF7CEFBFFF71AFE054624B125
:100A3C00034831460460FFF713FE284670BD00BF23
:100A4C00540600202DE9F14FDFF870B09DF828A076
:100A5C009DF82C901E46DBF8003007460D4690465C
:100A6C001BB961211820FFF7ADFB52460921404606
:100A7C0006F0FAFE4A4684B20921304606F0F4FE2E
:100A8C0014FA80F1DBF8000006F013FF386018B997
:100A9C00286001B0BDE8F08F04442C6038685346E0
:100AAC004146092206F0BFFE28684B460922314612
:100ABC0001B0BDE8F04F06F0B6BE00BF54060020F2
:100ACC001F2AF8B5044613460ED89200033222F0C2
:100ADC000303B3F5803F2DD2184DACB1A00710D055
:100AEC005F210920FFF76EFBFF2B4FEA420204D96E
:100AFC00FF339A42A8BF1A46E8E77C2AB8BF7C228B
:100B0C00E4E729706C602B8122F0030201EB810376
:100B1C001204D80001276B68120C0025EEB28E422D
:100B2C0000D3F8BD14B126181F705E601044013557
:100B3C002833F3E74FF0FF30F3E700BF58060020EF
:100B4C0038B5144A147853680021C8B2844203D8CB
:100B5C00AB210920FFF736FB184601310578283305
:100B6C00002DF2D000218170012412894470446858
:100B7C008161C161920800F12001051D21F8022B51
:100B8C00994245F8044B1444F8D100234361037097
:100B9C0038BD00BF580600202DE9F8434B7880463D
:100BAC000C4602F0040602F0FB07D3B1DFB12E4B6A
:100BBC00D4F804901D89B7BB01236370AD08A761FD
:100BCC00E76104F120034A46211D04F1280023F8B3
:100BDC00025B984241F8042B2A44F8D1002363614C
:100BEC0001E0002FE3D0FF23A370002E18BF0226D4
:100BFC00A3191B7D032B03D1022F1CBF0136F6B2A8
:100C0C00A31901221A7506F10C0204EB86060023C7
:100C1C0024F812307268A370C8F80020A8F80430C9
:100C2C004046BDE8F883002114226170A01806F03C
:100C3C007BFAB5F5FF7F0FD26B08ED1AADB209EB5D
:100C4C000502C4F804902584A2606384C4F80C9057
:100C5C00A5842261E384C6E7B5F5EE6F4FF0FF0380
:100C6C00EBD940F27265EAE758060020134B0122DB
:100C7C0000214FF0FF309A60C3F80012C3F808034C
:100C8C00C3F80015C3F804259A60C3F80803C3F829
:100C9C000015C3F804250A490A4A03F580334FF4BA
:100CAC000040C3F80825C1F88000BFF34F8FBFF395
:100CBC006F8FC1F88001C3F80825704700F0004021
:100CCC0000E100E00000F63F014B1876704700BFD2
:100CDC00640600202DE9F04104460D46164690F8B6
:100CEC00F03003F0FF071BB10C273846BDE8F0814C
:100CFC000146454804F08EFD20288046F4D0582249
:100D0C00394604F1C80006F00FFA84F8C880C4F81C
:100D1C00CC50FF2384F8F03035B101F059F800F0D5
:100D2C000700013085F8D40102234FF00008A4F825
:100D3C00003184F8F88003F08FF900F19E0520460D
:100D4C0007F0AEFDADB2014670B307F037FB00F50E
:100D5C00CD6189B2304603F039F93044C4F8FC0057
:100D6C0007F099FF281841F10001C4E94201012064
:100D7C0084F8D000A4F8268007F050FEE53E361A21
:100D8C00C4F8D4604FF0FF326FF00043C4E9442341
:100D9C0094F8C80004F1F80104F082FE48BB4FF44B
:100DAC00E5713020FFF70EFA204607F09DFCDFF8C6
:100DBC005C80E530C4F8FC00B8F8080048B1E08C61
:100DCC0038B101F005F8B8F80830B0FBF3F202FBCB
:100DDC001300054407F05FFF2D1841F10001C4E931
:100DEC004251002ECED0751941F10001C4E9445195
:100DFC00CEE7D4E942230021C4E93823C4E93A23DD
:100E0C00204607F06AFD70E7C17B00001C0700203C
:100E1C00F0B5002385B0CDE9003301238DF8063001
:100E2C006846FFF7D7FD70B11B4E0123B372002744
:100E3C00CDE9027702A8FFF7CDFD0546A8B1002346
:100E4C00B37205B0F0BD009806F06EFFE8E790F8BD
:100E5C00FB0105F0B5FB94F8FB0184F8E45104F0B8
:100E6C000DFD202384F8FB31E2E7029B002BE1D03F
:100E7C0093F8FB21202ADDD018884FF6FF73984297
:100E8C00DDD02946FFF76CFD04460028DFD14FF476
:100E9C009A713020FFF796F91C070020054B0022B1
:100EAC000121DA7219709A7242F210721A81FFF7EC
:100EBC00AFBF00BF1C070020014BD872704700BFAA
:100ECC001C070020014B1881704700BF1C07002035
:100EDC00F0B5070CA7F5AA42144B543A012A03EAC1
:100EEC0090231FD927F4004042F6AA22801A18BF7B
:100EFC0001200022162116461F2487EA060562EA05
:100F0C000505013510D0DD03ADB245EA5606E50303
:100F1C00ADB2013945EA52024FEA53034FEA540489
:100F2C00EBD1F0BD0020E4E70020FAE7E0FF3F0042
:100F3C0010B501210020FFF713FD044670B9012103
:100F4C00FFF7D0FC044620B940F24D313920FFF7B1
:100F5C0039F9034B93F9061007F08EFB204610BDB0
:100F6C002C07002008B507F02BFA00F045FC00F028
:100F7C00DFFA07F0F3FA00F0A7FD00F0B1FF00F084
:100F8C00BBFD094B00221B214FF4A47098801A80E2
:100F9C005980DA71054B064818605A829A75998007
:100FAC005A749A8208BD00BF2C070020540B0020F5
:100FBC0003021B00044B41F64C52C3E902221B22D4
:100FCC001A74FFF7CFBF00BF540B00202DE9FF416F
:100FDC00354DAB68044640F8303F06F0DCFE064663
:100FEC0000F096FA2B7C84F83830304B668710F082
:100FFC00200F1B681DBFAA886988A4F85A101B22F1
:10100C0008BFA4F85A20A4F85C201BB194F9701006
:10101C0020889847AE7CEF7CB5F8148041F64C5391
:10102C00A36116B900F07AFA064687BB00F076FA8F
:10103C00074676B368B303A920468DF80C608DF88B
:10104C000D70ADF80E8007F0FBF901236A88E3857B
:10105C00AB886978019103332978009103329BB2F4
:10106C0092B204F1140104F11000FFF7EBFC2369B8
:10107C0013B94FF4BE6114E0636913B940F2F15136
:10108C000FE0002004B0BDE8F0810920FAE7002E43
:10109C00D1D120880021FFF779FC0028F5D040F24F
:1010AC00D3513920FFF78EF8540B00204800002054
:1010BC00F7B505460E4607F012FB002874D02846FB
:1010CC0007F0EEFB40B1B6F80130013B7F2B03D9A2
:1010DC001224204603B0F0BD284607F0E5FB08B902
:1010EC000C24F6E7284606F0A1FE0028F8D1284685
:1010FC0007F0B3FA04460028F2D1284601F058FA5A
:10110C000028E5D0B6F80170F17842F21073284649
:10111C005F4307F0B2FB284607F0BAFB014658B90B
:10112C003A462846FFF7D6FD04460028D1D041F6B2
:10113C0015213920FFF746F821460DF10600FFF77F
:10114C0099FB064670B3214600F04AFCBDF8063008
:10115C0033802846314607F0B1FB284607F0AAFB3E
:10116C00A0B9296A284607F0A7FB01463046FFF7CD
:10117C002DFF04460028ACD13A4631462846FFF7ED
:10118C00A9FD044620B141F63821D2E70121EDE753
:10119C00064B9B68002B9CD0024606F58D713046A1
:1011AC00984796E70D2494E7422492E72C070020F9
:1011BC00034B5A8802801B7883700020704700BF55
:1011CC00540B0020F0B50778EF2F85B004460D4680
:1011DC0003D91225284605B0F0BDB0F80130ADF8A2
:1011EC000C309DF90C209DF80C30002AF1DB9DF899
:1011FC000D209107EDD1DA063FD49E0603F00302D1
:10120C0038D5002AE5D11807E3D46378190711D42F
:10121C002179E278E07942EA0122617942EA0142DD
:10122C00A17941EA0021207A41EA00418A42D0D8D2
:10123C001F2ACED9627A013A062ACAD8A27A032A80
:10124C00C7D813F0040102D1023A012A03D8E27A7A
:10125C00012ABED811B9A27C032ABAD813F0100106
:10126C00227D19D0012AB4D1227E012AB1D8B1B97C
:10127C001125AFE7032AC6D1ABE713F0600FA8D155
:10128C0003F00F0203F00703052BBED0931E012BB6
:10129C00BBD9002A9DD1B8E7022AE5D199E7DA0734
:1012AC001FD46378227D03F0180108291ED1022A6D
:1012BC00DED11B0709D4E279A37943EA0223227A0F
:1012CC0043EA0243B3F5804FD2D8BFB2012138466E
:1012DC00FFF746FB064678B106F0A8FDB8B10C2521
:1012EC0078E700F0E5F80028DBD1C1E7022AE0D06E
:1012FC00227F002ADDD0BBE701213846FFF7F2FA46
:10130C00064650B3164B93F9061007F0B5F9304664
:10131C0007F0BBFA21462870E074304607F000FA5B
:10132C00E37E0546002B3FF455AF00287FF452AF07
:10133C00316B02466846FFF72FFC306B2A460121C1
:10134C0006F062FB316B68460422FFF725FC306B1C
:10135C002A46294606F058FB3CE707253AE700BF2A
:10136C002C07002070B50579042D8AB003465CD893
:10137C004488B4F5804F58D82D48465D2844002148
:10138C004279857AC07BADF8001042F0100242EA37
:10139C00460242EA850242EAC00202F01F028DF8C0
:1013AC000020BDF80020ADF809201A888DF80B201C
:1013BC008DF80E40120A240A8DF80D108DF81010BD
:1013CC008DF80C208DF80F405A7B8DF811205A792E
:1013DC008DF812209A79D3F807008DF81320B3F802
:1013EC000B209B7B8DF81A307F238DF81B3001234B
:1013FC008DF8081005908DF81D10ADF818208DF89B
:10140C001C308DF81E3002A88DF81F108DF820109E
:10141C008DF823108DF824108DF821108DF82210E2
:10142C006946FFF7CFFE0AB070BD1220FBE700BF84
:10143C00F03901000278034672B1427862B14288F9
:10144C001A2A09D982881A2A06D9044A0068106017
:10145C009B8893800020704712207047540B00200B
:10146C00024B02689A600020704700BF540B0020AA
:10147C0008B501F095F8FFF711FDBDE808400148EB
:10148C0001F078B83807002010B5064C064904F571
:10149C00027006F075FF04F503700449BDE81040B6
:1014AC0006F06EBF380700204C00002054000020CE
:1014BC00014B93F8020170473807002010B5074C18
:1014CC0000F014FCD4F8080206F052FFFFF772FD8E
:1014DC0000F096FC012384F8143210BD380700206C
:1014EC00014B93F8140270473807002010B5074CD5
:1014FC00D4F80C0206F03CFFD4F8100206F038FFCA
:10150C00FFF730FD002384F8143210BD380700209B
:10151C00014BD3E90001704710000020034B186801
:10152C00C0F30020400040F0010070471000002084
:10153C0008B502F087FD084A002332F823108142D7
:10154C0005D302EB83039B78044A137008BD013367
:10155C000C2BF2D10023F7E7043A01004D090020CF
:10156C00054B9A8C824201BF002283F822204FF651
:10157C00FF729A84704700BF4E09002050B90A4A86
:10158C001346012003F8010B0868C2F801008A8891
:10159C009A807047012805D1034B0A689A608A88A3
:1015AC00D8719A81704700BF7809002048B90A4B5E
:1015BC00187880B1D3F80120B3F805300A608B801D
:1015CC007047012806D1044BD87920B19A680A607B
:1015DC009B89F4E7002070477809002020B9054B5F
:1015EC00187800F00100704701280ABF014B002059
:1015FC00D879F6E778090020F7B500228B888DF8AA
:10160C000600ADF8043008680C4B8DF80720019DDE
:10161C001C78014603F5AC73D0B2844201D8082083
:10162C0009E0D3E90076AE4208BF8F4203F108030C
:10163C0002F10102F0D103B0F0BD00BF8809002017
:10164C0030B5094B01465C78002203F58173D0B2AA
:10165C00844201D8082005E013F8015B8D4202F1A9
:10166C000102F4D130BD00BF88090020F0B5254D32
:10167C0095F8984189B0224605F29911684605F013
:10168C00BFFD2146684606F0BAFE0446B8B300EB2F
:10169C004001C9B202A8FEF7E5FE601E95F8A161F3
:1016AC00C0B2012495F8982105E0731CB3FBF2F14C
:1016BC0002FB1133DEB206F120030DEB030111F82E
:1016CC00203C002BF1D100EB400220326A4406EBA7
:1016DC0046032B4412F8187C83F8A27112F8177C7D
:1016EC0012F8162C83F8A37183F8A42101F8204C6E
:1016FC000138AB19C0B2FF2883F89941D2D109B097
:10170C00F0BD00BF8809002070B5064688B00C46B5
:10171C00002A4FD02A4A92F8A131D01890F899118A
:10172C0021B94FF480712820FEF74CFD03EB4301E7
:10173C001144013391F8A251E57091F8A35191F83D
:10174C00A41161710021257180F8991192F89811FA
:10175C00B3FBF1F001FB103382F8A13192F8C231E6
:10176C0023B9184902F5DD7006F01AFF657905F00A
:10177C003F0545F0400565710D220021684605F0D6
:10178C00D3FCE3788DF80F3023798DF80E3004AA52
:10179C000423694630468DF80D5005F067FA9DF824
:1017AC001F3023709DF81E3063709DF81D30A370A0
:1017BC0008B070BD03216018FEF754FED6E700BFD9
:1017CC008809002079160000044B5A78824286BFA3
:1017DC001B1893F84A010020704700BF88090020AD
:1017EC00044B5A78824286BF1B1893F842010020A2
:1017FC00704700BF88090020064B00224FF461712E
:10180C001A8083F8C32183F8C421A3F8C61183F886
:10181C00C221704788090020014B83F8C40170472E
:10182C0088090020014BB3F8C601704788090020D5
:10183C0030B50A4B5C7884420ED9184490F80201FA
:10184C002B3003EBC004A5790D7053F830001060F9
:10185C00A3889380012030BD0020FCE7880900207C
:10186C000246074810B590F8C34124B1417821B124
:10187C00023001F03FF8204610BD0C46FBE700BFDC
:10188C00880900202DE9F74F2F4C9A466378834244
:10189C008046894656D9231893F8425185F00105A4
:1018AC00F9B193F84A31E3B945F002070135BAF1C1
:1018BC00000F18D1FA070AD5062101FB084104EBE9
:1018CC000810524601F585718230FFF71DFFBB07EA
:1018DC0034D504EB0810524649460230FFF714FF8A
:1018EC002CE02F46E3E794F8A1614FF0010B002D9B
:1018FC00E0D0A319019393F8991199B90092DAB138
:10190C0000F04EFA06EB46012144019B81F8A2013E
:10191C004FEA102C009A81F8A3C1000C81F8A401A5
:10192C0083F899B194F898310136B6FBF3F103FBC7
:10193C001166F6B2013DDAE747F00407384603B00A
:10194C00BDE8F08F0027F9E788090020074B5A788B
:10195C00824209D91A1892F842212AB9062202FBAE
:10196C00003000F585707047002070478809002012
:10197C00064B5A78824281BF1B1893F83A01B0FA91
:10198C0080F0400998BF0020704700BF88090020F4
:10199C0030B50024A0F84040B0F8444042F2107535
:1019AC004C43B4FBF2F4A0F84440541E05FB034333
:1019BC00B3FBF2F3A0F84230084BB3FBF2F3013364
:1019CC00A0F84830838F05FB0344436BB4FBF2F45F
:1019DC0059438463B1FBF2F2426330BD005A620298
:1019EC0070B504460D4651BB4FF41C7205F09CFBC0
:1019FC00012384F88E306FF0360384F8D930042339
:101A0C0084F8DA306FF03B0384F8DB306F2384F812
:101A1C00DC306FF03C0384F8DD30062384F8DF30D3
:101A2C002B2384F8D830FE2384F80E317F2384F8DE
:101A3C008530202384F8DE5084F8FB3170BD0129F9
:101A4C0022D10023A0F8BC3180F8B331144B826949
:101A5C001344B3FBF2F3C0F8B03040F6B833A0F83F
:101A6C00B4301146438C7830FFF792FF05F016FA2C
:101A7C0030B1E069FFF72CFA10B984F89F51DDE71B
:101A8C00002384F89F31D9E70229D7D1B0F852321C
:101A9C00D0F84C228169BDE870407830FFF778BFF0
:101AAC007FC3C901074B93F900301844142804DC98
:101ABC0010F17F0F03DB40B27047142070476FF0BA
:101ACC007E007047500B0020024B00221A705A7097
:101ADC00704700BF500B0020054BFF221A70054ABF
:101AEC00016811600179117100221A70704700BFF2
:101AFC00520B00201800002007B5064B1868009008
:101B0C001B798DF804306846FFF7E6FF03B05DF8EB
:101B1C0004FB00BFE140010083230B70014B1B78D9
:101B2C00CB7070476C0B00202DE9F347DFF85C811C
:101B3C008246894605270025D9F8103053B11B7A07
:101B4C001BB97E211020FEF73DFBD9F81040B4B92B
:101B5C00002070E0D9F80440237A012BF8D0EFF381
:101B6C00108372B6D9F804201268C9F8042003B99E
:101B7C0062B6C9F81040237A0BB9A421E2E7267AA1
:101B8C00F6B22772731E0B2B6DD8DFE803F06906D3
:101B9C001C33666C3C6C6C6C6C57636813B94FF4FB
:101BAC00D471CFE72046514698470420EFF31083B9
:101BBC0072B6227A052AD1B25FD12572C9F81050BB
:101BCC00ABB962B613E0636813B940F2B111B9E76F
:101BDC005146204698470346C3F30723012BADF823
:101BEC000400C0B242D0022BE0D1C9F8105000283A
:101BFC00A2D020E0636813B940F2B911A2E72046E5
:101C0C0098470020D2E763680BB9B3219AE70B22FF
:101C1C008AF8002019881869AAF8031001220024F8
:101C2C008AF802208AF805208AF8064005F02FFE73
:101C3C00C9F81040042002B0BDE8F087606810B904
:101C4C0040F2E1117EE7D8F8003051469847034640
:101C5C0060B1C9F810500220EDE74FF4F97171E74B
:101C6C0040F2F5116EE74FF4FC716BE72672002819
:101C7C00E1D1002B7FF460AF6AE711B940F2192172
:101C8C0060E7002B7FF458AF62B655E75C0000208C
:101C9C0070B5144C1426231D32460021184605F04D
:101CAC0043FA03460125257400210433324604F11E
:101CBC001800C4E9013305F037FA84F824500A4AB5
:101CCC0004F11C03C4E906330023E362236384F8A4
:101CDC003430C4F83530C4F8393084F83D301360F2
:101CEC0070BD00BF6C0B00206000002010B5084CCC
:101CFC002378FF2B04D04FF49D711020FEF762FA6D
:101D0C0004F0FCFF2070BDE81040FFF7C1BF00BF1E
:101D1C001D00002010B5034C207805F00BF8FF23B4
:101D2C00237010BD1D000020014B187805F012B86F
:101D3C001D00002010B506490446FFF7F5FE28B932
:101D4C0020460449BDE81040FFF7EEBE10BD00BFB1
:101D5C00840B0020700B002010B51346027A22B1C0
:101D6C0040F295211020FEF72DFA0A46BDE81040EE
:101D7C000146014806F0F4BB700B002003460648F0
:101D8C0090F83E203AB190F83D2022B900F8353B4E
:101D9C00024906F002BC70476C0B0020251B0000AA
:101DAC00094AD2E90003434083EAB01181EA432196
:101DBC004FEAF3435360054B116058434FEAF06010
:101DCC0000EB8000704700BFAC0B0020BB79379E46
:101DDC00094AD2E90003434083EAB01181EA432166
:101DEC004FEAF3435360054B116058434FEAF060E0
:101DFC0000EB8000704700BF20000020BB79379EAD
:101E0C0010B50A4C09480821FEF72CFBD4E9002335
:101E1C001343F7D0064CFFF7DBFF2060FFF7D8FF2A
:101E2C00236860600343F6D010BD00BF2000002083
:101E3C00AC0B0020F0B5204E054630780024147011
:101E4C0080B1431E7768DBB2181B01280BDC07EB53
:101E5C00C40057F834604068884208BFAE4212D1C3
:101E6C0014700120F0BD1819461007EBC60E57F878
:101E7C0036C0DEF80460AC45C0F347008E412CBF81
:101E8C0003460446E0E7B54271EB000002D2147041
:101E9C000020E7E707EBC30057F83340406888425F
:101EAC0008BFAC4201D11370DBE7A542814128BFCA
:101EBC0001331370ECE700BFD40B002010F00702C5
:101ECC0008B503D063214820FEF77CF918B1034B09
:101EDC00197258601A70C80008BD00BFD40B0020DE
:101EEC00014B00221A707047D40B0020014B187A5A
:101EFC00704700BFD40B00202DE9D34306F05DFBE7
:101F0C000DF1070207460E46FFF794FF98B9114CE6
:101F1C002278237A93420ED0616813466FF0604E9C
:101F2C009DF80700984209D301EBC003C3E9007682
:101F3C0001322270012002B0BDE8D08303EB0E0009
:101F4C0001EBC000D0E90089013BC0E90289DBB29A
:101F5C00E6E700BFD40B002037B506F02EFB0DF1E1
:101F6C000702FFF767FF0446A0B10C4A9DF8070073
:101F7C0013785568013BDBB213701A1AD2B2411CAC
:101F8C00D200834238BF002205EBC10105EBC00033
:101F9C0005F084F8204603B030BD00BFD40B002000
:101FAC0038B5074D044600F15101286806F04CFA8B
:101FBC0094F850102868BDE8384006F053BA00BFBA
:101FCC00F40B0020F8B504460E466588407F15F0EA
:101FDC000401134618BF04F15F013246FFF752FCAF
:101FEC00C20705460BD5012384F85030607FFFF7FC
:101FFC00ADFC0368C4F851308388A4F85530AB07A6
:10200C000CD5094E0127306884F85E7004F15F012D
:10201C0006F021FA3068394606F02DFA85F00400F6
:10202C00C0F38000F8BD00BFF40B002038B5C38DA1
:10203C000E4D0133C385AB7C04462BB101F0D2F9B4
:10204C0000F08AFC0023AB7400232B7194F87130E0
:10205C002BB101212046BDE8384005F0A8BE637CB9
:10206C0013B1E28D9A42F4D20021F3E7F40B002075
:10207C0010B5094C2379012B02D02379022B05D101
:10208C00A37C1BB101F0AEF900F066FCE069BDE881
:10209C001040FFF7CBBF00BFF40B002070B5294CEC
:1020AC002379012B07D02379022B04D040F6384139
:1020BC002D20FEF787F8A0B90125A37C1BB101F0F8
:1020CC0091F900F049FC002D3AD0E06905F051FE81
:1020DC00002830D001F09CF8236ABDE870409B6862
:1020EC0018472168E26911F8095B02F15103E8090C
:1020FC0092F8502006F065F90028DDD02068002108
:10210C0006F0DEF90028D7D02379E069012B05D041
:10211C002379022B02D040F61141C9E72379226AB8
:10212C0003F180435269013B05F00F0152F8233053
:10213C0098470546C1E7E069BDE87040FFF776BFF8
:10214C0070BD00BFF40B0020074A0346D06903B9E9
:10215C0009B9FFF76BBF1379126A03F18043126957
:10216C00033B52F823301847F40B00202DE9F043C1
:10217C00032985B0054690467BD090F87030052930
:10218C00DBB202D14288D60760D5002B5ED1012785
:10219C00DFF8E89099F81260B6B106F047F9082814
:1021AC0088F8000014D002AA0DF10701FFF740FBDC
:1021BC0020B940F6A4612D20FEF704F89DF8070025
:1021CC0002A906F006FA064698F80030082B08D14A
:1021DC00D9F8001011F8030BC0F3801006F0F9F9D0
:1021EC000646D9F8001095F8572011F8030B05F1A5
:1021FC005803C0F3801006F0E4F8D9F80010044638
:10220C0011F8030BC0F3801006F006F98146FFF7B6
:10221C00AFFB014640B1B9F1080F1BD04846FFF7A0
:10222C00D3FA80F00101C9B298F80000082815D043
:10223C0094B96B7F1C1A604260416B885A0706D4B4
:10224C0021B996B9EB7C93B1BB4210D0002005B0FC
:10225C00BDE8F0830021E7E70120EEE714B181F03F
:10226C000104E4B204F00100E7E73046EFE7012097
:10227C00EDE743889B07E9D5022789E7F40B00209B
:10228C00032973B5044604D0052952D0012002B0AD
:10229C0070BD08230DF107028DF80730FFF766FFBC
:1022AC000028F3D0237C284D03B39DF8070094F845
:1022BC00BE30DBB9237884F8BF30082804F1C102A2
:1022CC0028D004F1C001FFF7B3FA20B940F61A7117
:1022DC002D20FDF777FF94F8C03043F0020384F80B
:1022EC00C0301A4904F1B60006F057F92B680622E3
:1022FC0004265A701E702046FFF752FE94F84020B8
:10230C00E16B286806F0CDF828682E7101F020F8F2
:10231C000020BCE72868034613F8031BC1F38011A7
:10232C0084F8C010D0F80310C4F8C1109B889380B7
:10233C00D7E7074B1B6823B1984780F00100C0B268
:10234C00A5E71846A3E700BFF40B0020F3850000B7
:10235C0064000020F8B504460F4619B300F12805B7
:10236C00284606F034FBA0B963881A072ED52846F8
:10237C0006F044FB0646284606F029FB301AC0B28C
:10238C0006F04CFB444A936803442846936006F0DD
:10239C00FAFA284606F0FCFA00F0CEFE2179252048
:1023AC0000F0E4FD3C4D94F85E2028680023037097
:1023BC0043706388103B0D2B5ED8DFE803F0595D4A
:1023CC00550C5D405D5D5D5D5D5D5D402046BDE82D
:1023DC00F840FFF72BBE06234370202303702046E2
:1023EC00FFF7DEFD638823F008039BB2152B05D0A5
:1023FC0094F83820616B286806F044F8286800F0DF
:10240C00A7FF032321792B71002000F09BFE0646C9
:10241C0007B9E86063881B0704D506F0FCFA06448C
:10242C00C4F8D8606388103B0D2B30D8DFE803F07C
:10243C00322F29292F292F2F2F2F2F2F2F290C23E4
:10244C0043702123037042B104F15F0106F003F8DD
:10245C000121286806F00FF8C1E704F1580105F0D6
:10246C00FAFF94F85710F4E7062303704370B6E7AD
:10247C00022303700623F9E740F21F612D20FDF7BC
:10248C00A1FE21790120BDE8F84000F0B9BF40F66B
:10249C00AB41F3E7F8BD00BFF40B002038B543881F
:1024AC00102B044604D1BDE838400121FFF752BF80
:1024BC000B4DAB7C23B100F035FA402000F086FFC9
:1024CC00286800F045FF608810F0040002D12179E3
:1024DC0000F096FF002000F055FF01232B7138BD52
:1024EC00F40B0020024B0121D869FFF733BF00BF6A
:1024FC00F40B002010B5134CA37C1BB100F072FF41
:10250C0000F02AFAE06905F034FC70B12379E06937
:10251C00012B0FD12379226A03F18043D268013B4E
:10252C00BDE8104052F823301847E069BDE8104070
:10253C00FFF77CBD2379022BECD040F63B312D20EC
:10254C00FDF740FEF40B002010B50948037903F0A9
:10255C00FF0453B918222146043004F0E5FD00F0C5
:10256C0041FF00F0F9F9204610BD0C24FBE700BF39
:10257C00F40B002010B5094C002323712060FFF7E9
:10258C00E3FF20B140F2EA212D20FDF71BFE236A68
:10259C0013B940F2ED21F7E710BD00BFF40B00209A
:1025AC00014B024A1A627047F40B00207428000099
:1025BC002DE9F041067DB31EDBB2012B04468CBF26
:1025CC004FF000084FF001087EB3B71E18BF01276B
:1025DC00012B36D800F1580190F8570005F01CFF7C
:1025EC00082805462DD0FFF7FBF858BB657784F813
:1025FC001C8084F85070FFF715F9054606F04BFB6C
:10260C00174BA5FB03351B1845EB01050022C4E94C
:10261C00123584F85E2011462046FFF7D3FC70B9C2
:10262C0040F275412D20FDF7CDFD3746082504F10C
:10263C0051010020FEF7BAFF0028D7D10020BDE8D9
:10264C00F0810825022EF2D0E37E002BF6D0D4F8D0
:10265C001530C4F85130B4F81930A4F85530C5E72A
:10266C0040420F00F0B5464E327985B0044602F078
:10267C00FF0312B90278FF2A04D140F6A2112D20D3
:10268C00FDF7A0FD3382B3607371B37180F87130C4
:10269C003C4B00933C4B01933C4B0293336A684692
:1026AC005B68039300F04CFE00F08CFC00F09AFE8B
:1026BC0000F052F9364800F019FD04F128053548B0
:1026CC0000F038FE284606F05EF9284606F060F960
:1026DC0000F032FD2179252000F048FC94F912001D
:1026EC0000F0FEFC04F13401206B05F0AAF904F1B2
:1026FC003C010746206B05F0CBF9054617B194F861
:10270C002430C3B90DB194F82550237F13B96388D5
:10271C005B0709D5D4E912126FF000439A4208BF47
:10272C00B1F1FF3F09D185B930680330FFF798F854
:10273C00B07405B0F0BD0125E7E706F0ACFAD4E9BA
:10274C001223904271EB0303EDD3012205EA02013F
:10275C002046FFF737FC68B1FFF764F8054606F032
:10276C009AFA0D4BA5FB03351B1845EB0105C4E983
:10277C001235D9E7002DD7D040F6D7117FE700BF2F
:10278C00F40B002001250000A920000055210000B9
:10279C00D6BE898E5555550040420F00F7B50446FC
:1027AC00FFF760FF00212046FFF7D4FDA36E0BB1AD
:1027BC0001221A606388DB0721D50023114E256A9C
:1027CC00CDE90033FF23F37405F10A076846FEF7E1
:1027DC0001F9A0B9009CA542F8D06A7A607A3B4610
:1027EC0004F10A0105F0EDFD0028EFD0A378F37495
:1027FC00D4F803007061044BB4F807209A8003B03E
:10280C00F0BD00BFF40B0020080C0020024BD86177
:10281C001B6A1B68184700BFF40B002043881B077A
:10282C0010B5044611D5036A0A493C2280F87B2076
:10283C001B88A0F87C30FF2380F899304FF6FF738B
:10284C00A0F89A30723005F0A8FEFF2384F871309E
:10285C0010BD00BF0B8600008D220000A9240000D3
:10286C00638600005D860000A92700007D20000023
:10287C00F124000070280000682800006428000083
:10288C000138022808B503D9C3212F20FDF79AFC83
:10289C0013290A4B05D811290CD8102907D0D1219E
:1028AC00F3E71529FBD103EB4003D88801E033F89B
:1028BC00100008BD03EB40039889FAE7B43A010015
:1028CC00064BD3F8000138B1D3F8040120B1D3F88A
:1028DC000801B0FA80F04009704700BF00F00040DA
:1028EC00034B00221A705A7010229A70704700BF66
:1028FC00300C002070B50646022014460D4600F040
:10290C00B9F8064B01221A70054B033CC3F810456D
:10291C00C3F80865C3F8045570BD00BF300C002027
:10292C0000F0004008B5022000F0A4F8084B01228A
:10293C001A70084B0022C3F80021C3F80421C3F815
:10294C00082103F580334FF40002C3F8042508BDB9
:10295C00300C002000F000400D4A08B513787BB114
:10296C000C4B4FF40001C3F80815FFF7A9FF60B139
:10297C0001235370084BD3F8003493700023137069
:10298C00BDE80840002000F075B850701023F4E743
:10299C00300C002000F0014000F000400A4B1A7887
:1029AC006AB10A4BD3F800215AB1D3F8040120B113
:1029BC00D3F80801B0FA80F04009C0B270475878DB
:1029CC0070470220704700BF300C002000F0004020
:1029DC0008B5074B1A783AB1FFF772FF30B1054BC7
:1029EC00D3F80004C0B208BD9878FCE71020FAE7D1
:1029FC00300C002000F00040024B00221A705A707C
:102A0C009A707047330C0020084B1A784AB1084969
:102A1C00084AC1F808250022C1F89825C1F89C2560
:102A2C001A7000225A709A70704700BF330C002045
:102A3C0000F001400000020208B50B4B4FF40042BD
:102A4C00C3F88020BFF34F8FBFF36F8F074B00226B
:102A5C00C3F80025C3F80025FFF7D6FF044B4FF44D
:102A6C000002C3F8082508BD00E100E000F00040BA
:102A7C0000F0014038B5144C0023C4F80035C4F8FC
:102A8C0000350546FFF7C0FF104B4FF40002012D37
:102A9C00C3F8082503D0022D08D085B938BD022310
:102AAC00C4F800350A4BC4F81435F7E70321C4F811
:102ABC0000150749C4F81415C3F80425EEE7842162
:102ACC003D20FDF77FFB00BF00F0004000F001400F
:102ADC00380C0020024B00221A809A701A71704731
:102AEC00480D002038B5144D95F83520034608469E
:102AFC0022B940F692013E20FDF764FB6BB9012A26
:102B0C002C6B95F8341005D100F0F0FD2044AB6A25
:102B1C00C01A38BD06F019F8F8E7012B0AD1012AC2
:102B2C002C6B95F8341002D100F0D2FDEEE706F0D4
:102B3C0017F8EBE70020EAE7480D002008B5094B31
:102B4C00012883F82000084B06D0022808D040F654
:102B5C00E1513E20FDF736FB0322C3F8102508BDDA
:102B6C000422FAE7480D00200010004008B5144B71
:102B7C0093F84130D90720D59A070ED5114BD3F8CD
:102B8C00002242F00102C3F80022D3F8500500F0F5
:102B9C00F600023818BF012008BD5B070DD50A4BA3
:102BAC000A4AC3F8AC25A3F5B833D3F8403123B1A6
:102BBC0040F241613E20FDF705FB0120ECE700BF30
:102BCC00480D00200010004000F0014008100040AB
:102BDC0007B50B4A01AB92F9212000F0CBFD9DF912
:102BEC00040000F06DFD9DF8050000F037FE20B1EB
:102BFC0040F20A613E20FDF7E5FA03B05DF804FBF4
:102C0C00480D002008B503460F4863B92831C16050
:102C1C000E4900F00BFE0130012814D940F264710A
:102C2C003E20FDF7CFFA012B0AD12931C1600749AB
:102C3C0000F002FE0130012805D940F26E71EFE779
:102C4C0040F27271ECE708BD28000020D43A010074
:102C5C0008B50C4B9B78012B09D100F0F3FD01302A
:102C6C0001280ED940F6E3013E20FDF7ABFA022B0A
:102C7C0007D100F0EDFD0130012802D940F6E90141
:102C8C00F2E708BD480D0020044B03441A7E044BA8
:102C9C00C3F80825C3F85405704700BFD43A0100A7
:102CAC000010004038B50D460446FFF747FF284694
:102CBC00FFF7EAFF29462046104DFFF789FF40F247
:102CCC000313C5F8343540F25B63C5F8383504F0AE
:102CDC00E5F890B14FF08053D5F88825D3F8203320
:102CEC00022C22F4FE420CBFC3F30663C3F306238B
:102CFC0042EA0323014AC2F8883538BD001000406F
:102D0C0010B50C46FFF71AFF2046FFF7BDFF124B1C
:102D1C005A78012A03D1D8782146FFF759FF0F4C76
:102D2C00D4F8003243F48873C4F8003240F2031331
:102D3C00C4F8343540F25B63C4F8383504F0AEF8AF
:102D4C0040B904F0BBF828B9D4F8683543F4C02373
:102D5C00C4F8683510BD00BF480D002000100040BD
:102D6C00F8B53D4C0D4616460746002847D110468F
:102D7C0094F82210FFF796FF22780123A3709A4251
:102D8C00364B4FEA46061E4429D1B6F840304FF474
:102D9C007A7203F5FA73B3FBF2F3ED1AA16A304BB6
:102DAC00304A0D44C3F8405503F5A073C2F8A8355A
:102DBC00A36B43F40023A3634FF40023C2F8043540
:102DCC0023789BBB94F8413043F0020384F84130E4
:102DDC00FFF7CCFE044680BB40F2536123E0B6F80B
:102DEC0046304FF47A7103F5FA73B3FBF1F3ED1A35
:102DFC00002AD3D11B4B1C4AC3F8AC25CEE70128C3
:102E0C000FD194F822101046FFF77AFF0223A3701B
:102E1C002378012BC2D0293D002BBFD1114B134A73
:102E2C00EAE740F614013E20FDF7CCF9012BCFD197
:102E3C0094F8413043F00403C8E7094B0122DA64EB
:102E4C00D3F84C359D4205D929463846FFF7DAFEB2
:102E5C002046F8BD0024FBE7480D0020D43A0100C1
:102E6C000080004000F001400010004004100040C1
:102E7C0010B558220021194804F056F9FFF72AFE24
:102E8C0003F0C2FF60B124221548FF2104F04CF975
:102E9C004FF080430022C3F8082EC3F8102E10BD4B
:102EAC0003F0BCFF0028EED103F0C2FF0028EAD1EA
:102EBC0003F0DEFF08B14022E6E703F0CFFF044643
:102ECC000028F8D106483822FF2104F02DF94FF0E4
:102EDC008043C3F8084EC3F8104EE0E7480D0020BD
:102EEC00000E0040024B0344187E00F5166070473C
:102EFC00D43A0100094AD2E90A3092F83410C01AC7
:102F0C00074B03EB8103DA6C9B6D801A03F2F3130E
:102F1C004FF47A72B3FBF2F3C01A7047480D0020DD
:102F2C00D43A010008B50F4A92F83410012906D0A2
:102F3C00022914D040F2B2213E20FDF743F940F6AD
:102F4C00B830D2E90A239B1A074A02EB8102D26CF1
:102F5C009B1A4FF47A72B0FBF2F0184408BD4FF490
:102F6C00FA60EEE7480D0020D43A010008B5134B87
:102F7C00012983F8400006D002291BD04FF441717F
:102F8C003E20FDF71FF900230D4A43F4801340F057
:102F9C00007043F4847340F44030C2F81435C2F826
:102FAC001805D2F8503503F0F703032B05D140F286
:102FBC001B31E5E74FF08073E6E708BD480D0020B4
:102FCC00001000403F4B022270B5C3F88020BFF3C5
:102FDC004F8FBFF36F8F3C4C0023C4F8FC3F012391
:102FEC00C4F8FC3F03F06AFF28B1D4F83C3743F433
:102FFC008063C4F83C3703F025FF58B1D4F83C3754
:10300C0023F0004323F0FF0343F0004343F0960307
:10301C00C4F83C3703F042FF2B4C38B1D4F840379E
:10302C0023F47F4343F4B053C4F84037274BC4F820
:10303C00783700F023FC38B14FF08053D3F830339D
:10304C00591C18BFC4F84C374FF010231E4C1B6E84
:10305C005A1C09D0D4F88C251B0403F47F0322F4EA
:10306C007F021343C4F88C35194D0123C4F8303555
:10307C0085F820300323C4F8103540F20123C4F83E
:10308C0050360226134BC4F80062187C00F0FCFB8F
:10309C00114B124AC3F804250023AB862B6385F829
:1030AC00413002F005FC074BA8621022C3F8806186
:1030BC00C4F804231E60AB6D03B19847BDE87040A3
:1030CC0000F0A8BB00E100E0001000402C000089DB
:1030DC00480D00202800002000F001400000020CE8
:1030EC00014B83F821007047480D0020034B020E62
:1030FC000002C3F82425C3F81C05704700100040DB
:10310C0038B5044600680A4DFFF7F0FF094B6268BA
:10311C00C3F83C25237A85F82230617AA07AFFF730
:10312C0025FF607AFFF70AFDE37A85F8213038BD78
:10313C00480D002000100040014B83F8220070471E
:10314C00480D0020F8B5244E96F84130DA070546B4
:10315C000F4604D44FF4F5613E20FDF733F81F4CB5
:10316C00D4F8002243F0020342F00102C4F800221A
:10317C0086F8413000BB96F822103846FFF792FDD6
:10318C00174A0123B370D3642360154BD3F84C4515
:10319C0028462146FFF736FDB06A241ACDB91149ED
:1031AC0001EB47074FF47A71B7F8460000F5FA7057
:1031BC00B0FBF1F02044F8BD0128E6D196F82210BE
:1031CC003846FFF79DFD0223B370054BDD64656047
:1031DC00DBE704F12900EEE7480D00200010004069
:1031EC0000800040D43A010008B5FFF7B9FD58B98A
:1031FC00064BC3F84005A3F5E04301221A610220F7
:10320C00BDE80840FEF7BABD08BD00BF0080004015
:10321C0037B5244B2449D3F8044302224FF0FF3036
:10322C00C3F80803C1F880212049C3F8002200220A
:10323C0081F841201E49C1F8402501F5B8314FF401
:10324C006025C1F80855D3F85015C9B204F0100424
:10325C00D1B18DF80700C3F8102101221A619DF835
:10326C00072012B1D3F810213AB19DF807305BB9A1
:10327C0040F6D2013E20FCF7A5FF9DF80720013A4D
:10328C00D2B28DF80720EAE7FFF7E2FC05490023EC
:10329C00C1F81031FFF71EFC14B11023C1F8043330
:1032AC0003B030BD0010004000E100E0480D0020EC
:1032BC000080004038B51B4D0024C5F84845C5F8C2
:1032CC004445C5F84045C5F84C45FFF7A1FF00F053
:1032DC00A7FA154B15499A6B9C6342F0446242F471
:1032EC000032C1F80825C3E90B441C76104BC5F815
:1032FC0048450222C5F84445C5F84045C5F84C453B
:10330C00C5F84841C5F84441C5F84041C5F84C41A1
:10331C00C3F88020BFF34F8FBFF36F8FC3F88021AA
:10332C0038BD00BF00800040480D002000F0014077
:10333C0000E100E0014BC3F83C0570470010004071
:10334C0010B50FC8014C84E80F0010BDA40D00206F
:10335C0008B50A4BC3F80405094B93F84120D86310
:10336C0042F0010283F84120FFF700FC20B940F63F
:10337C0044113E20FCF726FF08BD00BF00100040A2
:10338C00480D002010B50F4C034694F8350094F806
:10339C0034100222012822764FF0960094F8202057
:1033AC000CD100F0B1F9084AE0610023C2F84431B5
:1033BC00236BE1690B44C2F8443510BD00F0BEF933
:1033CC00F1E700BF480D002000800040044BC3F81B
:1033DC006005D3F8002242F04002C3F80022704787
:1033EC0000100040054BD3F8002222F04002C3F835
:1033FC0000220022C3F86025704700BF0010004077
:10340C0008B50D4B0246D97008460021197082B9D7
:10341C0001225A709A78022A0DD193F82210FFF7E4
:10342C00D7FB064AD2F8003243F48873C2F8003254
:10343C0001E002225A7008BD480D00200010004027
:10344C002DE9F843924D934C0123EB64A36AD5F814
:10345C004C7594F84090FF1A02F088FF0026C4E9DE
:10346C0012062765FFF7F4FB8B4BA26BC3F80825FC
:10347C008A4AA663D2F8003223F48E7323F0010338
:10348C00C2F80032237E84F8416023B1D5F8443170
:10349C009B1B18BF0123A178012938D1D2F80C311C
:1034AC00002B0CBF0025082515F00B0F7B4B04D10E
:1034BC00D3F810210AB145F010050022C3F8002101
:1034CC00C3F80C21C3F81021C3F80421C3F8082158
:1034DC0005F01803102B03D1012908BF45F0200576
:1034EC006B4B6678D3F848252263D3F84435E362F6
:1034FC0094F8203084F8343084F83510EEB9FFF7A6
:10350C00E9FA2676EF0761D5E36D98478EE002293C
:10351C0011D1624AD2F80C01D2F8002400280CBF59
:10352C0000250225D20758BF45F00405002BBBD05F
:10353C0045F00105B8E70025B6E715F0110F21D1CC
:10354C002379B6F1010818BF4FF00108012B26783A
:10355C001CD0022B2FD09BBB96214046FFF7C2FA02
:10356C000146FFF7B7FA012E07D13B378F422AD815
:10357C00474B26700022C3F84021E2784046FFF703
:10358C0033FE01E0FFF744FE0026BBE74448FFF79B
:10359C00B7FD94F8353023B940F29F713E20FCF70B
:1035AC0011FE012B04D1FFF7BDFC61690144D8E782
:1035BC00FFF7A0FCF9E73A48FFF7A2FD6169D0E7F5
:1035CC0040F6D921EAE7354B1E619BE7A80745D5A4
:1035DC0003F064FCE8B903F071FCD0B92F4BD3F8BD
:1035EC005034D90115D51A0705D013F0F00F02D0BD
:1035FC0013F4706F0DD1294AC3F304410129D2F899
:10360C00542406D1012A04D0C3F34253022B7FF673
:10361C007BAFE36B5B784B4588BF45F0040585F0C9
:10362C000400236E3146C0F380009847A378022B28
:10363C0012D1237E83B1022B154A1DD1236BE16974
:10364C000B44C2F84435A36B43F48003A363124BC1
:10365C004FF48002C3F80425BDE8F88315F0280F59
:10366C0006D085F02001636EC1F340113046DCE7D3
:10367C00EB06DBD5A36E48E7012B02D040F6B9412F
:10368C008CE7E369216B8B42DBD840F6BA4185E7C6
:10369C0000800040480D002000F001400010004068
:1036AC00500D0020024B03EB8003D86C704700BF19
:1036BC00D43A0100014B53F8200070472C3B010019
:1036CC00024BC0B2C3F80C05704700BF001000409D
:1036DC00054B33F8113002384FF47A7203F2E733AA
:1036EC00B3FBF2F318447047443B0100054B33F82D
:1036FC0011304FF47A7203F57A73B3FBF2F318447A
:10370C00704700BF443B010038B51D460A4B33F8E7
:10371C00111003EB820305359C6821444FF47A7336
:10372C0001F6B73103FB00141046B4FBF3F4FFF7BA
:10373C00B9FF2C44204438BD443B010070B506460B
:10374C0008461546FFF7B6FF094A02EB8502936857
:10375C004FF47A7203F6B73302FB06331C1A284671
:10376C00B4FBF2F4FFF79EFF0530204470BD00BFA0
:10377C00443B01002DE9F74F244C074698460D4673
:10378C00164600F0A3F82378BB42814611D163782A
:10379C00AB420ED194F90230B3420AD1E3788342A2
:1037AC0007D1A388A8F8003094F9060003B0BDE84F
:1037BC00F08F781EC0B203280ED8DFF854C00DF17C
:1037CC0007031CF800003246294600F085F88246B3
:1037DC0038B13D21752002E040F2B7410620FCF7DC
:1037EC00F1FC28469DF907B0FFF77CFB53460246D7
:1037FC004146584600F038F8B8F80030A071A38064
:10380C0027706570A67084F80390CDE74000002007
:10381C00583B0100014B1B685B681847680000208F
:10382C00014B1B689B68184768000020014B1B6804
:10383C001B69184768000020014B1B685B6918471F
:10384C0068000020014B1B689B691847680000202A
:10385C00014B1B68DB69184768000020014B1B6893
:10386C009B6A18476800002010B4034C2468E46875
:10387C00A44610BC604700BF68000020014B1878BC
:10388C00704700BFC812002000220F4938B504460B
:10389C00134644FA02F0C007D5B248BF581C02F1D7
:1038AC00010244BFCD54C3B2042AF2D1064DC3F178
:1038BC000402042BD2B24FF0FF0188BF0022E8189B
:1038CC0003F032FC2C7138BDD4120020014B187D52
:1038DC00704700BFB80D0020042810B511D883B173
:1038EC0004280CBF10242824A1420AD2064C54F8F8
:1038FC00200018B141568A42A8BF0A461A7000200F
:10390C0010BD6FF01500FBE7B80D002030B5034675
:10391C00114890F91C209A4219DD90F924209A4202
:10392C0017DA9A1A846AA05C0C4A15569D420DD07F
:10393C000E32002918BF01309442C0B206D129B111
:10394C00013BDBB2012B01D80130C0B230BD0D20E0
:10395C00FCE70020FAE700BFB80D00205C3B01003B
:10396C0008B5054B93F91C30984203DAFFF7CEFFEC
:10397C00024B1B56184608BDB80D00205C3B0100DD
:10398C0010B51C4C94F82C3073B9012384F82C30EE
:10399C0003F04EFA48B1184BA362D823236284F883
:1039AC0024300823A361237710BD03F057FA0028B5
:1039BC00F1D103F05DFA0028EDD103F01BFA38B118
:1039CC000E4BA362D823236284F824300423E9E746
:1039DC0003F01AFA0028F3D103F020FA0028EFD1F3
:1039EC0003F030FA0028EBD14FF4DF71742002F0B1
:1039FC00C7FF00BFB80D0020973B01006A3B0100D8
:103A0C004FF08042012353600023C2F80031014A79
:103A1C0013707047E50D0020014B01221A7070479E
:103A2C00E50D00204FF08043D3F8003123B9034B50
:103A3C00187800F0010070470120FAE7E50D00202E
:103A4C0070B50A4D012604462E70FFF7EBFF30B916
:103A5C004FF080436E706C60C3F8046370BD002C33
:103A6C00FCD0A04700236B60F8E700BFE80D0020F6
:103A7C00024B00221A705A705A607047E80D0020F1
:103A8C0010B5034C208100F02FFC608110BD00BFED
:103A9C00E80D0020014B9889704700BFE80D00200D
:103AAC00014B1889704700BFE80D0020014B588965
:103ABC00704700BFE80D002010B5EFF3108472B60C
:103ACC00064A937B0133DBB29373937B012B01D1B9
:103ADC0005F091F804B962B610BD00BFE80D0020E6
:103AEC0038B5FFF7E9FFFFF79DFF094C4FF0804514
:103AFC0040B105F0AAF801232B610423E3730023E2
:103B0C00237438BD0323E3730123C5F80433F6E7AC
:103B1C00E80D002010B5EFF3108472B6094A937BC0
:103B2C0023B940F2E3116D2002F02AFF937B013B95
:103B3C00DBB29373937B0BB9FFF762FF04B962B6E8
:103B4C0010BD00BFE80D0020024BD87B003818BF19
:103B5C0001207047E80D002073B51B4D6B7C63B9D9
:103B6C00E86900F0030005F060F830B1EFF3108362
:103B7C0072B6EA7B1AB103B962B602B070BD01220B
:103B8C00EA7303B962B64FF080430822C3F80823E6
:103B9C004FF42073ADF80630BDF80640A4B2631E96
:103BAC009BB2ADF80630002CF6D14FF0804607489A
:103BBC00C6F80C4105F07FF885F82140FFF790FF1F
:103BCC000823C6F80433D8E7E80D0020080E0020BF
:103BDC002DE9F041384C94F82230002B69D04FF08D
:103BEC008043D3F80071D3F8046157B10122C3F8B4
:103BFC00082363782BB16368002565700BB1984777
:103C0C0065604EB14FF080430022C3F804210222BC
:103C1C00C3F80823FFF7A0FF4FF080462748D6F8DB
:103C2C000C8194F82150EDB205F049F820B14FF415
:103C3C0021716D2002F0A4FE47B1E37B032B05D16B
:103C4C000423E37305F001F801233361B8F1000F8D
:103C5C0016D04FF080430022C3F80C21E37B042BD9
:103C6C0002D040F2A221E4E703F00CF9C0B14FF00E
:103C7C0080430022C3F8342C0223E373FFF74AFF7E
:103C8C004DB1002384F82130E37B022B01D1FFF7E7
:103C9C0027FFFFF73FFFBDE8F041084805F01EB8CD
:103CAC0003F0D0F80028E2D103F0E2F80028DED1CE
:103CBC00E2E7BDE8F08100BFE80D0020080E00200F
:103CCC0010B5054CE06900F0030004F0AEFF0028CD
:103CDC00F8D0002010BD00BFE80D0020F8B5054657
:103CEC0050B10278042A07D8437842B9013B1F2B04
:103CFC0002D88378212B07D96FF0150097E0002BA1
:103D0C00FAD18378002BF7D1854B0127C3F880704B
:103D1C00BFF34F8FBFF36F8F4FF08046C3F88071A6
:103D2C00804C4FF0FF33C6F808330023C6F800313F
:103D3C00C6F80431C6F80C31A373AB88A38104F028
:103D4C005FFF08B12770A773D6F80C24D6F80C3493
:103D5C00D20303D5DF0701D5FFF75EFE4FF4AF604A
:103D6C00FFF78EFE2B78A97863740022E261A174B0
:103D7C002274042B2CD8DFE803F005031927290043
:103D8C000123E36104F043FF002851D004F046FF07
:103D9C00E36903F0030398424AD1AB79EBB9FFF71F
:103DAC008FFF00281EDA40F21F4113E0FFF784FE5C
:103DBC004FF08043D3F80C14D3F80C24CE03F9D570
:103DCC00D007F7D50223DCE7574BDAE7574BD8E798
:103DDC0040F211416D2002F0D3FD4FF080430222DE
:103DEC00C3F80423A37C6BB12B785BB9FFF71AFEE5
:103DFC00054602F045FF6FF00043002D00F08D806A
:103E0C00C4E905034FF08043D3F80C24D3F80C34E9
:103E1C00D20303D5DB0701D5FFF7FEFD404A012392
:103E2C000020E07384F82230C2F880311360F8BDB2
:103E3C004FF080430122DA600022C3F80421E269CA
:103E4C00C3F8182502F0D6FF10B34FF080534FF093
:103E5C008042D3F84432C3F34233C2F83C3502F00B
:103E6C00C9FF10B34FF080430122C3F84C254FF02B
:103E7C00804301229A600222C3F80423AA79002A03
:103E8C00B0D1D3F8042391071CD44FF47171A1E77E
:103E9C0002F0BAFF0028D8D102F0C0FF0028D4D11C
:103EAC0002F0D0FF0028D0D1D9E702F0ADFF0028F6
:103EBC00D8D102F0B3FF0028D4D102F0C3FF002800
:103ECC00D0D1D4E71A4A1669116941F01001116179
:103EDC00D3F8043106F010060BB904F00CFF4FF0C8
:103EEC008047D7F8043133B1FFF7EAFE002805DA32
:103EFC0040F2DE316EE704F0FCFEF2E726B90C4A24
:103F0C00136923F0100313614FF080430222C3F8AE
:103F1C0008230022C3F8042164E7C4E9053071E7E3
:103F2C0000E100E0E80D00200100020001000300A8
:103F3C0000ED00E010B50D4C04F1200004F0BFFEC4
:103F4C0048B9E37B022B01D1FFF7CAFDBDE8104055
:103F5C00074804F0C3BE074A012384F82130BDE8AA
:103F6C001040C2F80031FFF7A7BD00BFE80D0020DC
:103F7C00080E002000E100E0094B1A7810B5044649
:103F8C001AB142216F2002F0FBFC5A7832B901229F
:103F9C005A70FFF791FD2046FFF752FD002010BD2F
:103FAC000C0E002038B5084C25781DB158216F2017
:103FBC0002F0E6FC637823B1FFF75AFD6570FFF75A
:103FCC00A9FD002038BD00BF0C0E002008B501B3C0
:103FDC00F0B14FF0FF331A46E0FB01320E498A4232
:103FEC0003D990216F2002F0CBFC180D40EA02306F
:103FFC00C3F30F134FF22441B0FBF1F203EB00407B
:10400C00064B03FB1200B0FBF1F040EA024001301A
:10401C0008BD0846FCE700BF3F420F00000024F437
:10402C00014B5B68184700BF0C0E0020014B9B68CE
:10403C00184700BF0C0E0020014BDB68184700BF6F
:10404C000C0E0020034B1A780AB9FFF723BD188D0C
:10405C00704700BF0C0E0020034B1A780AB9FFF70B
:10406C001FBD188A704700BF0C0E0020034B1A7836
:10407C000AB9FFF71BBD988D704700BF0C0E0020CE
:10408C00024B1B780BB9FFF767BD70470C0E002075
:10409C00014B5B69184700BF0C0E002010B5144C87
:1040AC002378A3B1236A9847002806DB94F82A30BA
:1040BC0023B1012384F82E30002010BDFFF7E8FF58
:1040CC000028F6DA4FF49F716F2002F059FC094B6F
:1040DC006361094BA361094BE361094B6360094BB5
:1040EC00A360094BE360FFF7F9FD0028E1D0E4E79A
:1040FC000C0E0020CD3C0000413F0000553B000061
:10410C00C53A0000213B00007D8C0000064B10B529
:10411C001C7824B140F29D116F2002F031FCFFF7A6
:10412C00AFFC204610BD00BF0C0E0020014B1879CF
:10413C00704700BF400E0020054B1A79824283BFA6
:10414C001B6800EB400003EB00100020704700BF21
:10415C00400E002043F60952C0F3080302FB03F3A0
:10416C00400A03F5807302FB00F000EB532070470C
:10417C0043F6095CC0F3080210B50CFB02F2C0F365
:10418C004E24030E43EA01230CFB04F0090E02F546
:10419C0080724FEA411C00EB52205A01B2EB030E25
:1041AC004CEAD36C6CEB01044FEA841C4FEA8E1280
:1041BC00B2EB0E024CEA9E6C6CEB040C4FEACC0C8E
:1041CC004CEA527CD200D31841EB0C01DA03C90340
:1041DC00801841EA534141F1000110BD430B48F2F4
:1041EC00376C0CFB03F34FEA134C00B5104B43F642
:1041FC00095E0EFB1C0000FB03F35B0D0EFB03FEC4
:10420C0003EB4C230EF5745C0CF1080CB0EB5C2F3B
:10421C0008D80EF5807EA0EB5E20C0B20B6010704B
:10422C005DF804FB013300200B6010705DF804FB9B
:10423C006F0C0100F8B5274DA94246D8264E274FE2
:10424C00450F45EAC105A6FB0514C0F34F31A40B7D
:10425C0001EB054107FB1411A6FB0151890B41EA47
:10426C0004411F4C04FB110448F2376C600B0CFB2F
:10427C0000F04FEA104C43F6095E1A480EFB1C4541
:10428C0005FB00F0400D0EFB00FE00EB4C200EF584
:10429C00745C0CF1080CB5EB5C2F12D80EF5807E1B
:1042AC00A5EB5E2E5FFA8EFE069D85F800E00D06EE
:1042BC0028184FEA112141F100011860596014606F
:1042CC00F8BD01304FF0000EEEE796219B2002F076
:1042DC0057FB00BFFF7F841E83DE1B43000024F4CA
:1042EC000080841E6F0C0100420B48F2376303FB05
:1042FC0002F2120C43F6095C074B0CFB120101FB9A
:10430C000333013B5B0D0CFB03FC5002B1EB5C2F48
:10431C0088BF0130184470476F0C010010B5094A72
:10432C0092F80033202B03D13E21022002F028FB0F
:10433C0018214B43D018BDE81040D35840680321D6
:10434C00184700BF480E00200C4B0D491B78012B61
:10435C0014BF4FF4E0224FF4C022C1F8482318BF19
:10436C000023C1F80823074A99000A440021012BB5
:10437C0042F8041B00D170470123F8E78811002094
:10438C0000B0004040B1004070B5EFF3108472B63D
:10439C00094A0A4B0025D2F80415D2F804612EB153
:1043AC00596801315960C2F80451F4E75B6804B9EB
:1043BC0062B6C0E9001370BD00B000408811002047
:1043CC00094BD3F80435C01A20F07F4323F00103C6
:1043DC003BB120F07F40B0F5000F8CBF02200020D5
:1043EC0070470120704700BF00B0004008B5124B69
:1043FC00D3F8042522F00302C3F80425D3F80825CA
:10440C0042F00302C3F80825102292FAA2F2B2FA83
:10441C0082F2092A04DD094840F2A73102F0A6FA1B
:10442C00C3F810250122DA60054B4FF48072C3F8F3
:10443C0080211A6008BD00BF00800040E7400100E9
:10444C0000E100E0114B4FF40062C3F88020BFF391
:10445C004F8FBFF36F8FC3F880210D4B01225A6031
:10446C009A60D3F80425002AFBD10A49C3F8081333
:10447C004FF4E021C3F84813C3F84021C3F844219A
:10448C00C3F84821C3F80421704700BF00E100E0E5
:10449C0000B00040020007000D4B4FF48072C3F8CF
:1044AC008020BFF34F8FBFF36F8FC3F88021094B70
:1044BC0001214FF0FF325960C3F808230022C3F8E2
:1044CC004025C3F840211961034B1A72704700BF95
:1044DC0000E100E000800040881100202448FF2308
:1044EC0010B54FF0FF32002443724FF0FF33C0E998
:1044FC00042304704460FFF7CFFFFFF7A3FF1D4AAE
:10450C001D4BC2F800424FF40061196080691B49D1
:10451C0030B901230B60194B0222C3F8042310BDE0
:10452C00174B184CC3F8A845C3F8AC05C3F85C1975
:10453C004FF40021C3F804150521C2F840150121E0
:10454C001160D2F840110029FBD04FF40021C3F8C0
:10455C00081501215160D1600021C2F84011C2F848
:10456C004015C3F8A815C3F8AC15C3F8AC15D2E7C1
:10457C00881100200080004000E100E000B0004005
:10458C0000F0014040810040014BD3E90401704729
:10459C0088110020014BD3F80405704700B000408F
:1045AC0013B56846FFF7F0FEDDE90004FFF7D2FD16
:1045BC00024B0021E4FB030102B010BD0080841EFD
:1045CC0070B50F4B0F4D104A104C0026C5F800610A
:1045DC00C3F8A8254FF40022C3F8AC45C3F8042552
:1045EC0004F05BFBD5F800312BB10123C5F8006159
:1045FC006360E360F4E7013041F1000170BD00BF7E
:10460C0000F0014000B0004000B1004000800040CC
:10461C00B1F1FF3F08BFB0F1FF3F2DE9F041334C42
:10462C0005460E461ED1324BD3F80031ABB1314B9F
:10463C00314AC3F80825FFF787FE00236372FFF7A2
:10464C002BFFFFF7D3FEFFF7BBFF0223C4E90401E6
:10465C002370FF236370BDE8F08104F01EFBC51CC2
:10466C0041F10006D4E90473B34208BFAF42F2D063
:10467C00204B214AC3F80825FFF766FE1C4A4FF46D
:10468C00803125F07F480023C2F808134046C2F859
:10469C004813C2F84031FFF793FE20B140F20931C4
:1046AC006C2002F06DF9C2F84085C2F844132378EF
:1046BC00012B06D127F07F473846FFF781FE0128F2
:1046CC00FAD000236372FFF7E7FEFFF78FFE094A6B
:1046DC0001234FF000412370C2F8041504226270CC
:1046EC00034AC4E90456C2F84833B4E788110020E1
:1046FC0000B0004000F001400000088037B540B128
:10470C00041FE4B2022C13D94FF46B716C2002F02D
:10471C0037F9214B4FF48032C3F80823C3F8400516
:10472C00C3F84001D3F840310093009B03B030BD77
:10473C001A4D2B7893B16A7882420FD1184A1949D5
:10474C00C2F80815012B01D1FFF7A6FE00232B7030
:10475C004FF0FF324FF0FF33C5E90423124A4FF4F8
:10476C008033A340C2F80833C2F8483304F5A87369
:10477C0052F82300FFF724FE012818BF0B4B22B27E
:10478C004FEA84041CBF00211951084B53F8223006
:10479C000193019BCAE700BF0080004088110020F4
:1047AC0000F001400000088000B0004040B1004023
:1047BC0070B52C4B30B1041FE4B2022C2AD940F254
:1047CC0067310BE0D3E90401B1F1FF3F08BFB0F151
:1047DC00FF3F06D11B7A23B940F23F316C2002F027
:1047EC00CFF812B940F24331F8E71F4B4FF4803148
:1047FC000120C3F80413C3F840255864D3F84415BA
:10480C0000248A42C3F8444503D82046FFF776FFBC
:10481C00204670BD197829B15B78834202D140F2F1
:10482C006331DBE7114B124E22F07F41A20013449F
:10483C004FF48035A5400022C6F808530846C6F848
:10484C0048531A60FFF7BCFD48B904F5A874012061
:10485C0046F82410C6F80453C6F84453D9E710465A
:10486C00D7E700BF881100200080004040B1004015
:10487C0000B0004008B5FFF767FD054B4FF0FF3265
:10488C00C3F808230022C3F84025C3F8402108BD13
:10489C000080004008B50122084B10B1C3F8442336
:1048AC0008BDC3F84823FFF7F7FD054B4FF0FF3168
:1048BC0018704FF0FF30C3E90401F1E700B000407D
:1048CC0088110020F8B5164D164E00244FF4803791
:1048DC00D5F8043307FA04F21A4212D056F82430F1
:1048EC007BB1002346F8243004F5A87355F8230057
:1048FC00FFF766FD28B1201DC5F80823C0B201F0F2
:10490C0025FC0134032CE3D1054BD3F8042132B13F
:10491C000022C3F80421044A536801335360F8BDE4
:10492C0000B0004040B100408811002010B51C4C74
:10493C00637AFF2B2DD0237883B10122022B2272B4
:10494C0021D1184B4FF40022C3F808250023237003
:10495C004FF0FF324FF0FF33C4E90423124BD3F86E
:10496C000423D2031BD5D3F84021C2B14FF48032BB
:10497C000020C3F80823C3F84001FF236372BDE88D
:10498C00104001F0E3BB022360782370FFF7B6FE02
:10499C00E4E7054BD3F804330BB10720EFE710BD68
:1049AC008811002000F00140008000402DE9F04FFC
:1049BC0095B01C460492CDE90201FFF7E5FD1823E2
:1049CC0001910646C049082004EB440213FB040481
:1049DC00631801EBC202083265581F7BD3F80480C0
:1049EC0093F80D9005970FCA0EAC25F07F4A84E81A
:1049FC000F005046FFF7AEFBB44B7C1C98420444AE
:104A0C0000F298819C4200F39380002C55DBFFF759
:104A1C0013FBB9F1010F834608D0AD4FD7E9022340
:104A2C00B3F1FF3F08BFB2F1FF3F4BD0FFF71EFBC6
:104A3C00019B0690B3F1FF3F08BFB6F1FF3F03D0D7
:104A4C00B54278EB030378D2029B0322EB1A934214
:104A5C0069DBBBF1000F00F0F88000230793029B89
:104A6C00B5EB030B039B68EB0307FFF7FFFA093069
:104A7C00C217834577EB020380F0EB80049B012B7C
:104A8C0000F0F180079B002B5AD1019BB3F1FF3F43
:104A9C0008BFB6F1FF3F53D0721B63EB0803042A27
:104AAC0073F1000180F23881012A73F100033ADAC4
:104ABC00DDF81CB026F07F4A52E004F1F45404F502
:104ACC009024A4E70028B1D1FFF7D0FA019B0690FF
:104ADC00B3F1FF3F08BFB6F1FF3F00F0B380B54222
:104AEC0078EB0303C0F0AE803B7C002B069B14BF1D
:104AFC0000221A463346EB1A9A4214DC0123079320
:104B0C00D7E90232B2F1FF3F08BFB3F1FF3FA6D0A5
:104B1C000699EB1A68EB02028B4272F100039ED2EB
:104B2C00B9F1010F9BD00024204615B0BDE8F08FE1
:104B3C0004F1614404F5F70469E73346002285E784
:104B4C0028464146FFF764FD4FF0000BB8F1FF3FDC
:104B5C0008BFB5F1FF3F00F0F2802E46CDF804807F
:104B6C005046FFF7F7FA5B4B221A9A420ED3001B02
:104B7C009842C0F08C80554B9A4200F2C280984209
:104B8C0040F2E780C0F1614202F5F702D317002032
:104B9C00FFF70EFE04460028C5D04D4FB9F1010FAA
:104BAC00D7E9022375D0BBF1000F40F09780B3F129
:104BBC00FF3F08BFB2F1FF3F00F0B5800120FFF7C7
:104BCC0069FE3B7C002B40F0A1806A1E68F100035B
:104BDC000620FFF7EDFD002851D0B9694FF0804257
:104BEC0000230B60C2F8083500238DF84830089379
:104BFC004FF0FF324FF0FF33CDE90A23DDF814A05C
:104C0C008DF84590CDF83C808DF844A00E9508AFFA
:104C1C000FCFDFF8C4904E460FC60FCF0FC697E8E4
:104C2C000F0086E80F0028464146FFF7A1FA5346CD
:104C3C0001331B1841F100012046C9E9043115B0BC
:104C4C00BDE8F08F029BC21C55E7214FCDF81CB07C
:104C5C0056E7B9F1010B2846414618BF4FF0010B3E
:104C6C00FFF7D6FC72E7019BB3F1FF3F08BFB6F12B
:104C7C00FF3F73D026F07F4A4FF0000B70E7BA6904
:104C8C004FF080410123C1F808351360ACE7424274
:104C9C007CE7B3F1FF3F08BFB2F1FF3F24D1BBF17A
:104CAC00000F8ED0069BF21A019B4FF0050063F1AA
:104CBC000003FFF77DFD002846D03B7C002B84D100
:104CCC0001233B7481E700BF480E0020FF7F841E48
:104CDC00A81100200040420F50110020B3F1FF3FFB
:104CEC0008BFB2F1FF3FDDD0FFF7A0F94FF0FF3264
:104CFC004FF0FF33C7E90223BBF1000F3FF461AF64
:104D0C00D0E702F1F45202F590223FE70520FFF7BD
:104D1C00F5FC00233B7458E728464146DDF81CB0EF
:104D2C00FFF776FC12E7FFF77BF903F0B6FFC7E954
:104D3C00020143E740F22E41702001F021FE40F2C7
:104D4C004371702001F01CFE40F23121702001F003
:104D5C0017FE40F60B01702001F012FE40F2A76125
:104D6C00702001F00DFE00BF2DE9F04F8D4F7C7CC3
:104D7C0004EB44033B4483B05D78202D48D08A4B30
:104D8C00E6B26400002B00F08980884BDFF820929B
:104D9C00002B5FD005EB461207EB420A4FEA461890
:104DAC009AF81C30013BDBB2052B34D8814A12F83F
:104DBC0003B0BBF1080F2ED0AFF30080EFF31083DC
:104DCC0072B634443C449AF81D206270A278AA4210
:104DDC0004BF2022A27013B9AFF3008062B6A844BE
:104DEC0005EB450509EBC50207EB4808506859F877
:104DFC0035300122594688F81C2098477C7C04EBFE
:104E0C0044033B44E6B25D78202D4FEA4404C1D103
:104E1C0003B0BDE8F08F40F27261702001F0B0FD7C
:104E2C0062B6A84405EB450509EBC50207EB48083B
:104E3C00506859F835300122594688F81C2098479B
:104E4C007C7C04EB44033B44E6B25D78202D4FEAB6
:104E5C004404DDD005EB461207EB420A4FEA461834
:104E6C009AF81C30013BDBB2052BD4D8514A12F80E
:104E7C0003B0BBF1080FCED0AFF30080EFF310837B
:104E8C0072B634443C449AF81D206270A278954264
:104E9C0004BF2022A270002BC3D1C1E7434BDFF823
:104EAC0014B1DFF80CA14FF02009002B4FD005EB0B
:104EBC00461207EB42024FEA4618137F013BDBB266
:104ECC00052BA8D81BF803100829A4D0EFF31083E6
:104EDC0072B634443C44527F6270A278954208BF4B
:104EEC0084F80290002B52D0A84407EB480805EB3D
:104EFC0045050AEBC5025AF835305068012288F88E
:104F0C001C2098477C7C04EB44033B44E6B25D7860
:104F1C00202D4FEA4404CAD17AE762B6A84405EBC7
:104F2C0045050AEBC50207EB480850685AF83530BE
:104F3C00012288F81C2098477C7C04EB44033B44FA
:104F4C00E6B25D78202D4FEA44043FF461AF05EBE7
:104F5C00461207EB42024FEA4618137F013BDBB2C5
:104F6C00052B3FF658AF1BF8031008293FF453AF3D
:104F7C00EFF3108372B634443C44527F6270A278D3
:104F8C00954208BF84F80290002BC7D1C5E7019168
:104F9C00AFF3008062B6A844019905EB450507EB19
:104FAC004808A6E7A811002000000000000000003F
:104FBC00480E0020C83B01002DE9F04F85B0DFF80A
:104FCC000C81019301EB41034FF0200C18F80340C6
:104FDC0003916445924682F800C073D04B01DFF810
:104FEC00F09006469B4610E0727B012A02D0427D6F
:104FFC00012A57D00BEB040308EB43038AF800405B
:10500C005B7F202BA4465DD01C4604EB440009EBCF
:10501C00C000D0E9032387683568716813EB070E6D
:10502C0042F10002754571EB02024FEA4403DBD2F8
:10503C001D46019B83F800C0039B4FEA431B2819B4
:10504C0009EBC0003768B368D0F808A07268C16873
:10505C00DB1942F100029A4571EB020310D3437D38
:10506C00012B02D0737B012B03D0012005B0BDE8CE
:10507C00F08FFEF7FBFFAAEB070701308742F4DA4B
:10508C00019A254409EBC5051470A97DB27B0BEB85
:10509C000403914208EB430310D95C7F202CE4D02D
:1050AC006500CCE70293FEF7E1FFED1B0130854272
:1050BC00A0DA029B9AF800C01D46BAE7002005B0A2
:1050CC00BDE8F08F019B1C70CFE700BFA81100203A
:1050DC00480E00202DE9F04F83B00C4615461E46B5
:1050EC009DF83070FFF700F922686368451946F1A6
:1050FC000006954276EB030342D3DFF88C8005E083
:10510C005D4576EB09033BD3C4E900B90DF1070308
:10511C000DF1060239462046FFF74EFF88BB9DF87D
:10512C00073003EB430308EBC303D3E902A01A696E
:10513C001AF1030B40F1000012EB0B0B627B40F1F8
:10514C000009012ADCD05B7D012BD9D1FEF78EFF43
:10515C00ABEB0A0301308342D2DA9DF8073003EB44
:10516C00430308EBC303D3E902B9FEF77FFF013019
:10517C0010EB0B0B49EBE0795D4576EB0903C3D2E1
:10518C00002003B0BDE8F08F480E00202DE9F04759
:10519C0015461C4612782F7A95F809C088B0002362
:1051AC00E360C4E90033A7739DF8408084F80DC018
:1051BC000646A360E2730F46002A3AD1FEF7D8FFE9
:1051CC00D5E9042C3C4BC31841F1000E9A427CEB00
:1051DC000E030AD3013E47F1FF37C4E900674FF4D1
:1051EC007A73A36008B0BDE8F087263041F1000166
:1051FC0082427CEB0103EDD3501E04F10C036CF1E5
:10520C000001009304AA06ABFFF714F8049B68682E
:10521C0002330DF10F0205A91844FEF7DFFFDDE99B
:10522C00053207999B1A23F07F43C4E90021A36040
:10523C00D8E7224804F10C0206A9FEF7CFFF204B59
:10524C001B78202B24D01F498B69D1E90721083307
:10525C0042F1000A13EB01094AF1000A6B68207B4A
:10526C001844023005AA04F10801C4E9009AFEF7BB
:10527C00B5FF2869CDF8008032463B462146FFF742
:10528C0029FF0028AED1C4E9006708B0BDE8F0875B
:10529C00637B16F1080947F1000A012BDED0FEF7FB
:1052AC00CBFE0028DAD1FEF7E1FE10EB090399469C
:1052BC004AF1000AD2E700BF0040420FFF7F841E74
:1052CC0048110020501100202DE9F04700EB40035D
:1052DC00344DDFF8D480EC5C06464700FFF75AF9F2
:1052EC004FF0200C4FEA461E04EB440108EBC101C1
:1052FC000EEB0403D1F808A00A69AAEB000929F007
:10530C007F49B9F5000F05EB43030DD812EB0A02E8
:10531C00121A22F07F42B2F5000F05D8BCF1200F13
:10532C000AD12046BDE8F0875B7F202BA4461C46A3
:10533C00DAD1BCF1200FF4D00CEB4613BA1905EB03
:10534C00430315F802805B7FAB54710144464FF068
:10535C00040E0B1905EB430322469445204683F8B3
:10536C001CE05C7FF5D1BB192B440A4493F802E096
:10537C00BEF1200F5FFA8EFC18BF8C443E4418BF60
:10538C0005EB4C0C05EB4202354408BF83F8018059
:10539C004FF0200318BF8CF81D80A870537720465F
:1053AC00BDE8F087A8110020480E00202DE9F0413F
:1053BC0001EB41034A4DEE5C202E82B00C46804638
:1053CC004FEA410740D1474B0BB1AFF3008003F0DC
:1053DC0064FCAB7C0191202B0AD0434BD3E906E251
:1053EC0010F1020C41F10003E64572EB030330D3DC
:1053FC00202E0AD042463346FFF7D8FA00283DD07B
:10540C000220AE7402B0BDE8F081D5E90223B3F1FD
:10541C00FF3F08BFB2F1FF3F1FD12B7C43BB0420E1
:10542C00FFF76CF9FFF726FA0020FFF733FAA969AA
:10543C004FF080422020A874002301200B60C2F89A
:10544C00083502B0BDE8F0810846FFF73DFF864203
:10545C00B9D0002002B0BDE8F081FEF7E7FD4FF0B7
:10546C00FF334FF0FF32C5E902232B7C002BD6D043
:10547C000520FFF743F900232B74D0E73A1906EB0C
:10548C00441305EB430315F802C05B7FAB54610179
:10549C006246042013468A1805EB42029E4210779E
:1054AC00527FF7D13A192A443C449678F0B2202E18
:1054BC0018BF4018194418BF05EB400005EB41011B
:1054CC00254418BF80F81DC0AB704FF000004FF0A2
:1054DC00200308BF82F801C04B7702B0BDE8F08111
:1054EC00A8110020000000005011002038B5164A09
:1054FC00164D4FF0FF304FF0FF310023C2E902018F
:10550C00C5E90201202142F22000A970136082F843
:10551C002830A9741C4628806B742B7405F11C026E
:10552C0002F814300134202CFAD1094801F0E6FBC2
:10553C00084B094A1C70107001F0D0FCA861FEF7F2
:10554C00CDFF0123EB7438BD50110020A8110020B1
:10555C00754D000048110020801100202DE9F04FFE
:10556C0083B003F09AFBA44F06460C46FFF782F972
:10557C004FF0FF334FF0FF32C7E9022397F8283082
:10558C00BBB9BB693A6AF9699C48023341F1000125
:10559C009B1802F5DF62A0FB02024FEA922241F156
:1055AC0000019B1841F100019E4274EB010380F055
:1055BC000E814FF0FF304FF0FF31FFF729F8904A82
:1055CC0092F800B0BBF1200F00F011818D4D20231B
:1055DC001370AB746B7C00223A6003EB43025FFAEE
:1055EC0083F915F802805B00B8F1200F00930BD003
:1055FC00DFF814A208EB48030AEBC3034FEA480296
:10560C00D97D012900F0B780009BDFF800A203EBE5
:10561C0009062E444FEA49183478202C04D0484609
:10562C00FFF752FE8442F7D1BAF1000F01D0AFF36D
:10563C00008003F032FBAB7C202B09D0D7E906238A
:10564C0010F1020E41F1000C724573EB0C03E3D325
:10565C00202C19D023460122FFF7A8F9002860D08E
:10566C0008EB0B0305EB4303AC741A7F022A36D00C
:10567C00FF23AB71009B4B441D446B78202B40F0F7
:10568C008C8003B0BDE8F08FD5E90223B3F1FF3F66
:10569C0008BFB2F1FF3F07D0FEF7C8FC4FF0FF3256
:1056AC004FF0FF33C5E902232B7C002B5DD1042086
:1056BC00FFF724F8FFF7DEF80020FFF7EBF8A969F5
:1056CC004FF0804200232020A8740B60C2F80835EC
:1056DC0008EB0B0305EB43031A7F022AC8D14A4A95
:1056EC000BEB4B0102EBC102527D022A6CD0009AEB
:1056FC004A442A440621197791782029CBB260D0EC
:10570C00434405EB430383F81DB0009B4B442B44EF
:10571C00D84405EB480883F802B0202388F81D30E4
:10572C00A6E708EB040305EB430330785B7F33708B
:10573C00024604211346424405EB42029C42117777
:10574C00527FF7D1B178B370CAB220291CBF424442
:10575C0005EB4202434405EB430318BF50774FF06F
:10576C00200208BF70705A7756E70520FEF7C6FF77
:10577C0000232B749BE75B7D012B15D1033644F181
:10578C00000402EB08030AEBC303D3E90202B042A4
:10579C00A24128BFC3E9026436E71D4B187803B059
:1057AC00BDE8F04F01F0D6BA0192FEF745FC019A24
:1057BC000028E3D1FEF75AFC8619019A44F1000443
:1057CC00DFE782F801B0A0E701221A7750E70C4B13
:1057DC000D4A1B78182101FB03F3D01807214068F0
:1057EC00D358984740F2B621702001F0C9F840F226
:1057FC00C121702001F0C4F8501100209300DC92FC
:10580C0048110020A8110020480E002000000000C4
:10581C008011002038B505460C46FEF739FC0028EF
:10582C0022DB14494B7C01F11C0C5FFA83FE0CEB60
:10583C00831C002302E00133202B13D01CF813200F
:10584C00D8B2002AF7D10C4A03EB4E1E03EB4303EC
:10585C0001EB4E0142F8335002EBC30301220A77ED
:10586C005C6038BD184638BD40F21731702001F02D
:10587C0087F800BFA8110020480E00201F2808D868
:10588C000A494B7C00EB431301EB43031A7F012ABB
:10589C0001D0002070474B7C00EB431301EB43031A
:1058AC004FF0000C104683F81CC07047A811002064
:1058BC00014BD3F840057047008000400378002B63
:1058CC0040F0D7802DE9F04F6F4A5368C3F30803BB
:1058DC0089B08146002B40F0B8806C4E6C4FDFF8DD
:1058EC00B4B106F11C0A27B1002140F25B40AFF3C2
:1058FC000080757CEDB24FF00003B37127B100212D
:10590C004FF48C60AFF300800AEB851EBEE80F00ED
:10591C006C1C04F001080AEB881CACE80F00BEE814
:10592C000F00ACE80F00BEE80F00ACE80F009EE8DB
:10593C000F0044468CE80F002DB227B1002140F235
:10594C00EB30AFF3008005EB450504EB4404731911
:10595C00725B9B7832533444A37057B1002140F2F0
:10596C00EF30AFF3008027B1002140F26540AFF378
:10597C00008003F092F9CDF8008004AB4A4604464F
:10598C000D46FFF703FC27B1002140F26C40AFF34A
:10599C000080414B1B78202B3FD0DBF81830DBF814
:1059AC001C20DBF82010083342F100025B1842F196
:1059BC000002DDE90401984271EB020CCDF8008085
:1059CC0022D3364822462B4604A9FFF783FB98B115
:1059DC00DDE90401FEF7CCFB9DF81C3001331B18EC
:1059EC0041F10001C9F81030C9F8141027B1002199
:1059FC0040F27F40AFF30080B379002B7FF473AF9C
:105A0C00012009B0BDE8F08FCDE9043204A922468B
:105A1C002B462248FFF75EFBDAE79DF81D1014F1C8
:105A2C00080345F100020129C3D0CDE90232FEF78B
:105A3C0003FBDDE902320028BBD1FEF717FB029B0A
:105A4C00039AC31842F10002B3E7103B59B2002984
:105A5C0011DB01F1604101F5614191F8000340094E
:105A6C000028CED0094E0A4FDFF828B006F11C0AE8
:105A7C0039E70020704703F00F03043B1344187EF2
:105A8C0040090028EED1BCE700ED00E0A811002091
:105A9C000000000050110020481100200040420F6F
:105AAC002DE9F04FAC4A53688FB0C3F3080383461B
:105ABC000491002B40F0628108230393049B1B7814
:105ACC00012B00F23D82A54E26B1002140F24D5033
:105ADC00AFF300800023A24C05934FF0010926B1CF
:105AEC00002140F25A50AFF30080B9F1000F04D1FD
:105AFC009C4B0BB1AFF3008062B6657CEDB24FF0FE
:105B0C000003A371039B002B40F09880A84626B19C
:105B1C00002140F26E50AFF3008003F0BEF8049AFF
:105B2C0000950AAB8246FFF731FB26B1002140F20B
:105B3C007650AFF300800BEB481904EB49094FEAA0
:105B4C00481799F81C30013B012B75D80A992AF09B
:105B5C007F4AA1EB0A0222F07F4323F00103002BC2
:105B6C0040F0BD8008EB4802224407EB0B03907811
:105B7C0004EB43030421202819774FEA4803C1B2F0
:105B8C0000F09681394404EB410181F81DB0434487
:105B9C0023445F4404EB470783F802B020237B7750
:105BAC0000230593012726B1002140F27B50AFF36F
:105BBC0000806D4B0BB1AFF30080EFF31088C14642
:105BCC0072B6A379002B8AD1684B0BEB4B0C03EB11
:105BDC00CC0C0AAB0FCB0CF1080C8CE80F008FB17E
:105BEC00039B002B00F0EA80059B23B1604B1B78D4
:105BFC00202B00F06081637CDB4303F001036374B2
:105C0C00FF23A371B8F1000F04D1564B0BB1AFF3C6
:105C1C00008062B626B1002140F2B250AFF3008092
:105C2C00002F4AD126B1002140F2BE50AFF30080C4
:105C3C0038460FB0BDE8F08F0027B4E74D4B05F1A7
:105C4C00010A0AF0010A03EB851E03EB8A1CBEE86D
:105C5C000F00ACE80F00BEE80F00ACE80F00BEE888
:105C6C000F00ACE80F009EE80F002DB28CE80F007F
:105C7C00D0460FFA8AF726B1002140F2EB30AFF391
:105C8C00008005EB450507EB47076319625B9B78C2
:105C9C00E2532744BB7056B1002140F2EF30AFF312
:105CAC00008026B1002140F26450AFF30080A3794C
:105CBC00002B7FF414AF554629E7637C03EB4303B9
:105CCC001C446378202BADD026B1002140F2B95092
:105CDC00AFF30080284B187801F03CF8A2E722F0D3
:105CEC007F42B2F5000F3FF63DAF0C9B5B18A3EB68
:105CFC000A0323F07F43B3F5000F3FF633AF0DF1EA
:105D0C0027030DF1260229460AA8FFF755F905903D
:105D1C0000285AD108EB480222440423907889F8D1
:105D2C001C304FEA48032028C1B2434418BFC9199C
:105D3C0023445F4404EB470718BF04EB410183F88D
:105D4C0002B04FF0200314BF81F81DB082F801B0EF
:105D5C007B77012727E700BF00ED00E00000000083
:105D6C00A81100200000000000000000480E0020D8
:105D7C0048110020C411002080110020103B59B2A2
:105D8C000029C0F28D8001F1604101F5614191F86B
:105D9C0000335B090393002B7FF490AE704B1B78A0
:105DAC00202B00F0D280049B1B780393002B3FF434
:105DBC008AAE40F24651702000F0E2FDFF23A37141
:105DCC00B8F1000F7FF426AF1FE79DF826C09DF8B1
:105DDC0027E0F44518D1BCF1200F00F09E8007EBB2
:105DEC000C0304EB43035B7F89F81D30BC4404EBCC
:105DFC004C0C00228CF81DB05F4404EB4703059F4C
:105E0C00059203221A77CEE6BEF1200F00F0A28095
:105E1C0007EB0E0304EB4303BCF1200F597F00F09A
:105E2C00878007EB0C0204EB42024FEA4803507FD9
:105E3C00069051774FF0050A3A1804EB42020146DE
:105E4C008E45814682F81CA0507FF5D103EB0802E9
:105E5C002244079192F802A0BAF1200F5FFA8AFE51
:105E6C0063D0BE4404EB4E0E069A8EF81D2003EB55
:105E7C0008022244079982F80290394407EB0B027E
:105E8C004FF0200E04EB410104EB4202F44581F883
:105E9C001DE05077AAD14344059A04F803B0ABE750
:105EAC0003F00F03043B13441B7E5B09039372E75F
:105EBC0082F801B06BE629460220FFF777FA00283A
:105ECC007FF499AE637C03EB430020440BEB43124D
:105EDC0004EB420285780421DFB211775A015B0092
:105EEC00202DE9B23B4418BF891823445A4418BFEB
:105EFC0004EB410104EB420283F802B04FF02003A3
:105F0C0018BF81F81DB0059F08BF80F801B053770A
:105F1C00B8F1000F7FF47EAE77E608EB4803E35C44
:105F2C0089F81D304FEA4803B5E7069951709EE792
:105F3C0008EB48024FEA4803A05C0690A15479E7AD
:105F4C0040F24A51702000F01BFD40F2435170208A
:105F5C0000F016FD40F2CF11702000F011FD00BFD3
:105F6C00481100202DE9F84F734CDFF8D08105461D
:105F7C004FF0010A04F11C0BB8F1000F04D0002102
:105F8C004FF4BA60AFF30080BAF1000F04D16C4B40
:105F9C000BB1AFF3008062B64FF00003A371B8F100
:105FAC00000F04D0002140F2D550AFF30080667C86
:105FBC000BEB861EBEE80F0006F1010909F0010784
:105FCC000BEB871CACE80F00BEE80F00ACE80F0031
:105FDC00BEE80F00ACE80F009EE80F00B9468CE855
:105FEC000F00B8F1000F04D0002140F2EB30AFF3FA
:105FFC00008006EB460607EB4707A319A25B9B78CC
:10600C00E2532744BB70B8F1000F04D0002140F2DA
:10601C00EF30AFF30080A37903F0FF01002B7CD1AC
:10602C00B8F1000F03D040F2DF50AFF3008005EB66
:10603C00491304EB43034FEA49161A7F032A6AD12A
:10604C0009EB4902A75CBD4271D0202F63D03B46BF
:10605C0001E0202B5FD0F21804EB42021946537F6B
:10606C009D42F6D1202D56D07319314404EB4303D5
:10607C0004EB41015B7F4B77B8F1000F0CD0002192
:10608C0040F25D30AFF30080B8F1000F04D0002176
:10609C0040F2E450AFF300802E4404EB460601239B
:1060AC003377B8F1000F04D0002140F2ED50AFF37C
:1060BC000080244B0BB1AFF30080EFF3108A72B663
:1060CC00A379002B7FF458AFBD4203D11E4B1B7834
:1060DC00202B1AD0637CDB4303F001036374FF2392
:1060EC00A3710124BAF1000F04D1154B0BB1AFF31E
:1060FC00008062B6B8F1000F04D0002140F20F60AE
:10610C00AFF300802046BDE8F88F49460220FFF728
:10611C004DF90028DED10024E4E7B8F1000F3FF47C
:10612C0033AF002140F2DB50AFF3008024E7202D89
:10613C00F1D05B7FA3549FE7A81100200000000062
:10614C0000000000000000004811002070B586B06F
:10615C0007280DD8DFE800F0310C0C0C0C1D040ED8
:10616C00604B4FF080419A690123C1F808351360E8
:10617C0006B070BD5C4B5D4A1B7803EB430302EB2E
:10618C00C30052F833304068042106B0BDE87040BB
:10619C001847544C237C002B49D0D4E90223B3F18B
:1061AC00FF3F08BFB2F1FF3F00F085800120FEF7F2
:1061BC0071FB0023237406B070BD4A4CD4E9022352
:1061CC00B3F1FF3F08BFB2F1FF3F56D0464E01205E
:1061DC00FEF760FB3378202B56D0454D95F82520E3
:1061EC00012A3BD0FDF728FF0346002835D194F84F
:1061FC009C200132D2B2312A84F89C206CD84FF406
:10620C007A7230786946CDE90032CDE90233CDE9B6
:10621C000433FFF745FC002859D095F8284001239A
:10622C0085F82830FFF79AF985F82840A0E72E4B1F
:10623C002E4A1B782E4903EB43034FF0FF344FF0EB
:10624C00FF35C1E9024502EBC30152F8333048680F
:10625C00052106B0BDE8704018473378234A03EB9C
:10626C00430302EBC30052F833304068002184F83A
:10627C009C1006B0BDE870401847FDF7D1FE02F047
:10628C000CFDC4E90201A1E7637C03EB4301DAB224
:10629C00635C202B16D003EB421204EB4202507FBE
:1062AC006054FF21A171124D33700221117700222D
:1062BC0085F8282092E7FDF7B3FE02F0EEFCC4E966
:1062CC00020173E740F25221702000F059FB4FF4A9
:1062DC00C761702000F054FB40F23461702000F074
:1062EC004FFB00BFA811002048110020480E0020D1
:1062FC005011002010B51B4B1B78202B86B026D0DC
:10630C00194CD4E90223B3F1FF3F08BFB2F1FF3FB0
:10631C0022D1D4E904310DF10B02C01841F1000176
:10632C0004AB009203AAFDF785FF9DF80B20DDE975
:10633C0004130F2A94BF00220122521843F10003C8
:10634C000520C4E90223FEF733FA06B010BD40F273
:10635C00DF71702000F014FB4FF4FC61702000F032
:10636C000FFB00BF4811002050110020FEF712B99E
:10637C002DE9F04F8C4B1D7887B0202D019000F04B
:10638C000D81DFF82892DFF8288299F8113003EBA1
:10639C0043030646D8F8000019F80340D8F8183023
:1063AC0003930DF11302D8F8203002938B4630443E
:1063BC0005A9FDF713FF7F4BA6F132029A426AD86A
:1063CC00DFF8F4A1059BD8F81C6005EB45050AEB3A
:1063DC00C505A8681B182869D8F818501818401B50
:1063EC0020F07F43B3F5000F55D899F81120C8F869
:1063FC002000202C88F826B0D2B200F0C2805201C6
:10640C00DC462021934604EB440240190AEBC202FD
:10641C0046F1000ED2E90263864273EB0E034FEA9B
:10642C00440746D3537D012B03D098F82530012B1C
:10643C0035D005200091FEF761F9009999F811000B
:10644C004FF0FF324FF0FF332029C8E90223C0B2CE
:10645C0040F0958000EB4000202419F80030524A9F
:10646C0099F81110127802EB411209EB42025377A2
:10647C00D8F80030019A1344C8F80030FF2389F88B
:10648C000630202C35D04D4B187800F063FC0020E2
:10649C0007B0BDE8F08F012007B0BDE8F08F009188
:1064AC00FDF7E4FD751B013085420099C1DA98F8BF
:1064BC0026C027440AEBC707BB7D63450DD90BEB00
:1064CC00040309EB43035B7F202B16D02146D8E94C
:1064DC000656D8F820001C4695E7DDE90231D8F8BD
:1064EC0018205B189B1A0220C8F8203007B0BDE8B2
:1064FC00F08F002007B0BDE8F08F0520FEF7FEF806
:10650C004FF0FF324FF0FF3399F81100C8E9022326
:10651C00C0B204EB401309EB430346005A7F00EB77
:10652C004003410119F803A009F803204FF0050CB2
:10653C005346CF1809EB47071A4694421D4687F875
:10654C001CC07B7FF5D137184F440A4497F802E002
:10655C00BEF1200F5FFA8EFC18BF8C44304418BF7C
:10656C0009EB4C0C09EB420248444FF0200114BFDC
:10657C008CF81DA087F801A0857051776FE70C4649
:10658C00C7E70520FEF7BAF899F811004FF0FF3273
:10659C004FF0FF33C8E90223C0B25BE740F6440179
:1065AC00702000F0EDF900BF48110020A811002068
:1065BC0050110020CE3F420F480E002080110020C9
:1065CC002DE9F84F9A4C637C00EB431304EB430327
:1065DC001B7F002B00F02781677CDFF85882054673
:1065EC00FFB2B8F1000F04D0002140F6A500AFF3C4
:1065FC0000807E0105EB471704EB4707B8F1000F4D
:10660C0040F0D980771904EB47073B7F012B08D06A
:10661C00043B022B40F2C58002F06BFB3B7F012B4D
:10662C00F6D1DFF814A24FF0010BB8F1000F04D033
:10663C00002140F6BC00AFF30080BBF1000F04D189
:10664C007E4B0BB1AFF3008062B64FF00003A37129
:10665C00B8F1000F04D0002140F6C100AFF3008068
:10666C00667C0AEB861EBEE80F0006F1010909F0F4
:10667C0001070AEB871CACE80F00BEE80F00ACE882
:10668C000F00BEE80F00ACE80F009EE80F00B94603
:10669C008CE80F00B8F1000F04D0002140F2EB3071
:1066AC00AFF3008006EB460607EB4707A319A25B86
:1066BC009B78E2532744BB70B8F1000F04D0002143
:1066CC0040F2EF30AFF30080A37903F0FF01002B11
:1066DC0040F08580B8F1000F03D040F6CB00AFF34B
:1066EC00008009EB490323444FEA490B5E78B5421D
:1066FC0000F08F80202E2CD04FEA491101E0202E83
:10670C0027D08B1904EB4303324637465E7FB542E4
:10671C00F5D1202D1DD00A44294404EB410104EB92
:10672C0042024B7F5377B8F1000F04D0002140F2A6
:10673C005530AFF300800BEB090323449B789E424A
:10674C005AD0B8F1000F0CD0002140F25D30AFF3FD
:10675C000080B8F1000F04D0002140F6CF00AFF359
:10676C000080374B0BB1AFF30080EFF310839B46E7
:10677C0072B6A279002A7FF458AF84F81190FF22E8
:10678C00A27123B92D4B0BB1AFF3008062B6B8F1F7
:10679C00000F04D0002140F6E100AFF30080BDE80B
:1067AC00F88F731904EB43030122DFF88CA01A77DE
:1067BC004FF0010B39E73B7F012B3FF432AF043B29
:1067CC00022B16D9002140F6B100AFF3008002F085
:1067DC0090FA002140F6B500AFF300800EE7B8F157
:1067EC00000F3FF42AAF002140F6C700AFF3008042
:1067FC001BE701233B77ECE7B8F1000F04D0002135
:10680C004FF45670AFF300800BEB090323449F70D9
:10681C0097E7202D9DD005EB491204EB420220276F
:10682C00527F5A707FE740F69C01702000F0A8F868
:10683C00A811002000000000C4110020000000007E
:10684C0000000000BFF34F8F0549064BCA6802F4E5
:10685C00E0621343CB60BFF34F8F00BFFDE700BF77
:10686C0000ED00E00400FA05094B01225A604FF0DC
:10687C00FF32C3F80823074B4FF48042C3F8802043
:10688C00BFF34F8FBFF36F8FC3F88021704700BFEA
:10689C0000E0004000E100E0094B01225A604FF09B
:1068AC00FF32C3F80823074B4FF48052C3F8802003
:1068BC00BFF34F8FBFF36F8FC3F88021704700BFBA
:1068CC0000C0004000E100E0084B0022C3F8FC2FA0
:1068DC000122C3F8FC2F064B0222C3F88020BFF321
:1068EC004F8FBFF36F8FC3F88021704700100040AB
:1068FC0000E100E0F8B51B4E337805460C46174610
:10690C0063BB00F06BFAFDF73BF817487760002D7E
:10691C0018BF28463472FFF7D7FFFFF7BDFFFFF70C
:10692C00A3FFFDF7BBFB0546B0B9FEF7DFFDFDF796
:10693C00A7FB02F09FF9002C0CDB04F01F0264098A
:10694C00A40004F1604404F5614401239340C4F8AD
:10695C0080312360012333702846F8BD4FF0FF359A
:10696C00FAE700BF48120020CE3B010008B572B612
:10697C00024B5B6803B19847FFF764FF4812002095
:10698C001FB572B6134B5D688DB9FFF75BFFB2FB99
:10699C00F6F2DCB20133002AF9D104F110036B4496
:1069AC0003F80C2C0A2234B901A8A847EDE70246DB
:1069BC0000230A26EDE7631E04AEDCB256FA83F31D
:1069CC00B0FBF2F602FB1600303003F80C0C30462C
:1069DC00E9E700BF48120020074B93F90830002B61
:1069EC0009DB5A09012103F01F0301FA03F34032BA
:1069FC00024941F8223070474812002000E100E0C3
:106A0C00014B1878704700BF481200202DE9F84F51
:106A1C00DFF8C4A0314C324DDFF8C8900746012690
:106A2C009AF800805FFA88F8FF238AF80030B8F1F2
:106A3C00000F01D08AF80130EFF3108272B60023F8
:106A4C006660C4F80031C4F80431C4F804752660DB
:106A5C003AB962B605E0D4F8043133B92B69DB06D8
:106A6C0020D4D4F80031002BF5D0D4F80431002B0D
:106A7C00E2D1B8F1000F13D19AF80130DBB28AF8E9
:106A8C00018003214FF48042C4F80813C4F8048138
:106A9C00C4F80081C9F880218AF80080002BBFD18E
:106AAC00BDE8F88F4FF48043C9F88031EFF3108BB9
:106ABC0072B60323C4F80433D4F8003113B9D4F8F4
:106ACC0004311BB1BBF1000FCBD1C2E702F011F9BD
:106ADC00BBF1000FC5D1BCE75412002000E0004010
:106AEC0000ED00E000E100E070B51646DA078CB06E
:106AFC001D4686468C4640F1A280C37B8DF8003043
:106B0C00837B8DF80130437B8DF80230037B8DF84D
:106B1C000330C37A8DF80430837A8DF80530437ACC
:106B2C008DF80630037A8DF80730C3798DF808306C
:106B3C0083798DF8093043798DF80A3003798DF813
:106B4C000B30C3788DF80C30837842788DF80D308B
:106B5C0003788DF80F308DF80E20CA7B8B7B8DF867
:106B6C0010208DF811304A7B0B7B8DF812208DF89C
:106B7C001330CA7A8B7A8DF814208DF815304A7A36
:106B8C000B7A8DF816208DF81730CA798B798DF821
:106B9C0018208DF819304A790B798DF81A208DF858
:106BAC001B30CA788B788DF81C208DF81D304A78F4
:106BBC000B788DF81E208DF81F306C462046FFF7A1
:106BCC0025FFAB0731D59DF82F009DF82E109DF8B1
:106BDC002D209DF82C30307071709DF82B009DF895
:106BEC002A10B270F3709DF829209DF8283030716E
:106BFC0071719DF827009DF82610B271F3719DF804
:106C0C0025209DF82430307271729DF823009DF878
:106C1C002210B272F3729DF821209DF8203030734F
:106C2C007173B273F3730CB070BD0DF1200CBCE832
:106C3C000F0030607160B260F3600CB070BDDEF8B4
:106C4C000410DEF80820DEF80C3000686C46A6460E
:106C5C00AEE80F00DCF80000DCF80410DCF80820CB
:106C6C00DCF80C30AEE80F00A8E700BF10B500242C
:106C7C0082B0CDE90044FFF737FF02B010BD00BF72
:106C8C001B4B4FF4805270B5C3F88020BFF34F8F6D
:106C9C00BFF36F8F174D184C0021C5F80011C3F8C6
:106CAC0080212669236943F0100323610123C5F871
:106CBC00043306F010062B60D5F80031A3B11EB9D1
:106CCC00236923F0100323610A4B0122D3F8080532
:106CDC005A60C3F808230022C3F80021044B4FF478
:106CEC008052C3F8802170BD02F003F8E4E700BFC6
:106CFC0000E100E000C0004000ED00E038B50C49B8
:106D0C00024605200138C0B2FF2803D14821692072
:106D1C00FFF736FE01EBC0031D7905F0FF04002DD3
:106D2C00F0D141F8302001225C719C711A7138BD90
:106D3C0058120020042808B503D94F216920FFF709
:106D4C001FFE034B03EBC0000023037108BD00BF03
:106D5C0058120020042808B503D958216920FFF7E0
:106D6C000FFE094B03EBC0000379012B01D0592115
:106D7C00F4E7437982790133DBB29A4218BF43714D
:106D8C00BDE80840FFF728BE5812002070B5124C21
:106D9C0006250026013D15F0FF0500D170BD94F8C5
:106DAC00281004EBC1031A79012A09D158799A7970
:106DBC00904205D05A79D2B29A7154F83130984732
:106DCC0094F828300133DBB2042B94BF84F82830BC
:106DDC0084F82860DEE700BF581200204FF0805284
:106DEC00034BD2F830111960D2F834215A60704735
:106DFC0084120020034B1868A0F10F03584258412D
:106E0C00704700BF84120020034B1868A0F10A03DE
:106E1C0058425841704700BF84120020034B186839
:106E2C00A0F10E0358425841704700BF8412002055
:106E3C00034B1868A0F1100358425841704700BF2B
:106E4C0084120020044B1868062803D0431C5842B7
:106E5C00584170470120704784120020034B18687A
:106E6C00A0F10D0358425841704700BF8412002016
:106E7C00034B1868A0F1080358425841704700BFF3
:106E8C008412002008B5FFF7BFFF20B1024B5868F1
:106E9C00B0FA80F0400908BD8412002008B5FFF755
:106EAC00D1FF38B1044B5868063810F1080F94BF65
:106EBC000020012008BD00BF8412002008B5FFF798
:106ECC00C1FF38B1044B5868063810F1080F8CBF5D
:106EDC000020012008BD00BF8412002008B5FFF778
:106EEC0089FF70B9FFF790FF58B9FFF797FF40B9CA
:106EFC00FFF7A8FF044A054B002808BF13461846A5
:106F0C0008BD024BFBE700BF00E701400C05004049
:106F1C0008B5FFF797FF08B3EFF3108072B6104A6D
:106F2C001369116941F010011161A2F5406203F07F
:106F3C001003D2F80011D2F804210A4300D040BF4C
:106F4C0020BF00BF00BF00BF00BF23B9044A1369B4
:106F5C0023F01003136100B962B608BD20BFFCE733
:106F6C0000ED00E0914270B53BD2B2FA82F33BB136
:106F7C00C3F1200420FA04F49940214398409A402C
:106F8C00160CB1FBF6FC06FB1C1424041FFA82FE43
:106F9C00030C85B204EB10400CFB0EF4844206D9B2
:106FAC00201A90428CBF02200120ACEB000C03EBAA
:106FBC0001410CFB1211B1FBF6F006FB101105EBB5
:106FCC00014100FB0EFE8E454FEA0C4C06D9AEEB90
:106FDC00010E96458CBF02220122801A40EA0C0059
:106FEC0070BD73219620FFF7CBFC00BF2DE9F84351
:106FFC001C4652EA040349D0074615460E467CB996
:10700C00914208D321463046FFF7ACFF04462A468E
:10701C00384604FB1561FFF7A5FF2146BDE8F88350
:10702C00B4FA84F9B9F11F0F34DC4FF0010808FAF7
:10703C0009F2A2FB051320FA08F002FB043226FA2F
:10704C0008F140EAC670FFF78DFFC9F11F03D84065
:10705C004FF0000118D0431E8C4661EB010105FB7B
:10706C0001F203FB042280461846A5FB033EFB1AE3
:10707C00724466EB02061F46AF4276EB040324BF54
:10708C0040466146BDE8F8838446F5E7CA21962060
:10709C00FFF776FCE7219620FFF772FC10B5441A37
:1070AC0094422BD34AB34B1CC31A022B31D9531E17
:1070BC00072B2ED922F003048C4686460C445CF830
:1070CC00043B4EF8043BA445F9D122F003039A4249
:1070DC0002F0030400EB030C01EB030E0DD0CA5CB1
:1070EC00C254012C09D09EF801308CF80130022CCE
:1070FC0003D09EF802308CF8023010BD002AFCD070
:10710C008B18024413F801CD02F801CD8B42F9D152
:10711C0010BD4B1E0244014613F8014F01F8014B00
:10712C009142F9D110BD00BF2DE9F04184075FFAFF
:10713C0081FE5FD0002A59D0034601E0002A55D0C9
:10714C0003F801EB990702F1FF32F7D14EEA0E2456
:10715C00032A44EA04443ED9151FAE08172D06F144
:10716C000106C3F3800147D99846002940D048F85E
:10717C00044B771A03EB810C79080CEBC101CCE9B9
:10718C0000440CF1080C6145F9D127F0010C08EB17
:10719C008C016745CCEB8C7805EB880517D02F1F3D
:1071AC00032F0C6013D9A5F10807032F4C600ED9DF
:1071BC00A5F10C07032F8C6009D9A5F11007032F3B
:1071CC00CC6004D9143D032D0C6188BF4C6102F0D6
:1071DC00030203EB86034AB1013A83F800E005D0C1
:1071EC00012A83F801E018BF83F802E0BDE8F081C2
:1071FC001546BEE70346A9E719461546CFE700BF7B
:10720C00844641EA000313F003037DD1403A51D385
:10721C002DE9F000F0C9F0C0F0C9F0C0F0C9F0C021
:10722C00F0C9F0C0403AF5D2F0BC43E0403A41D34B
:10723C0051F8043B40F8043B51F8043B40F8043B44
:10724C0051F8043B40F8043B51F8043B40F8043B34
:10725C0051F8043B40F8043B51F8043B40F8043B24
:10726C0051F8043B40F8043B51F8043B40F8043B14
:10727C0051F8043B40F8043B51F8043B40F8043B04
:10728C0051F8043B40F8043B51F8043B40F8043BF4
:10729C0051F8043B40F8043B51F8043B40F8043BE4
:1072AC0051F8043B40F8043B51F8043B40F8043BD4
:1072BC00403ABDD2303211D351F8043B40F8043B74
:1072CC0051F8043B40F8043B51F8043B40F8043BB4
:1072DC0051F8043B40F8043B103AEDD20C3205D384
:1072EC0051F8043B40F8043B043AF9D2043208D07C
:1072FC00D2071CBF11F8013B00F8013B01D30B88EE
:10730C0003806046704700BF082A13D38B078DD0CB
:10731C0010F003038AD0C3F10403D21ADB071CBF9D
:10732C0011F8013B00F8013B80D331F8023B20F807
:10733C00023B7BE7043AD9D3013A11F8013B00F840
:10734C00013BF9D20B7803704B7843708B788370C8
:10735C006046704753B94AB9002908BF00281CBFC2
:10736C004FF0FF314FF0FF3000F00CB8ADF1080CCE
:10737C006DE904CE01F0E3FCDDF804E0DDE9022365
:10738C0004B07047704700BF10B58B88037043780A
:10739C0003F0F00343708A88C2F303221343437053
:1073AC00CA888270CA8803F0CF03120A4370C27075
:1073BC000A7A120102F03002134303F03F034370C8
:1073CC004A7A43EA821343700C46096804308142BE
:1073DC0005D0E288FB2A28BFFB22FFF711FFE088CB
:1073EC000430C0B210BD10B48B880370437803F026
:1073FC00F00343700A468988C1F303210B434370A1
:10740C00D1888170C17801F0C001C170D488C4F3F7
:10741C000524214303F0CF034370C170147A240177
:10742C0004F03004234303F0BF034370547A43EA5F
:10743C00841301F03F0103F07F034370C1701168A6
:10744C000430814203D0D28810BCFFF7D9BE10BCE7
:10745C00704770B50B78192B05460C461ED82BB30C
:10746C00013B182B22D8DFE813F03A003E00210034
:10747C00B100B700BD00C300C900CD00CF00DF00D4
:10748C00E5002400210021004200D300D900E900CE
:10749C00EF00F500FB00010107010D01822B4FF0FD
:1074AC00FF0200F0F580832B00F0F68040F24221C1
:1074BC0012E00E23B1F803200B7042F283039A42C0
:1074CC0009D1062363706678023632462146284677
:1074DC00FFF796FE51E03121C720F8F773FE0C231D
:1074EC000B700823EEE71A230B700123EAE729201F
:1074FC00F9F76AF830B13E232370222363702923F5
:10750C00A370E0E70A20F9F75FF83E2305F10802C3
:10751C0004F108012B7090B30A23AB70E378EB7085
:10752C00A3882B71A3881B0A6B71A379AB71E379C8
:10753C00EB71A368AB608B889380D4F80E30C5F8E0
:10754C000E30638A6B8263696B61238B2B83638B35
:10755C00AB76638B1B0AEB76A38B2B77A38B1B0A67
:10756C006B77E38BAB77E38B1B0AEB7794F82030CC
:10757C0085F820301F266E700236304670BD012310
:10758C00AB70E378EB70A3882B71A3881B0A6B712B
:10759C00A379AB71E37903F00103EB71A368AB60E2
:1075AC008B889380638BAB73638B1B0AEB73A38BFE
:1075BC002B74A38B1B0A6B74E38BAB74E38B1B0ACE
:1075CC00EB7494F820302B751326D4E73E230B7004
:1075DC0004234B70142393E73E230B700C234B7046
:1075EC0004238DE73E230B700A234B70032387E79C
:1075FC003E230B700D234B70052381E7052323706D
:10760C0004235FE70823FAE730230B70032359E7C1
:10761C003E230B700B234B70072371E73E230B703B
:10762C0006234B700C236BE713230B708B789B009A
:10763C00013347E757230B70022343E73E230B70BC
:10764C0006234B7012235BE73E230B7009234B7010
:10765C00132355E73E230B7005234B7020234FE774
:10766C003E230B7009234B70212349E7FF230B703A
:10767C000B234B70A22343E7FF230B7005234B70A6
:10768C00A3233DE7FF230B700D234B70802337E7BB
:10769C000A700D22627033E70A700222FAE710B505
:1076AC000C4648B141B1F8F7EBFE0028207014BF2E
:1076BC0000206FF0220010BD6FF01500FBE708B53D
:1076CC00F8F768FF002008BD034602221A709A7072
:1076DC0089225A716FF065029A715022DA716FF03B
:1076EC0075021A726FF06A025A72012200209A72A5
:1076FC006FF063025870D8701871DA72704700F02E
:10770C0096BC38B5044601F0D4F901281BD1601C95
:10771C0001F0D6F9B8B1A37963F03F03A37100204F
:10772C00F9F75CFFE51D40B1102200212846FFF758
:10773C00FBFC01232370002038BD284601F0D3F94F
:10774C000028F1D0F5E70023F4E710B51022044629
:10775C000021FFF7E9FC04F1100310220021184668
:10776C00FFF7E2FC01F0D8F90020F9F737FF20B160
:10777C00204601F0B8F9002010BD01F09AF900285C
:10778C00F6D0F8E710B50446FFF77AFAB0F5007FAB
:10779C0009DA10F5007F08DD031EB8BF03339B1018
:1077AC002370002010BD7F23FAE76FF07E03F7E70C
:1077BC000120704700F0C4BD0078003818BF0120CC
:1077CC0000F05BBCF9F74CBE00F0A3BD00F0CEBDE1
:1077DC0000F0E6BB00F020BC08B5F8F7EDFE002089
:1077EC0008BDF9F7E5BC00F037BCF9F7BBBD00F0FC
:1077FC00FFBB00F03ABD00F004BD00F04BBD00F043
:10780C0093BB00F098BB00F0A4BB00F0B6BB00F03B
:10781C00FABB00F0D6BB03880B8000F06DBD00F006
:10782C00D6BB00F096BDF8B5941C0C446343B3F57D
:10783C00004FA8BF4FF0FF330E4610F00301054672
:10784C0017469CB203D0B0211420F8F7BBFCB4F55A
:10785C00004F01D9B121F7E714220430FFF764FC83
:10786C00EF746C802E80F8BD023101444A43B2F5AE
:10787C00004FA8BF4FF0FF3290B21B3020F0030036
:10788C00B0F5004F34BF00B24FF0FF307047828824
:10789C00038992B2934210B5014608D0C3F30E038C
:1078AC0018330831C45AF8F7B7FE204610BD00242F
:1078BC00FBE7072938B5034604D84FF4EC711520C3
:1078CC00F8F780FC0068A8B1D0E900248C4212D0F3
:1078DC002AB901F10805AC4204D210460AE003466D
:1078EC001046F1E742501A6845181268641A6C6029
:1078FC0042501D6038BD1A60FCE730B590B18478F9
:10790C00B1FBF4F304FB131300EB430252898A42DC
:10791C0001D1D8B230BDC27822B900F10A03D0B27D
:10792C00844201D8FF20F5E733F8025BA94202F14B
:10793C000102F4D1EEE78278038805324B4303EB66
:10794C0042031844704713B50023CDE900330446B5
:10795C008DF806006846F9F73DF808B102B010BD85
:10796C00BDF804002146F9F711F80028F2D040F2D6
:10797C0015211720F8F726FC70B50D4609211E4677
:10798C00FFF772FF3246044609212846FFF76CFFC9
:10799C00002C03DB002801DB204470BD4FF0FF30CE
:1079AC00FBE7012303707047F8B50546084600282D
:1079BC0011461E4614BF00240224FF23AB702B1962
:1079CC001B7D012B04D001342B191B7D012B19D1EC
:1079DC0005EB44073B8B3A8C9819904204DD2C4400
:1079EC00002038832075F8BD05EB840432466068AE
:1079FC001844FFF705FC3A8B16443E830023AB700A
:107A0C000120F0E70020EEE7002910B514BF002399
:107A1C000223FF218170C1180C7D012C07D10C337E
:107A2C0020F8132002230B750023837010BD013343
:107A3C00C1180C7D012CF2D04FF48C710920F8F791
:107A4C00C1FB30B50246837803F0FF00F3B9137D18
:107A5C00022B19D0537D022B19D10346012089B179
:107A6C00D5180C3300242C7522F81340131803245A
:107A7C001C7502EB80035B680B6000F10C0332F8A1
:107A8C0013308B80012002E00123E8E7002030BD99
:107A9C0030B58378E3B9837D022B17D0C47D022CDB
:107AAC0016D1032381B105190C3400222A7520F854
:107ABC001420C2180324147500EB83020C33526893
:107ACC0030F813300A608B80012002E00324E9E7D0
:107ADC00002030BD037D012B01D1008B7047437D0D
:107AEC00012B0CBF408B00207047837D012B01D1F3
:107AFC00808B7047C37D012B0CBFC08B002070475F
:107B0C00038B23B9408B003818BF0120704701202C
:107B1C007047838B23B9C08B003818BF0120704786
:107B2C0001207047027D022A01D1008B7047437DF2
:107B3C00022B01D1408B7047032AF6D0032BF9D0CE
:107B4C0000207047827D022A01D1808B7047C37D53
:107B5C00022B01D1C08B7047032AF6D0032BF9D02E
:107B6C0000207047F9F782B870B5044690F81831C8
:107B7C0003F0FF01E3B9D0E944526FF000439A429D
:107B8C0008BFB5F1FF3F01D1002070BDD0E94256CE
:107B9C0000F0AAFDD4E94432E5305B1B62EB06022F
:107BAC001B1A62F10002002AEEDA2046FAF736FEC2
:107BBC000120EAE7F8B5044618B9E0213020F8F7BF
:107BCC0001FB072900F2AA80DFE801F0043E3E3AEF
:107BDC00A82E9EA6FAF71AFED4F8FC00CB38FEF7B6
:107BEC0089FB10B940F25A21E8E7204600F058FE14
:107BFC000546F0B90146204600F076FD00F1E50699
:107C0C00D4F8FC00B04209D2301A322838BF3220E6
:107C1C000321FEF7ADFB051E18BF0125C4F8FC605F
:107C2C00204600F057FE35B12046BDE8F84000F084
:107C3C0052BE0025F4E7D4E94223C4E93A23F8BD47
:107C4C00BDE8F840FBF7FCBB00F059FD002384F8BD
:107C5C00F83084F80131D4F8CC3005460E46EBB13F
:107C6C0050EA01031AD00721A5FB012301FB0633BF
:107C7C00D4E93A10521843EB0003D4E94201824292
:107C8C008B410BD2012304F1F80784F800313846FC
:107C9C00FDF714FE20B94FF4D3618FE70223F2E70E
:107CAC002046FFF761FF034694F8C80033B9394604
:107CBC00FDF7F6FE38B940F29C617FE7FDF7DEFD7B
:107CCC00002384F8F030D4E94201D4E938328342FD
:107CDC0072EB0107B3D255EA0607B0D0C01A61EBBC
:107CEC00020133462A46FFF781F905FB01F300FB3D
:107CFC000633A5FB00500344D4E93802451943EB85
:107D0C000203C4E938539AE790F8C800FDF7B6FDB2
:107D1C00002384F8F03092E7FD214FE740F2011187
:107D2C004CE7D0F8CC00704710B5044690F8F03012
:107D3C00EBB1FF2380F81831012100F0CEFD94F84F
:107D4C00F030A3B194F8C800FEF70CF994F8C80011
:107D5C00FEF736FC94F8C800FDF790FD20B94FF4FF
:107D6C00F4713020F8F72EFA002384F8F03000205C
:107D7C0010BD10B590F8182142B990F8D02042B13E
:107D8C00D0E93531994202D9FAF748FD0022104664
:107D9C0010BD0122FBE708B540F28D2100F003FC79
:107DAC0040F64803984228BF184680B208BDF8B583
:107DBC00044621B1012930D040F2BE712AE0C68CB4
:107DCC0036B1F9F7EDFFE58CB0FBF5F606FB1506C1
:107DDC002046D4E9385700F092FC2D1847EB0101EE
:107DEC000023AD1941F1000184F8F8300223C4E9F5
:107DFC004251C4E93851A4F800312046FFF7B4FED3
:107E0C0070B994F8C80004F1F801FDF749FE38B9CF
:107E1C0040F2EF613020F8F7D5F9002380F8D0302C
:107E2C00FBF748FABDE8F840FDF798BB90F8F00076
:107E3C00003818BF0120704713B50023CDE900337B
:107E4C0001238DF806306846F8F7C4FD08B1002010
:107E5C000AE0009C2046FFF7E9FF0028F3D02046FB
:107E6C0000F050FC0028EED002B010BD07B5002386
:107E7C00CDE9003301238DF806306846F8F7AAFDEA
:107E8C0008B1002004E00098FFF7D0FF0028F4D0E0
:107E9C0003B05DF804FB07B5002340F6881201A976
:107EAC00FBF7E2FC03B05DF804FB38B5054600F0C7
:107EBC0016FCF0B12846FFF7B9FF08B9002038BD11
:107ECC002846FFF72EFF04462846FFF72DFF0546F0
:107EDC0088B9002CF2D02088F9F742FB208829467B
:107EEC00F8F754FD0028E9D041F65B213920F8F76A
:107EFC0069F94220E3E70C20E1E710B5F9F718F82F
:107F0C00044600F0C9FC40B9204600F0C1FC80F0EA
:107F1C000100C0B200F0010010BD0020FAE708B566
:107F2C00F9F7E4FA002008BD10B50446F9F7DEFFB6
:107F3C002070002010BD10B5FFF77EFF044630B94D
:107F4C00F9F7CEFF2046F9F767FC204610BD0C2050
:107F5C00FCE710B50446FFF76FFF50B920780128F5
:107F6C0009D8611CF9F7C8FF002814BF00200720AE
:107F7C0010BD0C20FCE71220FAE738B50546FFF7D8
:107F8C005BFF044640B92878012803D8691CF9F72F
:107F9C00E3FF18B9122038BD0C20FCE72046FAE7A5
:107FAC0010B503460E2404706FF00C011022002053
:107FBC00DC70592459709A701C7158719971DA716E
:107FCC0010BD08B50821F8F74DFA002008BD10B512
:107FDC0004466FF07F00FFF75EFFF9F763FD20703A
:107FEC007F20FFF758FFF9F75DFD6070002010BD92
:107FFC0010B50446F8F79CFF00F047FCF9F752FD6A
:10800C002070002010BD08B50A46072300F11001AE
:10801C00FEF72CFE002008BD10B5014604460020DA
:10802C00F9F7C4FA08B92060A080002010BD10B583
:10803C000446F9F755FA28B900202146F9F79EFABB
:10804C00002010BDFFF712FF0028F5D0FFF755FFF9
:10805C000028F1D10C20F4E710B50446FFF706FF19
:10806C0028B901202146F9F789FA002010BDFFF745
:10807C0044FF0028F5D10C20F8E708B5F8F724FEEA
:10808C00002008BD2DE9F341054647780078012111
:10809C00F8F766FC044600285FD000F0E7FBEE78AA
:1080AC00864228BF0646042FB6B23DD0206BFFF7A0
:1080BC0011FD304480B21F2803D9122002B0BDE854
:1080CC00F081FB1E012B2CD8204600F0F3FB6B78C3
:1080DC00032B2CD107F0FD08B8F1010F39D1204644
:1080EC0000F0E8FB002831D1012F08BF4FF0020847
:1080FC00216B42466846F8F74FFD6A68206B3346A1
:10810C000121FFF751FC50B36B78023B012B22D8B5
:10811C00206BFFF7DFFC01210246206BFFF774FC9C
:10812C0019E0002ED0D1C8E7002ECDD0C5E700282D
:10813C00C3D1042BCED12046FFF778FE0028BCD04B
:10814C00206BFFF7DDFC0028C4D1B6E74FF0000828
:10815C00CEE7042FD1D10020B0E74220AEE70720B4
:10816C00ACE72DE9F74380464578C77800780121C4
:10817C00F8F7F6FB0446D0B100F08EFB0028206B1C
:10818C0008BF0027FFF7B1FCC619B6B21F2E1FFAA5
:10819C0087F910D8042D0ED0032D12D05FB12046D4
:1081AC00FFF744FE58B10C2002E0042212E04220FA
:1081BC0003B0BDE8F0831220FAE70720F8E7012DA1
:1081CC000CD1204600F076FB0028EED1012D0CBF1F
:1081DC0006220522216B6846F8F7DEFCD8F804204D
:1081EC00206B4B460021FFF7DFFB0028E5D0023D5A
:1081FC00012D04D8206B32460021FFF705FC00202E
:10820C00D6E713B50446F8F793FE4FF44073ADF878
:10821C00003000238DF80230684614F8013B8DF8CD
:10822C0003300194FFF79DFF02B010BD38B501215A
:10823C0005460078F8F794FB0446A0B1FFF7F6FD6D
:10824C0028B92046691C00F062FA002038BD20468F
:10825C0000F022FB08B10C20F8E7204600F018FBD8
:10826C000028F8D1EDE74220F0E713B50446F8F703
:10827C005FFE14F8013B8DF803304FF44073ADF8FA
:10828C000030684600238DF802300194FFF7FAFEA7
:10829C0002B010BD73B50546F8F74AFE2B780446BC
:1082AC0063B100230DF1010101208DF80030F9F7C5
:1082BC007DF918B16846FFF7B9FFA0B90026204632
:1082CC008DF8006000F0ECFAB04214BF8023334606
:1082DC00ADF801302B788DF80360012B05D1694680
:1082EC002046F8F7E5FE02B070BD1BB92046FFF73B
:1082FC00DCFDF8E71220F6E708B500880021F8F756
:10830C002FFB20B1BDE80840002100F08BBB022000
:10831C0008BD10B504460078FF280AD00121F8F7F3
:10832C001FFB58B16378A27843EA0223C384002070
:10833C0010BDB4F80100F8F7C5FDF8E74220F7E7E7
:10834C0008B50078003818BF0120F8F7B5FD0020FB
:10835C0008BD10B50446F8F7EBFD6178C1F3400297
:10836C0001F0010100F0BCFA002010BD1220704792
:10837C0010B5044604B910BD236898476468F9E742
:10838C0003680BB9016070471A465B6813B18A42E7
:10839C00FAD170478A4218BF5160704708B5F8F798
:1083AC0037FDFAF7D1F820B140F22B110120F7F785
:1083BC0009FFBDE808400120FFF7C5BAFBF742BE34
:1083CC00704730B542400C7818785D784440487856
:1083DC00684004449D78887868400444DD78C87807
:1083EC00684004441D7908795B79497968400444F4
:1083FC004B402344D3420CBF0120002030BD034628
:10840C0000200139C9B2FF2900D170475A5C82F0B3
:10841C0001021044C0B2F4E708B5F9F7EDF80828EA
:10842C0003D0BDE80840F9F70BB908BD08B500F05A
:10843C002EFB18B1BDE80840FAF7CABA082008BDEF
:10844C0003460868586670470B68C0F803308B8881
:10845C00A0F8073070470B68C0F809308B88A0F87B
:10846C000D3070470378890123F0400301F040017F
:10847C000B4303707047037803F07F0343EAC11387
:10848C00037070471F2A38B50546144603D9C1211D
:10849C002A20F7F797FE09300634FEF7B1FE6C7010
:1084AC0038BD1F2A38B50546144603D9E3212A20C6
:1084BC00F7F788FE09300634FEF7A2FE6C7038BD63
:1084CC0030B5037803F00F03032B024640D0052B85
:1084DC001FD1C37F90F82000034392F8210003437F
:1084EC0092F82200034392F8230020F01F00184357
:1084FC002DD05378222B0CD1B2F81930B2F817408A
:10850C00907D41B1B3F5506F05D940F607518B42C0
:10851C000ED900201BE0991F89B240F67A45A9427A
:10852C00F7D8411E0729F4D88342F2D9A342F0D3DD
:10853C00B2F81B30B3F5FA7FEBD2B2F81D000A3853
:10854C0080B240F6764398428CBF0020012030BDAB
:10855C004078A0F10C0358425841F8E7F9F798BB62
:10856C0010B521B94FF40F711020F7F72BFE4A60AC
:10857C000B72EFF3108472B6031D0B6042681AB1D4
:10858C00127A012A08BF036003681960016004B9FC
:10859C0062B6BDE81040F9F7C7BB0222F9F7DCBBA5
:1085AC000422F9F7D9BB006801F19C03984283BF00
:1085BC00401A9C3840080020704710B50B794C7954
:1085CC000A68012843EA042108BF41F480311046AF
:1085DC0010BD07B5FFF7F1FF0DF10702F9F72AFC03
:1085EC0003B05DF804FB0B46142203F8032BD0F800
:1085FC000920C1F80320D0F80D205A60704738B517
:10860C000B46102203F8032B0C4600F1090229300B
:10861C0052F8041B43F8041B8242F9D112781A70E9
:10862C00A5880123A37100212846F8F799F970B1A8
:10863C00E37863B10088F8F793FF00212846F8F738
:10864C00A5F920B140F223212D20F7F7BBFD38BD51
:10865C000121F9F77FBEFFF7FBBF90F87A300BB121
:10866C000120704790F8B22002F0FF03002AF7D1E6
:10867C0090F8A4201846704737B504460D464FF4C1
:10868C0090720021FEF750FDFF23237013236380AB
:10869C0042F21073E384F8F753FA00220146206388
:1086AC006846F8F779FA206B00220121FFF7ACF944
:1086BC00216B68460422F8F76FFA0022206B1146F2
:1086CC00FFF7A2F904F12800A57403B0BDE830400F
:1086DC0000F03EB9FF23086B0B70FFF762B900780E
:1086EC00FF3818BF0120704710B50446283000F041
:1086FC0085F961882822FAF7C3F86D3010BDD0E9EE
:10870C0002017047C07C003818BF012070470B680D
:10871C00C0F815308B88A0F819300123C376704748
:10872C002DE9F04F06460D4607460FCE91B006AC2C
:10873C000FC40FCE0FC496E803000DF1100884E8A7
:10874C000300404600F004F995F814906E7895F803
:10875C000AA095F800B0B9F1010F06F07F0607D01A
:10876C00B9F1020F04D040F256310620F7F72AFD7A
:10877C00697A404600F0F3F82B7D2A7F022B08BF64
:10878C00697D02F1010206BF0131C9B20121D2B2E9
:10879C00404600F0E6F816F0080364D14046019319
:1087AC0000F02CF928223146FAF76AF840F27121D0
:1087BC002A79019B00F2D720B0FBF1F401FB04F005
:1087CC00EC7844EA02246A7944EA02444C43A0421D
:1087DC000BD9EC79AA7942EA04222C7A42EA0442B7
:1087EC0001FB02F4A04200D804462A7E0393531ED8
:1087FC005A425A41A97C386B02910192FFF792F9C7
:10880C00386BFFF79FF9039B019A0299ADF81A6038
:10881C0008948DF828208DF82B108DF82CA08DF84D
:10882C0018B08DF81C90099306AE0FCE3C460FC4C1
:10883C000FCE0FC496E8030084E8030098E8030009
:10884C00B862B985EB7A13F0FD0F14BF0123002336
:10885C0087F85730EB68BB652B8AA7F85C30002093
:10886C0011B0BDE8F08F00242346BEE7438813F017
:10887C00040F0CBF1F20002070470023C3854388C2
:10888C001D2B08BF00214174704790F912007047EE
:10889C00408800F0010070474088C0F340007047EA
:1088AC004088C0F3C000704708B5006BFFF731F982
:1088BC00012008BD012070470120704790F850300E
:1088CC0001624B72D0F85130C1F80A30B0F8553013
:1088DC00CB8170477047F9F7A9BB80F870107047CF
:1088EC0080F8241080F825207047C0F34002C0F3B4
:1088FC008003134400F0010018447047022808B5A7
:10890C0007D0042807D0012807D039212E20F7F7EB
:10891C0059FC262008BD2720FCE72520FAE78278A1
:10892C00034612F0010002D0D978C9070FD5900781
:10893C0002D5D978890709D512F0040007D0DB7865
:10894C0013F0040F14BF002004207047022070475E
:10895C000023C0F80230012343700370704781700C
:10896C00704710B50170427080781446FFF7BDFF58
:10897C0010FB01F104FB01F2FE2A03DD5C212E2029
:10898C00F7F720FC10BD0023C370437103717047CF
:10899C0010B50446FFF7C3FF637962780133DBB28D
:1089AC009A4263710FD1E378A1780343DBB2994209
:1089BC00E37008BF23794FF0000208BF01336271E6
:1089CC0004BFE2702371BDE81040FFF797BF38B5C4
:1089DC0001468078FFF789FF0446C8784D78FFF789
:1089EC0084FF0A790B789B1A13FB05F34A7913FB66
:1089FC0004F39B1A00FB1530C0B238BD08B5014614
:108A0C008078FFF772FF4B780A7813FB02F313FBA5
:108A1C0000F0C0B208BD40F2EF20704740F25A336C
:108A2C005843704738B50446084694F8383213B1A9
:108A3C000C25284638BD94F88730153B012BF7D808
:108A4C0094F8603203F0FF05002BF1D191B194F84A
:108A5C00CE3123B940F6E5113120F7F7B3FB0523EE
:108A6C0004F1F00204F5DF71FEF700F9012384F83C
:108A7C003832DEE70223FAE708B5FAF7F9F9F9F725
:108A8C00DBFFF9F72DFFBDE80840F9F7B5BF08B5D6
:108A9C00C821F9F783FF022807D1013911F0FF0132
:108AAC00F7D1EF213B20F7F78DFB431E584258417D
:108ABC0008BD4FF08053D3F8A00000F001007047C0
:108ACC004FF08053D3F8A420D3F8A830511C9BB29C
:108ADC0003D14FF6FF718B4203D0026083800120DB
:108AEC007047002070474FF0805330B5D3F890504A
:108AFC00D3F89440D3F89810D3F89C2005EA0403DB
:108B0C000B40134001331FBF056044608160C2609D
:108B1C000CBF0020012030BD4FF0805330B5D3F88E
:108B2C008050D3F88440D3F88810D3F88C2005EA11
:108B3C0004030B40134001331FBF05604460816088
:108B4C00C2600CBF0020012030BD10B504460846A1
:108B5C00FAF7B0FD4FF47A73B0FBF3F0201A10BDA6
:108B6C0010B504460846FAF7A5FD023C4FF47A739B
:108B7C0000F2E730B0FBF3F0201A10BD08B5FEF799
:108B8C002DF9BDE80840FAF7FBBE801A00F3070088
:108B9C0038B540B20D4659B21446FAF7E1FE00233F
:108BAC00287020446B7040B238BD002303607047BE
:108BBC007047002070474FF0FF3070474FF0FF3088
:108BCC00704770474FF0FF3070470020704700200F
:108BDC0070470023037070470022FFF7D6BF0020B8
:108BEC0070474FF0FF3070474FF0FF3070474FF039
:108BFC00FF30704770474FF0804301221A60704776
:108C0C004FF08043D3F8080400F0010070474FF098
:108C1C008043D3F8140400F0010070474FF08043F8
:108C2C00D3F81C0400F0030070474FF0804102465B
:108C3C00D1F81804D1F8181410F4803004D001F0D5
:108C4C000300831A58425841704708B5FEF71AF9C9
:108C5C0028B14FF080430222C3F8342C08BDFEF734
:108C6C00F1F80028F5D1FEF703F90028F1D1F5E76A
:108C7C00FAF7D8BE70B5FBF759FA0024054626461C
:108C8C00E0B2854200D870BDFBF756FA01348684F9
:108C9C0080F82660F4E7FBF783BC07B56846FBF762
:108CAC0073FBDDE900024FF080730021E2FB03014E
:108CBC0003B05DF804FB0346002018707047EFF317
:108CCC00108272B603780121DBB2017002B962B670
:108CDC00012B0CBF6FF0220000207047EFF31083C4
:108CEC0072B60022027003B962B600207047FEF71C
:108CFC004DB8FEF70DB9FEF70BB900280CBF6FF09D
:108D0C0015000020704700207047072303700020D7
:108D1C007047002070470020704710F8012B11F8A5
:108D2C00013B012A28BF9A42F7D0D01A704703465C
:108D3C0013F8012B002AFBD1181A013870472DE9C2
:108D4C00F04786468C460846089E154674461946DA
:108D5C00002B40F0C2808542B2FA82F245D94AB16A
:108D6C00C2F1200300FA02FC2EFA03F3954043EA09
:108D7C000C0C94404FEA154EA8B2BCFBFEF8230C29
:108D8C000EFB18CC08FB00F943EA0C43994528D993
:108D9C00EB1808F1FF3704D2994502D9A8F1020764
:108DAC002B44A3EB0903A4B2B3FBFEFC0EFB1C3358
:108DBC000CFB00F044EA0344A04214D92C190CF12A
:108DCC00FF3304D2A04202D9ACF102032C44241A82
:108DDC0043EA07401EB1D440002334607360BDE801
:108DEC00F0874746DDE76346F1E792BB431B012161
:108DFC004FEA154EAFB2B3FBFEFC200C0EFB1C333E
:108E0C000CFB07F840EA0343984562D9EB180CF1C8
:108E1C00FF3004D2984502D9ACF102002B44A3EBED
:108E2C000803A4B2B3FBFEFC0EFB1C330CFB07F7D0
:108E3C0044EA0344A7424ED92C190CF1FF3304D257
:108E4C00A74202D9ACF102032C44E41B43EA0040D4
:108E5C00C0E7C2F1200320FA03F1954090402EFAAE
:108E6C0003F303434FEA154EAFB2B1FBFEFC0EFB0E
:108E7C001C10190C0CFB07F841EA0041884504FA58
:108E8C0002F422D969180CF1FF3004D2884502D9BA
:108E9C00ACF102002944A1EB08019BB2B1FBFEFC32
:108EAC000EFB1C110CFB07F743EA01439F420ED942
:108EBC00EB180CF1FF3104D29F4202D9ACF1020144
:108ECC002B44DB1B41EA004192E76046E3E7614635
:108EDC00F7E76046A3E76346B7E7834206D916B9BE
:108EEC00002108467BE7C6E900E0F9E7B3FA83F70F
:108EFC008FB9834201D3724508D8BEEB020460EBF4
:108F0C00030301209C461EB9002168E73846FAE7A6
:108F1C00C6E9004CF8E7C7F1200CBB4022FA0CF470
:108F2C001C432EFA0CF120FA0CF3B84001434FEA23
:108F3C0014490EFA07F5B3FBF9F81FFA84FE09FB86
:108F4C0018300B0C08FB0EFA43EA00439A4502FA60
:108F5C0007F240D9E31808F1FF3004D29A4502D940
:108F6C00A8F102002344A3EB0A0389B2B3FBF9F87E
:108F7C0009FB183308FB0EFE41EA03418E452CD940
:108F8C00611808F1FF3304D28E4502D9A8F102030F
:108F9C00214443EA0040A0FB0298A1EB0E0141459D
:108FAC00CE46434602D306D14D4504D2B9EB020E50
:108FBC0068EB04030138002EA6D0B5EB0E0261EB72
:108FCC00030101FA0CFC22FA07F34CEA0303F94003
:108FDC00C6E9003198E74046C5E74346D9E70000AB
:108FEC00014806F017BD00BFE4040020F0B58BB0BB
:108FFC000DF107031546029302AA0123CDE90423C0
:10900C000C46EA180E490F4E079206AA8DF8070077
:10901C0003930696CDE9082351F8040B836804AA40
:10902C001F6808ABB84725442146A94202D100204D
:10903C000BB0F0BD16F8013F01F8013BF5E700BF9E
:10904C0028030020F22000202DE9F7431B4F1C4E73
:10905C00DFF870804FF0FF324FF0FF33384606F0E8
:10906C000DFDB56816486B68174C41469847174B71
:10907C00B3F900202B892260534301A904200193EA
:10908C0003F05EFB10B9019B1B132360DFF84090CB
:10909C0099F80030002BDDD00E4C0F490125022031
:1090AC002570657008F012F90B4A2946204608F025
:1090BC003EF9002389F80030CCE700BFE40400201F
:1090CC009C3701008C1A0020681A00208A1C002092
:1090DC006F040020F020002008030020F0B52E4F74
:1090EC002E4D85B001264FF0FF324FF0FF332C4848
:1090FC0006F0C4FC0121384601F07CFA29462948C7
:10910C0008F0C3F908232849ADF80E300DF10E0212
:10911C002B46244801F032F824482A460024012129
:10912C000670447008F003F92946204608F0CEF882
:10913C002146384601F05EFA1B4A1D4BB2F900106D
:10914C00C1F307119970B2F90210C1F30711D9706C
:10915C00B2F904100134C1F30711082C197102F192
:10916C00060203F10303E9D100231A460121114839
:10917C0003F06AF900230F49009301220E4803F013
:10918C0091FA00214FF4A4700AF028F803F0BCFA0D
:10919C000A4B1E70A7E700BFB4370100080300207C
:1091AC00CC0400206C1A00203C1C0020F020002075
:1091BC0054040020083C0100103C01006F04002006
:1091CC00014806F027BC00BFCC04002010B586B0C7
:1091DC000B788DF8053001AB0A49029302AB0132D2
:1091EC00049301238DF80400039251F8040B0593AA
:1091FC00836804AA1C680023A04700EAE07040B210
:10920C0006B010BD28030020F8B51D4C1D4D0027DD
:10921C002246012128462F7000F0C8FB4FF48373BF
:10922C006B802F712846184D2246012100F0C4F89E
:10923C00052322460121284601262B7000F0A8FEAA
:10924C0040F2F1136B802246202331462846AB8036
:10925C00EE7100F0E7FC0D4B0D4D0E4A1A602146E5
:10926C0040F2644230469A802E706F7008F02EF8EF
:10927C00224631462846BDE8F84008F058B800BFF1
:10928C00080300206C1C0020801C00206C1A00209D
:10929C00F02000208C1C0020F0B585B002AA3849C3
:1092AC00384802F02DF9002102A802F02BFF002013
:1092BC0002F0DCFD044658B9334D286809F09EFCD9
:1092CC0068B1E86838B9314D284609F097FC48B9BF
:1092DC004FF0FF3403E009F091FC0028F3D1204655
:1092EC0005B0F0BD2A69AE68136823F01003136053
:1092FC003368274A0421284698470028E8DBB769D9
:10930C0037B14FF080634FF0A07204212846B84764
:10931C002049214B4B6010238B60F36913B11B4820
:10932C00012298471D4D1E4BAB600223EB601D4E76
:10933C00304609F063FC0028D1D0B3681A491B6889
:10934C00304698470028CADB01236B6017480C2372
:10935C002B8207F08CFFFFF757FF0021144801F018
:10936C0049F941F69A1200231248CDE9002307F07F
:10937C0077FB4FF0FF314FF0FF3009F02FFFF8E78C
:10938C009C3D0100A33D0100280300203C37010057
:10939C0020000100801A0020CD9100008C1A0020C2
:1093AC008A1C00209C3701002A3C01000803002085
:1093BC00B4370100800400202DE9F043C64D85B080
:1093CC002B88ADF80030044600231046884616461C
:1093DC008DF8023007F053FE002840F0E482002C98
:1093EC0000F0E182134669460322212007F00FFFAB
:1093FC00002840F0C981142303FB0848444500F0C1
:10940C00BD81074605F103092378002B40F05C81F0
:10941C00B9F8002099F80230ADF804208DF8063028
:10942C000322334601A9192007F0F1FE68BB9DF811
:10943C000430E27903F07F0343EAC213A2795201AC
:10944C0002F0600223F0600313438DF8043063795B
:10945C00E2781B0103F0300343EA8213A27802F096
:10946C000F0213438DF8053023799DF806209B00DD
:10947C0022F00C0203F00C0313438DF80630032288
:10948C00334601A9192007F091FE257A0123227891
:10949C00012A35D13346022201A95720ADF80470B8
:1094AC0007F0B5FE50BBA2789DF80430D20002F054
:1094BC00180203F0E0031343E27802F007021343AF
:1094CC00A2798DF804309DF80530120102F03002BB
:1094DC0003F0C30313436279920002F00C021343AE
:1094EC00227923F0030302F0030213438DF80530B5
:1094FC000222334601A9572007F058FEE5790923CB
:10950C002278022A16D121796379E078A5788DF832
:10951C00045003F00F03090143EA401301F010015A
:10952C000B438DF8053001A93346552007F03EFE5C
:10953C00A57908232278032A44D1E37AA179A27A67
:10954C00029703F0030343EA4113E179CDF80B7062
:10955C00090101F010010B43910001F00C010B43C8
:10956C008DF80430237A617A5B0001F0010103F07D
:10957C0002030B438DF80530A3788DF80630A388D1
:10958C008DF80830190A8DF80710002A40F0A180D8
:10959C00A3898DF809301B0A8DF80A30E3898DF800
:1095AC000B301B0A8DF80C30238A8DF80D301B0AFA
:1095BC008DF80E300B22334601A93F2007F0F6FD43
:1095CC00A57C05232278042A43D1E37AA179A27AD7
:1095DC00029703F0030343EA4113E179CDF80B70D2
:1095EC00090101F010010B43910001F00C010B4338
:1095FC008DF80430237A617A5B0001F0010103F0ED
:10960C0002030B438DF80530A3788DF80630A38840
:10961C008DF80830190A8DF80710002A5ED1A3893D
:10962C008DF809301B0A8DF80A30E3898DF80B3060
:10963C001B0A8DF80C30238A8DF80D301B0A8DF81F
:10964C000E300B22334601A94A2007F0AFFDA57C52
:10965C0004232278052A49D12179E37802971B014A
:10966C008A0002F00C0203F010031343A278ADF849
:10967C000C7043EA42138DF8043063798DF8053091
:10968C00A3798DF80630E3798DF8073049BB23892F
:10969C00ADF808306389ADF80A30A389ADF80C3009
:1096AC000A22334601A9352007F080FD2378A57BDB
:1096BC00062B1DD0002867D1012D40F0EC809DF8C1
:1096CC00003043F002033DE000252B466FF0030011
:1096DC00DDE6334605226FE7EC3B010033460522FD
:1096EC00B1E7042233460DEB0201DCE7062A08D170
:1096FC00A378012B40F042819DF8023043F0010326
:10970C0008E1002840D1013B082B33D801A252F8C4
:10971C0023F000BF45970000A9970000E7970000D1
:10972C002598000063980000C5960000D5980000AD
:10973C001599000051990000012D06D19DF80030BB
:10974C0063F07F038DF8003014E0022D06D19DF8F4
:10975C00013063F07F038DF801300BE045B9BDF8A3
:10976C00003023F4004323F08003ADF8003001E017
:10977C00032D0CD01434A0457FF446AE334603229F
:10978C006946212007F012FD05B0BDE8F083BDF855
:10979C00003043F4004343F08003E6E7012D04D18D
:1097AC009DF8003043F04003CCE7022D04D19DF826
:1097BC00013043F04003CEE735B9BDF8003023F457
:1097CC00804323F04003D0E7032DD3D1BDF8003004
:1097DC0043F4804343F04003C7E7012D04D19DF8C7
:1097EC00003043F02003ADE7022D04D19DF8013089
:1097FC0043F02003AFE735B9BDF8003023F4005334
:10980C0023F02003B1E7032DB4D1BDF8003043F4AD
:10981C00005343F02003A8E7012D04D19DF800303C
:10982C0043F008038EE7022D04D19DF8013043F07C
:10983C00080390E735B9BDF8003023F4006323F03A
:10984C00080392E7032D95D1BDF8003043F4006373
:10985C0043F0080389E7012D04D19DF8003043F053
:10986C0004036FE7022D04D19DF8013043F004038B
:10987C0071E735B9BDF8003023F4806323F004039D
:10988C0073E7032D7FF476AFBDF8003043F48063AB
:10989C0043F0040369E7022D04D19DF8013043F035
:1098AC00020358E735B9BDF8003023F4007323F0F8
:1098BC0002035AE7032D7FF45DAFBDF8003043F48B
:1098CC00007343F0020350E7012D04D19DF80030E2
:1098DC0043F0010336E7022D04D19DF8013043F02B
:1098EC00010338E735B9BDF8003023F4807323F059
:1098FC0001033AE7032D7FF43DAFBDF8003043F48C
:10990C00807343F0010330E7012D06D19DF802303E
:10991C0043F008038DF802302CE7022D04D19DF89A
:10992C00023063F07F03F5E725B99DF8023003F0B0
:10993C007703EFE7032D7FF41DAF9DF8023063F042
:10994C007703E7E7012D04D19DF8023043F00403BF
:10995C00E0E7022D04D19DF8023043F04003D9E733
:10996C0025B99DF8023023F04403D3E7032D7FF48F
:10997C0001AF9DF8023043F04403CBE7022B04D136
:10998C009DF8023043F01003C4E723B99DF8023070
:10999C0023F01103BEE7032B7FF4ECAE9DF80230ED
:1099AC0043F01103B6E74FF0FF30EDE6F0B59C4BFA
:1099BC0085B01B88ADF800300446002310460F46D6
:1099CC0015468DF8023007F05AFB002840F0248130
:1099DC00002C00F02181134669460322212007F058
:1099EC0016FC1423064603FB0747BC4200F00C810F
:1099FC00002E40F009812378002B40F008812B4683
:109A0C00032201A9192007F002FCA8B99DF8043023
:109A1C00DA09C3F34113A3719DF80530E2719A0979
:109A2C00E270C3F3011203F00F03A3709DF806302C
:109A3C006271C3F3810323712378012B19D12B4657
:109A4C00022201A9572007F0E2FB90B99DF80430DF
:109A5C00C3F3C10203F00703E3709DF80530A27055
:109A6C00C3F30112A271C3F3810203F00303627109
:109A7C0023712278022A12D12B4601A9552007F016
:109A8C00C6FB60B99DF80430A3709DF805305A09E7
:109A9C00E270C3F3001203F00F0322716371237899
:109AAC00032B3DD12B460B2201A93F2007F0AFFB26
:109ABC00B0BB9DF804305A09A271C3F30012E271D5
:109ACC00C3F3810203F00303E3729DF80530A27225
:109ADC0003F00102C3F3400323729DF80630A37018
:109AEC00BDF8073062725BBA9DF80A20A3809DF81E
:109AFC00093002F00F0243EA02239DF80C20A381E7
:109B0C009DF80B3002F00F0243EA02239DF80E2061
:109B1C00E3819DF80D3002F00F0243EA0223238209
:109B2C002378042B3DD12B460B2201A94A2007F0A8
:109B3C006EFBB0BB9DF804305A09A271C3F300123E
:109B4C00E271C3F3810203F00303E3729DF8053065
:109B5C00A27203F00102C3F3400323729DF8063096
:109B6C00A370BDF8073062725BBA9DF80A20A3801F
:109B7C009DF8093002F00F0243EA02239DF80C20F5
:109B8C00A3819DF80B3002F00F0243EA02239DF8EB
:109B9C000E20E3819DF80D3002F00F0243EA022300
:109BAC0023822378052B28D12B460A2201A93520A4
:109BBC0007F02DFB08BB9DF804305A09A270C3F3C3
:109BCC000012C3F3810323719DF8053063719DF876
:109BDC000630E270A3719DF809209DF80730E371FF
:109BEC009DF8083002F00F0243EA02232381BDF8EE
:109BFC000A306381BDF80C30A38114F8143B062B9A
:109C0C0008D1A7427FF4F7AE304605B0F0BD6FF037
:109C1C00030011E70646E8E64FF0FF36F4E700BF15
:109C2C00EC3B01002DE9F043BD4B85B01B88ADF832
:109C3C0000300446002310468DF8023007F01FFA5E
:109C4C000F4615460646002840F09F81002C00F078
:109C5C009C81134669460322212007F0D8FAB3B23F
:109C6C009F4240F28E81002840F0BB802378052B68
:109C7C0000F28481DFE813F006002C007F00B800AE
:109C8C00E40005012B4601220DF109012D2007F0FE
:109C9C00BEFA002840F0A580A2789DF80930A18872
:109CAC00920002F0040203F00B030811134301F0BD
:109CBC000F0143EA01138DF808008DF809300222D8
:109CCC002B4602A92C2007F071FA01360A34C6E79C
:109CDC00A378227903F0030343EA4213E27892005B
:109CEC0002F01C0213438DF8083063798DF80930AB
:109CFC00A3798DF80A30E3798DF80B30237A8DF83F
:109D0C000C3005222B4602A92F2007F04FFA002811
:109D1C0067D1637A012B12D19DF8003043F0010317
:109D2C008DF800300136B3B29F4204F10A049DD87D
:109D3C002B4603226946212007F038FA51E0022B0A
:109D4C0006D19DF8013043F001038DF80130E9E7AD
:109D5C0043B9BDF8003023F4807323F00103ADF850
:109D6C000030DFE7032BDDD1BDF8003043F4807306
:109D7C0043F00103F3E72B46012201A92B2007F046
:109D8C0046FA70BBA2789DF8043002F00F0123F064
:109D9C000F030B4312F00C0F8DF8043004D12B463B
:109DAC00012201A92B208EE72B46012202A92A2091
:109DBC0007F02DFAA8B9A28813118DF808309DF878
:109DCC00043002F00F0203F00F0343EA02138DF884
:109DDC00043001222B4602A92A2007F0E7F90028BB
:109DEC00DDD005B0BDE8F0832B46012202A924206A
:109DFC0094F8029094F8038007F009FA0028F0D147
:109E0C00B9F1010F10D19DF808304FEA480823F042
:109E1C00060308F0060843EA08038DF808302B46C1
:109E2C00012202A924204EE7B9F1020FF7D19DF8C7
:109E3C0008304FEA481823F0600308F06008EAE79E
:109E4C00A378012B04D19DF8003043F0100367E791
:109E5C00022B04D19DF8013043F0100375E733B9A0
:109E6C00BDF8003023F4805323F0100377E7032B65
:109E7C007FF458AFBDF8003043F4805343F0100327
:109E8C006DE7284607F0FBF80028AAD12B460322E1
:109E9C0002A9262007F0BBF90028A2D1E378A2780A
:109EAC008DF804202BB99DF8083023EA02038DF8B5
:109EBC0004302279A3889DF809108DF80520C3F38E
:109ECC00022391428DF806301DD19DF80A209A424A
:109EDC0019D12B46012201A9262007F067F9002889
:109EEC007FF47FAFE379012B10D19DF8003043F064
:109EFC0040038DF80030A379012B26D19DF800305A
:109F0C0043F020030CE72B460322E4E7022B09D194
:109F1C009DF8013043F040038DF80130EBE700BFB2
:109F2C00EC3B010043B9BDF8003023F4804323F02F
:109F3C004003ADF80030DEE7032BDCD1BDF8003078
:109F4C0043F4804343F04003F3E7022B04D19DF824
:109F5C00013043F02003F8E633B9BDF8003023F4A8
:109F6C00005323F02003FAE6032B7FF4DBAEBDF89D
:109F7C00003043F4005343F02003F0E66FF003008D
:109F8C002FE700283FF4D4AE2BE74FF0FF3028E743
:109F9C002DE9FF47784B1B88ADF8043004460023AD
:109FAC001046884616468DF8063007F068F80028EB
:109FBC0040F0DE80002C00F0DB80134601A9032268
:109FCC00212007F024F909340546B8F1000F40F0C0
:109FDC00B880284604B0BDE8F0873346022202A9B7
:109FEC002C2007F014F908B10546F2E79DF809306A
:109FFC00C3F3800204F8072C9DF808201B0943EAE0
:10A00C00021324F8053C0137BBB2434504F10A04A2
:10A01C00C0F09B80DDE73346052202A92F2007F014
:10A02C00F6F80028E0D19DF808309DF805109DF851
:10A03C00040003F0030204F8072CC3F382025B094B
:10A04C0004F8053C9DF8093004F8043C9DF80A30EE
:10A05C0004F8033C9DF80B3004F8023C9DF80C30DE
:10A06C0004F8062C04F8013C224601F0010100F032
:10A07C00010007F012F80137BBB2984504F10A044D
:10A08C0063D8A6E73346022202A92A2007F0BFF8BC
:10A09C000028A9D19DF8093003F00F02AAE7334636
:10A0AC00012202A9242007F0B2F800289CD114F850
:10A0BC00073C012B06D19DF80830C3F3410304F88B
:10A0CC00063CA0E7022B9ED19DF80830C3F3411348
:10A0DC00F5E79DF805109DF80400E21FC1F300118F
:10A0EC00C0F30010C5E7304606F0C9FF00287FF426
:10A0FC007BAF3346032202A9262007F088F80028FC
:10A10C007FF472AF9DF808309DF80A2004F8073CE4
:10A11C009DF809309DF804909DF805A002F0070207
:10A12C0043EA0223CAF34011E21EC9F3401024F89B
:10A13C00053C06F0B2FFA21ECAF38011C9F38010D1
:10A14C0097E700287FF445AF2F4614F8093C052B00
:10A15C0091D801A252F823F0E79F000023A0000041
:10A16C0091A00000ABA00000DFA00000F3A0000055
:10A17C004FF0FF352DE700BFEC3B01002DE9F04F10
:10A18C00074685B0184693461A4606F078FF89466E
:10A19C008246002840F0DF80002F00F0DC80002990
:10A1AC0000F0D980BBF1000F00F0D5807B890BB992
:10A1BC00137A7B817B89ADF80E304FF001080025B6
:10A1CC00BE88BDF80E10B1425FD23868425C4C1CA0
:10A1DC00C2F3001302F0EF02A4B28E2AADF80E40C7
:10A1EC002CD812F0800F05D1482A00F0A980ADF8C8
:10A1FC000E6046E0803A0E2AF9D801A151F822F0FF
:10A20C00FBA10000FBA10000C3A20000FBA1000009
:10A21C00DBA20000FBA100000BA30000FBA10000CF
:10A22C00F3A20000FBA1000037A30000FBA100007B
:10A23C0021A30000FBA1000073A20000A02AD6D12C
:10A24C00A31CB34213DAB8F1000F18D00219035D46
:10A25C009678527843EA064343EA022304313B6181
:10A26C00ADF80E100DE02BB10534B44204DBADF8A3
:10A27C000E6004E00234F8E7B8F1000F0ED14FF095
:10A28C000008BBF80030AB429AD1BDF80E307B8190
:10A29C00ABF80050504605B0BDE8F08F8E22062179
:10A2AC00009201FB05910DF10E023846013506F0C6
:10A2BC0000FFADB2E5E73BB10134B442D7DAB8F1F7
:10A2CC00000FDED08222EAE7B442F8D3CFE73BB1ED
:10A2DC000134B442CBDAB8F1000FD0D08422DEE7DF
:10A2EC00B442F8D3C3E73BB10134B442BFDAB8F19E
:10A2FC00000FC4D08822D2E7B442F8D3B7E73BB101
:10A30C000334A642B3DDB8F1000FB8D08622C6E7FD
:10A31C000134F6E73BB10334B442A8DAB8F1000FCC
:10A32C00ADD08C22BBE70134F6E73BB10334B44229
:10A33C009DDAB8F1000FA2D08A22B0E70134F6E71B
:10A34C00B44294D2B8F1000F9BD0035D3B73023141
:10A35C00ADF80E1095E74FF0FF3A9BE7014B1B68E9
:10A36C00184700BF4003002030B585B004460D46A9
:10A37C0010220021684609F009F902238DF80230F9
:10A38C002A46044B01932146684606F019FC05B099
:10A39C0030BD00BF69A3000080B505460E461746C8
:10A3AC00984606F091F8034609F06CF9DFF818901E
:10A3BC00044649F80030424630463946A84754F81E
:10A3CC00090000F0FBFC00BF080000002DE9F0477D
:10A3DC00058B04462807904611D4022905F0070581
:10A3EC0040F0CC80204607F0F4FB78B10138218B8B
:10A3FC00042811D8DFE800F0C2106D859500012902
:10A40C000CBF45F0100545F02005258388F3118815
:10A41C00BFF36F8FBDE8F08701F0070AAA4500F083
:10A42C00A5800027B9463E46A368002B00F0BC80EF
:10A43C0041F00801218388F31188BFF36F8FA16865
:10A44C00002900F0BA800D68002900F0B680D1F820
:10A45C000480334652462046C047002D76D02B68E8
:10A46C0029461D46F0E701F007035A1F012A1BD8A5
:10A47C00002221F00701062B276889B2C4E90022CB
:10A48C0009D13B4603E0628B013262831B68002BCF
:10A49C00F9D141F002012183204607F09AFB0028F4
:10A4AC007AD041F0200176E0042B0AD121F007018B
:10A4BC0089B22183204607F08CFB10B141F02001BA
:10A4CC002183218B01F0070AAA454FD00027B946FA
:10A4DC00AAE7236921F0070141F00601062DD3F804
:10A4EC00009021832DD1B9F1000F3FD041F008012C
:10A4FC00218388F31188BFF36F8F3A492046C847F0
:10A50C0029E021F00701236941F0040189B2042DEF
:10A51C00D3F804902183E6D000273E464FF0040A7E
:10A52C0082E721F00701236941F0050189B2052D6D
:10A53C00D3F808902183D6D000273E464FF0050A69
:10A54C0072E700273E464FF0060A6DE72B4687E779
:10A55C00B9F1000FD1D1EFF31188402383F31288A6
:10A56C00BFF36F8F238B23F008032383258BEA061D
:10A57C002ED525F01003238305F007056669218B82
:10A58C00002EBFF670AF00232768C4E9003321F01A
:10A59C00070141F001012183218B01F0070AAA4533
:10A5AC004FF000097FF440AF002F9CD041F0080120
:10A5BC00218388F31188BFF36F8F002FC8D03D68BB
:10A5CC00394633465246204607F02FFB2F46F4E718
:10A5DC00AB067FF51BAF25F02003238305F00705A1
:10A5EC0000E700BF631C0100014B036000207047B3
:10A5FC00383C010070B544690D46002C3FD0244A0C
:10A60C002379565CB3423DD0224A525C9A423CD1EB
:10A61C00A3689847002814DA022D10D0032D0FD10F
:10A62C0010F1860F0BD0BFF35B8F54E8003F43F063
:10A63C00020344E80032002AF7D1BFF35B8F267186
:10A64C0070BD022D267101D00020F9E7BFF35B8F9E
:10A65C0054E8003F23F0040344E80032002AF7D109
:10A66C00BFF35B8FBFF35B8F54E8003F23F0020313
:10A67C0044E80032002AF7D1BFF35B8FE4E76FF0B8
:10A68C005700DDE76FF07700DAE76FF08500D7E76A
:10A69C00E43D0100E03D01002DE9F8438846052129
:10A6AC00054607F0D7FB17461E46044638B3DFF8BD
:10A6BC007C9099F8001029B308F0D4FC4FF0FF33CC
:10A6CC00421E43F1000305F1180007F0CCFB041EF9
:10A6DC0029DB4146EB681BB3013BEB6043B999B1F5
:10A6EC0002232B713A46334605F1400005F0AAFBD4
:10A6FC0099F800301BB105F1180007F0B6FB2046A5
:10A70C00BDE8F8830C46E5E7AB6868699847041E1A
:10A71C00B7BFEB6801230133EB60A8BF2B71E7E7F0
:10A72C006FF07704E4E76FF00F04E8E704220020F1
:10A73C002DE9F3474569064625B90024204602B0A9
:10A74C00BDE8F0870521284607F084FB0028F4D0EB
:10A75C007069082107F07EFB074660B3EFF31187A1
:10A76C00402383F31288BFF36F8F7569EA682B68F7
:10A77C00E2B95A070AD4AB68012130469847041E47
:10A78C000EDA87F31188BFF36F8FD7E72869436917
:10A79C001B68DB050CD5FFF7CBFF041EEBDAF0E7EB
:10A7AC0000232B71EB680133EB60EAE70024F9E737
:10A7BC006FF00A04E5E73F4E347854B108F052FCD0
:10A7CC00421E67F1000305F1180007F04CFB041E54
:10A7DC006DDB08F047FC10B12B79022B0ED02F69E2
:10A7EC0017B33846FFF7A4FF044648B901212846A1
:10A7FC0007F030FB60B1384607F039FB6FF00A0404
:10A80C003378002B9AD005F1180007F02EFB95E752
:10A81C00BFF35B8F55E8003F43F0040345E800327B
:10A82C00002AF7D1BFF35B8FEB680133EB602B7918
:10A83C00022B08D105F1400008F001FC10F00100DA
:10A84C0001D12871DCE7337843B105F130074FF0C3
:10A85C00FF384FF0FF392B79022B10D0EB68012B0E
:10A86C00CED8AB68686901219847041EB7BFEB6866
:10A87C00002303F1FF33EB60A8BF2B71C0E703216A
:10A88C00384605F1180A08F065FE504607F0EDFA57
:10A89C000022CDE900890321384608F05FFE4FF015
:10A8AC00FF324FF0FF33504607F0DDFAD3E76FF07D
:10A8BC000A0443E704220020F8B545690646002D3A
:10A8CC0061D00521284607F0C5FA00285ED1304634
:10A8DC0007F066FA044600285AD17069082107F07F
:10A8EC00B9FAE0B17569EFF31187402383F312884D
:10A8FC00BFF36F8F297931B9AB6830469847041E86
:10A90C0007DB01232B712B6843F020032B60002302
:10A91C00EB6087F31188BFF36F8F2046F8BD1E4F95
:10A92C003B783BB14FF0FF324FF0FF3305F118008D
:10A93C0007F099FA6B692BB918496E6105F1400063
:10A94C0008F071FB2979E1B9AB6868699847041E76
:10A95C000FDB01232B710023EB60BFF35B8F55E8FA
:10A96C00003F43F0200345E80032002AF7D1BFF343
:10A97C005B8F3B78002BD0D005F1180007F075FAEF
:10A98C00CBE70024E7E76FF08504C6E70024C4E7B3
:10A99C006FF00F04C1E700BF04220020D51E010098
:10A9AC0008B5044807F0ABF8BDE80840024807F0CA
:10A9BC00A6B800BFE83D01001D3E010030BFFFF707
:10A9CC00FDBF00BF2DE9F0410B4EDFF8308006EBE8
:10A9DC000807CC1B054632460949204608F0C8FD3D
:10A9EC00A01942460021083C08F0D0FDC5F884406F
:10A9FC0007F10800BDE8F081000000000400000031
:10AA0C00CC390100074A936893F90E10002907DB33
:10AA1C00526993421FBF044A536843F080535360FA
:10AA2C00704700BF041C002000ED00E070B5264B01
:10AA3C0015469A6A12F0100F9A6A14BF112410244A
:10AA4C0012F0080F9A6A18BF1224920706460AD50C
:10AA5C00586B9A6A140634D519B19A6A22F080029E
:10AA6C009A62132401E06FF01500174B9A6A12F0EA
:10AA7C00010F9A6A18BF142412F0200F9A6A18BF9B
:10AA8C001524D20602D49B6A9B070AD50E4B5B6831
:10AA9C00190506D5314600F06FFA10B180F309881C
:10AAAC000224094B9A6A920642BF5A6A22F4005257
:10AABC005A629A6A42F0FF029A6200232B70204677
:10AACC0070BD6FF01500CCE700ED00E0134B9A6AF7
:10AADC0012F0007F9A6A14BF1E201D2012F0807F96
:10AAEC009A6A18BF1F2012F4002F9A6A18BF2120EF
:10AAFC0012F4802F9A6A18BF222012F4003F9A6A2F
:10AB0C0018BF232012F4803F9A6A6FEA02426FEA60
:10AB1C0012429A6218BF2420704700BF00ED00E07B
:10AB2C0010B5194B0246986A9C6A10F4805F14BFEA
:10AB3C001720162014F4006F9C6A18BF1820A40567
:10AB4C0009D5986B986A000404D51AB19A6A22F454
:10AB5C0000429A6219200C4B9A6A12F4806F9A6A1E
:10AB6C0018BF1A20D2050CD49B6A13F4005F18BFCF
:10AB7C001C20054A936A43F47F43936200230B70B5
:10AB8C0010BD1B20F5E700BF00ED00E0F0B5484B11
:10AB9C005B688BB00446C3F30803002585F311886A
:10ABAC00BFF36F8F02F07F40B0F17F4F11D102F0F5
:10ABBC000C0008280DD010074CBF0C4601250022B4
:10ABCC00033B8DF80720032B05D8DFE803F0246343
:10ABDC0067602C46F3E700239DF80720CAB902AE44
:10ABEC0004F1200720686168324603C20834BC4275
:10ABFC001646F7D1099A002D54D0C2F3080121B999
:10AC0C006FEA52226FEA4222099202A9184607F013
:10AC1C00A0F90BB0F0BD264BDA6A9107DBD4DA6AE7
:10AC2C00002AD8DBDA6A5200D5D55A69A16942F4F8
:10AC3C0080725A61BFF34F8FBFF36F8F5A6931F82F
:10AC4C00021C22F480725A61BFF34F8FBFF36F8FD7
:10AC5C004DF6027291420AD09A6AD2B24AB10DF103
:10AC6C00070201212046FFF7E1FE0346B4E7236803
:10AC7C00B2E79A6A12F47F4F05D00DF1070101205B
:10AC8C00FFF74EFFF1E79B6AB3F5803FA3D3FFF7C5
:10AC9C001DFFEAE70DF107020021E3E70DF10701C3
:10ACAC000020EDE722F4FF7222F00102ACE700BFB6
:10ACBC0000ED00E0044B5A6942F010025A615A69E7
:10ACCC0022F008025A61704700ED00E0EFF30880B3
:10ACDC00EFF3098101B57246FFF758FF01BD00BFC4
:10ACEC00002080F31488BFF36F8F0F4880F308881F
:10ACFC0003F098FD00200D490860BFF34F8F00F062
:10AD0C002BF8402080F3118809484FF40461401857
:10AD1C0080F30988EFF314800221084380F3148830
:10AD2C00BFF36F8F00F0F0F8004D002094ED00E0C1
:10AD3C00403F00200749D1F890200023C2F307229E
:10AD4C001846934200DB7047C1F89830C1F8A00058
:10AD5C000133F6E700ED00E008B572B6002383F38B
:10AD6C001388FFF7E7FF144B4FF0FF32C3F8802036
:10AD7C00C3F88420C3F88820C3F88C20C3F8902033
:10AD8C00C3F89420C3F89820C3F89C20C3F8802102
:10AD9C00C3F88421C3F88821C3F88C21C3F890210F
:10ADAC00C3F89421C3F89821C3F89C2162B6BFF371
:10ADBC004F8FBFF36F8F08BD00E100E0084B9B681D
:10ADCC0083420BD1EFF3058343B1064B5A6842F033
:10ADDC0080525A605A6A22F400425A6205F07ABBD9
:10ADEC00041C002000ED00E016498A684FF030008A
:10ADFC001044EFF3098C80E8F01F402080F3128898
:10AE0C00BFF36F8F104F4FF000664A698A603E6047
:10AE1C004FF08404141920680C4C2060D2F8880080
:10AE2C000023C2F8883080F3118804B5104600F076
:10AE3C0009F9BDE8044002F1300090E8F01F8CF3F2
:10AE4C0009887047041C002004ED00E0A01A0020C3
:10AE5C001EF0040F0CBFEFF30880EFF3098081693B
:10AE6C0011F8021C0229FFD001B5724607F077F8E1
:10AE7C0001BD00BF40B2002807DB044A4109012391
:10AE8C0000F01F00834042F82130704700E100E0E1
:10AE9C0040B200280CDB4309064900F01F002033A8
:10AEAC000122824041F82320BFF34F8FBFF36F8FF5
:10AEBC00704700BF00E100E0054B420900F01F00A5
:10AECC0053F82220012303FA00F01040704700BF12
:10AEDC0000E100E040B2D30754BF0231002100284A
:10AEEC00ACBF00F16040074A4FEA4113ACBF00F51C
:10AEFC00614000F00F00DBB2B4BF135480F8003394
:10AF0C00704700BF14ED00E00B4A08B50B4B22F064
:10AF1C007F029A60BFF34F8FBFF36F8FD3F88820F7
:10AF2C0022F47002C3F8882004F0B4FB05F0F2FBA5
:10AF3C0000F05EF804F0F2FB0000000000ED00E011
:10AF4C0042F8203C009B42F81C3C0A49019B42F809
:10AF5C00183C029B42F8143C21F001014FF0807325
:10AF6C0042F8043C42F8081C0023203A0265C0F861
:10AF7C0088307047A5A30000094A0346906870B159
:10AF8C0013F1160F406F05D0A0F140029A4205D87C
:10AF9C00834203D2814228BF0020704700207047B3
:10AFAC00041C002008B515460A4A0B4B9060D0F8DB
:10AFBC0084201A600E4600F045F82C4686F309886A
:10AFCC000020064B98472046002100220023044C09
:10AFDC00204700BF041C0020A01A0020891F01007C
:10AFEC00A5A30000014B10221A61704700ED00E090
:10AFFC00044800234021C2180133272B82F8001388
:10B00C00F9D1704700E100E008B5EFF30583064A7B
:10B01C00103B02EBC30152F8330049688847BDE886
:10B02C000840FFF7EFBC00BFCC370100024B034ACE
:10B03C000348012100F076B8000001200000002038
:10B04C00383C0100426F054B403A1A60044A4021DB
:10B05C00C3E901121846012100F06EB8A41A0020B1
:10B06C0000000B15084AC2F898000B6823F01F0368
:10B07C00034343F01003C2F89C308B6843F0010388
:10B08C00C2F8A030704700BF00ED00E02DE9F0439E
:10B09C00DFF8608085B00E461F4604464FF000096D
:10B0AC00B14523DA6068D8B13FB1411E08421BD1CB
:10B0BC001F2819D92368194216D12368019306F069
:10B0CC0080FFA36803430393D8F89050C5F307257A
:10B0DC00D0B2013DA84207D801A9FFF7C3FF421C1B
:10B0EC0009F101090C34DBE76FF01502104605B0CD
:10B0FC00BDE8F08300ED00E0044B0522C3F894207A
:10B10C00BFF34F8FBFF36F8F704700BF00ED00E0B0
:10B11C00BFF35F8F024B0022C3F89420704700BF2F
:10B12C0000ED00E010B5034C01232278FFF7AEFFD1
:10B13C00207010BD7221002008B50B4A0023127834
:10B14C00FFF7A4FF10F1160F07D0084A0021D2F820
:10B15C009030C3F30723984200DB08BDC2F8980077
:10B16C00C2F8A0100130F2E77221002000ED00E0DF
:10B17C002DE9F043534B544CD3F890302568C3F36E
:10B18C0007239D4285B000F29A80FFF7C1FF002093
:10B19C000C2685421AD14D4C4D4F25706846FFF751
:10B1AC0023FADFF82081DFF82C9106460025AE4209
:10B1BC0013D1237843490020D1F89020C2F3072201
:10B1CC00934276DBFFF798FF002042E0616806FBB4
:10B1DC000011FFF747FF0130DBE7009800EB05118A
:10B1EC004FEA051CCB683B40B3F5000F48D00AD89A
:10B1FC00B3F5001F30D0B3F5800F36D0B3F5801FF8
:10B20C0010D00135D3E7B3F1807F42D0B3F1007F8A
:10B21C00F7D150F80C3088684A6806F0D2FE40F43A
:10B22C00802009E050F80C3088684A6806F0C9FEA6
:10B23C0040F0885040F43020CDE901230390D8F839
:10B24C0090302078C3F30723013B98422AD96FF042
:10B25C00150005B0BDE8F08350F80C3088684A68DA
:10B26C0006F0AFFE40EA0900E6E750F80C308868BB
:10B27C004A6806F0A6FE40F0E06040F40030DBE7E0
:10B28C0050F80C3088684A6806F09BFE40F08270DB
:10B29C00D2E750F80C3088684A6806F092FE40F00D
:10B2AC008870C9E701A9FFF7DDFE2378013323700D
:10B2BC00A7E7C1F89830C1F8A00001337CE74FF044
:10B2CC00FF30C6E700ED00E0443C01007221002095
:10B2DC000000F0FF0000081108B50649064821F0EF
:10B2EC000701C1F1005202F5803206F0AEFB0020DE
:10B2FC0008BD00BF575C0020B01A002070B5416932
:10B30C00867A0B4D044659B1437ADB0706D42C23BD
:10B31C0003FB06535B6A1B689B68984700236361B9
:10B32C002C20214606FB0050BDE8704007F0B9BD4B
:10B33C00FC040020024B2C2202FB0030704700BFA3
:10B34C00FC040020827A064B2C2101FB02339A6A02
:10B35C001B7F1B33801A23F00303B0FBF3F0704701
:10B36C00FC04002038B5074B827A2C2404FB0233F2
:10B37C005B6AD3E901240C601568FFF7E3FF04FB5B
:10B38C00005038BDFC0400202DE9F04385B0054683
:10B39C006846039190461C4607F0BEFFDDE9006746
:10B3AC00EFF31189402383F31288BFF36F8F6B8BFC
:10B3BC00002B41D02A8B9A4225D900220023284603
:10B3CC0004F0F6FA0446F0B189F31188BFF36F8FDD
:10B3DC00039B002B41D032463B46684607F0C0FF2A
:10B3EC00A27A264B2C2101FB023320465B6A1B6898
:10B3FC0003A91D68DDE90023A847606170BB2046E6
:10B40C00FFF77CFF24E0698B4B1E6B8389F311885B
:10B41C00BFF36F8F2B7F2A8BAC6A1B3323F0030394
:10B42C00521A02FB0344154B154AEB1A9B1053435B
:10B43C00A3722B7FE372CBE789F31188BFF36F8F75
:10B44C0023464246284604F0B3FA04460028BFD1EE
:10B45C000024204605B0BDE8F0836361012300257C
:10B46C002381039B6382E27A6560294604F118000C
:10B47C0008F08CF863692582E360EAE7FC0400209D
:10B48C00A38B2EBA70B50C4C2C2500B970BD037A69
:10B49C004668013BDBB20372002BF7D1C3604360FB
:10B4AC00837A05FB03431B6A13B198473046ECE7DC
:10B4BC00FFF724FFFAE700BFFC040020044A012335
:10B4CC00C2F840354FF080420020C2F87835704702
:10B4DC0000E0014020B1034B800143F00103184709
:10B4EC00704700BF003C010008B5044807F086FB1C
:10B4FC0000280CBF6FF01200002008BD543701006B
:10B50C0038B50C46511C154606F0D9FD00280BDB4E
:10B51C001C492046FDF701FC20B11B492046FDF7D4
:10B52C00FCFB40B92870002038BD0120FAE702204E
:10B53C00F8E70320F6E715492046FDF7EEFB002857
:10B54C00F3D013492046FDF7E8FB0028EDD0114954
:10B55C002046FDF7E2FB0028E9D00F492046FDF715
:10B56C00DCFB0028E3D00D492046FDF7D6FB002874
:10B57C00DFD00B492046FDF7D0FB0028D9D06FF067
:10B58C001500D1E76D3E0100743E01009C3D0100A9
:10B59C007D3E0100863E0100903E01009C3E010074
:10B5AC00A63E010008B506F0ACFD04F075FE044B98
:10B5BC001B680BB10A209847BDE8084004F080BE18
:10B5CC00BC1A002038B50546054806F010FD0446A7
:10B5DC0020B101210C3006F03DFD2576204638BD0A
:10B5EC005405002010B5044604F056FE024B1C60B6
:10B5FC00BDE8104004F064BEBC1A00200E380128CF
:10B60C0010B50CD80A4806F0F2FC044628B101210A
:10B61C000C3006F01FFD02232376204610BD09B125
:10B62C000448F0E7BDE810400220FFF7CBBF00BF95
:10B63C0080050020FC04002010B5012104460C30CC
:10B64C0006F023FD2146034A0078BDE81040002394
:10B65C0006F082BDC83C010010B5012104460C3037
:10B66C0006F013FD2146034A0078BDE81040002384
:10B67C0006F072BDC83C010038B51B4806F0D0FC82
:10B68C00044680B3017E022902D1038A012B0BD818
:10B69C00FFF7F8FE154BD3F8143123B3BDE838404F
:10B6AC001349144807F0A9BC0C3006F0EEFC0378E3
:10B6BC000E3B012B05460ED80F4A1049104840F698
:10B6CC00CE3306F029FA002383F31188BFF36F8F72
:10B6DC000323184602DF28780A4A0323214606F082
:10B6EC003BFD2046D4E738BDC4010020B00000204B
:10B6FC005403002000140020B23E0100E63E01007D
:10B70C00143F0100B03C01002DE9F0478846164675
:10B71C008246002879D0BFF35B8FDFF8F4900023CA
:10B72C0059E8004F49E80032002AF9D1BFF35B8F8A
:10B73C00002C6AD02046FFF705FE364D0C2303FB88
:10B74C00005027464388534511D0BFF35B8F59E80F
:10B75C00003F49E80072002AF9D1BFF35B8F002B40
:10B76C0053D01F463846BDE8F047FFF78BBEA642C4
:10B77C000FD0204606F036FC04F10C0902230121FF
:10B78C004846237606F066FC328AF168484606F095
:10B79C006BFC2046FFF7D6FD0C2606FB00504368D9
:10B7AC00ABB1B8F1000F12D12046FFF7CBFD06FB71
:10B7BC00005001214268D2E90003127A03F01F06FF
:10B7CC00B1405B09DAB100EB830006F0B2FC204615
:10B7DC00FFF7B8FD0C2606FB00508368002BC1D088
:10B7EC002046FFF7AFFD704305F800802046FFF7B9
:10B7FC00A9FD06FB0055A86804F00CF9B2E7C94393
:10B80C0000EB830006F0BFFCE1E7BDE8F08700BF6A
:10B81C00C0010020C01A0020094BBFF35B8F1A68CF
:10B82C00BFF35B8F02F00902BFF35B8F53E8001F7D
:10B83C0043E800200028F9D1BFF35B8F704700BFAD
:10B84C008401002010B5C1E900239DF808300B726B
:10B85C000C46FFF777FD034B0C2202FB00335C60B8
:10B86C0010BD00BFC01A00202DE9F0474FF0FF3289
:10B87C0006464FF0FF331848884606F0B8FB0446DE
:10B88C0038B300F10C070121384606F0E3FB012325
:10B89C0023762046FFF756FD104D4FF00C0909FB9F
:10B8AC0000504FF0000A46802046FFF74BFD09FB85
:10B8BC000050C0F808A02046FFF744FD09FB0055D6
:10B8CC0003213846C5F804A006F0C8FB068080F8B2
:10B8DC0002802046BDE8F08728050020C01A002011
:10B8EC00034B0146D3F8340182689268104700BFBD
:10B8FC00B00000202DE9F041044600F10C06304662
:10B90C0006F0CBFBB4F81080B8F1010F054604D853
:10B91C002046BDE8F041FFF7B5BD3046022106F0E8
:10B92C00B4FB0378052B064622D00E3B012B21D904
:10B93C00114A1249124840F6EE7306F0EDF8002356
:10B94C0083F31188BFF36F8F0323184602DF02279E
:10B95C0002230C4A3078214606F0FEFBBB07D7D5F4
:10B96C006369A4F8108013FA85F5E560BDE8F081F1
:10B97C000327EDE70127EBE7B23E0100313F010061
:10B98C00143F0100A03C010010B50C4604F084FCEF
:10B99C00237E022B1AD1E3681B78052B0AD00E3BB1
:10B9AC00012B0AD82046FFF7A5FF002404F088FCE1
:10B9BC00204610BD2046FFF79DFF2146064806F0A5
:10B9CC001AFB0649064807F018FBEEE72046FFF77E
:10B9DC0059FD6FF01504E9E7C40100205403002061
:10B9EC00001400200148042106F0A3BB84010020B0
:10B9FC00004870474A3F0100014804F0B5B900BF48
:10BA0C004403002038B502460B46244DD5F81C11D2
:10BA1C0009B9002038BD05F1F80004F02FF8002812
:10BA2C00F7D10022002305F58E7003F0C1FF044608
:10BA3C0068B91B4A1B491C4840F6DD3306F06CF80C
:10BA4C0084F31188BFF36F8F0323184602DFD5F8F8
:10BA5C00100120B1FFF716FD0023C5F81031204668
:10BA6C0006F0F4FAC5F810012046FFF739FF98B13B
:10BA7C000E4803F0CFFF2046FFF764FC0C4B0C2262
:10BA8C0002FB00301F2140882246FFF73DFE204676
:10BA9C00FFF7F8FCFFF7B0FF0120BBE7B000002078
:10BAAC00B23E01004F3F0100143F0100A8010020ED
:10BABC00C01A00202DE9F04F064687B015460C46FB
:10BACC0031B9FFF7D1FE044648B96FF068007BE04E
:10BADC00887AFFF72FFC484B834240F08680012286
:10BAEC000021684607F0EBF92046FFF72BFCDFF846
:10BAFC000C910C2303FB0090C0F808D0204606F0F4
:10BB0C00A5FA01463E4807F0C1F9FFF775FF07F0AB
:10BB1C00B9FD3C4B1A583C4B9A4222D1DFF8ECA0B1
:10BB2C00DFF8ECB0364807F0C6F9002180464FF438
:10BB3C00A020FFF767FF074688B94FF4D873524629
:10BB4C005946344805F0E8FF3348314605F0E4FF28
:10BB5C0087F31188BFF36F8F0323184602DF444528
:10BB6C00E0D14FF4A0220023684603F087FF07467C
:10BB7C0098B14FF4DB73254A2849264805F0CCFFD1
:10BB8C0027483A46314605F0C7FF002383F3118856
:10BB9C00BFF36F8F0323184602DF2046FFF7D2FB5B
:10BBAC000C23584319F80060BEB12046093EFFF73C
:10BBBC0069FC092E0ED8DFE806F01B0D0D0A050DE9
:10BBCC000D0D0D186FF00B0007B0BDE8F08F6FF086
:10BBDC000C00F9E76FF00400F6E715B12C600020BB
:10BBEC00F2E72046FFF74EFCF9E76FF01500EBE7A4
:10BBFC006FF06E00E8E700BF28050020C01A002097
:10BC0C00CC0100200800000008190020B23E010001
:10BC1C00533F0100143F01005B3F01007B3F0100DB
:10BC2C00843F0100F7B50022114640F60340FFF7B0
:10BC3C0041FF0446002853D1FFF7EEFD214601AA2F
:10BC4C0041F20300FFF736FF0446002848D1019A61
:10BC5C00844DD168D1F80100D1F8051005F17803B5
:10BC6C0003C31046FFF70EFC214601AA41F2010066
:10BC7C00FFF720FF044698BB0198C3685A7885F8F3
:10BC8C0070205A88A5F872201A7985F87120B3F8BB
:10BC9C000720A5F87420B3F80530A5F87630FFF727
:10BCAC00F1FB214601AA41F20200FFF703FF044613
:10BCBC00B0B9019FFA6805F18006531C413218682F
:10BCCC005968344603C4083393422646F7D13846A4
:10BCDC00FFF7D8FB95F87C30580604D46FF01204AB
:10BCEC00204603B0F0BD01AA002142F20300FFF789
:10BCFC00E1FE04460028F3D1019A5B4BD168D1F8E0
:10BD0C000100D1F8051003C31046FFF7BBFB1F233E
:10BD1C00A5F8E83095F87C30990618D4022140F645
:10BD2C006D40FFF7A1FD0646002800F09780022128
:10BD3C000C3006F093F9012344700370224631460F
:10BD4C0040F66D40FFF7B6FE04460028C8D195F8C2
:10BD5C009C301A0712D501AA002142F21C00FFF7F1
:10BD6C00A9FE04460028BBD10198C368D3F8012072
:10BD7C00D3F80530C5E93823FFF784FB082142F2DC
:10BD8C000100FFF771FD0446002867D008210C3034
:10BD9C0006F064F902270022077042708270C270AC
:10BDAC00027142718271C271214642F20100FFF7A9
:10BDBC0081FE0446002893D1082140F60140FFF78C
:10BDCC0053FD0646002849D008210C3006F046F9F0
:10BDDC008023437020230470847004714471847137
:10BDEC00C770C3712246314640F60140FFF762FE30
:10BDFC00044600287FF474AF014601AA4FF60140B7
:10BE0C00FFF758FE044620BB0198FFF73BFB214689
:10BE1C0001AA4FF60240FFF74DFE0446C8B901983F
:10BE2C00C368B3F80130A5F8C130FFF72BFB95F8C8
:10BE3C00C1305B070DD501AA21464FF60340FFF731
:10BE4C0039FE30B90198C3685B7885F8C030FFF7CC
:10BE5C0019FB03B0BDE8F04000F09CBA6FF0680429
:10BE6C003EE700BFB00000208801002073B5264DCE
:10BE7C000646D5F8340106F0C1FE00283CD06FF020
:10BE8C00020105F1D40006F07EF9012106F051F90A
:10BE9C0010EA010433D11D4B1E600A4605F1F8006F
:10BEAC0007F00DF805F58E7006F0E4FF184807F062
:10BEBC00B4F81849164800946FF007034FF48062E9
:10BECC0003F058FF1449124807F0D2F8D5F83401A2
:10BEDC00124983681B689847044628B93EB9FFF796
:10BEEC00A1FE78B9FFF77EFD204602B070BD05F1CA
:10BEFC00C40003F039FFF7E76FF01204F4E76FF0BA
:10BF0C007704F1E70446EFE7B0000020D81A0020D0
:10BF1C0000140020C0360020C93F010095B9000074
:10BF2C0010B5FFF77FFE044608B9FFF75BFD044B25
:10BF3C001B681BB12046BDE81040184710BD00BF60
:10BF4C00D81A0020F7B5144B93F99B30002B0546FB
:10BF5C000C461DDA14B9204603B0F0BD082C01AA1A
:10BF6C004FF0000142F21800264628BF0826FFF7C2
:10BF7C00A1FD0028F0D1019FF96832460131284615
:10BF8C0007F0F6FA3846FFF77DFA3544A41BE1E7D3
:10BF9C006FF08500E0E700BFB000002038B503214A
:10BFAC0004460C3006F071F8E3680578B0F801002F
:10BFBC00197840F6354398420AD02246FFF7A4FB85
:10BFCC0035B1044803F026FDBDE83840FFF714BD39
:10BFDC0038BD00BFA801002038B5042104460C3040
:10BFEC0006F053F84578017840882246FFF78CFB21
:10BFFC0035B1044803F00EFDBDE83840FFF7FCBC3A
:10C00C0038BD00BFA8010020F8B50A4DEF790646EF
:10C01C000024E3B29F4202D86FF0010007E02946EA
:10C02C00304606F0C7F80735631C08B12046F8BD4A
:10C03C001C46EEE7B000002070B5144E06223146C7
:10C04C00044607F0ABFAD8B1062142F20500FFF71F
:10C05C000BFC0546B0B1062221460C3006F004F864
:10C06C000022294642F20500FFF724FD48B9334669
:10C07C00226843F86929A288B280012283F86820DB
:10C08C00002070BD6FF06800FBE700BF19010020B5
:10C09C0037B504460D4689B11849284606F08AF88A
:10C0AC0060B9174A2968C4EBC404A3181151AA88B3
:10C0BC009A80AA799A71002003B030BD684605F0C9
:10C0CC00F0FF0028F8D16846FFF79EFF0028F5DA4C
:10C0DC000B4A00989DF80610C4EBC404A318105129
:10C0EC00BDF8040098809971002DE4D012592A6093
:10C0FC009A88AA809B79AB71DDE700BF5A3E01009C
:10C10C00B000002070B5044611B16FF0150070BD81
:10C11C0080B11C4906F04EF860B92046FFF774FF59
:10C12C00002829DA2378012BEFD1A37903F0C0037F
:10C13C00C02BEAD1144DEB79012B20D0BFF35B8FD0
:10C14C00D5F8D430BFF35B8FDB0707D4002CDCD0E1
:10C15C000C49204606F02EF80028D6D1EE7921465F
:10C16C00731C3046EB71FFF793FF08B93046CEE7EE
:10C17C00EB79013BEB71CAE76FF07700C7E76FF023
:10C18C000B00C4E75A3E0100B00000202DE9F3413A
:10C19C000446D8B101AA002141F20900FFF78AFC3C
:10C1AC00054698B9019E1249D6F80C8008F1010792
:10C1BC000622384607F0F2F928B10E490622384615
:10C1CC0007F0ECF930B93046FFF75CF9002002B00B
:10C1DC00BDE8F081D8F80130C4F80130BB88A4F870
:10C1EC00053030462570FFF74DF90120EFE700BF11
:10C1FC00673E0100613E010007B56846FFF7C6FFC8
:10C20C00044BD87118B169460020FFF741FF03B009
:10C21C005DF804FBB0000020F0B5294DEE7989B033
:10C22C00002E46D195F8C230DB0722D56A4631463E
:10C23C004FF60940FFF73EFCD8B9DDF800C0DCF83A
:10C24C000C406378012B1E4628BF012673B1A31C3A
:10C25C0002AA123418685968174603C70833A34258
:10C26C003A46F7D1186838609B88BB806046FFF768
:10C27C0009F9EE71002416260127EB79E0B283420E
:10C28C0002D8B3B1002012E008AB06FB00336946BC
:10C29C0053F8182C33F8143CCDF80120ADF80530C8
:10C2AC008DF80070FFF7F4FE01340028E5D009B0DA
:10C2BC00F0BD0021084609B0BDE8F040FFF722BFF1
:10C2CC00B00000202DE9F0410D4617461C460646ED
:10C2DC00002856D0002B54D00A03037808D56D07DC
:10C2EC004FD405F077FF002849D1012323700CE0CF
:10C2FC00E9072CD526480FB1AA0608D4C3EBC30214
:10C30C00825C012A12D002B92270002037E090F82A
:10C31C00D820510638D5C3EBC302825C012A05D064
:10C32C0002B92270237843F00203DFE74FF00108D3
:10C33C00072111FB03810144304605F043FFF0B99E
:10C34C0084F80080002FE0D0AB06DED5EAE76A0760
:10C35C0011D50F49C3EBC3028E5C012E08D1072205
:10C36C0012FB0363194405F02DFF40B92670EBE76F
:10C37C00002EE9D1FAE705F02DFF01232370BDE86B
:10C38C00F0816FF01500FAE76FF08500F7E700BF5A
:10C39C00B000002010B50A4CE3790BB1002010BDA1
:10C3AC00FFF72AFF0028FAD1E379002BF6D1FFF72B
:10C3BC0033FF0028F3D1601CBDE81040FFF73CBEF2
:10C3CC00B0000020F8B545686905064635D4046907
:10C3DC0014B115F0010330D0194F3078FB7983423A
:10C3EC002BD9C0EBC00017490722384407F0D6F808
:10C3FC00A8B115F0010306D197F87020082A02D8CD
:10C40C00B2689F2A19D915F0300F09D0ACB1EA06E1
:10C41C000AD405F46035B5F5603018BF0120F8BDBD
:10C42C00EB0601D4002CF4D1D6E902239A4204D8AD
:10C43C001F2A02D9B3F5804FEBD90020EFE700BFDC
:10C44C00B00000205A3E0100F0B5054685B00F48FB
:10C45C0005F0EAFE1F460306164613D50B4805F0F9
:10C46C00E3FE04460A4805F0E1FFC4F3C024029041
:10C47C000A46CDE9007406483346294605F05FFFAD
:10C48C0005B0F0BD6FF00A00FAE700BFD80000203D
:10C49C00C80000202DE9F04FD1F810A08BB0BAF1F4
:10C4AC00000506467C48059318BF012505F0BCFE27
:10C4BC0040070C46934640F1E5800846FFF782FFA3
:10C4CC0028B96FF0150528460BB0BDE8F08F204653
:10C4DC0005F097FE81460028F3D006F1100840467F
:10C4EC0005F0A2FE0106C0F3C01300F1CE80CDE929
:10C4FC000733CDF82330A3686068ADF81830E368D3
:10C50C00ADF81A3005F081FE6FF480718DF82500BE
:10C51C00614805F08FFE614A2378337082F86F30E2
:10C52C0061682A460DF11D033046FFF7CBFE054628
:10C53C000028C8D106F10903BAF1000F18D02269FE
:10C54C001168C6F809109188998092799A712046E1
:10C55C0005F07CFF6368DA0707461BD4980503D403
:10C56C00149B0BB9022F48D102238DF81C3023E009
:10C57C004B4A1168C6F809109188927999809A7182
:10C58C00204605F063FF6368DD070746E6D58DF8A6
:10C59C001CA011E013F0100F0CBF012304238DF825
:10C5AC001C3023691A68CDF81E209A88ADF8222019
:10C5BC009B798DF82430A9460F2142F20600FFF733
:10C5CC0053F90546002863D00F2206A90C3005F05C
:10C5DC004BFD2946002242F20600FFF76BFA054696
:10C5EC0000287FF470AFBAF1000F0CD00121304657
:10C5FC0005F03CFFF0B1054665E70323DDF85090EC
:10C60C008DF81C30D8E7159B0093CDE90197149B4E
:10C61C00059A5946304605F092FE0028EBD10121CF
:10C62C00304605F023FF0028E5D1606880F0020059
:10C63C00C0F3400000F001020E21404605F068FEF8
:10C64C007B1E5A425A414046082105F061FEB91E34
:10C65C004A424A414046092105F05AFE626840466A
:10C66C0002F001020A2105F053FE4A4640460B2116
:10C67C0005F04EFE62680D21C2F38002404605F0C3
:10C68C0047FE20E76FF00A051DE76FF077051AE704
:10C69C006FF0680517E700BF84010020B000002090
:10C6AC005A3E010073B51546069A0C46CDE9003288
:10C6BC002B460A4601461148FFF7ECFE214606467A
:10C6CC00002340F201109D4202D1304602B070BDF1
:10C6DC000A88824204D14A6812B11278D20702D475
:10C6EC0001330831EFE70649064806F09CFC4FF48D
:10C6FC0070220023034803F0D9FBE6E7C8000020B2
:10C70C00C9240100E000002008B50B4805F0D3FE59
:10C71C000A486FF4804105F08DFD084805F084FD52
:10C72C0003461B06C0F3C01005D5BDE808400248FF
:10C73C00002105F09BBE08BDC8000020D8000020D9
:10C74C0014280ED8084A12F8103053B102EB4002EC
:10C75C00527832B108684343002093FBF2F30B602C
:10C76C0070476FF015007047D23F010021B10129CD
:10C77C0002D06FF085007047024B0020C3F8001503
:10C78C00704700BF0070004010B504460648FDF726
:10C79C00CFFF94F88610054B012209B1DA6010BD69
:10C7AC001A605A60FBE700BF9C3701000070004024
:10C7BC002DE9F0410D7905F01F03072B1DD80C78DE
:10C7CC000C2C1AD8DFE804F00808081907191C19F2
:10C7DC00191E2019220003244A78032A18D0042A8F
:10C7EC000BD100204A8844F20A06B24264D843F6C0
:10C7FC00FE76B2420ED8002A6CD06FF0150057E0CE
:10C80C000424E9E70524E7E70624E5E70724E3E742
:10C81C000120E7E7A2F57F523F3A0B2AEDD801A69B
:10C82C0056F822F0E9C8000007C8000007C800004D
:10C83C0007C8000061C8000007C80000C1C800009C
:10C84C0007C8000007C8000007C8000007C80000A0
:10C85C00E1C800000022224F8E7997F8A8C04FF053
:10C86C000108000308FA03FE40EA042015F0200535
:10C87C005FFA8EFE40EA02404FEA031214BF2CEA24
:10C88C000E0C4CEA0E0C02F1804287F8A8C002F59F
:10C89C00E04218BF45461F44497987F8A01040EA8A
:10C8AC000550C2F818050020C2F81005C2F814652E
:10C8BC00BDE8F0810122CEE744F21406B2420BD05F
:10C8CC0044F22806B24209D044F20F06B24294D187
:10C8DC000322C0E70222BEE70422BCE70522BAE726
:10C8EC00E8010020F7B50D464FF0FF335B484FF0E1
:10C8FC00FF3203F0C3F86E68731EFE2B44D800237E
:10C90C005748584F1A4626FA03F111F0010126D068
:10C91C0017F803C0BCF1000F36D000EB031E6C7C83
:10C92C00DEF81815003C18BF012421F0807141EA93
:10C93C000461CEF8181503F151010901013240F8D8
:10C94C0001C0D2B20133082BDDD12B7C083B062B66
:10C95C001AD8DFE803F0111925192119230000EB6F
:10C96C00031CDCF8184524F08074CCF8184503F14E
:10C97C00510424010151E5E700233949012AC1F88A
:10C98C00F0356B7C0ED97BB16FF01504334803F096
:10C99C0041F8204603B0F0BD0223EEE70323ECE799
:10C9AC000123EAE7082BEFD8C1F8F43529685300C6
:10C9BC0011B1898901FB0333E96899424AD3284BA9
:10C9CC00A968C3F82C162F46C3F830260FCF264C77
:10C9DC0004F174060FC63B683360002626672B688B
:10C9EC0027469BB30FCB04F1880585E80F006567DC
:10C9FC00A4F8986050B3BFF35B8F57E8003F47E84B
:10CA0C000062002AF9D1BFF35B8F1849D4F8885023
:10CA1C00174A4FF400400F463146E5FB00710023E6
:10CA2C003846FAF797FC0022CDE90001002304F107
:10CA3C00080004F015F80F484FF0FF324FF0FF33A9
:10CA4C0003F01CF800B12067246F9FE70648FFF73E
:10CA5C009BFEF0E76FF00B0498E700BF2802002064
:10CA6C000070004088020020E80100203F420F00C7
:10CA7C0040420F004002002038B5114B0025C3F88E
:10CA8C000451D3F80421C3F81051D3F81021122209
:10CA9C00C3F8042304460720FEF7ECF92A460121CB
:10CAAC000720FEF717FA0748836C13B9403002F0E1
:10CABC00B1FF20460449BDE8384005F087B900BFF6
:10CACC0000700040E801002079C700002DE9F0411A
:10CADC003E4CD4F804318046002B69D000233C4DE9
:10CAEC00C4F804310126D4F804313A48A66005F0A4
:10CAFC00BEF9A96F95F8A80008422F4606D16B6FB6
:10CB0C00C3B93548BDE8F04102F084BFD4F82C26F7
:10CB1C003346C9B2194208D0184205D0B2F90040C8
:10CB2C00002CBCBF0024148002325B009BB29842E4
:10CB3C00F0D2E4E7D5F88C30B5F8982033B127491A
:10CB4C0040469847012814D0022829D0B5F89830CF
:10CB5C00B5F894209A4223D90133A5F898301B4B91
:10CB6C00D3F82C26D3F8341689B202EB4102C3F861
:10CB7C002C26D5F8883023B9BDE8F0411448FFF7CE
:10CB8C0003BEBFF35B8F57E8003F5A1E47E80021F6
:10CB9C000029F8D1BFF35B8F012BEDDCBDE8F081F0
:10CBAC00D5F88830002BACD00D4806F0FAFBA8E77E
:10CBBC00D4F81021002AF1D0C4F81031D4F8103177
:10CBCC000123A36023606360E8E700BF00700040AE
:10CBDC00E80100209C370100400200205C0200208C
:10CBEC00F0010020084B70B5C31A0D4607499B1085
:10CBFC00044659430648402205F082FC2B46014668
:10CC0C002046BDE870401847F01A0020B76DDBB61F
:10CC1C002437010073B50C4C0C4A4023041B0093C1
:10CC2C000D460B460A49A41061430646094805F017
:10CC3C0093FC011E05DA30462B4602B0BDE870406D
:10CC4C00184702B070BD00BFF01A0020CF250100BC
:10CC5C00B76DDBB624370100002270B50121044604
:10CC6C001046FEF737F90F4801F0B8FD0E4B98420D
:10CC7C0015D105F0DEFE26690C49304604F0F8FFAC
:10CC8C0000280BDB012535642469084904F11C00DC
:10CC9C0004F0EEFF002801DBE564002070BD6FF0AE
:10CCAC000400FBE715CE00000000AD0BD83C0100E2
:10CCBC007FB500220123CDE9022304ABCDE9043377
:10CCCC00094ACDF800D06B46CDF804D005F072FCC3
:10CCDC00002805DB4FF480420023684602F0CEFEAC
:10CCEC0007B05DF804FB00BFE725010010B5074C49
:10CCFC0023782BB94FF4A57005F07BFF012323702B
:10CD0C00BDE81040002001F059BD00BF7321002088
:10CD1C0010B5EFF31184402383F31288BFF36F8FA8
:10CD2C00074A136823F00201DB07116002D40120CB
:10CD3C0005F07AFE84F31188BFF36F8F10BD00BF2E
:10CD4C00401B002030B4104B0C2202FB0033014678
:10CD5C000020D3E90E529863EFF31180402484F342
:10CD6C001288BFF36F8F1C6C04F0C00444F00204F3
:10CD7C001C6480F31188BFF36F8F1DB12B460348E1
:10CD8C0030BC184730BC7047F01A00202437010023
:10CD9C0010B4EFF31182402383F31288BFF36F8F2B
:10CDAC001748016841F002040460C80707D482F3F5
:10CDBC001188BFF36F8F012010BC01F0FFBC4FF046
:10CDCC008041D1F80C04D1F80C14C907EFD5EFF35E
:10CDDC00118083F31288BFF36F8F0A490B6C03F039
:10CDEC00C00343F002030B6480F31188BFF36F8F11
:10CDFC0082F31188BFF36F8F002010BCFFF7A2BF26
:10CE0C00401B0020F01A002010B1012804D07047FC
:10CE1C00034B1B6C5B0701D1FFF794BF704700BF3E
:10CE2C00F01A00202DE9F0413849BFF35B8F07461B
:10CE3C00012251E8003F41E800200028F9D1BFF35E
:10CE4C005B8F33B9324933484B60CB608A6004F056
:10CE5C0022FF7B1E012B2BD8012F07D14FF08043D3
:10CE6C00D3F81C3403F00303012B21D006F0FAF89D
:10CE7C000546F8B9284B1B78E3B14FF080430222EA
:10CE8C00C3F808230646DFF894804FF08044D4F8AA
:10CE9C001824D4F81834D20315D503F00303012B4E
:10CEAC0001D0012F0FD155B386F31188BFF36F8FCB
:10CEBC00BDE8F081EFF31186402383F31288BFF3B2
:10CECC006F8F0125DFE7ADB1304605F06BF8D4F874
:10CEDC001835002BDBD1D4F80421002AD7D0C4F8A4
:10CEEC000431D4F804310123C4F81835C8F8803162
:10CEFC00A360CCE70021212006F070F9E7E74FF0A2
:10CF0C0080430222C3F80423D2E700BFEC1A0020AE
:10CF1C00DC1A00200C1B00200422002000E100E0A1
:10CF2C00EFF31182402383F31288BFF36F8F0A4B08
:10CF3C00D3F8001161B10021D3F80805C3F8001132
:10CF4C00D3F80031C0B282F31188BFF36F8F7047F2
:10CF5C006FF00A00F7E700BF00D00040F0B50346C1
:10CF6C0010469C7893F803C0EFF31182402585F3AB
:10CF7C001288BFF36F8F1F7893F801E0E41B04EA6B
:10CF8C000C04A04288BFA0B23E180CEA06063D462F
:10CF9C001E7082F31188BFF36F8F0A188A4216D164
:10CFAC0077450CD1EFF31182402181F31288BFF346
:10CFBC006F8F1978597082F31188BFF36F8F1B79BB
:10CFCC00241AA34222BF064B01221A60F0BD5E193F
:10CFDC000135767901F8016B05EA0C05DEE700BF37
:10CFEC0000D00040DB432DE9F04713F001050E465D
:10CFFC00144604D02248FFF7B1FFBDE8F0879AB37E
:10D00C00EFF31188402383F31288BFF36F8F0D2049
:10D01C00FDF752FF07460D20FDF73AFF88F3118804
:10D02C00BFF36F8FDFF85CA0DFF85C80CAF80051AB
:10D03C00DAF800314FF400590123CAF800302546C4
:10D04C00C8F88091DAF8003183B1FFF769FF031E4D
:10D05C00C8F88091F6DB013DADB27355002DF1D1CE
:10D06C0017B10D20FDF706FF2046C6E7EFF3118040
:10D07C00402383F31288BFF36F8F04F093FFE1E733
:10D08C00741B002000D0004000E100E02DE9F041CD
:10D09C00124F0D46144607F1450814B92046BDE859
:10D0AC00F0814FF0FF334FF0FF32384602F0E6FCD0
:10D0BC00224629464046FFF751FF0646384602F005
:10D0CC00A9FC3EB94FF0FF324FF0FF33044802F099
:10D0DC00D5FCE6E7A41BA4B23544DEE7441B0020D4
:10D0EC005C1B002038B5194C01221146204605F076
:10D0FC00E6FE0122002104F1180005F0E0FE40F2EA
:10D10C000743A4F848304FF0706323630C2384F872
:10D11C00343000250E4B84F84550A4F84650D3F813
:10D12C00042522F00102C3F804250121C3F80051A3
:10D13C00D3F80021C3F804132A4619600D20FDF71B
:10D14C00C9FE0D20FDF796FE284638BD441B002075
:10D15C0000D0004010B5FFF7E3FE002820DB174B92
:10D16C0093F8322093F8314093F83310141B31EAC2
:10D17C000404C0B20DD193F8472093F8464093F8BD
:10D18C004810141B31EA04040BD10D4B01225A60D8
:10D19C000EE09C180132114084F8350083F83210EF
:10D1AC0010BD9C180132114084F84A0083F84710D6
:10D1BC000448BDE8104002F02DBC00BF441B002009
:10D1CC0000D000405C1B002038B545682B69B3B11A
:10D1DC001035284601F0F8FE044680B90146284671
:10D1EC0001F0BEFE084B98420BD108492246284656
:10D1FC0001F09EFE224605210620FDF76BFE002065
:10D20C0038BD6FF00400FBE70000AD0B1DD2000031
:10D21C00430970B507D10B4B596821B101250C6836
:10D22C00094E854001B970BD8A682A4002D04B680E
:10D23C00304698471CB1236821461C46F2E723462A
:10D24C00FAE700BF981B00203C3701002DE9F043A2
:10D25C00476840F20636D0063B7B87B002EA0606EA
:10D26C0054BFC2F34010032001F01F05B6F5837FB5
:10D27C00144645EA43158DF8030043D00FD8062E0B
:10D28C0018D007D8B6B1022E3ED06FF0150007B0FB
:10D29C00BDE8F083B6F5807FF7D101260AE040F2B5
:10D2AC000222964232D0B6F5407F31D0B6F5007FDF
:10D2BC00EBD102260123220303FA01F12AD57B6864
:10D2CC00C3F808153B695BBB05F01F026D0974D1EF
:10D2DC00920002F1A04284F48031D2F80037C1F3FD
:10D2EC000041C4F3404423F4E16344EA410423F0D5
:10D2FC0007031C4344EA800444EA0624C2F80047AE
:10D30C000020C4E70726D5E70426D3E70526D1E796
:10D31C000326CFE7630344BF7B68C3F80C15D1E742
:10D32C0010370DF102022946384601F007FE14F4BD
:10D33C00403F80460CD12946384605F0FCFB214B7A
:10D34C009845DDD19DF80210384601F047FED7E72D
:10D35C0001AB4FF0000903AA29463846CDE9043940
:10D36C00CDE90199CDF80C9001F0BCFC154B98421D
:10D37C008BD114F4003315D09DF803308DF80E309A
:10D38C0084F48034C4F300444B4603AA294638463F
:10D39C008DF80C608DF80D4001F054FD094B98424E
:10D3AC00CDD072E7CDE9043303AA0DF1030329466E
:10D3BC003846039301F096FCF0E702F5E07253F85F
:10D3CC002230FFDE0000AD0BF0B54068057B01F0AC
:10D3DC001F0444EA4514056987B0002D60D0B2F5EE
:10D3EC00001F00F1100506D12146284605F0A5FBCB
:10D3FC00002007B0F0BD01AE0027B2F5800F0197F9
:10D40C00776038D1B3F1007F14BF052304238DF866
:10D41C0004300023CDE904630393836823FA01F1FC
:10D42C0011F0010119D1B2F1A07F16D104F01F0344
:10D43C00620903F5E07339D14FF0A04252F8233062
:10D44C00DB070AD40DF1030632462146284601F0CB
:10D45C0075FD184B984219D0029603AA214628460E
:10D46C0001F040FC144B98421DD101222146284664
:10D47C0001F0C0FDBCE7B3F1C06F05D0B3F1007F84
:10D48C0014BF01230223C2E70323C0E73146284619
:10D49C0001F0AAFD084B9842DED06FF00B00A8E714
:10D4AC006FF08500A5E76FF01500A2E751F8233067
:10D4BC00FFDE00BF0400AD0B0000AD0B2DE9F04FFB
:10D4CC00DFF80081DFF800918C46002740F2FF1E48
:10D4DC00FBB29C4502D80020BDE8F08F50F82730F5
:10D4EC00C3F3C72414F00804C3F3C321C3F3080A1D
:10D4FC0057D1F24518F801504FEA136136D005297F
:10D50C0026D006293CD1C2F810A5264650F8271083
:10D51C0001F4004BBBF1000F1CBF002601245FEA95
:10D52C005A1A03F01F0346D19B0003F1A043C1F329
:10D53C00412BD3F800A7290241EA8B010AEA090A18
:10D54C0041EA0A01314341EA4401C3F8001715E0EE
:10D55C00C2F80CA501245FEA5A1128D101264FF01C
:10D56C00A04106FA0AFBC1F80CB5CFE7052913D088
:10D57C0006290AD14FF0FF33C2F810350137A7E75F
:10D58C00042911D1C2F808A5E5E704290CD14FF004
:10D59C00FF33C2F80835F1E74FF0FF33C2F80C3512
:10D5AC00ECE76FF0150097E76FF0850094E7002328
:10D5BC00C3F80C35FFDE03F5E073002252F823307C
:10D5CC00F8E700BF45400100F0F8FCFF7FB50546C9
:10D5DC00406829698A6D0B6E0ABBABB14C6D8B66CA
:10D5EC0016461A46C96D0291CDE9004611B3002BBF
:10D5FC0018BF134600226946039301F01DFF0E4B22
:10D60C0098420AD06FF004032C69236404F12800BB
:10D61C0002F000FA002384F86C3004B070BD4C6D3D
:10D62C0013B19A4228BF1A46002C8A6614BF1646BC
:10D63C000026D7E70B46DDE70000AD0B2DE9F04FD8
:10D64C0089B00E460093436801938B880469990452
:10D65C000746914629D44FF0FF324FF0FF3304F1C7
:10D66C00100002F00BFA6660D7F81080D7F804A00F
:10D67C0098F86D3023B1D8F800309E4200F0A780A6
:10D68C00B6F804C01CF4006F16D06FF08505236843
:10D69C009B8813F4005304D1636004F1100002F072
:10D6AC00B9F9284609B0BDE8F08FA369002BD2D197
:10D6BC0063689E42CFD1D7E71CF0090F02D06FF000
:10D6CC001505E4E7CCF34513082BF8D135689E4BD0
:10D6DC009D42F4D90AF1080BBBE80F000DF10C0EBA
:10D6EC00AEE80F00DBF80030CEF80030974B9D42CF
:10D6FC004CD9974B9D424CD9964B9D424CD9964B4D
:10D70C009D424CD9954B9D424CD9954B9D422CBF7B
:10D71C004FF000454FF080451CF0020F05950CF0C2
:10D72C00040342D0002B14BF032302238DF81830BE
:10D73C00CCF300138DF81930DAF80030D3F8082543
:10D74C001CF0020FCCF340014FEA52104FF00103D2
:10D75C002FD1002840F0F18093404FF0A042C2F846
:10D76C000C3598F86D302BB1504601F02DFE00238E
:10D77C0088F86D3043467B4A03A9504601F0F0FD12
:10D78C00794B98421ED06FF0040580E74FF000757E
:10D79C00C2E74FF08065BFE74FF00065BCE74FF084
:10D7AC008055B9E74FF00055B6E7003B18BF012391
:10D7BC00BCE7002840F0C48093404FF0A042C2F870
:10D7CC000835CEE7012388F86D30C8F800600123D6
:10D7DC0084F86C30019B596A4A1C03D003F1280071
:10D7EC0000F0F4F8B9F1000F40F08780C4F84490D1
:10D7FC000023A36404F1580204F1480104F144002D
:10D80C0004F061FF009B6065002B7FD1E364002373
:10D81C00236504F1600204F1500104F14C0004F0A2
:10D82C0052FFE06520680023236448B183683BB154
:10D83C000121083004F083FF2368186905F0D9F939
:10D84C003846FFF7C3FE0022A06C1346834266D114
:10D85C000023256D1946A94268D19342264638BF4C
:10D86C0013464FF4FA5202FB03F556F8283B4FF0DF
:10D87C0000081B68B5FBF3F54FF4004CC835414666
:10D88C0040F2E7304FF47A720023E5FB0C01F9F714
:10D89C0061FD02460B46304602F0F0F818B9256CD3
:10D8AC0015F1740F13D10198C4F8688001F08CFD48
:10D8BC0084F86D803F696FF073053D6407F12800B3
:10D8CC0002F0A8F887F86C80304602F0FDF8236867
:10D8DC00002B3FF4DCAE9A68002A3FF4D8AE99884E
:10D8EC0011F480567FF4D3AE186905F082F92068E4
:10D8FC003146083004F023FFC9E6D9F800306364E0
:10D90C00002B3FF475AFD9F8043072E7009B1B680D
:10D91C00E364002B3FF47BAF009B5B6878E7616CA2
:10D92C0001EBC301013349680A448FE7E06C00EB5B
:10D93C00C1000131406803448DE7C1F80C15FFDECE
:10D94C000023C3F80835FAE747E801008FD003003D
:10D95C001FA107003F420F007F841E00FF083D00FF
:10D96C0000127A00772801000000AD0BF0B587B0EB
:10D97C0001238DF8023002238DF804306B4403939D
:10D98C000F4601AB0DF103010024049305460291EF
:10D99C00059401F029FB0C4B984206460FD103AAC3
:10D9AC003946284601F09EF9B0420BD09DF8031081
:10D9BC00284601F013FB6FF0040007B0F0BD6FF0C8
:10D9CC001200FAE72046F8E70000AD0B2DE9F04114
:10D9DC000D46064605F0B3F80022074629463046A8
:10D9EC0001F008FB6B0905F01F0429D1A40004F118
:10D9FC00A044164BD4F80027134043F00C03C4F892
:10DA0C00003704F08CFF80463368DB597BB100276C
:10DA1C003046294605F091F8D4F800270B4B1340FB
:10DA2C0043F00403C4F800373846BDE8F08104F035
:10DA3C0076FFA0EB08000628E6D96FF07307E7E73E
:10DA4C0004F5E074002353F82430FFDEF0F8FCFFFB
:10DA5C0070B5012383400E4ABFF35B8FDC4352E861
:10DA6C00001F01EA040542E80056002EF7D1BFF36F
:10DA7C005B8F4FF4803282400648C0F80823BFF316
:10DA8C005F8FBFF36F8F0B4214BF0120002070BD5E
:10DA9C00A81B00200010014070B40E49D1E90034DD
:10DAAC00D01AC31844F1000422F07F46C1E90034B7
:10DABC00A6F50013B3F5400F09D2074B1B681A0AE1
:10DACC001B069C19054B42F10005C3E9004570BCCF
:10DADC0002F0E0BEC0140020AC1B0020C8140020D3
:10DAEC0011B3BFF35B8F0123104A834052E800CF80
:10DAFC004CEA030C42E800C10029F7D1BFF35B8F5D
:10DB0C000B4A4FF480338340C2F80433094BBFF304
:10DB1C005B8F1B68BFF35B8FC340DB0742BF064BB9
:10DB2C004FF40032C3F80021704700BFA81B00203F
:10DB3C0000100140A41B002000E100E00D4B186810
:10DB4C00010A0006BFF35F8F0B4BD3F8043518188E
:10DB5C0041F10001B3F5801F0AD2084BD3E9002331
:10DB6C00904271EB030303D210F1807041F100017C
:10DB7C00704700BFAC1B002000100140C8140020EF
:10DB8C002DE9F04F85B016461F469DF840A004467F
:10DB9C00FFF75EFF0190FFF7D1FFB04271EB070377
:10DBAC0054D23E4B301A67EB0101984271F10001DF
:10DBBC004FD23B4B03EB0413D3E902239F4208BF24
:10DBCC0096425ED037494FF4803804F1500508FA7C
:10DBDC0004F8AD00C1F848832046ADB204F093FEC2
:10DBEC0026F07F4B05F1804504F5A87305F58835C3
:10DBFC00DC464FF003090293029A2CF07F4341F864
:10DC0C002230C1F84483D1F80435274A6FF0020062
:10DC1C00C01A604420F07F40904232D9286868B125
:10DC2C00D1F804350393A3EB0B0020F07F40B0F543
:10DC3C00000F26D9204604F066FE039BBAF1000FB4
:10DC4C0007D109EB030C09F10109D5E7BAF1000F73
:10DC5C0009D06FF0150520460199FFF741FF2846C2
:10DC6C0005B0BDE8F08F0123104ABFF35B8FA340D2
:10DC7C0052E8000F184342E800010029F8D1BFF325
:10DC8C005B8F07490E98230101EB0412C8500F9BC0
:10DC9C005360C2E902670025DDE700BF0100800088
:10DCAC00B014002000100140FDFF7F00A41B0020D9
:10DCBC007FB51C4C1C4BC4F80833C4F848331B4BC1
:10DCCC0000254FF0FF304FF0FF31C4F80855C3E981
:10DCDC0002014FF48033C4F80433154B02264FF481
:10DCEC0000320121C4F804631120C3F880212A46B4
:10DCFC00FDF7F0F81120FDF7BDF80E4A0123A360E3
:10DD0C00236013600C4B0D4A0093CDE901550023A1
:10DD1C002846FFF735FF3046FFF784F8284604B055
:10DD2C0070BD00BF0010014003000F00B0140020B4
:10DD3C0000E100E0A81B0020A5DA0000FFFF7F0037
:10DD4C002DE9F7432B4CD4F8043399070BD5D4F8B1
:10DD5C00043143B1284A0023C4F80431D4F8043107
:10DD6C00136801331360D4F80433DA0323D5BFF3FB
:10DD7C005B8F224B53E8002F22F0010143E8001087
:10DD8C000028F7D1BFF35B8FD30702D4D4F840310E
:10DD9C008BB10025C4F84051D4F84031FFF7CEFECA
:10DDAC00EFF3108272B6164BD3E90267B042B94159
:10DDBC0004D282F3108803B0BDE8F0834FF0FF3833
:10DDCC004FF0FF39C3E90289D3E900101D604FF40D
:10DDDC008033C4F84833C4F84051D4F8403182F34E
:10DDEC0010880029E7D0009032463B4628468847E9
:10DDFC00E1E700BF00100140AC1B0020A41B002079
:10DE0C00B014002030B5431C124C85B005D08442B0
:10DE1C00A8BF0446012CB8BF0124FFF78FFE0E4BA0
:10DE2C000C4DD3E90013401AB0F5000F10D2221894
:10DE3C00AA4228BF2A4652184FF000000749009109
:10DE4C00CDE9010043F10003FFF79AFE05B030BDA8
:10DE5C002A46F0E7FFFF7F00C0140020A5DA00007F
:10DE6C0008B5FFF76BFE024B1B68C01A08BD00BF5C
:10DE7C00C014002002460B46014801F0D1BC00BF83
:10DE8C00B8040020014801F043BD00BFB8040020D5
:10DE9C0008B50A460146074803F031FE064803F070
:10DEAC002EFE002383F31188BFF36F8F03231846D4
:10DEBC0002DF08BD5A400100493E010070B506461C
:10DECC0086B019480D46194905F07BF801A8F2F700
:10DEDC009BFA174804F092FE00B3164B0093684669
:10DEEC00F2F7B8FAE8B94FF0FF304FF0FF31FFF717
:10DEFC00C1FF044638B910491048F2F743FA0446FA
:10DF0C0020B1FFF7BFFF204606B070BDFFF7BAFF88
:10DF1C0033690B481D60FDF765FBF4E76FF01204E5
:10DF2C00F1E76FF01504EEE7B41B00206129010046
:10DF3C005437010001E00000D014002019E000006B
:10DF4C006DE1000030B52A4885B0F2F791F904462E
:10DF5C00002845D1F2F76AFA0546002845D101AAF6
:10DF6C0002218DF80440F2F7BDF9041E38DB0823BA
:10DF7C0001AA07212846ADF80430F2F7B3F9041EC4
:10DF8C002EDB4FF01B13019301AA40F20323032154
:10DF9C002846ADF80830F2F7A5F9041E20DB012362
:10DFAC0001AA042128468DF80430F2F79BF9041ECF
:10DFBC0016DB1F2301AA06212846ADF80430F2F720
:10DFCC0091F9041E0CDB40F262239C420BDD85F3BD
:10DFDC001188BFF36F8F0423184602DF6FF00B0418
:10DFEC00204605B030BD2C46FAE76FF08504F7E704
:10DFFC009DDE000010B403460A46034881680C6895
:10E00C001946234610BC18475437010070B53C4CD8
:10E01C0094F84730F3B194F84730042B43D120786F
:10E02C003E2829D0FF282DD0002563780233472BBA
:10E03C005CD8002200232946FDF7E0FA064630BBE7
:10E04C00CDB1002384F84730BDE870402D492E48EF
:10E05C0004F0D3BF4FF0FF304FF0FF31FFF70AFF52
:10E06C0048B904F14701204600F006FB0546FFF7CE
:10E07C0009FF002DCFD070BDA578022D14BF00254F
:10E08C000125D2E7A57805F0FD05802DF6E762782D
:10E09C001B4902320C3003F0E7FF1C4B1B68314666
:10E0AC001B489847CDE7022B14D1002200230820EF
:10E0BC00FDF788FA05460028DDD062880432472A2D
:10E0CC0014D80F4905F10C0003F0CEFF0F4B294675
:10E0DC001B68E5E7082BB4D1002200232020FDF7B4
:10E0EC0071FA628805460028E8D1C4E7002383F35F
:10E0FC001188BFF36F8F0423184602DFA1E700BF1E
:10E10C0074210020B41B002038170020B01B002005
:10E11C008437010038B50B8A0D46D3B10B7E012B29
:10E12C0017D14FF0FF304FF0FF31FFF7A3FE04463D
:10E13C0068B9E86800F030F80446FFF7A3FE34B97C
:10E14C000549064804F059FF2846FDF79BF920467F
:10E15C0038BD6FF01504FAE7B41B00203817002007
:10E16C000A4B93F84730042B02D1810709D470472E
:10E17C00022B02D1020704D47047082B05D1830669
:10E18C0003D50349034804F038BF704774210020BD
:10E19C00B41B002038170020F7B5C74D2B78064666
:10E1AC00002B40F0628204238DF80730C34B0488A7
:10E1BC001F68B7B10DF106030DF10702691CB847D2
:10E1CC0001280ED09DF80630002B40F028819DF8D8
:10E1DC000730AB700E2201236A70EB70AC80A87113
:10E1EC0026E1A30A082B6BD009D8032B0ED0042BE5
:10E1FC001FD0012040F206439C427DD10FE13F2B02
:10E20C0000F07381012001280AD0E0E7B6F9003054
:10E21C0040F60142934205D040F60342934205D0AA
:10E22C000120FCE0F01CF9F74AFAECE7F2F7E6F90A
:10E23C00E9E73388A3F58053013B082BF0D801A202
:10E24C0052F823F075E2000087E200009BE2000028
:10E25C002DE200002DE200002DE200002DE2000076
:10E26C002DE20000BBE200009DF807309448083313
:10E27C008DF80730F9F7ACFAC5E79DF807309048F0
:10E28C0040338DF8073004F067FB00209FE79DF8C2
:10E29C00073008338DF80730894B00221A605A601A
:10E2AC00EB7A23F0600343F06003EB72EDE79DF82B
:10E2BC000730834806338DF80730F9F78BFAA2E75D
:10E2CC00304642F21C0130F8033B1AB28A4259DC48
:10E2DC00B2F5005F42F2640214DC9442A0D000F26A
:10E2EC00C28142F219039C4200F2BB8142F20C0340
:10E2FC009C424FF0010067D840F21D439C4200F055
:10E30C008E8080E7A3F50053013B1B2BE5D801A1C0
:10E31C0051F823F0ABE30000E3E30000F5E3000069
:10E32C00E7E2000047E400004DE4000053E4000085
:10E33C0065E400006BE4000071E40000E7E200001B
:10E34C00E7E20000E7E20000E7E200007DE4000005
:10E35C008FE4000095E400009BE40000E7E200007D
:10E36C00E7E20000E7E20000E7E20000A1E40000C1
:10E37C00B3E40000E7E20000E7E20000E7E200009F
:10E38C00D1E4000042F24B039A4200F0A58042F225
:10E39C007C039A4269D042F264039C429EE7F9F7EF
:10E3AC001BFA42F264039C4239D042F264039C4251
:10E3BC0000F2038142F219039C4200F2468142F2C0
:10E3CC000C039C427FF616AFA4F500530D3B9BB299
:10E3DC0041F2412232E19DF80730394803338DF880
:10E3EC000730F9F7FEF9DCE79DF8073034480833BD
:10E3FC008DF8073004F0D3FA42F264039C420DD03E
:10E40C0000F2DA8042F219039C4200F21D8142F2C2
:10E41C000C039C4240F20B810020D5E700200F2317
:10E42C006B700423AB700123E8702B71A5F80540C9
:10E43C0001232B70002003B0F0BDF9F7D4F9B0E73D
:10E44C00F9F7D3F9ADE79DF807301D4801338DF886
:10E45C000730F9F7CCF9A4E7F9F7CBF9A1E7F9F70D
:10E46C00CAF99EE7F9F7C9F99BE7F9F7DAF998E7E2
:10E47C009DF80730124801338DF80730F9F7BFF9D2
:10E48C008FE7F9F7BEF98CE7F9F7BDF989E7F9F7EA
:10E49C00BCF986E79DF80730094910338DF8073031
:10E4AC00F9F7B5F97DE79DF80730054808338DF885
:10E4BC000730F9F7AEF974E7BC210020C41B00202B
:10E4CC00C32100209DF8073008338DF80730032353
:10E4DC00EB710023EB728FE79DF807306448023331
:10E4EC008DF80730F9F79BF95BE730464FF60C5285
:10E4FC0030F8033B934236D84FF60152934206D87C
:10E50C0003F2FF3292B20A2A20D901203AE0A3F595
:10E51C007D43023B0A2BF8D801A252F823F000BF2E
:10E52C0019E600001FE6000025E600002BE60000BF
:10E53C0017E5000017E5000017E5000017E50000DF
:10E54C0017E5000017E5000031E60000A3F57C4359
:10E55C00013B0A2B69D8DFE803F00D1B6868684D96
:10E56C0068683B4450004FF61D529342CDD1F9F7E9
:10E57C002DF907E09DF807303D480C338DF8073036
:10E58C00F9F7A2F824F008034FF602529342B6E6CC
:10E59C009DF8073040338DF80730354B00221A8038
:10E5AC00EB7923F0230343F02303EB712B7A23F055
:10E5BC00070343F007032B72002042F285039C42B1
:10E5CC00E0D842F267039C4233D842F2660395E6E8
:10E5DC009DF80730264817338DF80730F9F791F876
:10E5EC00D0E79DF80730224820338DF80730F9F733
:10E5FC00ACF8C7E7F9F783F8C4E79DF807301C4877
:10E60C0001338DF80730F9F7BDF8BBE7F9F7D0F80F
:10E61C00B8E7F9F7CFF8B5E7F9F7CEF8B2E7F9F7BD
:10E62C00D1F8AFE7F9F7D0F8ACE70120BDE6002050
:10E63C0062E6A4F50153283B0E4A9BB222FA03F37F
:10E64C00DB077FF5E0ADEAE6002042F232039C42A4
:10E65C003FF4E5AEA4F50153033B012B7FF6DFAE8F
:10E66C00D1E50120F1E70120A7E74FF0FF30E2E60A
:10E67C00C32100202F80402038B5094C23780D464B
:10E68C001BB9BDE83840F9F70AB8A278611C023210
:10E69C0004F06EFF0020042320702B7038BD00BFE7
:10E6AC00BC21002070B505460E46084C204604F0EF
:10E6BC00A5FA38B1A368B2B2294620461B68BDE85A
:10E6CC00704018476FF0120070BD00BF5437010046
:10E6DC0008B50A460146074803F011FA064803F04C
:10E6EC000EFA002383F31188BFF36F8F03231846B0
:10E6FC0002DF08BD8B400100493E010037B53223D3
:10E70C00ADF80430124A00230125192168468DF812
:10E71C000630ADF800508DF80230F8F7EBF80446EF
:10E72C0090B94FF4AF60F5F7F1FC2A46214608206A
:10E73C00FCF7D0FB2A4621460B20FCF7CBFB2A46E4
:10E74C0021462846FCF7C6FB204603B030BD00BF6F
:10E75C00DDE600000149024804F04FBCC81B002054
:10E76C003817002037B50D4D0D49002400946FF07B
:10E77C0009034FF48062284601F0FCFA0949284647
:10E78C0004F076FC0849094804F01BFC22460421DD
:10E79C001920FCF79FFB204603B030BD3817002032
:10E7AC00003B0020A0400100E1290100C81B002013
:10E7BC00014B00201B681847D81B002020B10128F2
:10E7CC0006D10448F5F7D8BB034B01201B6818474A
:10E7DC00704700BFBDE70000D81B0020014B18603C
:10E7EC0001487047D81B00200000AD0B4FF0704360
:10E7FC0093F8E02F062A09D1D3F8E83FC3F30313AB
:10E80C00033B042B02D8024AD05C704700207047AF
:10E81C00B9400100024AD2F80034002BFBD07047FB
:10E82C0000E0014010B504F007F940B14FF08053FF
:10E83C008E4AD3F82433C3F30423C2F84035FFF7D0
:10E84C00D5FF10B18A4B8B4A5A6704F0F5F848B1E2
:10E85C004FF080534FF08042D3F84432C3F342332D
:10E86C00C2F83C35FFF7C2FF30B1834AD2F8FC3016
:10E87C0023F08073C2F8FC3004F0DEF840B14FF0A6
:10E88C0080430022C3F80C21C3F81021C3F83825AB
:10E89C00FFF7ACFF20B14FF080430322C3F8A02553
:10E8AC00FFF7A4FF60B1754B0522C3F810260122B7
:10E8BC00C3F888260022C3F818263F22C3F8142672
:10E8CC004FF08053D3F83021511C09BF4FF07043E7
:10E8DC00D3F8343193F8E02FD3F8E83F08BFC3F3F3
:10E8EC000313062A4DD1033B042B03D8644AD35C93
:10E8FC00002B46D04FF08052624BD2F80414C3F870
:10E90C002015D2F80814C3F82415D2F80C14C3F847
:10E91C002815D2F81014C3F82C15D2F81414C3F817
:10E92C003015D2F81814C3F83415D2F81C14C3F8E7
:10E93C004015D2F82014C3F84415D2F82414C3F8A7
:10E94C004815D2F82814C3F84C15D2F82C14C3F877
:10E95C005015D2F83014C3F85415D2F83414C3F847
:10E96C006015D2F83814C3F86415D2F83C14C3F807
:10E97C006815D2F84014C3F86C15D2F84424C3F8C7
:10E98C00702504F059F848B14FF080534FF0804295
:10E99C00D3F8583203F04F03C2F8E43E04F04CF8BD
:10E9AC0048B14FF08043D3F80024D20744BF6FF036
:10E9BC000102C3F800244FF08053D3F83021062A0B
:10E9CC0026D1D3F83431033B042B02D82E4AD35C26
:10E9DC0063B12E4AD2F83C3743F48063C2F83C371B
:10E9EC004FF08053D3F83031062B11D14FF08053B8
:10E9FC00D3F83431033B042B02D8254AD35C3BB10A
:10EA0C004FF01023D3F808224FF08043C3F8582559
:10EA1C004FF01023D3F80022002A03DBD3F8043282
:10EA2C00002B22DA1B4901234FF01020C1F80435CA
:10EA3C001524FFF7EFFEC0F80042FFF7EBFEC0F81D
:10EA4C000442FFF7E7FE0023C1F80435FFF7E2FEAE
:10EA5C00BFF34F8F0849104BCA6802F4E0621343AE
:10EA6C00CB60BFF34F8F00BFFDE710BD00300140FE
:10EA7C0000C007400DF0ADBA00ED00E000500040C2
:10EA8C00B440010000C00040AF4001000010004045
:10EA9C00AA40010000E001400400FA0530B504680A
:10EAAC00CCB1BFF35B8FB4FA84F3C3F11F03DBB2B9
:10EABC0001229A4024EA020250E8005FA54204D1E8
:10EACC0040E8002CBCF1000FF6D1BFF35B8FE6D110
:10EADC0002480B7030BD0248FCE700BF0000AD0BD4
:10EAEC000200AD0B10B50368CB40DB0714D4012337
:10EAFC008B400268BFF35B8F43EA020150E8004F82
:10EB0C00944204D140E8001CBCF1000FF6D1BFF3D5
:10EB1C005B8FEED1014810BD0148FCE70000AD0B46
:10EB2C000400AD0B70B500F108030C4C34F8133035
:10EB3C00DA0505460E4607D5C3F3432304EBC3029F
:10EB4C0054F8333052689847A3682BB1E2683146C9
:10EB5C002846BDE87040184770BD00BFE803002090
:10EB6C0010B4C0B2114A083032F81030D9051BD598
:10EB7C00C3F3432123F4F85322F8103002F10E04AE
:10EB8C00002034F8023F13F4807F03D0C3F34323F7
:10EB9C00994209D001302028F3D1002342F83130BA
:10EBAC00034810BCFFF79EBF10BC7047E803002061
:10EBBC0040040020F0B50546002004460126074617
:10EBCC008C420BD1114BD3F87C2132B10022C3F80B
:10EBDC007C21D3F87C3140F00040F0BDE3B29B00C7
:10EBEC0003F580729B0806FA03F31D420BD002F169
:10EBFC00804202F5C042D2F800C0BCF1000F02D036
:10EC0C001760126818430134DAE700BF0060004057
:10EC1C00C0B2064B083033F81000830643BF400BDC
:10EC2C00800000F580704FF4BE707047E803002040
:10EC3C00CBB20246083308460C4931F8133099061A
:10EC4C0011D599070FD410685B0B01219940C0F8BE
:10EC5C000813126802EB8303D3F8102522F0030289
:10EC6C00C3F810257047002103F048BFE8030020CB
:10EC7C00F7B5CDB2174E0835074636F81530DB0719
:10EC8C000C4624D5FFF7D4FF36F815309A0606D576
:10EC9C005B0B3A6803F5A273002142F8231020465F
:10ECAC00FFF75EFF002301A826F81530019403F04E
:10ECBC00D2FE019B00EB8300074BD0F800271340DA
:10ECCC0043F00203C0F80037044803B0F0BD044819
:10ECDC00FBE700BFE8030020F0F8FCFF0000AD0BE1
:10ECEC000400AD0B2DE9FF41136807460C46154691
:10ECFC00FBB1CEB2DFF83C81083638F8162002F0B2
:10ED0C002202222A22D00022CDE900228DF80E20E8
:10ED1C008DF80F200DF10E010DF10F02204603F0BE
:10ED2C00A4FE38F8163023F0020343F0010328F850
:10ED3C0016306B684BB393F800C05A683D4EE3B283
:10ED4C00083336F81310880702D5B2B13A481FE0E1
:10ED5C0021F02001C904C90C26F813106AB1BCF1CA
:10ED6C00030FF3D86A68386852681278BCF1000F48
:10ED7C0011D102F5A27240F822C036F8132022F00D
:10ED8C001C0242EA8C0226F81320AB6843BB2B48CA
:10ED9C0004B0BDE8F08100EB820041EA4231D0F8CA
:10EDAC0010E52EF0030EC0F810E53F6807EB820764
:10EDBC0041F02001D7F8100526F8131020F4473045
:10EDCC0020F44070C7F810052002D7F810E500F4C5
:10EDDC00F85040EA0C4040EA0E00C7F81005CCE7AA
:10EDEC00D3E900672046FFF7BBFE002ECFD0114DB4
:10EDFC00D5E90023964203D19F4201D1002209E0BC
:10EE0C000F480DF10F01FFF749FE0C4B9842BFD193
:10EE1C009DF80F2045F83260E4B205EBC2030834CC
:10EE2C005F6035F8143043EA422343F4807325F8CD
:10EE3C001430ACE7E80300200400AD0B0000AD0B70
:10EE4C00400400202DE9FF4107460C461E4612B334
:10EE5C00CDB2DFF8D080083538F81530980701D4DA
:10EE6C00990621D413F01C0F02D05378012B1BD020
:10EE7C0001238DF80F300023CDE900230DF10F0194
:10EE8C00931C2046013203F0F0FD38F8153043F0A6
:10EE9C00030328F81530002E42D0E1B2214D083181
:10EEAC0035F81120930703D41F4804B0BDE8F08156
:10EEBC0096F800E0D7F800C022F020020EF5A27000
:10EECC00D2040023D20C4CF8203025F8112096F8EF
:10EEDC0001C0BCF1000F23D03868B67800EB8E006F
:10EEEC004FEA0C4CD0F8103523F4981323F4F85354
:10EEFC00C0F81035230203F4F8530CF4403C3605EB
:10EF0C00D0F8107543EA0C0306F4801642EA4E3230
:10EF1C00334342F020023B4325F81120C0F8103552
:10EF2C000248C2E7E80300200400AD0B0000AD0B63
:10EF3C00014BC3E902127047E8030020C9B2083143
:10EF4C00044B33F81130990643BF5B0B0248137026
:10EF5C0002487047E80300200000AD0B0400AD0B25
:10EF6C0070B5164D95F8604006462CBB21464022E4
:10EF7C0005F1100004F00AFB30682E6D21468E421C
:10EF8C000ED10023C0F87C31D0F87C3140F307302F
:10EF9C00FBF770FF01230A4885F86030AB6570BD44
:10EFAC00CBB29B0003F580727C2B08BF845001F11F
:10EFBC00010108BF8358E2E70248F0E7E8030020AC
:10EFCC000000AD0B0C00AD0B034B93F86000003848
:10EFDC0018BF0120704700BFE80300200148FFF76D
:10EFEC0081BD00BF3C0400200148FFF757BD00BFA6
:10EFFC003C04002073B503680C46D3F804130029B5
:10F00C00A4BF4FF00041C3F80413E3B21D49083309
:10F01C0031F8133099061AD513F0020617D15B0B91
:10F02C009C00056804F580716E5069580168214494
:10F03C00D1F8104544F00104C1F810452AB101681B
:10F04C00012202FA03F3C1F8043302B070BDC3F31A
:10F05C008203042B12D0052B12D001A8019403F0CB
:10F06C00FAFC019AD0F81035D34003F00103991C37
:10F07C00204602B0BDE8704003F040BD0321F7E725
:10F08C000221F5E7E80300202DE9F347544B554FD7
:10F09C00D3F80403396DC0B240F00040FFF78AFD8D
:10F0AC00051E18DA0023F96D0093684603F035FD50
:10F0BC004FF0010897F85C30DA075AD4396D4FF0ED
:10F0CC000040FFF777FDF96D684603F026FD002838
:10F0DC00F0D125F000450124002D69D102B0BDE826
:10F0EC00F08794FAA4F4B4FA84F4E00804F1080369
:10F0FC0004F0070237F813901DF80030019408FA59
:10F10C0002F223EA02030DF8003001A803F0A3FC7D
:10F11C00019B03F5E0734FEA990150F82360C9F3A2
:10F12C00820A4B07D146C6F3014626D520465146E6
:10F13C00FFF7F8FC01A8019403F08DFC019B03F58B
:10F14C00E073F6B250F82330C3F301439E4207D16B
:10F15C000021204603F0D2FC3146204603F0CEFCC1
:10F16C0001A8019403F077FC019B08FA03F3C0F8A3
:10F17C002035009C002CB4D1A0E7022E0CD1032129
:10F18C00204603F0BBFC0AF00503012BE8D14946ED
:10F19C002046FFF7C7FCE3E70221204603F0AEFC54
:10F1AC00BAF1030FF3D0032EDAD1BAF1020FEDE767
:10F1BC0095FAA5F3B3FA83F304FA03F29B0003F177
:10F1CC00804303F5C04325EA0205D3F81005D3F8B4
:10F1DC001015C0F30420C1F30141FFF7A3FC7BE73A
:10F1EC0000600040E803002007B5019001A803F07F
:10F1FC00A9FC019B00EB8300054BD0F800271340C2
:10F20C0043F00303C0F8003703B05DF804FB00BF04
:10F21C00F0F8FCFF73B5CB7B0446002B38D10B7B8D
:10F22C000878012B77D803F0A4FC0B78019301A884
:10F23C0003F088FC019B00EB83003C4BD0F80027CB
:10F24C00134043F00103C0F800374878FF2804D07E
:10F25C0003F08FFC4878FFF7C7FF8B78FF2B0FD09C
:10F26C0001A88D7B019303F06DFC019B00EB8300E7
:10F27C002E4BD0F80027134043EA8503C0F8003723
:10F28C00C878FF2804D003F067FCC878FFF7ACFF00
:10F29C0023792748CA78282505FB03039A770B7C2A
:10F2AC009BB94B7825680E78FF2B18BF1A468B78C4
:10F2BC00C5F8086508BF4FF0FF32FF2B08BF4FF0B1
:10F2CC00FF33C5F80C25C5F8103523688A68C3F8D8
:10F2DC0024254B7B0A7B2568003B18BF0123022A9F
:10F2EC001CD0032A1DD0012A01D143F00203C5F81A
:10F2FC00543523794979282202FB0303D9772379E2
:10F30C005343C35883B1206840F3073002B0BDE8C3
:10F31C007040FBF7AFBD03F01FFC86E743F004031E
:10F32C00E5E743F00603E2E702B070BDF0F8FCFF3E
:10F33C00DC1B002007B5019001A803F003FC019B26
:10F34C0000EB8300054BD0F80027134043F0020379
:10F35C00C0F8003703B05DF804FB00BFF0F8FCFF09
:10F36C002DE9F04190F80480144C4FF0280C0CFB64
:10F37C0008FC04EB0C06074696F81CE0BEF1000FE7
:10F38C0019D144F80C20736041B1CB7B86F8253041
:10F39C00CB78B3774B79F377FFF73CFF3A680848A3
:10F3AC000123C2F80035282202FB084400226277B0
:10F3BC002377BDE8F0810348FBE700BFDC1B00208E
:10F3CC000000AD0B0C00AD0B70B50679194C05683F
:10F3DC0028237343E35833B145F30730FBF758FD4B
:10F3EC000423C5F808330023C5F80035282303FB94
:10F3FC00064393F82530BBB9D5F80805FFF79AFFFB
:10F40C00D5F81005421C01D0FFF794FFD5F80C0578
:10F41C00431C01D0FFF78EFF282303FB0643987F84
:10F42C00FF2801D0FFF786FF282303FB06440023A7
:10F43C00237770BDDC1B00202DE9F8430779394C8C
:10F44C0028237B439046E2180E46517F81460029C3
:10F45C0066D1E3580BB10123537796E80F002825AA
:10F46C0005FB074505F10C0C8CE80F00A87F002369
:10F47C00FF2885F8243001D003F07BFB2823B8F15A
:10F48C00000F06D003FB0743002227485A77BDE83C
:10F49C00F883D9F8005003FB07430422C5F808236E
:10F4AC00C3F82080C5F80881D5F8082172689AB194
:10F4BC0033681B78C5F81C357368012B0ED933687B
:10F4CC005B78C5F81C3528237B43E65876B10423BA
:10F4DC00C5F804331548DAE7DB7FEBE7F368012B5B
:10F4EC00F1D9282303FB0743DB7FEAE707EB87010E
:10F4FC0004EBC101D5F80831002BFBD0C5F808612D
:10F50C002846D5F8083103F041FB0028F2D1282316
:10F51C0003FB0744A07FFF28DCD003F01DFBD9E7D9
:10F52C000348B4E7DC1B00200300AD0B0000AD0B5F
:10F53C000B00AD0B10B54FF040200023C0F8083184
:10F54C000A49D0F8083103F021FB68B9887FFF28FD
:10F55C0001D003F001FB00234B770B72BDE8104088
:10F56C00D1E900310248184710BD00BFDC1B002058
:10F57C00E41B002038B5EFF31185402383F3128888
:10F58C00BFF36F8F064B9C6803F04BFB85F3118820
:10F59C00BFF36F8F2046BDE83840FBF70FBC00BFB0
:10F5AC00041C002038B5094B53F82040013053F8A7
:10F5BC002050A54200D838BD636823B1204603F023
:10F5CC0033FB0834F5E723689847FAE7843D0100DC
:10F5DC0070B52B4B2B4C2C4D012286B003201A708E
:10F5EC00FFF7E0FFFBF7DCF903F046FB0420FFF725
:10F5FC00D9FF2646AE4204F1300410D300F04CFE85
:10F60C00204C224EAC4226D300F05AFEF9F744FEB1
:10F61C001F4A137B23F00103137306B070BD54F81B
:10F62C000C3C059354F8103C049354F8143C03938D
:10F63C0054F8183C029354F81C3C019354F8203CA9
:10F64C00009354E90A2354E90C0100F035FC54F8FA
:10F65C00303C5E65CDE7D4E90A23B3F1FF3F08BF28
:10F66C00B2F1FF3F05D052EA0301206803D100F04C
:10F67C0005FF3034C6E73146183001F095F8F8E74D
:10F68C000422002008390100683901007D31010095
:10F69C007818002008B50348034A0021121A03F019
:10F6AC00E7FA08BDB00500200822002070B5164E00
:10F6BC00164D1749902386B003FB006601220023E8
:10F6CC00CDE904230F22CDE902320193142303FB6D
:10F6DC00005504464FF4C07000FB04110D4B00950F
:10F6EC004FF4A072304600F0E7FB737B0A4AEE60E1
:10F6FC0023F0040373734FF4046304FB03331344C8
:10F70C002C746B6006B070BDE8170020041C002040
:10F71C0080470020512D0100403F0020BFB5002044
:10F72C00FFF740FF2D4B83F308882D4D2D4E6B6951
:10F73C002D4F43F400736B61E02385F822300024D5
:10F74C002023EB772C766C76AC7685F820406B6AB0
:10F75C0043F4E0236B6285F82340FBF7ABFAFBF72D
:10F76C0041FC4FF0FF33AB62EB62FBF701FDFBF7A3
:10F77C005DFC1E4BB36040F201129A81C3E91D443B
:10F78C00C3F8804003F039FA0120FFF70BFF022089
:10F79C00174DFFF707FF00F0C7FD164B756105937A
:10F7AC00012315490094CDE903434FF480623B4695
:10F7BC00CDE90144284600F07FFB6A7B064622F027
:10F7CC00040228466A7303F090FC2046FFF76EFF94
:10F7DC003A4631462846FBF7E5FB00BF8047002040
:10F7EC0000ED00E0041C0020DDF50000B81900203D
:10F7FC0078180020BE4001000049002038B5064CA6
:10F80C00064DAC4201D3002038BDD4E9011220468C
:10F81C0003F033FA1434F4E7B8040020B8040020E1
:10F82C002DE9F341044617461E46EFF31188402399
:10F83C0083F31288BFF36F8FC368334A7BB1806840
:10F84C009168884219D057EA060318D188F31188B9
:10F85C00BFF36F8F6FF00F0002B0BDE8F0819168BD
:10F86C0091F90E1021610133E3609368A36088F372
:10F87C001188BFF36F8F0020EEE72169F2E791F951
:10F88C000E1090F90E309942A8BF19466FF07E0207
:10F89C009142B8BF11468B422DDD03F05EFA05464E
:10F8AC00CDE9007619482246414600F055FC002867
:10F8BC00E1D0EFF31186402383F31288BFF36F8FEF
:10F8CC00A068D0B1236821699C420AD04BB193F94E
:10F8DC000E309942A8BF19466FF07E039942B8BF0B
:10F8EC00194603F03AFA40B10848314600F0AEFC34
:10F8FC006FF00A00B0E70025D2E7002DF4D186F3B3
:10F90C001188BFF36F8FF3E7041C00200522002041
:10F91C00F8B583680546002B40D0234A9268934281
:10F92C003FD1C368012B03D9013BC3600020F8BD54
:10F93C00EFF31187402383F31288BFF36F8F0169B4
:10F94C00806803F00AFA2C68A54207D10023C5E9A8
:10F95C00023387F31188BFF36F8FE7E7002CF5D0E4
:10F96C00D4E9003213605A60637B002623F0020353
:10F97C006373C4E90066A66004F1180003F0A5FCEB
:10F98C00AC6094F90E302B612046C4F88C6003F007
:10F99C00ACFB0648394600F059FCC7E76FF0150080
:10F9AC00C5E74FF0FF30C2E7041C00200522002001
:10F9BC0037B51146EFF31185402282F31288BFF35D
:10F9CC006F8F04689CB12368426823F00303944250
:10F9DC00036008BF43600121204603F03FFA044650
:10F9EC0085F31188BFF36F8F204603B030BD51EA09
:10F9FC000302F5D000F10802CDE9001310462946A8
:10FA0C0000F0AAFB0028EFD1014B9B685C69EBE787
:10FA1C00041C002070B5EFF31186402383F3128889
:10FA2C00BFF36F8F0468A0421BD0D4B1D4E900326D
:10FA3C0013605A60637B002523F00203C4E9005570
:10FA4C006373A56004F1180003F03FFCC4F88C50FC
:10FA5C00204603F04AFB31460748BDE8704000F0F1
:10FA6C00F5BBD0E902329A4218BF01338360022100
:10FA7C00103003F0F8FCEEE70522002013B5EFF38D
:10FA8C001181402484F31288BFF36F8F846844B1D2
:10FA9C00013C846081F31188BFF36F8F002002B0AA
:10FAAC0010BD52EA030406D181F31188BFF36F8FA6
:10FABC006FF00F00F3E7CDE900230246014800F098
:10FACC004BFBECE7052200202DE9F0410546EFF356
:10FADC001187402383F31288BFF36F8F00266FF0DA
:10FAEC000A082C68A54215D0A4B1D4E900321360E1
:10FAFC005A60637BA66023F00203C4E9006663735B
:10FB0C0004F1180003F0E1FBC4F88C80204603F0EC
:10FB1C00ECFAE6E7002305F11000AB60022103F0DC
:10FB2C00A2FC39460248BDE8F04100F08FBB00BF93
:10FB3C00052200201FB5094A92E8030002AB83E8B6
:10FB4C0003004FF400620093054906484FF0FF3361
:10FB5C0000F010F9002005B05DF804FBD03901006D
:10FB6C00404D0020081900202DE9FF414F4E04465E
:10FB7C004027EFF3118887F31288BFF36F8FD4F807
:10FB8C009050F5B9022104F1A80003F0A8F900285F
:10FB9C0068D004F1A00500220121284603F037FBB0
:10FBAC000028F8D1002302934FF0FF324FF0FF33BF
:10FBBC00CDE90023414604F198023D4800F012FDC6
:10FBCC00D7E7D4F894202B68C4F89030954208BF3E
:10FBDC00C4F89430D4F8A83043F00203C4F8A83029
:10FBEC00EB6823F0040343F00103EB606B6888F3CC
:10FBFC001188BFF36F8F28469847EFF3118887F36E
:10FC0C001288BFF36F8FEB68D80623F0010236D44D
:10FC1C00EA60EB689A0716D5306823F00203EB60B4
:10FC2C0088B10368002170B14268954235D10368F0
:10FC3C0069BB72683360824200D17360002340F864
:10FC4C00083BFFF7E7FED4F8A83023F00203C4F812
:10FC5C00A83088F31188BFF36F8FDB0589D400F0CF
:10FC6C006BFB86E7D4F8A830D9069BD5C4F8A8005E
:10FC7C0088F31188BFF36F8F04B0BDE8F08123F0D7
:10FC8C001103EB6005F11000FFF7C4FEC1E70B6038
:10FC9C007368834208BF7160D0E723B11A680146CC
:10FCAC0018461346BFE71A46F9E700BF241C00208C
:10FCBC0005220020F8B5C3689A0704460F46C3F323
:10FCCC0040062CD45B071AD40B680BB983680B6005
:10FCDC00E368DD0744BFA3683B603D684CBF022668
:10FCEC000126002D3AD01F4B9B68AB420AD0D5F8A9
:10FCFC00A830D807C3F3800214D46FF01206002387
:10FD0C003B6025E003F0AEF9D5F8A8300028F0D11F
:10FD1C00D907C3F3C002F0D552B15B0708D46FF01A
:10FD2C000F06ECE7002AFAD1C3F3C003002BF6D17F
:10FD3C0000232360D5F8943063B9C5E924442846E0
:10FD4C0003F0E7F8E36843F00403E3603B68A36067
:10FD5C003046F8BD1C60C5F89440F0E76FF015060E
:10FD6C00CDE700BF041C00200146014803F045B953
:10FD7C0008190020F0B589B004460020C4E924001D
:10FD8C000E9D04F19800C4E9260004F1A000C4E91A
:10FD9C0028004DB32879002840F2011008BF01203B
:10FDAC00C4F8A80000204FF0FF364FF0FF37CDE924
:10FDBC000330CDE90100CDE906670C4B00942046D9
:10FDCC0000F0CAF855B1296811B1204603F050F97A
:10FDDC006B791BB1237B43F001032373204609B0DD
:10FDEC00BDE8F04000F04ABB0120D9E775FB0000EC
:10FDFC0037B501900846EFF31184402181F3128846
:10FE0C00BFF36F8FC16811F01E0F16D153EA0205B4
:10FE1C0008D101A9FFF74EFF84F31188BFF36F8F50
:10FE2C0003B030BD41F00801C1600199816210300E
:10FE3C00034900F0B9FC0120EEE70020ECE700BF1D
:10FE4C00932F010001460148FFF7D2BF081900208B
:10FE5C00F7B50C46019016461D46EFF3118740236B
:10FE6C0083F31288BFF36F8F084603F043F855EA0B
:10FE7C00060309D101A92046FFF71CFF87F311885F
:10FE8C00BFF36F8F03B0F0BDE368074943F008037D
:10FE9C00E360019BA36204F1100032462B4600F094
:10FEAC0083FC0120EAE700BF932F010001460148C3
:10FEBC00FFF7CEBF081900202DE9F043073285B0BB
:10FECC0022F007020E461F461099017300F15803E9
:10FEDC007F32C0E916330446002322F03F0204218E
:10FEEC00836041733F2A0F98A073C4E90633E37310
:10FEFC0006F14009A2F1400805D883F31188BFF33D
:10FF0C006F8F084602DFB51829462046FAF75AFDCE
:10FF1C0007300E9B20F00700E067C4E91D980293A0
:10FF2C000D9B01932D1A0C9B00932A463B463146A0
:10FF3C002046FBF705F80023636584F87030054B09
:10FF4C009B680BB1D3F88030C4F88030284605B0DC
:10FF5C00BDE8F083041C0020F0B587B000250595A2
:10FF6C00109D04950F9D03950E9D0295DDE912766B
:10FF7C000D9D01950C9D00950446FFF79DFFB6F174
:10FF8C00FF3F08BFB7F1FF3F05D056EA070305D185
:10FF9C00204600F073FA204607B0F0BD03493A46FC
:10FFAC00334604F1180000F0FFFBF4E77D3101004B
:10FFBC000A4A93686FF00A01C3F88C100849C3F819
:10FFCC0088004B6843F080534B60002383F3118807
:10FFDC00BFF36F8F9368D3F88C007047041C00201C
:10FFEC0000ED00E070B590F90D20437B002A39DB61
:04FFFC00D90637D11A
:020000021000EC
:100000008269002A34D11D4C63F07F03224643737A
:1000100052F8183F93422CD1E169C0E900210860F1
:10002000E06111E09942F8D01B68002BF5D090F9FF
:100030000E5093F90E60B542F4D0AE42F2DD59682D
:10004000C0E9003108605860A569954200D005B943
:10005000E568A3685A7BD20604D1DA897F2A01D9E0
:10006000AA6942B1AB4202D0284600F001FB6561AB
:1000700070BDE169D9E76361FAE700BF041C0020A5
:1000800038B590F90D20437B002A014604DA03F0CD
:100090007F03437302F0F5FF0D4D2A46AB6852F81B
:1000A000184F944200D004B9EC688B4207D05A7BB9
:1000B000D20604D1DA897F2A01D9A2692AB1A342E2
:1000C00002D0204600F0D4FA23466B6138BD00BF51
:1000D000041C002070B590F90D20437B002A0146D6
:1000E00004DA03F07F03437302F0CBFF4B7B1C4C1D
:1000F00063F07F0322464B7352F8183FE069934246
:1001000007D1C1E900200160E16111E09842F8D017
:100110001B68002BF5D091F90E5093F90E60B54293
:10012000F4D0AE42F2DD5868C1E900300160596098
:10013000A569A368954200D005B9E5688B4207D050
:100140005A7BD20604D1DA897F2A01D9AA692AB159
:10015000AB4202D0284600F08BFA2B46636170BD9B
:10016000041C0020F8B5124B0C461146114A986841
:100170001060DDE90676EFF31182402282F31288E7
:10018000BFF36F8F9D68284602F08DFFB6F1FF3FE9
:1001900008BFB7F1FF3F06D007493A46334605F19D
:1001A000180000F007FB2046BDE8F840FFF706BF47
:1001B000041C00202C1C00207D310100F8B50446F1
:1001C000EFF31186402383F31288BFF36F8F437BD5
:1001D000DA0649B217D18269AAB903F07F034373E3
:1001E00002F04FFF1B4D437B817363F07F032A4670
:1001F000437352F8183F93422AD1E869C4E90020BA
:100200000460EC6116E0A173002086F31188BFF34F
:100210006F8FF8BD8342F1D01B68002BEED093F9AD
:100220000E70B942F6D08F42F4DD5968C4E900314E
:100230000C605C60AC69944200D004B9EC68AB68B7
:100240009C4202D0204600F013FA6C610120DCE7EA
:10025000E869E2E7041C002049B9EFF3058030B9F2
:10026000054B5A699B689A4201D0FFF7A7BE81F3FC
:100270001188BFF36F8F7047041C0020034648B9F4
:10028000EFF3058232B9064A51699268914201D072
:10029000FFF794BE83F31188BFF36F8F704700BFE1
:1002A000041C0020EFF31181402383F31288BFF375
:1002B0006F8F054B9A68D37B013BD37381F3118811
:1002C000BFF36F8F704700BF041C002070B5EFF3C1
:1002D0001186402383F31288BFF36F8F144DAB68F0
:1002E000DA7B0132DA732A4652F8184F944200D072
:1002F00004B9EC685A7BD20604D1DA897F2A01D985
:10030000A2692AB1A34202D0204600F0B1F92346E7
:100310006B6186F31188BFF36F8FEFF31180402379
:1003200083F31288BFF36F8FBDE87040FFF7A6BF5D
:10033000041C0020024B03F11802C3E90622704797
:10034000041C002070B5EFF31186402383F312885C
:10035000BFF36F8F1B4CA168E0690B68814214BF2B
:100360001A46002249680B605960A368E1692AB9FE
:10037000154AC3E900210B60E3610CE093F90E001C
:1003800092F90E50A84218D0854216DD5168C3E993
:1003900000210B605360A5690B4B9D4200D005B94D
:1003A000E568A3689D4202D0284600F061F96561C6
:1003B0003046BDE87040FFF701BE8A42D8D01268CF
:1003C000D5E700BF041C00201C1C002050EA0103DC
:1003D0002DE9F04105460E4604D1FFF7B3FF00209A
:1003E000BDE8F081831C71F1FF3324DB02F094FF40
:1003F0004419EFF31188402383F31288BFF36F8F02
:100400000F4F104BB8681860FFF73AFEB8680E49F6
:100410002A463346183000F0CDF9BA68537B43F0D2
:10042000040353734046FFF7C9FD02F075FF201A1D
:1004300020EAE070D4E76FF00104241AD9E700BF86
:10044000041C00202C1C00207D3101000C490D4AA9
:1004500038B500244FF400458C462146C0FB05C149
:1004600000236046F6F77CFFC117FFF7AFFF054A90
:1004700047F6FF73C0FB0234DB0B43EA444038BD50
:100480003F420F0040420F0038B50446183002F0DA
:1004900022FFEFF31185402383F31288BFF36F8FA0
:1004A000637B5A0704D485F31188BFF36F8F38BD7F
:1004B00023F0040363732046FFF79AFDEFF30583EF
:1004C000002BF0D129460248BDE83840FFF7C4BEF2
:1004D00005220020014B9868704700BF041C0020D3
:1004E0002DE9F8430446EFF31187402383F3128884
:1004F000BFF36F8F067B16F001060DD087F31188CE
:10050000BFF36F8F002383F31188BFF36F8F042332
:10051000184602DFBDE8F883437B1A0704D587F34A
:100520001188BFF36F8FF5E7D90943F0080251D165
:100530004273A36813B1204602F0ABFD04F118002A
:1005400002F0C9FEA56D04F15808A84511D04FF07E
:10055000000975B1284602F09CFD05F1180002F073
:10056000BAFEC5F88C902846FFF742FDA56DA84558
:10057000EFD11C4DAB689C4204D1EFF30586003EE1
:1005800018BF0126D5F81880174A904502D0B8F157
:10059000000F01D1D5F80C80434502D0404600F051
:1005A00067F8C5F814804EB1104BAB6040F20112F1
:1005B0009A810022C3E91D22C3F88020AB689C42C7
:1005C000ADD1EFF30583002BA9D13846BDE8F84340
:1005D000FFF7F4BC03F07F0343F00803437302F01A
:1005E00050FDA6E7041C00201C1C0020B8190020A8
:1005F000D3B5DDE90667089CCDE90067FFF7B2FDDA
:100600001CB1034B9B685B69236002B0D0BD00BF87
:10061000041C0020044BC01A044BC0105843044B68
:1006200001221A54704700BF481A0020ABAAAAAA98
:1006300005220020C3897F2B12D80A4B1B6863B1A7
:10064000094B90F90E201B689A4209DB437BDB06BD
:1006500006D1064BC31A18BF012303F001007047EF
:100660000023FAE7341C0020301C0020E81700208B
:1006700070B50E4B0E4C1E7C06EB460304EBC30418
:100680000546204602F027FE0A4B002228469A55CE
:10069000FFF7D0FF48B1084B08491A68013A2046D5
:1006A000D317BDE8704000F085B870BD041C002071
:1006B000481A002005220020341C002015060100E5
:1006C00038B5EFF31185402383F31288BFF36F8FA2
:1006D000104B114A9C681068A04206D1FFF7C8FF72
:1006E00085F31188BFF36F8F38BD00211B7C11602B
:1006F0000A4AD35C002BF3D02046FFF79BFF00286B
:10070000EED0637BDB0602D12046FFF7E3FC2046F8
:10071000E4E700BF041C00202C1C00200522002060
:100720000748084A084908B5121A02F0A9FA07480A
:10073000074A0849BDE80840121A02F0A1BA00BFF2
:1007400000000020AC05002028410100000000202E
:100750000000002028410100024B1868984208BFA1
:10076000002070474C040020034B1B680BB9FDF7B9
:100770007DBB0020704700BF381C002030B570B131
:100780000B4B5B6898420AD0036843B1D3E904215C
:10079000D0E90445121941EB0501C3E90421D0E970
:1007A000003213605A600023C0E9003330BD00BF3F
:1007B0004C040020B3F1FF3F08BFB2F1FF3FF8B592
:1007C00004461D4616465AD08160EFF31187402338
:1007D00083F31288BFF36F8F013275F1FF3321DA93
:1007E0002C49D1E900206FF001039B1A4FF0FF3232
:1007F00062EB00009E1B60EB0500012E70F1000310
:1008000001DA01260020C4E90460FFF7A5FF224EAB
:1008100084467068BCF1000F0DD1C4E9006004602B
:1008200074601CE0FFF7A0FF013645F100053618A3
:1008300045EBE070E7E7DCE90425D4E904319342B5
:1008400071EB050E1CDAD21ADCF8043065EB0105F9
:10085000CCE90425C4E900C31C60CCF80440FFF7D0
:100860007BFF844207D10D4B1C6824B902F01AFDAE
:100870002146FDF7CDFA87F31188BFF36F8FF8BDDE
:100880009B1A61EB05018445C4E90431C5D0DCF84D
:1008900000C0BFE7601A00204C040020381C002074
:1008A0002DE9F047EFF31185402383F31288BFF35E
:1008B0006F8FDFF8A090DFF8A080C9F80000FFF785
:1008C0004BFF00260027D9F80030D8E900ECD917F3
:1008D00050B1D0E90442A34271EB020A1ADAE41AD9
:1008E00062EB0102C0E9044213EB0E034CEB010181
:1008F0000024C8E90031C9F8004002F0D3FC2146C9
:10090000FDF786FA85F31188BFF36F8FBDE8F047D6
:10091000FFF7D6BE14EB0E024CEBE473C0E904679C
:10092000C8E90023FFF72AFF85F31188BFF36F8F13
:1009300083689847EFF31185402383F31288BFF350
:100940006F8FD9F800301B1BC9F80030FFF704FF88
:10095000B9E700BF381C0020601A002010B5EFF383
:100960001184402383F31288BFF36F8FFFF7FCFEDF
:10097000054A0346D2E90001181841EBE37184F3FC
:100980001188BFF36F8F10BD601A0020F8B50446C0
:10099000EFF31187402383F31288BFF36F8F026850
:1009A00022B187F31188BFF36F8FF8BDD0E90A3603
:1009B000581C46F10001022871F1000127D3012BD8
:1009C00076F10001BCBF012316465D1E46F1FF36DD
:1009D00002F0A6FC013041F10001401946EB010193
:1009E000012871F100013ADB02F09AFC013041F17B
:1009F00000016FF00102401946EB0103121A4FF09B
:100A0000FF3161EB030318492046FFF7D3FE236B48
:100A100001332363236A6BB187F31188BFF36F8FB0
:100A2000236A20469847EFF31187402383F3128807
:100A3000BFF36F8F54F8185FA542B2D0002DB0D02D
:100A4000284602F067FB0023C5F88C3087F3118835
:100A5000BFF36F8F2846BDE8F84002F04CBB6FF043
:100A600001024FF0FF33CEE78D0901002DE9F0417F
:100A700005461C4690461F46EFF31186402383F33C
:100A80001288BFF36F8FB4F1FF3F08BFB2F1FF3F91
:100A900005D186F31188BFF36F8FBDE8F081531C39
:100AA00074F1FF3309DB012A74F10003BCBF01229A
:100AB000002412F1FF3844F1FF37284602F00BFC06
:100AC000DDE906010023C5E90A012B63034942461B
:100AD0003B462846FFF76EFEDBE700BF8D090100AD
:100AE00038B50346EFF31185402282F31288BFF335
:100AF0006F8FC160012181600068834206D185F358
:100B00001188BFF36F8F0024204638BDD0E9003232
:100B100013605A600023C0E9003302F064FC2946E8
:100B200004460248FFF798FBEEE700BF06220020CC
:100B30002DE9F7430026009600F10C08EFF3118928
:100B4000402484F31288BFF36F8F8568694005EAFB
:100B500002070A4055400C4985606A46019502F03B
:100B60007FFB009C44B1C4F88C60A5662046002140
:100B7000646E02F0E0FAF5E740464946FFF76CFB89
:100B8000384603B0BDE8F0832935010073B5064649
:100B90000D4602F06DFA80B90B4B9B68D3F880408C
:100BA0007CB12A1D09D200200021CDE9000146F0C8
:100BB0000401204602F06FF808B9002401E0046047
:100BC000041D204602B070BD041C00202DE9F04F2A
:100BD0008DB043680293837815469A07804640F1AA
:100BE0000D8100240E78002E00F00A81252E0BD0F6
:100BF0004B1C03930134029B414630469847002822
:100C0000C0F2F6800399EDE74E788B1C252E0393F6
:100C1000F0D00027B946BB46BBF11F0F38D8A6F16C
:100C20002003102B0AD8DFE803F02A09093009094C
:100C3000092109090928092D09091F00A6F1300316
:100C4000092B33D92A2E37D11BF0400F55F8043B1E
:100C500040F08280002BA7BF4BF0200B9946C3F1D8
:100C600000094BF0280B01E04BF0010B039B13F83C
:100C7000016B0393002ECFD130E04BF0020B4BF011
:100C8000040BF3E74BF0080BF0E74BF0100BEDE72C
:100C9000BBF17F0F19D8A6F13003092BD2D81BF076
:100CA000400F03D00A2101FB0737DFE70A2101FBD0
:100CB00009394BF0200BD9E72E2E06D11BF0400F3F
:100CC00040F09E804BF0400BD0E76C2E31D02BD8FB
:100CD000682E36D06A2E3CD04C2E3AD0002F46F0EB
:100CE0002003B8BF2BF04002A3F16501BCBF1FFA7F
:100CF00082FB0027022901D9612B2FD1073525F06E
:100D00000705DFF8ACA2083507271BF0080F66D0EF
:100D10000AEB070B56465E4563D1A4EB0A0A06EBC5
:100D20000A02A9EB07096FE1742E9FD07A2E9DD09D
:100D3000D4E71BF0800F18BF4BF4007B4BF0800B07
:100D400094E71BF4807F18BF4BF4007B4BF4807B4F
:100D50008CE74BF4207B89E71F4687E7A6F1630108
:100D6000122900F2F080DFE811F013004F00EE00CE
:100D7000EE00EE00EE004F00EE00EE00EE00EE00A2
:100D8000EE00FE00E900EE00EE001B00EE00AF00FA
:100D900055F8043B8DF8183001270DF1180AB4E717
:100DA00055F804AB834BBAF1000F08BF9A461BF00D
:100DB000400F14BF39464FF0FF31504602F004FC9B
:100DC0000746A2E7029B41462020984700280FDBF8
:100DD000013EB742F6D34C44A41BB14698E74E46B9
:100DE000F7E716F8010B029B41469847002892DA74
:100DF00098F8023043F0040388F802304FF0FF34D3
:100E000020460DB0BDE8F08F1BF0800F34D01BF4EE
:100E1000007F2CD0073525F00705AA4669685AF8E7
:100E2000080B2BF010050029ADB237DA404261EB18
:100E3000410145F480650DF1180B0A235A4602F072
:100E4000CFFBA0EB0B0301936B0662D5019B25F052
:100E500001019F4289B240F3A180002E00F09980E9
:100E600015F0100240F09C80BB460D4623E0AA46D8
:100E70005AF8040BC117D4E7AA461BF4807F5AF82E
:100E8000041B01D10846F5E71BF4007F15BF48B2EB
:100E900008B241F3C01141F3C031C2E750EA010387
:100EA000C9D11BF0400FC6D0002FC4D12BF01102C6
:100EB00095B2BB46019740F2064115EA01021CBFFC
:100EC0000BF1010B00222CE02BF010021FFA82FB29
:100ED0000A231BF0800C49D01BF400711DBF07359D
:100EE00025F00705AA46AA461ABF5AF8080B6968F2
:100EF0005AF8040B50EA010545D12BF016051BF0FA
:100F0000400FADB242D0002F40D12BF0170295B266
:100F1000019715F0100248D0019B002E42D103F139
:100F2000010B29075AD4EB0706D5D9456FDD019986
:100F3000A9EB0B035F18CB465B4649E04BF0100B67
:100F400010237826C5E7782B04D1C6F1780343F047
:100F50001003BEE7029B4146252098470028FFF674
:100F600047AF023447E608230026B2E7AA461BF43F
:100F700080715AF8040BBDD01BF400711ABFC0B2C7
:100F8000614680B2B6E72BF0060295B20DF1180B60
:100F900054E725F01105ADB2BB468CE70D46B8E726
:100FA0003B460D4603F1020BBBE7DDF804B082E7D8
:100FB0002041010019410100CDE904324146029B64
:100FC000202098470028FFF613AF049B059A0133B1
:100FD0009945F1DCA4EB0B01CC189B460AB3029BAC
:100FE0004146302098470028FFF602AF8EB9013401
:100FF0002744019B391B994224DC1D465DBB019AA5
:10100000A9EB0B09224455461446914435E0019F53
:1010100092E7023441463046029B98470028E7DABF
:10102000E6E640F206410D42E2D015F0020F14BF91
:101030002B20202015F4806F04F10104414618BFD5
:101040002D20E9E7029B414630209847002804F113
:101050000104CEDACCE606AB013D4146585D029B69
:1010600098470028CADAC3E6029B414620209847E9
:10107000002804F10104FFF6BBAEA9EB0403002B2A
:10108000F2DCBFE57047FFF7E1B948B1C3683BB197
:1010900003692BB14068B0FA80F0400940427047C4
:1010A0004FF0FF307047012805D04B1E594259417F
:1010B000480010707047002918BF0320F9E7F0B509
:1010C0009DF81450012B05F0020405F0040605F00C
:1010D000080543D1002C3DD014880368671CBFB2BB
:1010E00017801B5DD0F800C0023414801CF8074044
:1010F00043EA0413B3F5006F28BFA3F580531BB276
:101100000B8006F0FF038EB114880368661CB6B22C
:1011100016801B5D076802341480BC5D43EA04132B
:10112000B3F5006F28BFA3F580531BB24B809DB170
:1011300014880368651CADB215801B5D006802341D
:101140001480425D43EA0213B3F5006F2FD21BB245
:101150008B80F0BD2346D3E70023F9E754B313880F
:1011600004685F1C1780E35C1B01B3F5006F02DBB2
:10117000A3F580531BB20B8006F0FF035EB113880A
:1011800004685E1C1680E35C1B01B3F5006FA4BF0E
:10119000A3F580531BB24B80002DDDD0138800686F
:1011A0005C1C1480C35C1B01B3F5006FD0DBA3F59E
:1011B0008053CDE72346DEE72DE9F8438146184604
:1011C0001D46FFF762FF0F469046044610BB09B369
:1011D000012A0AD12E696B684846B047287708B1C2
:1011E0006FF001042046BDE8F883FBD906460146AE
:1011F00009EB06006B68D5F810C001223944C0B273
:10120000E04728770028EBD10136F6B24645314653
:10121000EED3E7E74FF0FF34E4E7F0B50546A1B0C1
:1012200018460F4616461C46FFF72FFF10BB09B3A2
:101230006378227A012B18BF45F080052846636841
:10124000E56832446946A847207788B16FF001000D
:1012500021B0F0BD257A03F180016944294411F8D9
:10126000801CF95493B29E4202F10102F2D8EFE7DA
:101270000246F7E74FF0FF30EAE737B500230546AF
:101280008DF80730FFF701FF044600BB6B69696802
:1012900041F2883098476B78E3B9012220462A72E0
:1012A0002B460DF10701FFF7B8FF044678B92B462E
:1012B00001220DF107010020FFF7AFFF044630B90E
:1012C0009DF80730902B0CBF2B706FF00204204666
:1012D00003B030BD2C72EAE773B50023064608461A
:1012E0008DF80730FFF7D1FE0D46044610BB0B46C4
:1012F00001220DF107011920FFF78FFF0446C8B93D
:101300009DF8073006F0030223F0030313438DF822
:1013100007300DF107012B4601221920FFF74CFF82
:10132000012E04466B6969680CBF49F6404042F2E1
:1013300010709847204602B070BDF7B505461046BC
:101340000F461646FFF7A1FE002840F0A180002DB1
:1013500000F09E80134601A902221F20FFF75DFFC7
:1013600050B905EB4707BD4208D128B933460222E0
:1013700001A91F20FFF720FF03B0F0BD2B786C7888
:101380000B2B00F28280DFE803F0061019212931CF
:1013900039424B535B659DF8043003F07F0343EA09
:1013A000C4138DF804300235DDE79DF80430A40144
:1013B00023F0400304F040042343F2E79DF8043097
:1013C000640123F0200304F02004F5E79DF80430C5
:1013D000E40023F0080304F00804EDE79DF804306E
:1013E000A40023F0040304F00404E5E79DF80430AE
:1013F000640023F0020304F00204DDE79DF80530E9
:1014000003F07F0343EAC4138DF80530CBE79DF862
:101410000530240123F0100304F010042343F3E704
:101420009DF80530E40023F0080304F00804F5E714
:101430009DF80530A40023F0040304F00404EDE754
:101440009DF8053004F0010423F001031C438DF8DE
:101450000540A8E7334601220DF103012D20FFF7D7
:10146000DCFE00289FD19DF80330640004F00204E4
:1014700023F0020323438DF80330012233460DF19C
:1014800003012D20FFF798FE8DE76FF003008AE738
:101490004FF0FF3070E72DE9F341064608460D4650
:1014A000FFF7F3FD00287ED1002E7CD07081ADF8CF
:1014B00004000B46022201A91220FFF7AEFE0446EB
:1014C00000284BD12B4601220DF1030126209DF867
:1014D00005809DF80470FFF7A0FE044600283DD16A
:1014E00008F0070347EA03229DF803303061C3F395
:1014F0000011F17159093172B188C3F3800391422F
:10150000B37188BFB28033B102F163038B42BEBFB7
:10151000B3886433B3806B78B288002B2B7A134482
:10152000B3804FF001022B4601A94FF029000CBFF8
:101530004FF094084FF01408FFF76FFE044668B9A7
:101540009DF8043073B9EF686B68B2883168404623
:10155000B8470028287718BF6FF00104204602B072
:10156000BDE8F0818DF804002B46012201A9292055
:10157000FFF722FEA8B96B6969684FF47A70984743
:10158000EF686B68B28831684046B8472877002812
:10159000E4D101222B4601A929208DF80420FFF770
:1015A0000BFE0446DAE74FF0FF34D7E7836800EB21
:1015B000C101B3F5004F2CBF51F8220031F81200E1
:1015C000704700EBC1018068B0F5004F2CBF41F8B7
:1015D000223021F81230704708B50122FFF7E6FFEC
:1015E000D04008BD8368B3F5004F00EBC10108D3BC
:1015F0004B681AB143F001034B60704723F00103BD
:10160000FAE74B881AB143F001034B80704723F08F
:101610000103FAE753000122FFF7D3BF8368B3F554
:10162000004F34BF04230823C91A081AC0087047A2
:10163000B0F5004F34BF04230823481C0833A0EB47
:10164000D300B0FA80F0C0F11F0070472DE9F041DF
:10165000174603220E460446FFF7A8FF86420546BA
:1016600007F104080AD1E3680122BA4023EA020321
:10167000E360002344F82830BDE8F08131460222BF
:101680002046FFF793FF2B460646014644F82850B4
:1016900020460322FFF795FF3346294620460222C3
:1016A000BDE8F041FFF78DBF70B50D468668044672
:1016B000FFF792FFB6F5004F014601D3012809D08C
:1016C0003046FFF7B5FF294602462046BDE8704088
:1016D000FFF7BCBF70BD2DE9F04705468068FFF7F6
:1016E000A7FF05EB800A8846DAF810900646B9F1A4
:1016F000000F1BD00327DAF8104028462146FFF7D9
:101700006BFF404507D3324621462846FFF79EFF30
:101710002046BDE8F087032221462846FFF746FF12
:10172000013FCAF8100001D08145E4D1EB680136D1
:101730004FF0FF34B4401C40EAD094FAA4F2B2FA5D
:1017400082F2131D55F82340DEE72DE9F0411446DF
:1017500005460E46FFF740FFA4EB0608371B07447B
:10176000424631462846FFF755FF3A46214628466D
:10177000FFF750FF4346002221462846FFF721FF8E
:1017800021462846FFF728FF3B462118002228461D
:10179000BDE8F041FFF715BF2DE9F04116460446BC
:1017A0000F46FFF719FF314605462046FFF714FFA5
:1017B00005442A4639462046FFF72CFF314620468D
:1017C000FFF70AFF2B46311800222046BDE8F04102
:1017D000FFF7F7BE2DE9F0410D4686680446FFF796
:1017E000FBFEB6F5004F014601D3012832D030464A
:1017F000FFF71EFF04EB80010E6996B9E368012232
:1018000082401343E36002220D612B4629462046A5
:10181000FFF7D7FE032229462046BDE8F041FFF737
:10182000D0BE022231462046FFF7C0FE29460346BD
:1018300007462046FFF7C5FE0322334629462046C9
:10184000FFF7BFFE39462B462046FFF7BAFE0222BD
:101850003146E1E7BDE8F081F8B50C460546FFF7F3
:10186000BBFE2618012231462846FFF79FFEC3071C
:101870000CD431462846FFF717FF21462846FFF7CC
:10188000ABFE214622182846FFF786FF002221469C
:101890002846FFF78BFE271A012239462846FFF714
:1018A00085FE10EA020613D139462846FFF7FCFEF2
:1018B000214632462846FFF779FE2246211A28465D
:1018C000FFF76AFF214632462846FFF76FFE241ACB
:1018D00021462846BDE8F840FFF77CBF38B571B116
:1018E00005682846FFF79AFE00220446014628466E
:1018F000FFF778FE2146BDE83840FFF7ADBF38BDA1
:1019000070B5066809B9002070BDB368B3EBD10F9C
:10191000F9D9B3F5004F34BF04230823CC1D1C4470
:10192000E40821463046FFF7D6FE05460028EAD0F7
:1019300001463046FFF750FEA04209D92C44294603
:1019400030462246FFF701FF21463046FFF742FFAF
:10195000304601222946FFF745FEB368B3F5004F34
:1019600034BF0423082303EBC5031844CCE72DE957
:10197000F84306681446B26801F1FF39B2F5004F2A
:1019800034BF0423082319EA01090F460BD049424A
:1019900039408B424F4628BF0B46894654B9002533
:1019A0002846BDE8F8839942F8D82146BDE8F843B7
:1019B000FFF7A6BFB2EBD40FF1D9E11DB2F5004F8E
:1019C000394434BF04220822C91A1144C9083046D8
:1019D000FFF781FE80460028E1D0B368B3F5004FE1
:1019E00034BF0423082309EBC0051D4435447B1E86
:1019F0001D44B5FBF7F57D43A5EB090529463046A7
:101A0000FFF70CFE2C44073424F00704A41B804588
:101A100007464FEAE40408D2024641463046FFF743
:101A200094FE41463046FFF7D5FE39463046FFF773
:101A3000D3FD3844844208D2394630462246FFF767
:101A400084FE21463046FFF7C5FE01223946304666
:101A5000FFF7C8FDA4E7B2F5802F2CBF08230423AD
:101A6000D21A2DE9F0418C18CD1D25F0070524F080
:101A70000704641B0026E40805602146AC60EE60A4
:101A80002046FFF7D5FD421D9200013002F1070705
:101A90004FEAD707A2F110023146B8BF324605F12E
:101AA000100001F079FD3A4631462846FFF7B2FDB5
:101AB0003346324631462846FFF783FDA4EB07083C
:101AC000284631460122FFF78DFD42463946FFF791
:101AD000A1FD3B46324639462846FFF772FD2146B6
:101AE0002846FFF797FD4346324621462846FFF732
:101AF00068FD214628460122FFF774FD3946BDE8FE
:101B0000F041FFF767BE002070470FB407B504A986
:101B100051F8040B0191F8F72DFC03B05DF804EBCC
:101B200004B070470FB407B504A951F8040B019134
:101B3000F8F720FC03B05DF804EB04B07047A0F1A7
:101B40003003DBB2092B02D80B7000207047A0F1E4
:101B50006103052B02D85738C3B2F5E7A0F1410362
:101B6000052B01D83738F7E76FF015007047F7B548
:101B7000054601F0010000EB51069E424FEA510775
:101B800003D90026304603B0F0BD58B128780DF1D6
:101B90000701FFF7D4FF0028F3DB9DF8073002F8B8
:101BA000013B013501351744BA42EBD015F8010C61
:101BB0000DF10701FFF7C3FF0028E2DB9DF80740A6
:101BC0002401E4B2147015F8020BFFF7B8FF0028E7
:101BD000D7DB9DF807301C4402F8014BE4E7038B88
:101BE00013F0070305D10368002B0CBF002003206E
:101BF0007047022B05D1408BB0FA80F0400980007D
:101C00007047012B05D10368002B0CBF0020052075
:101C100070470020704710B50C4600B111B96FF045
:101C2000150010BD081D00F093F80028F9D1A36835
:101C3000032BF6D9F3E72DE9F0410D460746194687
:101C4000281D90461E4600F097F8044638B13346EA
:101C5000424629463846A446BDE8F0416047BDE803
:101C6000F08110B4EFF31182402484F31288BFF3A3
:101C70006F8F416110BC0121F8F7AEBB38B50C463F
:101C8000054658B151B10B6843B14B6833B11C22C2
:101C9000002101F081FC2C61002038BD6FF015009F
:101CA000FBE770B505460E46FFF7B5FF041E14DBD3
:101CB000EFF31182402383F31288BFF36F8F6B8B96
:101CC0002C8B4FF6FF718B4204F0070407D182F38F
:101CD0001188BFF36F8F6FF00A04204670BD022C8D
:101CE0000CD101336B8382F31188BFF36F8F002314
:101CF000224631462846FFF79EFFEEE7062C14D811
:101D0000DFE804F004131313041A04000023336003
:101D10006B683BB9C5E90066ACB902212846F8F703
:101D20005BFBDAE71E606E60F6E782F31188BFF3B3
:101D30006F8F6FF00404D0E782F31188BFF36F8FC9
:101D40006FF08504C9E782F31188BFF36F8FC4E792
:101D5000034640B1426802F00302022A06D0032A79
:101D600004D0012A05D06FF0150070471A68002AC8
:101D7000F9D000209860704710B54268816002F089
:101D80000302022A03464FF0000407D0032A02D0C0
:101D90005C60002001E018685C6010BD18685C6041
:101DA0000028F6D0FEF79CFEF3E77047406930B19B
:101DB000BFF35B8F0068BFF35B8F00F001007047DB
:101DC00043693BB11B692BB15B691879B0FA80F0AC
:101DD000400970470120704770B5044646690D46BA
:101DE000FFF7EEFF18B903233371002070BD032104
:101DF0002046A847002802DA10F1860FF6D12EB946
:101E000020462B460121BDE870401847BFF35B8F89
:101E10003368BFF35B8F1B06F2D5636901221A7129
:101E2000E3E770B5012644692568A90613D5E16882
:101E300099B10139E16071B9A3689847002809DBBD
:101E40006A07267106D5206943691B68DB05EAD459
:101E50006FF00A0070BD0020FCE76FF07700F9E733
:101E6000BFF35B8F0068BFF35B8F084100F0010098
:101E70007047FDF709BEFDF7D3BD38B5044660696C
:101E800030B30821FFF7ECFF014680B1EFF3118575
:101E9000402383F31288BFF36F8F2046FFF7C1FF03
:101EA000034685F31188BFF36F8F184638BD0023B2
:101EB00060690022F8F7F6FB03460028F5D1606957
:101EC0000221FFF7CDFF0028EFD063691C69D6E738
:101ED0000346EAE7F8B50021044650F8383C50F8CC
:101EE0002C0C9847A4F128064FF0FF3305464FF01D
:101EF000FF323046FFF7BDFF002DBDBF54F8343C24
:101F0000013344F8343C0123B8BF002304F83C3CBF
:101F100001219940A4F1100001F01EFB3046A4F10C
:101F20004007FFF7A8FF55B902213846FFF798FF91
:101F300028B154F8300CBDE8F840FFF79EBFF8BD5B
:101F400008B50346406940B10721FFF789FF20B17A
:101F50001846BDE80840F8F7B5BC002008BD0128C8
:101F600001D1EFF30583FDF70BBB01460068FFF7D6
:101F7000F6BF08B5F8F728FDBDE80840F8F748BDFA
:101F800000210120FFF7EBBF61B662B680F3118834
:101F9000BFF36F8F704772B6002383F31188BFF3CE
:101FA0006F8FBFF34F8F30BF62B6BFF36F8F704735
:101FB00072B6002383F31188BFF36F8FBFF34F8F87
:101FC00020BF80F31188BFF36F8F62B6704720285F
:101FD00009D9B0F1004F08D80138B0FA80F0C0F14B
:101FE0001F0040007047082070473E207047704730
:101FF000002303824369C3607047416A8968F9F727
:10200000C9B9EFF31182402383F31288BFF36F8FB6
:1020100000230B60436833B9C0E9001182F31188D3
:10202000BFF36F8F704719604160F7E710B5034643
:10203000EFF31181402282F31288BFF36F8F0068A3
:1020400028B15C6802681A60A04208BF5A6081F338
:102050001188BFF36F8F10BD027A01320272704790
:1020600083680B4403607047838802681944818049
:10207000D018704730B484880568A3188380281965
:1020800030BC01F07BBA10B5838802685C1C848088
:10209000D154D01810BD034600689A88521A0144E2
:1020A0009A801960704702688068101A704701238F
:1020B00010B50621044600F8013BFCF7F9FA18B9FF
:1020C000A37963F03F03A37110BD70B504460D46BC
:1020D000F6F733FE112817D10223E25C3A2A13D116
:1020E0000333112BF9D1053504F1120601232A46D9
:1020F00002212046FFF73BFD30B10334B44205F125
:10210000FF35F3D1002070BD6FF01500FBE738B547
:102110000446807AF9F714F96169054649B1637A92
:10212000DB0704D4436A1B6820469B68984700235A
:10213000636121462846BDE8384000F0B8BE10B5BE
:102140000346BFF35B8F53E8000F40EA010243E808
:102150000024002CF7D1BFF35B8F10BD01210C30A0
:10216000FFF799BF30B402EBC303044608469A4216
:1021700001D130BC7047114611F8085BA54206D169
:10218000018A53789942F4D330BC536818470A4601
:10219000EDE7BFF35B8F50E8003F0B4040E80032B3
:1021A000002AF8D1BFF35B8F704708B500200021EB
:1021B000F9F72EFC18B1BDE80840F9F723BC08BDBB
:1021C00008B5072201F0F0F9B0FA80F0400908BD27
:1021D00018B111B10846F9F735BF6FF01500704717
:1021E00013B5044680B106216846FCF761FA48B988
:1021F0009DF80530694603F03F0320468DF8053011
:10220000FFF7E6FF02B010BD6FF01500FAE70038E7
:1022100018BF01207047034610F4004F0CBF072081
:102220000620DA0348BF00F005009B0348BF00F01A
:10223000FB007047BFF35B8F0068BFF35B8F704795
:1022400010B50346BFF35B8F53E8000F00EA0102AD
:1022500043E80024002CF7D1BFF35B8F10BD2DE9BC
:10226000F74F0C46202100909246F9F703FB0546F4
:10227000002850D020210C30FFF7F6FE202200214C
:10228000814601F089F909F1010B04EBCA0A002625
:10229000D4F800800023626893420CD30834A2452E
:1022A000F6D1009889F800600022294603B0BDE805
:1022B000F04FF9F705BC98F8012098F800C0B01C61
:1022C00011181F2908D9BCF1090FC0F11F021AD13A
:1022D000002A18DD4FF0080CD7B2791C0BF8061055
:1022E000711CC9B25BFA80F00BF801C0D8F8041079
:1022F0000193023701F042F9019B3744FEB20133EA
:1023000008F10808C7E72846F9F7C2F86FF015008A
:1023100003B0BDE8F08F6FF06800F9E7012310B457
:1023200003FA01F1044662B1BFF35B8F54E8003F4A
:102330000B4344E80032002AF8D1BFF35B8F10BC96
:10234000704710BCC943FFF77BBF2DE9F04F87B042
:1023500005469DF84860DDF840909DF844A00C4685
:1023600090460021102202A81F4601F015F9EEB98F
:10237000CDE90248012202A942F20800FFF76FFFEF
:10238000044678B9BAF1000F3ED11035BFF35B8F28
:1023900055E8003F43F0040345E80032002AF7D136
:1023A000BFF35B8F204607B0BDE8F08FF9F726FB3F
:1023B0008346E4B937BB5846F6F7BFFC0923012E24
:1023C000CDE901B48DF800308DF80100CDF80C8016
:1023D000D0D1CDF810D005960222CCE714F83320E6
:1023E000083A012A25D901339845F7D1E2E70023BD
:1023F000FAE717F83320083A012A1AD90133994528
:10240000F7D1D8E70023FAE7022E4FF0010208BF08
:10241000059202A908BF324642F2090008BFCDF872
:1024200010D0CDE90279FFF71AFF0028ADD004469D
:10243000B8E76FF01504B5E708B500F110031846CA
:10244000FFF7F8FE820505D41846FFF7F3FEC0F348
:10245000002008BD0220FCE7436813F008000AD002
:102460005A0307D403F4C063B3F5806F14BF02208E
:10247000012070470120704770B5064686B00D46B2
:1024800042F20A000121F9F7F5F90446B0B10C3027
:1024900095B10121FFF7F7FD06F1100203A92046CF
:1024A00000950723F9F7D4F90022214642F20A00E9
:1024B000F9F706FB06B070BD2946EBE76FF0680040
:1024C000F8E7183000F0C1BDFAF724B910B403469C
:1024D0000838BFF35B8F50E8002F511C40E8001410
:1024E000002CF8D1BFF35B8F12B910BCFAF752B9C8
:1024F0006FF00F0210BC9A6670470369C9B20C22D4
:1025000001FB0233186C00F00700704770B5C9B2C8
:102510000369EFF31185402484F31288BFF36F8FB2
:102520000C2606FB0134246C14F0C00408D0A2422F
:1025300006D085F31188BFF36F8F4FF0FF3070BD69
:1025400006FB013301221A6485F31188BFF36F8FF4
:10255000436803EBC1035B6898470020EFE78022E4
:10256000FFF7D4BFF8B5069F0469C9B2EFF311862F
:10257000402585F31288BFF36F8F0C2505FB0144BE
:10258000256C05F0070CBCF1010F0CD1276486F314
:102590001188BFF36F8FC4E90E23436853F83130BD
:1025A00098470020F8BD05F0C005AF4286F31188BA
:1025B000BFF36F8F0CBF6FF077004FF0FF30F1E784
:1025C00013B580240094FFF7CDFF02B010BD10B406
:1025D0000069CBB21C2403FB0400002110BC10478F
:1025E000002000F027BA1046FDF71ABA0020704705
:1025F00008461146F9F7ACBC43685B68D3F8103560
:102600000B600020704743685B6802EA010021EA22
:102610000201C3F80805C3F80C1500207047436891
:102620005B680020C3F80815704743685B680020AA
:10263000C3F80C15704743685A68D2F8043521EA8C
:1026400003000B40C2F80805C2F80C3500207047A3
:1026500010B503695868F8B1884219D19C680868B8
:102660005860A14200D19860002008602AB15A68E1
:102670000A609A68596002B99960002010E08142AE
:1026800006D10868206098688142EDD19C60EBE734
:10269000044600680028F2D1002AE8D16FF0150046
:1026A00010BD30B543681360057A446804EBC50477
:1026B000A34202D36FF0010030BD5C798C4201D09F
:1026C0000833F0E70020F7E7002201210420F8F7A3
:1026D00007BC10B50B6813B91360184605E0036812
:1026E0005C681CB114600368186810BD083303608F
:1026F0000B68013B0B60EDE713B501AA0446FFF739
:10270000D0FF002805DB019B226819791868FAF7C9
:10271000DBFE02B010BD70B50C460669456839B1E4
:1027200001290FD10021286ABDE87040FFF7E4BFFE
:1027300096F86D3023B12846FCF74CFE86F86D40C4
:102740000121F0E76FF0850070BD03460A4600687E
:102750001979012303FA01F103691B68194218BFB3
:1027600082F0010212B18368DB68184783681B6935
:10277000FBE710B5036804464BB19A683AB1186993
:1027800000F03DFA206800210830FFF7DEFFA36962
:1027900033B9636004F11000BDE81040FDF740B9A3
:1027A00010BD10B5006903688B4206D190F86C40EB
:1027B00034B9FFF7DEFF204610BD6FF01500FBE7D0
:1027C0006FF00F00F8E72DE9F04144680569206AD1
:1027D0000021FFF791FF00281DDB616A481C11D121
:1027E000E3699847AC6801260834D5E9023203EB67
:1027F000C203A4F1080293420FD82846FFF7B9FF9D
:10280000002008E004F12800FBF7B6F810F1130FE0
:1028100001D0411DE4D1BDE8F08154F8080C00F06E
:10282000F3F928B354F8080C14F8041C34F8023CEB
:10283000D0F810C0D0F80880DCF80070DA0754BF78
:1028400043F4B01383F4D01323F4801206FA01FE8C
:10285000DB074CBF4EEA070727EA0E07CCF80070EB
:10286000D8F800309847002804F10804BDDAD2E710
:102870006FF01200CFE738B503780C4663B98D6E60
:102880005DB94B6E1C696FF07303236404F128007B
:10289000FDF7C6F884F86C5038BD8B6D93B19D423E
:1028A00010D85B1B8B6543BB4B6C08334B648B6C44
:1028B000013B8B6401F1580204F144004831FFF7F9
:1028C00008FF6065236E9BB19D4211D85B1B236698
:1028D000CBB9E36C0833E364236D013B236504F15A
:1028E000600204F1500104F14C00FFF7F2FEE065D4
:1028F000606EBDE83840FAF76FBE4B6D002BE1D03B
:102900002B444B65DEE7E36D002BF1D02B44E365F0
:10291000EEE700F150039B009BB203F1804303F507
:10292000883300221A601B68704708B5FBF70CF962
:1029300008BD10B54FF0FF304FF0FF31FBF7A0FAA4
:10294000044628B9EDF754FD044618B1FBF7A0FA88
:10295000204610BDFBF79CFA2046F8F749FEF7E742
:10296000FBF75ABB10B531220446002100F014FEDB
:102970006FF03F0363712823A3730223E3736FF0A7
:10298000080363766FF03C03A376E376782323771E
:10299000802384F82330012384F82430802384F8B2
:1029A0002630402384F82D3010BD0023036043609F
:1029B000037823F01D0343F01D030370437843F0B5
:1029C000400343707047684620F007018D4601B50B
:1029D000F1F7B2FFF8F71CF8BDE8014085467047F3
:1029E00008B54FF0FF314FF0FF30FBF749FAF6F72B
:1029F00084F9BDE80840FBF74BBA684620F00701B0
:102A00008D4601B5F1F764FFBDE80140854670478A
:102A1000684620F007018D4601B5F1F785FCF7F710
:102A2000F7FFBDE801408546704708B5F6F7ACF8FA
:102A3000002008BD012801D1F1F7BABA70477047EC
:102A4000F1F7CCB84FF08053D3F83001421C04BFEB
:102A50004FF0704393F8E00F831F5842584170477E
:102A60000047036803F01F025B0902600CBF4FF0D0
:102A7000A04000207047F7B5019001A8DDE90847A4
:102A800016461D46FFF7EDFF019BB6F1000C18BF7F
:102A90004FF0010C00EB83000B1E18BF0123002D2B
:102AA00043EA4C0314BF4FF00C0C4FF0000C002C09
:102AB00043EA0C0314BF4FF4E06C4FF0000C002FFE
:102AC00043EA0C03D0F8002714BF4FF4403C4FF00A
:102AD000000C43EA0C0322EA030301B109780EB1AA
:102AE0003678760019430DB12D78AD0031430CB125
:102AF0002478240229430FB13F783F040C433C4320
:102B0000C0F8004703B0F0BD1FB50DF10F030193EE
:102B100000238DF80F1000931A461946FFF7ABFFFC
:102B200005B05DF804FB024611F0010007D04FF03C
:102B3000A041D1F820351360C1F8203503B9002039
:102B40007047FCF79BB8FCF779B80846FCF766B805
:102B5000036803F01F025B0902600CBF4FF0A04046
:102B60000020704707B5019001A8FFF7F1FF019A17
:102B700001239340C0F8083503B05DF804FB07B5A6
:102B8000019001A8FFF7E4FF019A01239340C0F8E8
:102B90000C3503B05DF804FB37B5D0F818358A69F9
:102BA000DBB28DF807300B6A93423EBF4A699DF84D
:102BB0000740D4540B6A91F824500C695A1C0A62DD
:102BC000023335B1A3428C6938BF0B619C4288BF88
:102BD0008B610D699D4205D9CA68D35CC0F81C356C
:102BE00001200AE08C699C4201D9CB7FF6E7AA421A
:102BF000F6D3A2422CBF0020012003B030BD08B1A3
:102C0000F8F76EBC7047704740B1C368587810F051
:102C100001001EBF1878B0FA80F040097047EFF34A
:102C20001183402383F31288BFF36F8FFEE708B54B
:102C3000FFF7F5FF10B5D0E900344BB9E2685378DF
:102C400043F0010353702046FFF77AF9002014E0A7
:102C500020469847E36820B95A7842F001025A703A
:102C6000F1E70028B8BF4042FF28A8BFFF20187036
:102C7000E268537843F00103537010BD00F08CBC40
:102C800000F07CBC704710B400F10C04C0E90344B0
:102C900010BCFEF7E0BE2DE9F04F89B0DDE9126708
:102CA00005463B46914606A83246059100F03AFBA0
:102CB000DDE9063405F1140ACDE90234EFF311849D
:102CC0004FF0400888F31288BFF36F8F05F10C0BAB
:102CD00005994A462846FEF74AFE30B184F311882A
:102CE000BFF36F8F09B0BDE8F08F3E43F6D0DDE94A
:102CF000022306A800F03AFBDDE906675A46CDE953
:102D0000006721465046FDF72DFAEFF3118488F352
:102D10001288BFF36F8FDBE738B50446EFF31185F8
:102D2000402383F31288BFF36F8FFEF7D7FD04F1C2
:102D30000C0000F045FA30B1294604F11400BDE85A
:102D40003840FDF789BA85F31188BFF36F8F38BD1E
:102D500008B54024EFF3118384F31288BFF36F8F1B
:102D6000FFF719F9F6E790F90E308B4201D0FDF725
:102D700025BA00207047D0E9003213605A60427BC8
:102D8000002322F00202C0E90033427383607047DF
:102D90002DE9F843914604469DF820200D4600F1A8
:102DA0000807EFF31188402181F31288BFF36F8F7A
:102DB00002B14568A668B74215D0A6B13046FFF704
:102DC000DAFF06F1180000F086FA0023C6F88C300E
:102DD000C6F81490304600F08EF938464146FDF7AB
:102DE0003BFA00200BE0E3B108210020FDF7CEFE06
:102DF00038B988F31188BFF36F8F6FF00B00BDE80F
:102E0000F8830122C0F804900260016801F0030118
:102E10005DB922680A430260626820606AB9606036
:102E20000BE0C9F800304846EFE72A68032A10D8BB
:102E30000160616839B9C4E90000042104F110009F
:102E400000F017FBC9E70A6802F0030202430A60B8
:102E5000E5E722F003020A4302602A6802F0030257
:102E600040EA02032B60E8E710B5044630B102687F
:102E7000930703D0446809B100F079FB204610BDE8
:102E80000023C0E9003300F10803C0E9023300F178
:102E90001003C0E90433704707B5012300930023F2
:102EA0000A461946FFF774FF03B05DF804FB07B547
:102EB00000230A4600931946FFF76AFF03B05DF846
:102EC00004FB00680021FFF7CFBF5AB18A4209D343
:102ED00000F11003C0E90212C0E90000C0E90433A8
:102EE000002070476FF015007047026801238B4087
:102EF00022EA0303036022FA01F000F001007047A8
:102F000010B5032104460C30FFF7EFFF30B104F198
:102F1000100000F0E0F9B0FA80F0400910BD20B1D7
:102F200000221146983000F078B9704770B5C36838
:102F3000C3F340069B07044616D4856802210C3073
:102F4000FFF7D3FF80B1D5F890206AB194421DD12C
:102F500022689EB9D5F89430C5F890209C4201D1E2
:102F6000C5F8942000232360E36813F01F001EBF00
:102F700043F00203E36040F0020070BD3260D5F818
:102F80009420944208BFC5F89460EBE71646126897
:102F9000DBE773B50446EFF31185402383F3128812
:102FA000BFF36F8F0023A0F11006032104380193B3
:102FB000FFF79BFF28B1A369019301A93046FCF7F5
:102FC0007FFE85F31188BFF36F8F02B070BD38B5F7
:102FD00004460D461022002100F0DEFA656038BD7F
:102FE00013B501900846EFF31184402383F3128850
:102FF000BFF36F8F01A9FCF763FE84F31188BFF361
:103000006F8F02B010BD10B5FFF7EAFF041E08DD98
:10301000EFF31180402383F31288BFF36F8FFDF726
:103020002DF9204610BD08B5B022002100F0B4FAF9
:1030300008BD38B5302204460D46002100F0ACFA38
:103040004FF480736560E36038BD38B50446EFF334
:103050001185402383F31288BFF36F8FFFF750FF72
:103060002046FFF763FF85F31188BFF36F8F38BDEC
:10307000EFF30580003818BF012070476FF057004C
:103080007047D0E9003213605A600023C0E9003372
:10309000704708B5FFF7F5FF437B23F00203437346
:1030A0000023836008BD38B504460D46FCF7E8FFF1
:1030B000637B43F002036373E5B1A5602B689D4217
:1030C00009D16B68C4E900531C606C6012E06A6847
:1030D0009A42F6D01B68002BF3D094F90E2093F996
:1030E0000E108A42F3D09142F1DD5A68C4E90032F1
:1030F00014605C6038BD10B5EFF31184402383F396
:103100001288BFF36F8FFCF773FF84F31188BFF34E
:103110006F8F10BD08B5EFF31181402282F3128842
:10312000BFF36F8F83680BB1FFF7B3FF81F3118893
:10313000BFF36F8F08BD38B5EFF31184402383F3DD
:103140001288BFF36F8F90F87050427B002380F895
:1031500070302DB121B184F31188BFF36F8F38BD6A
:1031600012F0280FF7D183680BB1FFF792FF437B72
:1031700023F004034373FCF73BFFECE7012118380D
:10318000FFF7D9BF08B50346EFF31181402282F360
:103190001288BFF36F8F0068834207D008B1FFF732
:1031A00078FF81F31188BFF36F8F08BD0020F8E727
:1031B00010B5FFF7AFFFBDE81040183000F08BB836
:1031C00038B504680546AC424FF0000000D138BD68
:1031D000002CFCD02046FFF7EBFF2046FFF78BFFCB
:1031E0002C680120A542F1E738B50C460546FDF7ED
:1031F000EDF8B4F1FF3F08BFB5F1FF3F1FBF47F641
:10320000FF7300224FF47A71C0FB01321ABFD80B52
:1032100040EA42404FF0FF3038BD38B5EFF311853A
:10322000402383F31288BFF36F8F0468A04213D04A
:10323000A4B1C4F88C1062612046FFF72AFF04F1A4
:10324000180000F048F82046FCF7D2FE012085F374
:103250001188BFF36F8F38BD0020F8E72046F6E7EE
:103260002DE9F04105460E461746EFF3118840233D
:1032700083F31288BFF36F8F0468A0420FD1002040
:1032800088F31188BFF36F8FBDE8F081394620467F
:10329000B0470028F4D16B68A342F0D02468002C1A
:1032A000F4D1ECE710B5FDF757FA0446FDF75CFAE8
:1032B00074B1D4E904321B1A62EBE072B3F1004F2F
:1032C00072F1000104DA002AACBF1846002010BDDC
:1032D0006FF00040FBE738B50246EFF3118540235D
:1032E00083F31288BFF36F8F036893B1FDF734FA4D
:1032F00004461046FDF742FA844204D1FFF7D2FF9C
:103300000021FAF785FD002085F31188BFF36F8F48
:1033100038BD6FF01500F7E708B5FDF71FFB08BDD6
:10332000FDF71CBBB3F1FF3F08BFB2F1FF3F70B523
:1033300004461D46164613D01A4315D06FF00102FD
:10334000921B4FF0FF3363EB0501002904DAFDF710
:1033500005FB821941EB0501C4E90021204670BD3F
:103360004FF0FF321146F7E70022FBE7B3F1FF3FD2
:1033700008BFB2F1FF3FF8B5074616461C4610D00D
:1033800054EA020311D0FDF7E9FAB0420A46A1411E
:1033900003460AD2F31A64EB0204C7E90034384644
:1033A000F8BD4FF0FF331C46F7E70023FBE710B5ED
:1033B0000446FFF790FFA8B9636A0BB1204698470F
:1033C00004F11800FFF7DEFE60B1FFF794FEEFF3A3
:1033D0001180402383F31288BFF36F8FBDE8104044
:1033E000FCF74CBF10BD2DE9F041846805460E4640
:1033F000ECB16378012B25D114F8533C9A0714D50E
:10340000A4F160073846FFF7D3FE082E0CBF6FF01B
:1034100003030023E36214F8533CDB0605D154F8A0
:10342000483C13B93846FFF766FE00232370EB686B
:10343000C3F386321643002066F39433A860EB6032
:10344000BDE8F081022BF0D12378002BEDD054F8A9
:10345000048CB8F1000FE8D004F11400FFF73BFF33
:10346000A4F114070023E36239464046FFF7B8FD94
:10347000DBE710B50346EFF31184402282F3128894
:10348000BFF36F8F0068834208D0D0E90032136029
:103490005A600023C0E90033FFF7A5FF84F31188C9
:1034A000BFF36F8F10BD2DE9F3470646DDE90A989B
:1034B00017460C46E1B102F0010AFDF70BF805468C
:1034C000EFF31181402383F31288BFF36F8FBB07A3
:1034D00044BF0023B360B36803EA0402BAF1000FEB
:1034E0000AD094420AD181F31188BFF36F8F1C4038
:1034F000204602B0BDE8F087002AF4D159EA08035B
:1035000005D181F31188BFF36F8F0023EFE7C5E981
:103510001A473246CDE9009806F10C00FCF722FE6E
:103520000028F2D1AB6EE2E710B5C46E826E4B6834
:10353000E40703EA02030BD59A420BD1012380F87A
:1035400070300B68436608601830FFF7C4FE01E076
:10355000002BF3D1002010BD4FF0FF32FDF7E8BA89
:103560000A460021FDF7E4BA5200FFF79CBF20B1E4
:10357000011F50F8040CFFF7CFBB70470A4491427B
:1035800000F1FF3300D1704710B511F8014B03F87B
:10359000014F9142F9D110BD02440346934200D13C
:1035A000704703F8011BF9E710B501390244904256
:1035B00001D1002005E0037811F8014FA34201D0AA
:1035C000181B10BD0130F2E710B5024601448A42D3
:1035D000134603D01C780132002CF8D1181A10BD04
:1035E000F0B5C3F137070446FFB203F01F031046DE
:1035F000082BE6B233D0102B3ED06508A40844EA6D
:10360000817445EAC1752D194FEA910242EB5102CE
:10361000290941EA02716D1842EB1212290A41EAA6
:1036200002616D1842EB1222290C41EA02416D1829
:1036300042EB1242AD1842F10002EC0844EA427437
:10364000D10804EB8402A6EB4205EDB2092D0CD99A
:103650000134A5F10A0541F10001EDB212E0E408E0
:1036600044EA417406F00705C908303554EA0102FE
:1036700000F8015BBCD1F0BD240944EA017406F0F6
:103680000F050909092D84BFED19EDB2EDE7000022
:0C3690000148006870470000A01A0020EC
:08369C008A56FF7F01000000C7
:1036A400C9B400000000000065CC0000243701000C
:1036B40009F8000000000000D5D100003C370100EB
:1036C40009E70000000000002B2A010000000000B0
:1036D400ED2501006C370100F1D0000054370100E2
:1036E400BDDC000000000000F5B400000000000094
:1036F400E5B200000000000051DF00008437010043
:1037040071E700000000000041FB00000000000021
:1037140085CA00009C370100C7270100B4370100A7
:1037240009400100E43C0100B039010072040020AA
:10373400F01A00200000000037400100F43C0100B2
:103744008439010078040020981B00200000000048
:1037540018400100000000007C39010074040020BE
:10376400441B00200000000028400100000000006D
:1037740074390100760400200000000000000000FD
:103784008040010000000000783D01007C0400201E
:10379400B01B002000000000FC3F010000000000FE
:1037A4006839010070040020000000006403002058
:1037B4004D4001000C3D0100A83901007A040020AD
:0837C4007803002098020020A8
:1037CC00412A0100612A010000000000811F010054
:1037DC0000000000811F010000000000811F01009B
:1037EC0041F50000612A010000000000811F01006A
:1037FC0095F00000612A01009C370100D9CA000035
:10380C0000000000811F010000000000811F01006A
:10381C0000000000811F010000000000811F01005A
:10382C0000000000811F0100441B002061D100003A
:10383C0000000000811F010000000000811F01003A
:10384C0000000000811F0100000000004DDD0000A1
:10385C0000000000811F010000000000811F01001A
:10386C0000000000811F010000000000811F01000A
:10387C0000000000811F010000000000811F0100FA
:10388C0000000000811F01000000000061E7000043
:10389C0000000000811F010000000000811F0100DA
:1038AC0000000000811F010000000000811F0100CA
:1038BC0000000000811F010000000000811F0100BA
:1038CC0000000000811F010000000000811F0100AA
:1038DC0000000000811F010000000000811F01009A
:1038EC0000000000811F010000000000811F01008A
:0838FC0000000000811F010023
:10390800701300208026002000100000E9900000BD
:103918000000000000000000000000000700000098
:1039280000000000CA3D0100000000000000000087
:10393800E012002040220020000400005590000002
:103948000000000000000000000000000800000067
:1039580000000000B53D010000000000000000006C
:0C396800BDC70000F1C8000058020000BC
:10397400F12501000000000099D00000F1CF000003
:1039840059D20000F9250100072601001F26010075
:103994002B26010037260100D5D300005126010053
:0439A400000000001F
:0839A80049D60000A32701002D
:1039B000BDCC00005F250100C12501000000000012
:0C39C000FB2401000000000000000000DB
:1039D000C340010000010000F401FA0096006400F9
:1039E0004B0032001E0014000A0005000200010016
:1039F00001000100000101000001000100000100C0
:103A00000100000001000B0002000A00050009008F
:103A10000A000800140007001E000600320005001E
:103A20004B0004006400030096000200FA0001004D
:103A3000F4010000020301000C0802170D0101024D
:103A40000909010106020918180301010909030304
:103A500005030201230202240910040405050B0BCF
:103A6000040B2B1B1B151A1A1C021D1613050149EA
:103A70000D150508061B0F02020801010000FEFEDD
:103A8000FEFEFEFEFEFEFEFEFEFEFEFEFEFEFE163E
:103A9000FEFEFEFEFEFEFEFEFEFEFEFEFEFEFE261E
:103AA000FEFEFEFEFEFEFEFEFEFEFEFEFEFEFEFE36
:103AB000FEFEEAEAA301B103BF05EF024906A3092E
:103AC000C505F50B25120E021C045A03B406300678
:103AD000600C000001000000101100400000000018
:103AE0000000000000000000000000000406080ABA
:103AF0000C0E10121416181C1E20222426282A2C04
:103B00002E30323436383A3C3E40424446484A4CE5
:103B10004E021A5000003408E80300002CA6E0A171
:103B20000000000028000000180000000000000055
:103B3000141E00003011000000000000701700008B
:103B4000A00F00000000DC05E803000000000000FA
:103B5000141E00003011000000010302D8ECF0F444
:103B6000F8FC00020304050607080000000000003E
:103B70000000000000000000000000000000010143
:103B80000101020202020303030304040404050505
:103B900005050606060809000000000000000000F8
:103BA000000000000000000000000001010101020F
:103BB00002020203030303040404040505050506C9
:103BC000060708090A0B0C0D06080801020600107A
:103BD0000200FA0000000000078D0000138D0000B5
:103BE000178D00001F8D0000238D000000000000D5
:103BF00000E00000000000000000000000000000E5
:103C00000338FDD870470000FF1A0000540400205C
:103C1000000000000400000020000000210000005F
:103C2000000000009C370100000104040A4000016C
:103C3000000000000C000000000000200000000058
:103C400000000B06020000004C3C010000000000D8
:103C50004B3E01002400020700000020533E0100FB
:103C60001E000B1171B3000000000000EF1F0100E7
:103C7000643C01007C3C01004700000080550020AE
:103C8000643C01008C3C01002E000000885900209B
:103C9000643C01009C3C010002010000685A0020C5
:103CA0000E030000A9BF00000F040000E5BF0000E4
:103CB000FF01000045B600003E01000065B60000AF
:103CC000100100005D210100643C0100D43C0100B2
:103CD00047000000885B002021CC0000F1CB0000F1
:103CE000000000009DCD00001DCD0000F9CC0000BB
:103CF000E1250100FFFFFFFF00000050FFFFFFFF75
:103D00000000000000600040000000000040004093
:103D100000000000000000FF00FF000000000000A5
:103D20000000000101000000C92601003C3D010027
:103D3000FFFFFFFF00000000000000000040004007
:103D4000483D010002000000643D01000300000046
:103D5000583D0100030100000780000405800005B4
:103D600006800006070000040500000506000006A6
:103D70003C37010008000100C9DE000033290100C2
:103D800021E10000A4360100A4360100E436010060
:103D9000F4360100243701002437010072616E649B
:103DA0006F6D0046463A45453A44443A43433A42E9
:103DB000423A4141007468726561645F72756E5F7A
:103DC000706F6C6963795F696400746872656164BF
:103DD0005F726561645F626D613430305F69640099
:103DE00000010103010003012A2A2A20426F6F7497
:103DF000696E67206E524620436F6E6E6563742055
:103E000053444B2076332E302E312D3965623536B2
:103E100031356461363662202A2A2A0A002A2A2A83
:103E2000205573696E67205A6570687972204F5308
:103E30002076342E302E39392D37376638363562B4
:103E40003866386430202A2A2A0A00464C415348F2
:103E50005F30005352414D5F300000000000000011
:103E600000FFFFFFFFFFFF00000000000070756211
:103E70006C696300287075626C696329002872613F
:103E80006E646F6D29007075626C69632D696400E2
:103E9000287075626C69632D6964290072616E64B3
:103EA0006F6D2D6964002872616E646F6D2D696499
:103EB0002900574553545F544F504449522F7A6557
:103EC000706879722F7375627379732F626C756580
:103ED000746F6F74682F686F73742F6863695F63A2
:103EE0006F72652E630062745F6863695F657674E4
:103EF0005F6765745F666C616773286864722D3EE6
:103F0000657674292026202831554C203C3C2028F9
:103F100031292900415353455254494F4E204641BF
:103F2000494C205B25735D20402025733A25640AA7
:103F3000006576745F666C616773202620283155B2
:103F40004C203C3C20283029290042484152006244
:103F5000756600737563636573730009636F6D6DD8
:103F6000616E64206F70636F646520307825303433
:103F7000782074696D656F75740A00657272203DF2
:103F80003D20300009436F6E74726F6C6C65722057
:103F9000756E726573706F6E736976652C20636FD2
:103FA0006D6D616E64206F70636F6465203078257D
:103FB0003034782074696D656F7574207769746822
:103FC000206572722025640A0042542052582057FE
:103FD0005100060105010401070203010502020167
:103FE00003020504010101020103010401060108A5
:103FF000010C01100118012001400180616463403F
:10400000343030303730303000636C6F636B4034A5
:10401000303030303030300072616E646F6D40345B
:104020003030306430303000656E74726F70795F9C
:1040300062745F686369006770696F403530303063
:104040003030303000000102030405060773706948
:1040500040343030303430303000536F6674446553
:104060007669636520436F6E74726F6C6C65722045
:104070004153534552543A2025732C2025640A009D
:1040800062745F6863695F736463004D50534C20D2
:104090004153534552543A2025732C2025640A007D
:1040A0004D50534C20576F726B0000000000010010
:1040B00000000101000001010101000000006D612C
:1040C000696E00737973776F726B7100899A508A89
:1040D00095019C58FC39D2C11004EE0264CE25BE75
:1040E00000FFFFFFFF1F00647261676F6F6E2F6C30
:1040F0006962732F7363686564756C696E672F738B
:1041000072632F72656D5F68616C5F6576656E7452
:104110005F74696D65722E6300286E756C6C290082
:084120002A666C6F61742A002D
:10412800FFFFFFFFFF1F00001F000000000000004E
:104138005D40000000000000FFFFFFFF1FFF0000C0
:10414800BAABBABA1010101000000000008000408E
:1041580000000000000000000C000000000000004B
:1041680000FF7F0000000000000000007D14000038
:1041780000000000A983000000000000000000000B
:1041880000000000000000006C000020B78B000059
:10419800BD8B0000BF8B0000E58B0000C38B0000C7
:1041A800EF8B0000C98B0000FB8B0000CF8B000059
:1041B800018C0000DB8B0000DF8B0000D18B00003E
:1041C800D78B0000EB8B0000F58B0000000000008F
:1041D80000000000000000000000000000000000D7
:1041E80000000000000000000000000000000000C7
:1041F80000000000000000000000000000000000B7
:1042080000000000000000000000000000000000A6
:104218000000000000000000000000000000000096
:104228000000000000000000000000000000000086
:104238000000000000000000000000000000000076
:104248000000000000000000000000000000000066
:104258000000000000000000000000000000000056
:104268000000000000000000000000000000000046
:104278000000000000000000000000000000000036
:104288000000000000000000000000000000000026
:1042980000000000000000002DBF0000000000002A
:1042A8000000000000000000000000000000000006
:1042B80000000000000000000000000000000000F6
:1042C80000000000000000000000000000000000E6
:1042D80000000000000000000000000000000000D6
:1042E80000000000000000000000000000000000C6
:1042F80000000000000000000000000000000000B6
:1043080000000000843701000000000000000000E9
:1043180000000000000000008D09010000000000FE
:104328000000000000000000080200200802002031
:10433800CD24010000000000000000000000000083
:1043480000000000000000002802002028020020D1
:1043580000000000010000003802002038020020A0
:104368004002002040020020000000000100000080
:104378005002002050020020000000000000000051
:104388000000000000000000000000000000000025
:104398000000000000000000000000000000000015
:1043A8000000000000000000000000000000000005
:1043B80000000000000000000000000000000000F5
:1043C80017270100000000000000000000000000A6
:1043D800B0020020B002002001000000010000002F
:1043E800C0020020C0020020C8020020C80200202D
:1043F80000000000000000000000000000000000B5
:1044080000000000000000000000000000000000A4
:104418000000000000000000000000000000000094
:104428000000000000000000000000006E040020F2
:1044380000000000F98F0000D991000087100100EA
:104448000000080000000000B437010040420F00DF
:10445800000100003C3701000800010000000000D6
:10446800071B010000000000AB2101000000000054
:10447800000000000000000085B6000000000000F9
:1044880000000000800100000000000079C7000063
:104498000000000000000000000000000000000014
:1044A800703D0100010000008803002088030020FF
:1044B800000000000100000098030020980300207D
:1044C800A0030020A003002000000000010000005D
:1044D800B0030020B003002000000000000000002E
:1044E80000000000000000000000000000000000C4
:1044F800000000000000000000000000B4370100C8
:1045080000000000000000000000000000000000A3
:104518000000000000000000000000000000000093
:104528000000000000000000000000000000000083
:104538000000000000000000000000000000000073
:104548000000000000000000000000000000000063
:10455800000000000000000008000000FF0000004C
:104568000000000001000000000000004C040020D2
:104578004C04002059000102030405060708090A33
:104588000B0C0D0E0F1011121314151617181F010E
:0E459800000000000000000000000000000015
:1045A80000000000000000008D090100000000006C
:1045B800000000000000000098040020980400207B
:1045C800ED8F000000000000000000000000000067
:0845D8000000000000000000DB
:1045E000B8040020B8040020000000000000000013
:0445F0000E000000B9
:1045F400CC040020CC0400200000000001000000D6
:10460400DC040020DC040020E4040020E404002096
:104614000000000001000000F4040020F404002065
:104624000000000000000000040500200405002034
:104634000C0500200C05002003000300010000000D
:1046440000000000803C0100145A0020000000001B
:10465400000000003005002030050020380500204F
:1046640038050020020002000100000000000000E4
:10467400C83C0100185C002000000000000000009D
:104684005C0500205C050020640500206405002012
:104694000A000A0006000000B1B50000703C0100E9
:1046A4004858002000000000000000008805002099
:1046B40088050020900500209005002001000100DD
:1046C4000100000000000000903C01006C5B002031
:0446D40015E015E0F8
:040000030000ACED60
:00000001FF
