:020000040000FA
:10000000C04E0020E1A5000047260100CDA500005C
:10001000CDA50000CDA50000CDA50000000000008A
:1000200000000000000000000000000059A70000D0
:10003000CDA5000000000000F1A60000CDA5000045
:1000400045A900007B49010045A9000045A9000021
:1000500045A9000045A9000045A9000045A90000E8
:100060004B49010045A9000045A900006549010070
:1000700045A9000045A9000045A9000045A90000C8
:1000800045A9000045A9000045A9000045A90000B8
:1000900045A9000045A9000045A9000045A90000A8
:1000A00045A9000045A9000045A9000045A9000098
:1000B00045A9000045A9000045A9000045A9000088
:1000C00045A9000045A9000045A9000045A9000078
:1000D00045A9000045A9000045A90000064B074AB4
:1000E0009B7802604FF490728280C3710822FF23D4
:1000F00082710372704700BFB0050020E1860000E6
:10010000F8B5C41D002824F00704054614BF204696
:10011000002000F0F9FA071E02DA6FF00B00F8BDBC
:100120000DB9FC42F9D4294E3189F088F37AB27ABC
:100130000331033089B280B207F024FC0028ECDBE5
:10014000317873783C440334002D194424F00304BF
:1001500000FB01F114BF2046002000F061FC2044A8
:100160000DB90028D9DBB2780346B2B1F17CF3783F
:1001700011441944FF29D0DC0330002D20F0030482
:1001800014BF20460020F289C9B200F09FFC031E74
:10019000C3DB23440DB9002BBFDB317C81B1B278C6
:1001A00072B10733002D23F0070414BF204600204E
:1001B00001F08AFE031EB0DB23440DB9002BACDB3B
:1001C000002D0CBF18460020A9E700BFB005002095
:1001D0001FB572B6184BDD6AE5B9BFF34F8F1749EB
:1001E000174BCA6802F4E0621343CB60BFF34F8F32
:1001F00000BFFDE7B2FBF6F2DCB20133002AF9D111
:1002000004F110036B4403F80C2C0A2234B901A842
:10021000A847E2E7024600230A26EDE7631E04AE84
:10022000DCB256FA83F3B0FBF2F602FB1600303074
:1002300003F80C0C3046E9E7B005002000ED00E0C3
:100240000400FA0507B50C4BDA7A8DF801209A7A8A
:100250008DF8002068461A89DB88ADF80420ADF8D7
:10026000023001F0EDF818B1DB210320FFF7B0FFF9
:1002700003B05DF804FB00BFB005002038B50546AB
:1002800068B306F0C3FB10B94FF0FF3038BD03F080
:10029000DFFEB0F5FA7FF7D8134C1448E56200256D
:1002A00000F0ACF92A222946204684F8305006F0A6
:1002B00041FF01236370A3701B23E380238140F27D
:1002C000032363811F23E38108232374EFF3108446
:1002D00072B600F0D1FC2CB962B62046D6E76FF0BA
:1002E0001500D3E72846D1E7B005002045020000FD
:1002F00010B5002842D1244C94F83030032B3AD06A
:1003000059B1002A3DD00239052937D8DFE801F07C
:10031000031428362B2E137863700020FFF7F0FEAD
:100320000028B7BF0123022384F830306FF00B00A0
:10033000A8BF84F8303010BD137913B3537903B3D9
:100340001188FB291DD81A2953881AD91B3BE02B89
:1003500017D81368C4F806300C4B92889A80DCE7F3
:100360001378A370D9E71388E381D6E71388FF2BAE
:1003700007D82374D1E74FF0FF30DCE76FF02C0093
:10038000D9E76FF01500D6E7B0050020B6050020CC
:10039000F8B50D46064630B329B311F0070422D153
:1003A000124F97F83030012B02D16FF00B00F8BDDF
:1003B000032B02D14FF0FF30F9E700F05FF800287F
:1003C000F8D02846FFF79CFE0028EEDB08F05AFB29
:1003D0003046214601F078F8FFF734FF032387F811
:1003E00030302046E3E76FF01500E0E7B00500206D
:1003F00010B5074C94F83030032B03D101F07CF892
:1004000001F08EFC07F0B4FB002084F8300010BD32
:10041000B005002050B1074B03F1140253F8041B40
:1004200040F8041B9342F9D1002070476FF015008B
:10043000704700BF2170010010B5074B93F83040A2
:100440003CB901F027F80120044900F055F9204695
:1004500010BD4FF0FF30FBE7B0050020DD000000CD
:10046000024B02681A600020704700BFE4050020BC
:10047000014B1B68184700BFE4050020024B1868B9
:10048000003818BF01207047E40500202DE9F7432C
:10049000294E0446071D2848376001F051FC022808
:1004A000054607D12449204606F074FF284603B0CC
:1004B000BDE8F083042838D13378072B18D13E20CB
:1004C00000F050F878B9F378327901A943EA0223B1
:1004D0006846ADF8003007F0A4F90028DBD05321BE
:1004E0000820FFF775FE052000F074F80028EAD018
:1004F0003146204606F0B3FFB0F5817F01D372216B
:10050000EEE70028C7D094F8008094F802904046A7
:1005100000F028F80028BED0B8F13E0FC6D14846FA
:1005200000F058F80028C1D1B5E70828BED102492B
:10053000204606F05EFFB9E7E8050020074B4FF0C4
:10054000FF3141F6FF72C3E9001205490022C1E9FB
:1005500000221F21C3E90212704700BF00000020E3
:100560002C0600203F280CD801380B4BC0F3421258
:1005700000F01F0053F8223023FA00F000F00100D1
:100580007047FF2806D04038C0F34212034B00F0FA
:100590001F00EFE701207047000000202C0600201C
:1005A0000146074B006849681A4603C240F48C2292
:1005B0001A6041F0107242F4FF625A60704700BF47
:1005C000000000200246024B0068516803C37047D8
:1005D00008000020FD281ABF00F1FF30C0B23F2004
:1005E000054B420903EB820300F01F009B6823FACE
:1005F00000F000F00100704700000020014B18607F
:10060000704700BF3406002010B5FFF797FF07F0D2
:100610008CFC034B1B68044603B19847204610BD71
:10062000340600200B880288F0B5C3F30E049EB296
:1006300004F11803C57CC35A02352A442B4497B2EF
:1006400013FA82F3013B4288B3FBF7F313FB074332
:100650009BB29A42044A93BF22EA060332401343F4
:100660009BB20B80F0BD00BF0080FFFF4A1E062A30
:1006700008B50346084604D84FF4D1711520FFF79A
:10068000A7FD094A914202D940F2A311F6E711B938
:1006900003B1196008BD2BB11B680022C3E9012119
:1006A0001A1D1A600430F5E7FAFFFF7F10B5114BF1
:1006B00000EB41041A786389B3FBF2F303FB0223D6
:1006C000013A1A44B2F5706F027928BF00231A4428
:1006D0008378B2FBF3F0194403FB1020091AB1FB35
:1006E000F3F003FB101313446FEA43436FEA5343E1
:1006F000638110BD38060020024B03EB8003596074
:10070000704700BF380600202DE9F04F10F0070AAF
:1007100085B0054604D040F261111720FFF758FD5F
:10072000554F07F10C06B1460446B0464FF0010B99
:1007300057F8043B8DF80BA03BB101A898479DF8F2
:100740000A30082B01D9E821E7E79DF80B1081BB9F
:1007500005B13160B94506F10406E9D12DB3DFF8E2
:100760001CE100238EF800301E46022258F82200B9
:10077000013A60B190F804A08178BAF1FF0F66D118
:100780004FF000078E4207713CBFCEB20123511CCF
:10079000ECD10BB18EF80060022640F6FF6A58F8E3
:1007A0002670002F65D1013EF9D2601B05B0BDE86F
:1007B000F08F9DF80AC0BCF1020FE64601F1050278
:1007C00038BF4FF0020E0EF1FF3004EB4204044438
:1007D000CEF100002040BDF808406444013CCCF15B
:1007E000000C04EA0C04B4F5803F4FEA420301D345
:1007F000F82192E775B1C31A336099701C8083F8B1
:1008000003B09DF80C201A71019A1A814FEA124C1C
:10081000A3F806C004FB01049CE758F82C90B9F13A
:10082000000F06D099F804B0D34504BF99F80290A0
:100830004F440CF1FF3CBCF1000FEEDA3944FF29C4
:10084000A0D90BB18EF8006040F2271165E79446FD
:100850000027F0E707EB41033846A3F80AA0FFF7AB
:1008600025FF09F10109BB785FFA89F18B42F1D8C4
:1008700099E74FF00009F6E73C0600203806002013
:10088000F8B54FF6FF730380184B03EB8103054661
:100890001869B8B186780379B3FBF6F206FB123318
:1008A000DBB219460A1D00EB4202B2F9027054880D
:1008B000002F09DB0131B1FBF6F206FB1211C9B2C0
:1008C0008B42EFD10020F8BDFF29FBD0C4F30E030B
:1008D000C4782B8024B94FF4D5711720FFF778FC2A
:1008E0005380BDE8F84007F02CB800BF3806002060
:1008F0001D4B03EB810370B51C69054644B303042B
:1009000004D54FF4DC711720FFF762FC0146204646
:1009100006F0F9FFFF28014604D02046BDE87040EC
:1009200007F00FB8A078B5FBF0F300FB1353DBB270
:1009300019460A1D04EB4206B6F90260002E09DBD7
:100940000131B1FBF0F200FB1211C9B28B42F0D1C0
:10095000002070BDFF29FBD08B4204EB42021CBF7C
:100960000023E3705580D8E738060020094B03EBDD
:10097000810310B51C690146204606F0C4FFFF281C
:10098000014604D02046BDE8104006F0DABF002042
:1009900010BD00BF38060020F8B5104B03EB8103F3
:1009A00007461C690146204606F0ADFFFF280546B4
:1009B00011D0E688238953EA064606D00146204630
:1009C00006F0BFFF01463846B04720462946FFF7EC
:1009D0006DFE0020F8BD0520FCE700BF38060020B2
:1009E00038B50E4B827903EB82030446186908B9C7
:1009F000052038BD8278E1799142F9D24B1CE37130
:100A000000EB41035D89B3F90A30002BF3DBA580CD
:100A100006F097FF20600020EBE700BF38060020BB
:100A200070B5044610F003000E4603D04F21182085
:100A3000FFF7CEFBFFF71AFE054624B10348314607
:100A40000460FFF713FE284670BD00BF5406002067
:100A50002DE9F14FDFF870B09DF828A09DF82C909B
:100A60001E46DBF8003007460D4690461BB9612153
:100A70001820FFF7ADFB52460921404606F0FAFE6A
:100A80004A4684B20921304606F0F4FE14FA80F199
:100A9000DBF8000006F013FF386018B9286001B0D9
:100AA000BDE8F08F04442C60386853464146092263
:100AB00006F0BFFE28684B460922314601B0BDE86A
:100AC000F04F06F0B6BE00BF540600201F2AF8B54E
:100AD000044613460ED89200033222F00303B3F506
:100AE000803F2DD2184DACB1A00710D05F21092056
:100AF000FFF76EFBFF2B4FEA420204D9FF339A4205
:100B0000A8BF1A46E8E77C2AB8BF7C22E4E7297030
:100B10006C602B8122F0030201EB81031204D800E8
:100B200001276B68120C0025EEB28E4200D3F8BD8F
:100B300014B126181F705E60104401352833F3E7A6
:100B40004FF0FF30F3E700BF5806002038B5144AD5
:100B5000147853680021C8B2844203D8AB2109201D
:100B6000FFF736FB1846013105782833002DF2D007
:100B70000021817001241289447044688161C1613F
:100B8000920800F12001051D21F8022B994245F839
:100B9000044B1444F8D100234361037038BD00BFF7
:100BA000580600202DE9F8434B7880460C4602F0A9
:100BB000040602F0FB07D3B1DFB12E4BD4F804904A
:100BC0001D89B7BB01236370AD08A761E76104F11C
:100BD00020034A46211D04F1280023F8025B9842B5
:100BE00041F8042B2A44F8D10023636101E0002F6F
:100BF000E3D0FF23A370002E18BF0226A3191B7D8C
:100C0000032B03D1022F1CBF0136F6B2A319012218
:100C10001A7506F10C0204EB8606002324F8123044
:100C20007268A370C8F80020A8F804304046BDE8F8
:100C3000F883002114226170A01806F07BFAB5F544
:100C4000FF7F0FD26B08ED1AADB209EB0502C4F8B5
:100C500004902584A2606384C4F80C90A58422616A
:100C6000E384C6E7B5F5EE6F4FF0FF03EBD940F232
:100C70007265EAE758060020134B012200214FF06D
:100C8000FF309A60C3F80012C3F80803C3F80015D8
:100C9000C3F804259A60C3F80803C3F80015C3F825
:100CA00004250A490A4A03F580334FF40040C3F88B
:100CB0000825C1F88000BFF34F8FBFF36F8FC1F8D5
:100CC0008001C3F80825704700F0004000E100E013
:100CD0000000F63F014B1876704700BF6406002005
:100CE0002DE9F04104460D46164690F8F03003F029
:100CF000FF071BB10C273846BDE8F0810146454887
:100D000004F08EFD20288046F4D05822394604F1A4
:100D1000C80006F00FFA84F8C880C4F8CC50FF234E
:100D200084F8F03035B101F059F800F007000130D7
:100D300085F8D40102234FF00008A4F8003184F8AC
:100D4000F88003F08FF900F19E05204607F0AEFD14
:100D5000ADB2014670B307F037FB00F5CD6189B243
:100D6000304603F039F93044C4F8FC0007F099FF2D
:100D7000281841F10001C4E94201012084F8D000A3
:100D8000A4F8268007F050FEE53E361AC4F8D46079
:100D90004FF0FF326FF00043C4E9442394F8C800D9
:100DA00004F1F80104F082FE48BB4FF4E5713020F5
:100DB000FFF70EFA204607F09DFCDFF85C80E53077
:100DC000C4F8FC00B8F8080048B1E08C38B101F074
:100DD00005F8B8F80830B0FBF3F202FB1300054445
:100DE00007F05FFF2D1841F10001C4E94251002EC8
:100DF000CED0751941F10001C4E94451CEE7D4E9E0
:100E000042230021C4E93823C4E93A23204607F0ED
:100E10006AFD70E7C17B00001C070020F0B50023CD
:100E200085B0CDE9003301238DF806306846FFF721
:100E3000D7FD70B11B4E0123B3720027CDE90277B5
:100E400002A8FFF7CDFD0546A8B10023B37205B097
:100E5000F0BD009806F06EFFE8E790F8FB0105F0A2
:100E6000B5FB94F8FB0184F8E45104F00DFD202358
:100E700084F8FB31E2E7029B002BE1D093F8FB21E1
:100E8000202ADDD018884FF6FF739842DDD029461E
:100E9000FFF76CFD04460028DFD14FF49A71302033
:100EA000FFF796F91C070020054B00220121DA729A
:100EB00019709A7242F210721A81FFF7AFBF00BF29
:100EC0001C070020014BD872704700BF1C07002090
:100ED000014B1881704700BF1C070020F0B5070CBC
:100EE000A7F5AA42144B543A012A03EA90231FD9CA
:100EF00027F4004042F6AA22801A18BF01200022DF
:100F0000162116461F2487EA060562EA0505013503
:100F100010D0DD03ADB245EA5606E503ADB20139A6
:100F200045EA52024FEA53034FEA5404EBD1F0BDB5
:100F30000020E4E70020FAE7E0FF3F0010B50121C0
:100F40000020FFF713FD044670B90121FFF7D0FC24
:100F5000044620B940F24D313920FFF739F9034BEF
:100F600093F9061007F08EFB204610BD2C070020D9
:100F700008B507F02BFA00F045FC00F0DFFA07F0A7
:100F8000F3FA00F0A7FD00F0B1FF00F0BBFD094B44
:100F900000221B214FF4A47098801A805980DA71C6
:100FA000054B064818605A829A7599805A749A823D
:100FB00008BD00BF2C070020540B002003021B00BB
:100FC000044B41F64C52C3E902221B221A74FFF76C
:100FD000CFBF00BF540B00202DE9FF41354DAB685A
:100FE000044640F8303F06F0DCFE064600F096FA74
:100FF0002B7C84F83830304B668710F0200F1B684C
:101000001DBFAA886988A4F85A101B2208BFA4F83B
:101010005A20A4F85C201BB194F9701020889847DE
:10102000AE7CEF7CB5F8148041F64C53A36116B941
:1010300000F07AFA064687BB00F076FA074676B3E8
:1010400068B303A920468DF80C608DF80D70ADF8DB
:101050000E8007F0FBF901236A88E385AB88697885
:10106000019103332978009103329BB292B204F1CB
:10107000140104F11000FFF7EBFC236913B94FF4DE
:10108000BE6114E0636913B940F2F1510FE0002032
:1010900004B0BDE8F0810920FAE7002ED1D1208804
:1010A0000021FFF779FC0028F5D040F2D351392018
:1010B000FFF78EF8540B002048000020F7B50546D6
:1010C0000E4607F012FB002874D0284607F0EEFB0E
:1010D00040B1B6F80130013B7F2B03D912242046E2
:1010E00003B0F0BD284607F0E5FB08B90C24F6E78D
:1010F000284606F0A1FE0028F8D1284607F0B3FAEA
:1011000004460028F2D1284601F058FA0028E5D01C
:10111000B6F80170F17842F2107328465F4307F089
:10112000B2FB284607F0BAFB014658B93A462846B2
:10113000FFF7D6FD04460028D1D041F6152139200D
:10114000FFF746F821460DF10600FFF799FB06462A
:1011500070B3214600F04AFCBDF8063033802846C3
:10116000314607F0B1FB284607F0AAFBA0B9296A6F
:10117000284607F0A7FB01463046FFF72DFF04463F
:101180000028ACD13A4631462846FFF7A9FD04466F
:1011900020B141F63821D2E70121EDE7064B9B68EB
:1011A000002B9CD0024606F58D713046984796E795
:1011B0000D2494E7422492E72C070020034B5A8821
:1011C00002801B7883700020704700BF540B002002
:1011D000F0B50778EF2F85B004460D4603D91225E8
:1011E000284605B0F0BDB0F80130ADF80C309DF9DF
:1011F0000C209DF80C30002AF1DB9DF80D209107A2
:10120000EDD1DA063FD49E0603F0030238D5002A5A
:10121000E5D11807E3D46378190711D42179E2786E
:10122000E07942EA0122617942EA0142A17941EA88
:101230000021207A41EA00418A42D0D81F2ACED923
:10124000627A013A062ACAD8A27A032AC7D813F0CA
:10125000040102D1023A012A03D8E27A012ABED857
:1012600011B9A27C032ABAD813F01001227D19D03B
:10127000012AB4D1227E012AB1D8B1B91125AFE734
:10128000032AC6D1ABE713F0600FA8D103F00F0219
:1012900003F00703052BBED0931E012BBBD9002AF8
:1012A0009DD1B8E7022AE5D199E7DA071FD4637820
:1012B000227D03F0180108291ED1022ADED11B0766
:1012C00009D4E279A37943EA0223227A43EA02436A
:1012D000B3F5804FD2D8BFB201213846FFF746FBA5
:1012E000064678B106F0A8FDB8B10C2578E700F005
:1012F000E5F80028DBD1C1E7022AE0D0227F002AEE
:10130000DDD0BBE701213846FFF7F2FA064650B3BD
:10131000164B93F9061007F0B5F9304607F0BBFA03
:1013200021462870E074304607F000FAE37E054657
:10133000002B3FF455AF00287FF452AF316B0246CB
:101340006846FFF72FFC306B2A46012106F062FB4E
:10135000316B68460422FFF725FC306B2A4629468C
:1013600006F058FB3CE707253AE700BF2C070020B2
:1013700070B50579042D8AB003465CD84488B4F56D
:10138000804F58D82D48465D284400214279857AFF
:10139000C07BADF8001042F0100242EA460242EA79
:1013A000850242EAC00202F01F028DF80020BDF85B
:1013B0000020ADF809201A888DF80B208DF80E401A
:1013C000120A240A8DF80D108DF810108DF80C20DB
:1013D0008DF80F405A7B8DF811205A798DF8122024
:1013E0009A79D3F807008DF81320B3F80B209B7B74
:1013F0008DF81A307F238DF81B3001238DF80810EB
:1014000005908DF81D10ADF818208DF81C308DF862
:101410001E3002A88DF81F108DF820108DF82310B3
:101420008DF824108DF821108DF822106946FFF7F1
:10143000CFFE0AB070BD1220FBE700BF08690100B3
:101440000278034672B1427862B142881A2A09D9F9
:1014500082881A2A06D9044A006810609B88938003
:101460000020704712207047540B0020024B026886
:101470009A600020704700BF540B002008B501F0AF
:1014800095F8FFF711FDBDE80840014801F078B874
:101490003807002010B5064C064904F5027006F026
:1014A00075FF04F503700449BDE8104006F06EBFF7
:1014B000380700204C00002054000020014B93F816
:1014C000020170473807002010B5074C00F014FCEB
:1014D000D4F8080206F052FFFFF772FD00F096FC08
:1014E000012384F8143210BD38070020014B93F813
:1014F000140270473807002010B5074CD4F80C02CE
:1015000006F03CFFD4F8100206F038FFFFF730FD7C
:10151000002384F8143210BD38070020014BD3E9B2
:101520000001704710000020034B1868C0F3002032
:10153000400040F0010070471000002008B502F0A4
:1015400087FD084A002332F82310814205D302EBBD
:1015500083039B78044A137008BD01330C2BF2D12E
:101560000023F7E71C6901004D090020054B9A8C08
:10157000824201BF002283F822204FF6FF729A8434
:10158000704700BF4E09002050B90A4A1346012097
:1015900003F8010B0868C2F801008A889A80704736
:1015A000012805D1034B0A689A608A88D8719A810C
:1015B000704700BF7809002048B90A4B187880B1FD
:1015C000D3F80120B3F805300A608B8070470128FA
:1015D00006D1044BD87920B19A680A609B89F4E758
:1015E000002070477809002020B9054B187800F0DA
:1015F0000100704701280ABF014B0020D879F6E7A7
:1016000078090020F7B500228B888DF80600ADF828
:10161000043008680C4B8DF80720019D1C780146AA
:1016200003F5AC73D0B2844201D8082009E0D3E9B5
:101630000076AE4208BF8F4203F1080302F10102B7
:10164000F0D103B0F0BD00BF8809002030B5094BD0
:1016500001465C78002203F58173D0B2844201D840
:10166000082005E013F8015B8D4202F10102F4D17C
:1016700030BD00BF88090020F0B5254D95F8984190
:1016800089B0224605F29911684605F0BFFD214652
:10169000684606F0BAFE0446B8B300EB4001C9B292
:1016A00002A8FEF7E5FE601E95F8A161C0B2012414
:1016B00095F8982105E0731CB3FBF2F102FB11339E
:1016C000DEB206F120030DEB030111F8203C002BE4
:1016D000F1D100EB400220326A4406EB46032B4472
:1016E00012F8187C83F8A27112F8177C12F8162CE5
:1016F00083F8A37183F8A42101F8204C0138AB19B9
:10170000C0B2FF2883F89941D2D109B0F0BD00BF23
:101710008809002070B5064688B00C46002A4FD0D4
:101720002A4A92F8A131D01890F8991121B94FF4B2
:1017300080712820FEF74CFD03EB43011144013377
:1017400091F8A251E57091F8A35191F8A41161713B
:101750000021257180F8991192F89811B3FBF1F0EE
:1017600001FB103382F8A13192F8C23123B9184934
:1017700002F5DD7006F01AFF657905F03F0545F0CA
:10178000400565710D220021684605F0D3FCE37821
:101790008DF80F3023798DF80E3004AA04236946A2
:1017A00030468DF80D5005F067FA9DF81F30237014
:1017B0009DF81E3063709DF81D30A37008B070BD99
:1017C00003216018FEF754FED6E700BF8809002009
:1017D00079160000044B5A78824286BF1B1893F892
:1017E0004A010020704700BF88090020044B5A7846
:1017F000824286BF1B1893F842010020704700BF49
:1018000088090020064B00224FF461711A8083F88A
:10181000C32183F8C421A3F8C61183F8C2217047FD
:1018200088090020014B83F8C40170478809002013
:10183000014BB3F8C60170478809002030B50A4B48
:101840005C7884420ED9184490F802012B3003EBE7
:10185000C004A5790D7053F830001060A388938000
:10186000012030BD0020FCE788090020024607481F
:1018700010B590F8C34124B1417821B1023001F094
:101880003FF8204610BD0C46FBE700BF880900204A
:101890002DE9F74F2F4C9A4663788342804689465C
:1018A00056D9231893F8425185F00105F9B193F800
:1018B0004A31E3B945F002070135BAF1000F18D1FA
:1018C000FA070AD5062101FB084104EB081052462D
:1018D00001F585718230FFF71DFFBB0734D504EB9E
:1018E0000810524649460230FFF714FF2CE02F46FD
:1018F000E3E794F8A1614FF0010B002DE0D0A319AC
:10190000019393F8991199B90092DAB100F04EFA67
:1019100006EB46012144019B81F8A2014FEA102CFD
:10192000009A81F8A3C1000C81F8A40183F899B151
:1019300094F898310136B6FBF3F103FB1166F6B269
:10194000013DDAE747F00407384603B0BDE8F08F01
:101950000027F9E788090020074B5A78824209D905
:101960001A1892F842212AB9062202FB003000F52B
:10197000857070470020704788090020064B5A7810
:10198000824281BF1B1893F83A01B0FA80F04009F7
:1019900098BF0020704700BF8809002030B50024A0
:1019A000A0F84040B0F8444042F210754C43B4FBFC
:1019B000F2F4A0F84440541E05FB0343B3FBF2F3DA
:1019C000A0F84230084BB3FBF2F30133A0F84830E3
:1019D000838F05FB0344436BB4FBF2F459438463E8
:1019E000B1FBF2F2426330BD005A620270B50446A8
:1019F0000D4651BB4FF41C7205F09CFB012384F88B
:101A00008E306FF0360384F8D930042384F8DA304E
:101A10006FF03B0384F8DB306F2384F8DC306FF029
:101A20003C0384F8DD30062384F8DF302B2384F870
:101A3000D830FE2384F80E317F2384F885302023AC
:101A400084F8DE5084F8FB3170BD012922D10023D7
:101A5000A0F8BC3180F8B331144B82691344B3FB56
:101A6000F2F3C0F8B03040F6B833A0F8B430114605
:101A7000438C7830FFF792FF05F016FA30B1E06939
:101A8000FFF72CFA10B984F89F51DDE7002384F8A2
:101A90009F31D9E70229D7D1B0F85232D0F84C2281
:101AA0008169BDE870407830FFF778BF7FC3C90116
:101AB000074B93F900301844142804DC10F17F0F11
:101AC00003DB40B27047142070476FF07E00704710
:101AD000500B0020024B00221A705A70704700BF52
:101AE000500B0020054BFF221A70054A0168116057
:101AF0000179117100221A70704700BF520B00204B
:101B00001800002007B5064B186800901B798DF867
:101B100004306846FFF7E6FF03B05DF804FB00BF42
:101B20003670010083230B70014B1B78CB7070471C
:101B30006C0B00202DE9F347DFF85C818246894673
:101B400005270025D9F8103053B11B7A1BB97E2127
:101B50001020FEF73DFBD9F81040B4B9002070E02A
:101B6000D9F80440237A012BF8D0EFF3108372B632
:101B7000D9F804201268C9F8042003B962B6C9F87C
:101B80001040237A0BB9A421E2E7267AF6B2277235
:101B9000731E0B2B6DD8DFE803F069061C33666CEF
:101BA0003C6C6C6C6C57636813B94FF4D471CFE71D
:101BB0002046514698470420EFF3108372B6227AEC
:101BC000052AD1B25FD12572C9F81050ABB962B6FF
:101BD00013E0636813B940F2B111B9E751462046EA
:101BE00098470346C3F30723012BADF80400C0B2A6
:101BF00042D0022BE0D1C9F810500028A2D020E03A
:101C0000636813B940F2B911A2E720469847002053
:101C1000D2E763680BB9B3219AE70B228AF8002058
:101C200019881869AAF80310012200248AF80220F2
:101C30008AF805208AF8064005F02FFEC9F8104002
:101C4000042002B0BDE8F087606810B940F2E111ED
:101C50007EE7D8F8003051469847034660B1C9F88E
:101C600010500220EDE74FF4F97171E740F2F511E1
:101C70006EE74FF4FC716BE726720028E1D1002B70
:101C80007FF460AF6AE711B940F2192160E7002BD9
:101C90007FF458AF62B655E75C00002070B5144C75
:101CA0001426231D32460021184605F043FA034648
:101CB0000125257400210433324604F11800C4E9DB
:101CC000013305F037FA84F824500A4A04F11C0362
:101CD000C4E906330023E362236384F83430C4F894
:101CE0003530C4F8393084F83D30136070BD00BF22
:101CF0006C0B00206000002010B5084C2378FF2BEF
:101D000004D04FF49D711020FEF762FA04F0FCFF3E
:101D10002070BDE81040FFF7C1BF00BF1D000020CC
:101D200010B5034C207805F00BF8FF23237010BD8D
:101D30001D000020014B187805F012B81D0000208E
:101D400010B506490446FFF7F5FE28B920460449B8
:101D5000BDE81040FFF7EEBE10BD00BF840B0020B1
:101D6000700B002010B51346027A22B140F2952183
:101D70001020FEF72DFA0A46BDE810400146014842
:101D800006F0F4BB700B00200346064890F83E2096
:101D90003AB190F83D2022B900F8353B024906F0EF
:101DA00002BC70476C0B0020251B0000094AD2E9D9
:101DB0000003434083EAB01181EA43214FEAF34331
:101DC0005360054B116058434FEAF06000EB800010
:101DD000704700BFAC0B0020BB79379E094AD2E99F
:101DE0000003434083EAB01181EA43214FEAF34301
:101DF0005360054B116058434FEAF06000EB8000E0
:101E0000704700BF20000020BB79379E10B50A4CF8
:101E100009480821FEF72CFBD4E900231343F7D02F
:101E2000064CFFF7DBFF2060FFF7D8FF23686060F8
:101E30000343F6D010BD00BF20000020AC0B0020F3
:101E4000F0B5204E054630780024147080B1431E52
:101E50007768DBB2181B01280BDC07EBC40057F8CE
:101E600034604068884208BFAE4212D1147001202D
:101E7000F0BD1819461007EBC60E57F836C0DEF84D
:101E80000460AC45C0F347008E412CBF03460446B6
:101E9000E0E7B54271EB000002D214700020E7E7E2
:101EA00007EBC30057F833404068884208BFAC4294
:101EB00001D11370DBE7A542814128BF01331370C4
:101EC000ECE700BFD40B002010F0070208B503D0E8
:101ED00063214820FEF77CF918B1034B1972586052
:101EE0001A70C80008BD00BFD40B0020014B0022AF
:101EF0001A707047D40B0020014B187A704700BF4E
:101F0000D40B00202DE9D34306F05DFB0DF1070251
:101F100007460E46FFF794FF98B9114C2278237AB2
:101F200093420ED0616813466FF0604E9DF8070033
:101F3000984209D301EBC003C3E900760132227055
:101F4000012002B0BDE8D08303EB0E0001EBC0001E
:101F5000D0E90089013BC0E90289DBB2E6E700BFB6
:101F6000D40B002037B506F02EFB0DF10702FFF76A
:101F700067FF0446A0B10C4A9DF807001378556826
:101F8000013BDBB213701A1AD2B2411CD200834259
:101F900038BF002205EBC10105EBC00005F084F855
:101FA000204603B030BD00BFD40B002038B5074D2C
:101FB000044600F15101286806F04CFA94F85010DC
:101FC0002868BDE8384006F053BA00BFF40B002083
:101FD000F8B504460E466588407F15F004011346A7
:101FE00018BF04F15F013246FFF752FCC2070546F5
:101FF0000BD5012384F85030607FFFF7ADFC0368F8
:10200000C4F851308388A4F85530AB070CD5094E7D
:102010000127306884F85E7004F15F0106F021FA50
:102020003068394606F02DFA85F00400C0F38000D0
:10203000F8BD00BFF40B002038B5C38D0E4D013341
:10204000C385AB7C04462BB101F0D2F900F08AFCC9
:102050000023AB7400232B7194F871302BB1012154
:102060002046BDE8384005F0A8BE637C13B1E28D80
:102070009A42F4D20021F3E7F40B002010B5094C8A
:102080002379012B02D02379022B05D1A37C1BB12C
:1020900001F0AEF900F066FCE069BDE81040FFF722
:1020A000CBBF00BFF40B002070B5294C2379012B66
:1020B00007D02379022B04D040F638412D20FEF7BB
:1020C00087F8A0B90125A37C1BB101F091F900F0BC
:1020D00049FC002D3AD0E06905F051FE002830D0CF
:1020E00001F09CF8236ABDE870409B68184721689E
:1020F000E26911F8095B02F15103E80992F85020F6
:1021000006F065F90028DDD02068002106F0DEF930
:102110000028D7D02379E069012B05D02379022B41
:1021200002D040F61141C9E72379226A03F18043C6
:102130005269013B05F00F0152F8233098470546DC
:10214000C1E7E069BDE87040FFF776BF70BD00BF32
:10215000F40B0020074A0346D06903B909B9FFF719
:102160006BBF1379126A03F180431269033B52F883
:1021700023301847F40B00202DE9F043032985B0E4
:10218000054690467BD090F870300529DBB202D12D
:102190004288D60760D5002B5ED10127DFF8E89092
:1021A00099F81260B6B106F047F9082888F80000DF
:1021B00014D002AA0DF10701FFF740FB20B940F649
:1021C000A4612D20FEF704F89DF8070002A906F08F
:1021D00006FA064698F80030082B08D1D9F8001006
:1021E00011F8030BC0F3801006F0F9F90646D9F890
:1021F000001095F8572011F8030B05F15803C0F3B0
:10220000801006F0E4F8D9F80010044611F8030B2A
:10221000C0F3801006F006F98146FFF7AFFB0146D8
:1022200040B1B9F1080F1BD04846FFF7D3FA80F050
:102230000101C9B298F80000082815D094B96B7F45
:102240001C1A604260416B885A0706D421B996B9BE
:10225000EB7C93B1BB4210D0002005B0BDE8F08309
:102260000021E7E70120EEE714B181F00104E4B2B8
:1022700004F00100E7E73046EFE70120EDE743888F
:102280009B07E9D5022789E7F40B0020032973B5E2
:10229000044604D0052952D0012002B070BD0823A5
:1022A0000DF107028DF80730FFF766FF0028F3D025
:1022B000237C284D03B39DF8070094F8BE30DBB9AA
:1022C000237884F8BF30082804F1C10228D004F133
:1022D000C001FFF7B3FA20B940F61A712D20FDF7BF
:1022E00077FF94F8C03043F0020384F8C0301A49F5
:1022F00004F1B60006F057F92B68062204265A703E
:102300001E702046FFF752FE94F84020E16B2868CB
:1023100006F0CDF828682E7101F020F80020BCE707
:102320002868034613F8031BC1F3801184F8C0101A
:10233000D0F80310C4F8C1109B889380D7E7074BEF
:102340001B6823B1984780F00100C0B2A5E718468A
:10235000A3E700BFF40B0020F38500006400002019
:10236000F8B504460F4619B300F12805284606F0D3
:1023700034FBA0B963881A072ED5284606F044FB23
:102380000646284606F029FB301AC0B206F04CFB80
:10239000444A936803442846936006F0FAFA2846B4
:1023A00006F0FCFA00F0CEFE2179252000F0E4FDD5
:1023B0003C4D94F85E2028680023037043706388C6
:1023C000103B0D2B5ED8DFE803F0595D550C5D40E6
:1023D0005D5D5D5D5D5D5D402046BDE8F840FFF7F9
:1023E0002BBE06234370202303702046FFF7DEFD3B
:1023F000638823F008039BB2152B05D094F838208E
:10240000616B286806F044F8286800F0A7FF0323F2
:1024100021792B71002000F09BFE064607B9E86089
:1024200063881B0704D506F0FCFA0644C4F8D8609C
:102430006388103B0D2B30D8DFE803F0322F2929B9
:102440002F292F2F2F2F2F2F2F290C23437021239C
:10245000037042B104F15F0106F003F8012128681E
:1024600006F00FF8C1E704F1580105F0FAFF94F8FF
:102470005710F4E7062303704370B6E70223037096
:102480000623F9E740F21F612D20FDF7A1FE217917
:102490000120BDE8F84000F0B9BF40F6AB41F3E7DA
:1024A000F8BD00BFF40B002038B54388102B04465C
:1024B00004D1BDE838400121FFF752BF0B4DAB7C82
:1024C00023B100F035FA402000F086FF286800F0C4
:1024D00045FF608810F0040002D1217900F096FFDA
:1024E000002000F055FF01232B7138BDF40B0020B4
:1024F000024B0121D869FFF733BF00BFF40B002066
:1025000010B5134CA37C1BB100F072FF00F02AFA47
:10251000E06905F034FC70B12379E069012B0FD13B
:102520002379226A03F18043D268013BBDE8104061
:1025300052F823301847E069BDE81040FFF77CBD32
:102540002379022BECD040F63B312D20FDF740FEE5
:10255000F40B002010B50948037903F0FF0453B9C8
:1025600018222146043004F0E5FD00F041FF00F0A0
:10257000F9F9204610BD0C24FBE700BFF40B002046
:1025800010B5094C002323712060FFF7E3FF20B151
:1025900040F2EA212D20FDF71BFE236A13B940F219
:1025A000ED21F7E710BD00BFF40B0020014B024AFC
:1025B0001A627047F40B0020742800002DE9F041E6
:1025C000067DB31EDBB2012B04468CBF4FF0000822
:1025D0004FF001087EB3B71E18BF0127012B36D874
:1025E00000F1580190F8570005F01CFF0828054637
:1025F0002DD0FFF7FBF858BB657784F81C8084F872
:102600005070FFF715F9054606F04BFB174BA5FB7D
:1026100003351B1845EB01050022C4E9123584F887
:102620005E2011462046FFF7D3FC70B940F2754199
:102630002D20FDF7CDFD3746082504F1510100207E
:10264000FEF7BAFF0028D7D10020BDE8F0810825A9
:10265000022EF2D0E37E002BF6D0D4F81530C4F869
:102660005130B4F81930A4F85530C5E740420F0096
:10267000F0B5464E327985B0044602F0FF0312B938
:102680000278FF2A04D140F6A2112D20FDF7A0FD0B
:102690003382B3607371B37180F871303C4B009337
:1026A0003C4B01933C4B0293336A68465B6803934F
:1026B00000F04CFE00F08CFC00F09AFE00F052F9A5
:1026C000364800F019FD04F12805354800F038FEC1
:1026D000284606F05EF9284606F060F900F032FD63
:1026E0002179252000F048FC94F9120000F0FEFC4E
:1026F00004F13401206B05F0AAF904F13C0107460E
:10270000206B05F0CBF9054617B194F82430C3B916
:102710000DB194F82550237F13B963885B0709D561
:10272000D4E912126FF000439A4208BFB1F1FF3FA3
:1027300009D185B930680330FFF798F8B07405B057
:10274000F0BD0125E7E706F0ACFAD4E91223904288
:1027500071EB0303EDD3012205EA02012046FFF7E6
:1027600037FC68B1FFF764F8054606F09AFA0D4B9E
:10277000A5FB03351B1845EB0105C4E91235D9E764
:10278000002DD7D040F6D7117FE700BFF40B002013
:1027900001250000A920000055210000D6BE898E29
:1027A0005555550040420F00F7B50446FFF760FF4E
:1027B00000212046FFF7D4FDA36E0BB101221A6061
:1027C0006388DB0721D50023114E256ACDE900334C
:1027D000FF23F37405F10A076846FEF701F9A0B973
:1027E000009CA542F8D06A7A607A3B4604F10A015F
:1027F00005F0EDFD0028EFD0A378F374D4F80300C2
:102800007061044BB4F807209A8003B0F0BD00BF9C
:10281000F40B0020080C0020024BD8611B6A1B68D7
:10282000184700BFF40B002043881B0710B504466F
:1028300011D5036A0A493C2280F87B201B88A0F846
:102840007C30FF2380F899304FF6FF73A0F89A3060
:10285000723005F0A8FEFF2384F8713010BD00BF70
:102860000B8600008D220000A92400006386000072
:102870005D860000A92700007D200000F1240000F3
:102880007028000068280000642800000138022831
:1028900008B503D9C3212F20FDF79AFC13290A4B51
:1028A00005D811290CD8102907D0D121F3E7152913
:1028B000FBD103EB4003D88801E033F8100008BDDA
:1028C00003EB40039889FAE7CC690100064BD3F883
:1028D000000138B1D3F8040120B1D3F80801B0FAEF
:1028E00080F04009704700BF00F00040034B002219
:1028F0001A705A7010229A70704700BF300C002076
:1029000070B50646022014460D4600F0B9F8064B95
:1029100001221A70054B033CC3F81045C3F8086543
:10292000C3F8045570BD00BF300C002000F000401B
:1029300008B5022000F0A4F8084B01221A70084BD9
:102940000022C3F80021C3F80421C3F8082103F5CD
:1029500080334FF40002C3F8042508BD300C00207A
:1029600000F000400D4A08B513787BB10C4B4FF4D2
:102970000001C3F80815FFF7A9FF60B101235370E8
:10298000084BD3F80034937000231370BDE808405F
:10299000002000F075B850701023F4E7300C0020D0
:1029A00000F0014000F000400A4B1A786AB10A4B6F
:1029B000D3F800215AB1D3F8040120B1D3F80801AB
:1029C000B0FA80F04009C0B27047587870470220D2
:1029D000704700BF300C002000F0004008B5074BE6
:1029E0001A783AB1FFF772FF30B1054BD3F8000403
:1029F000C0B208BD9878FCE71020FAE7300C002040
:102A000000F00040024B00221A705A709A70704712
:102A1000330C0020084B1A784AB10849084AC1F81B
:102A200008250022C1F89825C1F89C251A700022BB
:102A30005A709A70704700BF330C002000F00140BC
:102A40000000020208B50B4B4FF40042C3F880208F
:102A5000BFF34F8FBFF36F8F074B0022C3F80025E2
:102A6000C3F80025FFF7D6FF044B4FF40002C3F86C
:102A7000082508BD00E100E000F0004000F0014042
:102A800038B5144C0023C4F80035C4F800350546A9
:102A9000FFF7C0FF104B4FF40002012DC3F80825CB
:102AA00003D0022D08D085B938BD0223C4F8003503
:102AB0000A4BC4F81435F7E70321C4F80015074999
:102AC000C4F81415C3F80425EEE784213D20FDF772
:102AD0007FFB00BF00F0004000F00140380C0020F8
:102AE000024B00221A809A701A717047480D00201C
:102AF00038B5144D95F835200346084622B940F6FE
:102B000092013E20FDF764FB6BB9012A2C6B95F80E
:102B1000341005D100F0F0FD2044AB6AC01A38BD76
:102B200006F019F8F8E7012B0AD1012A2C6B95F869
:102B3000341002D100F0D2FDEEE706F017F8EBE713
:102B40000020EAE7480D002008B5094B012883F86A
:102B50002000084B06D0022808D040F6E1513E2064
:102B6000FDF736FB0322C3F8102508BD0422FAE75F
:102B7000480D00200010004008B5144B93F8413078
:102B8000D90720D59A070ED5114BD3F8002242F071
:102B90000102C3F80022D3F8500500F0F600023815
:102BA00018BF012008BD5B070DD50A4B0A4AC3F8C0
:102BB000AC25A3F5B833D3F8403123B140F24161DD
:102BC0003E20FDF705FB0120ECE700BF480D00208B
:102BD0000010004000F001400810004007B50B4A0B
:102BE00001AB92F9212000F0CBFD9DF9040000F02B
:102BF0006DFD9DF8050000F037FE20B140F20A613E
:102C00003E20FDF7E5FA03B05DF804FB480D002017
:102C100008B503460F4863B92831C1600E4900F07A
:102C20000BFE0130012814D940F264713E20FDF7FB
:102C3000CFFA012B0AD12931C160074900F002FE09
:102C40000130012805D940F26E71EFE740F2727150
:102C5000ECE708BD28000020EC69010008B50C4B2A
:102C60009B78012B09D100F0F3FD013001280ED92A
:102C700040F6E3013E20FDF7ABFA022B07D100F04E
:102C8000EDFD0130012802D940F6E901F2E708BD67
:102C9000480D0020044B03441A7E044BC3F808255A
:102CA000C3F85405704700BFEC69010000100040F4
:102CB00038B50D460446FFF747FF2846FFF7EAFF01
:102CC00029462046104DFFF789FF40F20313C5F84F
:102CD000343540F25B63C5F8383504F0E5F890B15F
:102CE0004FF08053D5F88825D3F82033022C22F4F6
:102CF000FE420CBFC3F30663C3F3062342EA032379
:102D0000014AC2F8883538BD0010004010B50C46A5
:102D1000FFF71AFF2046FFF7BDFF124B5A78012A32
:102D200003D1D8782146FFF759FF0F4CD4F8003271
:102D300043F48873C4F8003240F20313C4F8343506
:102D400040F25B63C4F8383504F0AEF840B904F0E3
:102D5000BBF828B9D4F8683543F4C023C4F8683503
:102D600010BD00BF480D002000100040F8B53D4CDC
:102D70000D4616460746002847D1104694F8221003
:102D8000FFF796FF22780123A3709A42364B4FEA51
:102D900046061E4429D1B6F840304FF47A7203F546
:102DA000FA73B3FBF2F3ED1AA16A304B304A0D44CB
:102DB000C3F8405503F5A073C2F8A835A36B43F4DC
:102DC0000023A3634FF40023C2F8043523789BBB90
:102DD00094F8413043F0020384F84130FFF7CCFE11
:102DE000044680BB40F2536123E0B6F846304FF40E
:102DF0007A7103F5FA73B3FBF1F3ED1A002AD3D11C
:102E00001B4B1C4AC3F8AC25CEE701280FD194F820
:102E100022101046FFF77AFF0223A3702378012BBC
:102E2000C2D0293D002BBFD1114B134AEAE740F62F
:102E300014013E20FDF7CCF9012BCFD194F841309D
:102E400043F00403C8E7094B0122DA64D3F84C3598
:102E50009D4205D929463846FFF7DAFE2046F8BDDF
:102E60000024FBE7480D0020EC69010000800040D1
:102E700000F00140001000400410004010B558223E
:102E80000021194804F056F9FFF72AFE03F0C2FFAB
:102E900060B124221548FF2104F04CF94FF0804323
:102EA0000022C3F8082EC3F8102E10BD03F0BCFF9B
:102EB0000028EED103F0C2FF0028EAD103F0DEFFC4
:102EC00008B14022E6E703F0CFFF04460028F8D11E
:102ED00006483822FF2104F02DF94FF08043C3F853
:102EE000084EC3F8104EE0E7480D0020000E0040E9
:102EF000024B0344187E00F516607047EC69010030
:102F0000094AD2E90A3092F83410C01A074B03EB91
:102F10008103DA6C9B6D801A03F2F3134FF47A721B
:102F2000B3FBF2F3C01A7047480D0020EC690100B2
:102F300008B50F4A92F83410012906D0022914D09E
:102F400040F2B2213E20FDF743F940F6B830D2E915
:102F50000A239B1A074A02EB8102D26C9B1A4FF498
:102F60007A72B0FBF2F0184408BD4FF4FA60EEE755
:102F7000480D0020EC69010008B5134B012983F8C6
:102F8000400006D002291BD04FF441713E20FDF7CE
:102F90001FF900230D4A43F4801340F0007043F4FE
:102FA000847340F44030C2F81435C2F81805D2F8E2
:102FB000503503F0F703032B05D140F21B31E5E751
:102FC0004FF08073E6E708BD480D00200010004078
:102FD0003F4B022270B5C3F88020BFF34F8FBFF381
:102FE0006F8F3C4C0023C4F8FC3F0123C4F8FC3F26
:102FF00003F06AFF28B1D4F83C3743F48063C4F887
:103000003C3703F025FF58B1D4F83C3723F0004398
:1030100023F0FF0343F0004343F09603C4F83C372A
:1030200003F042FF2B4C38B1D4F8403723F47F43F0
:1030300043F4B053C4F84037274BC4F8783700F056
:1030400023FC38B14FF08053D3F83033591C18BFEC
:10305000C4F84C374FF010231E4C1B6E5A1C09D07D
:10306000D4F88C251B0403F47F0322F47F0213435E
:10307000C4F88C35194D0123C4F8303585F820305B
:103080000323C4F8103540F20123C4F85036022659
:10309000134BC4F80062187C00F0FCFB114B124A81
:1030A000C3F804250023AB862B6385F8413002F07A
:1030B00005FC074BA8621022C3F88061C4F8042302
:1030C0001E60AB6D03B19847BDE8704000F0A8BB2F
:1030D00000E100E0001000402C000089480D0020B5
:1030E0002800002000F001400000020C014B83F892
:1030F00021007047480D0020034B020E0002C3F868
:103100002425C3F81C0570470010004038B504465C
:1031100000680A4DFFF7F0FF094B6268C3F83C25D1
:10312000237A85F82230617AA07AFFF725FF607A4A
:10313000FFF70AFDE37A85F8213038BD480D0020FD
:1031400000100040014B83F822007047480D00201A
:10315000F8B5244E96F84130DA0705460F4604D4F8
:103160004FF4F5613E20FDF733F81F4CD4F80022F0
:1031700043F0020342F00102C4F8002286F8413015
:1031800000BB96F822103846FFF792FD174A01233C
:10319000B370D3642360154BD3F84C4528462146C1
:1031A000FFF736FDB06A241ACDB9114901EB470784
:1031B0004FF47A71B7F8460000F5FA70B0FBF1F001
:1031C0002044F8BD0128E6D196F822103846FFF7D2
:1031D0009DFD0223B370054BDD646560DBE704F100
:1031E0002900EEE7480D002000100040008000405C
:1031F000EC69010008B5FFF7B9FD58B9064BC3F8F3
:103200004005A3F5E04301221A610220BDE8084011
:10321000FEF7BABD08BD00BF0080004037B5244BA3
:103220002449D3F8044302224FF0FF30C3F80803C7
:10323000C1F880212049C3F80022002281F84120F2
:103240001E49C1F8402501F5B8314FF46025C1F899
:103250000855D3F85015C9B204F01004D1B18DF857
:103260000700C3F8102101221A619DF8072012B14E
:10327000D3F810213AB19DF807305BB940F6D2017E
:103280003E20FCF7A5FF9DF80720013AD2B28DF849
:103290000720EAE7FFF7E2FC05490023C1F81031F7
:1032A000FFF71EFC14B11023C1F8043303B030BD86
:1032B0000010004000E100E0480D002000800040C8
:1032C00038B51B4D0024C5F84845C5F84445C5F838
:1032D0004045C5F84C45FFF7A1FF00F0A7FA154B94
:1032E00015499A6B9C6342F0446242F40032C1F883
:1032F0000825C3E90B441C76104BC5F8484502224B
:10330000C5F84445C5F84045C5F84C45C5F84841A1
:10331000C5F84441C5F84041C5F84C41C3F8802088
:10332000BFF34F8FBFF36F8FC3F8802138BD00BF4D
:1033300000800040480D002000F0014000E100E066
:10334000014BC3F83C0570470010004010B50FC892
:10335000014C84E80F0010BDA40D002008B50A4BF5
:10336000C3F80405094B93F84120D86342F00102E9
:1033700083F84120FFF700FC20B940F644113E20BD
:10338000FCF726FF08BD00BF00100040480D0020DC
:1033900010B50F4C034694F8350094F8341002220F
:1033A000012822764FF0960094F820200CD100F0EE
:1033B000B1F9084AE0610023C2F84431236BE169A6
:1033C0000B44C2F8443510BD00F0BEF9F1E700BF70
:1033D000480D002000800040044BC3F86005D3F87E
:1033E000002242F04002C3F8002270470010004063
:1033F000054BD3F8002222F04002C3F8002200223D
:10340000C3F86025704700BF0010004008B50D4BA1
:103410000246D97008460021197082B901225A70FB
:103420009A78022A0DD193F82210FFF7D7FB064AAB
:10343000D2F8003243F48873C2F8003201E002226D
:103440005A7008BD480D0020001000402DE9F843D7
:10345000924D934C0123EB64A36AD5F84C7594F814
:103460004090FF1A02F088FF0026C4E91206276583
:10347000FFF7F4FB8B4BA26BC3F808258A4AA663BF
:10348000D2F8003223F48E7323F00103C2F8003225
:10349000237E84F8416023B1D5F844319B1B18BFCB
:1034A0000123A178012938D1D2F80C31002B0CBFAF
:1034B0000025082515F00B0F7B4B04D1D3F8102104
:1034C0000AB145F010050022C3F80021C3F80C2111
:1034D000C3F81021C3F80421C3F8082105F018032C
:1034E000102B03D1012908BF45F020056B4B6678EE
:1034F000D3F848252263D3F84435E36294F82030AA
:1035000084F8343084F83510EEB9FFF7E9FA2676FE
:10351000EF0761D5E36D98478EE0022911D1624A29
:10352000D2F80C01D2F8002400280CBF0025022597
:10353000D20758BF45F00405002BBBD045F001056C
:10354000B8E70025B6E715F0110F21D12379B6F1C0
:10355000010818BF4FF00108012B26781CD0022B60
:103560002FD09BBB96214046FFF7C2FA0146FFF7DA
:10357000B7FA012E07D13B378F422AD8474B267026
:103580000022C3F84021E2784046FFF733FE01E015
:10359000FFF744FE0026BBE74448FFF7B7FD94F869
:1035A000353023B940F29F713E20FCF711FE012B0C
:1035B00004D1FFF7BDFC61690144D8E7FFF7A0FC27
:1035C000F9E73A48FFF7A2FD6169D0E740F6D92153
:1035D000EAE7354B1E619BE7A80745D503F064FC7D
:1035E000E8B903F071FCD0B92F4BD3F85034D901AE
:1035F00015D51A0705D013F0F00F02D013F4706F31
:103600000DD1294AC3F304410129D2F8542406D12B
:10361000012A04D0C3F34253022B7FF67BAFE36B46
:103620005B784B4588BF45F0040585F00400236EA8
:103630003146C0F380009847A378022B12D1237E35
:1036400083B1022B154A1DD1236BE1690B44C2F8EB
:103650004435A36B43F48003A363124B4FF4800201
:10366000C3F80425BDE8F88315F0280F06D085F0CF
:103670002001636EC1F340113046DCE7EB06DBD579
:10368000A36E48E7012B02D040F6B9418CE7E3690D
:10369000216B8B42DBD840F6BA4185E700800040C1
:1036A000480D002000F0014000100040500D0020A7
:1036B000024B03EB8003D86C704700BFEC6901003C
:1036C000014B53F820007047446A0100024BC0B21E
:1036D000C3F80C05704700BF00100040054B33F8DD
:1036E000113002384FF47A7203F2E733B3FBF2F38E
:1036F000184470475C6A0100054B33F811304FF4F1
:103700007A7203F57A73B3FBF2F31844704700BF83
:103710005C6A010038B51D460A4B33F8111003EB03
:10372000820305359C6821444FF47A7301F6B73162
:1037300003FB00141046B4FBF3F4FFF7B9FF2C446D
:10374000204438BD5C6A010070B50646084615463F
:10375000FFF7B6FF094A02EB850293684FF47A72CD
:1037600003F6B73302FB06331C1A2846B4FBF2F407
:10377000FFF79EFF0530204470BD00BF5C6A01006A
:103780002DE9F74F244C074698460D46164600F0A3
:10379000A3F82378BB42814611D16378AB420ED1A6
:1037A00094F90230B3420AD1E378834207D1A38867
:1037B000A8F8003094F9060003B0BDE8F08F781E39
:1037C000C0B203280ED8DFF854C00DF107031CF86F
:1037D00000003246294600F085F8824638B13D2186
:1037E000752002E040F2B7410620FCF7F1FC2846C4
:1037F0009DF907B0FFF77CFB534602464146584609
:1038000000F038F8B8F80030A071A3802770657018
:10381000A67084F80390CDE740000020706A010094
:10382000014B1B685B68184768000020014B1B6850
:103830009B68184768000020014B1B681B691847EC
:1038400068000020014B1B685B6918476800002076
:10385000014B1B689B69184768000020014B1B68DF
:10386000DB69184768000020014B1B689B6A1847FA
:103870006800002010B4034C2468E468A44610BC1F
:10388000604700BF68000020014B1878704700BFF8
:10389000C812002000220F4938B50446134644FAE6
:1038A00002F0C007D5B248BF581C02F1010244BF64
:1038B000CD54C3B2042AF2D1064DC3F10402042B45
:1038C000D2B24FF0FF0188BF0022E81803F032FCAB
:1038D0002C7138BDD4120020014B187D704700BFF9
:1038E000B80D0020042810B511D883B104280CBFEE
:1038F00010242824A1420AD2064C54F8200018B102
:1039000041568A42A8BF0A461A70002010BD6FF0C7
:103910001500FBE7B80D002030B50346114890F9BB
:103920001C209A4219DD90F924209A4217DA9A1A3B
:10393000846AA05C0C4A15569D420DD00E320029B7
:1039400018BF01309442C0B206D129B1013BDBB2AD
:10395000012B01D80130C0B230BD0D20FCE70020A2
:10396000FAE700BFB80D0020746A010008B5054BE6
:1039700093F91C30984203DAFFF7CEFF024B1B5637
:10398000184608BDB80D0020746A010010B51C4C23
:1039900094F82C3073B9012384F82C3003F04EFADC
:1039A00048B1184BA362D823236284F8243008233B
:1039B000A361237710BD03F057FA0028F1D103F07B
:1039C0005DFA0028EDD103F01BFA38B10E4BA3626B
:1039D000D823236284F824300423E9E703F01AFA99
:1039E0000028F3D103F020FA0028EFD103F030FAD9
:1039F0000028EBD14FF4DF71742002F0C7FF00BF45
:103A0000B80D0020AF6A0100826A01004FF08042C9
:103A1000012353600023C2F80031014A137070473C
:103A2000E50D0020014B01221A707047E50D0020C2
:103A30004FF08043D3F8003123B9034B187800F0DE
:103A4000010070470120FAE7E50D002070B50A4D2E
:103A5000012604462E70FFF7EBFF30B94FF080438C
:103A60006E706C60C3F8046370BD002CFCD0A0477E
:103A700000236B60F8E700BFE80D0020024B002236
:103A80001A705A705A607047E80D002010B5034C48
:103A9000208100F02FFC608110BD00BFE80D0020E8
:103AA000014B9889704700BFE80D0020014B188931
:103AB000704700BFE80D0020014B5889704700BFD8
:103AC000E80D002010B5EFF3108472B6064A937B20
:103AD0000133DBB29373937B012B01D105F091F895
:103AE00004B962B610BD00BFE80D002038B5FFF77D
:103AF000E9FFFFF79DFF094C4FF0804540B105F00D
:103B0000AAF801232B610423E3730023237438BD37
:103B10000323E3730123C5F80433F6E7E80D00201F
:103B200010B5EFF3108472B6094A937B23B940F2C3
:103B3000E3116D2002F02AFF937B013BDBB293730C
:103B4000937B0BB9FFF762FF04B962B610BD00BFEB
:103B5000E80D0020024BD87B003818BF01207047C9
:103B6000E80D002073B51B4D6B7C63B9E86900F06C
:103B7000030005F060F830B1EFF3108372B6EA7B12
:103B80001AB103B962B602B070BD0122EA7303B97B
:103B900062B64FF080430822C3F808234FF4207325
:103BA000ADF80630BDF80640A4B2631E9BB2ADF876
:103BB0000630002CF6D14FF080460748C6F80C417D
:103BC00005F07FF885F82140FFF790FF0823C6F83D
:103BD0000433D8E7E80D0020080E00202DE9F0415D
:103BE000384C94F82230002B69D04FF08043D3F842
:103BF0000071D3F8046157B10122C3F80823637838
:103C00002BB16368002565700BB1984765604EB1B4
:103C10004FF080430022C3F804210222C3F8082396
:103C2000FFF7A0FF4FF080462748D6F80C8194F8A4
:103C30002150EDB205F049F820B14FF421716D200B
:103C400002F0A4FE47B1E37B032B05D10423E37309
:103C500005F001F801233361B8F1000F16D04FF0E1
:103C600080430022C3F80C21E37B042B02D040F2F6
:103C7000A221E4E703F00CF9C0B14FF08043002229
:103C8000C3F8342C0223E373FFF74AFF4DB100233E
:103C900084F82130E37B022B01D1FFF727FFFFF7E8
:103CA0003FFFBDE8F041084805F01EB803F0D0F82A
:103CB0000028E2D103F0E2F80028DED1E2E7BDE817
:103CC000F08100BFE80D0020080E002010B5054C63
:103CD000E06900F0030004F0AEFF0028F8D00020F7
:103CE00010BD00BFE80D0020F8B5054650B10278C0
:103CF000042A07D8437842B9013B1F2B02D88378A6
:103D0000212B07D96FF0150097E0002BFAD18378AB
:103D1000002BF7D1854B0127C3F88070BFF34F8F7D
:103D2000BFF36F8F4FF08046C3F88071804C4FF027
:103D3000FF33C6F808330023C6F80031C6F8043153
:103D4000C6F80C31A373AB88A38104F05FFF08B100
:103D50002770A773D6F80C24D6F80C34D20303D5F9
:103D6000DF0701D5FFF75EFE4FF4AF60FFF78EFE71
:103D70002B78A97863740022E261A1742274042B69
:103D80002CD8DFE803F00503192729000123E3619C
:103D900004F043FF002851D004F046FFE36903F02C
:103DA000030398424AD1AB79EBB9FFF78FFF0028A4
:103DB0001EDA40F21F4113E0FFF784FE4FF080430C
:103DC000D3F80C14D3F80C24CE03F9D5D007F7D5CB
:103DD0000223DCE7574BDAE7574BD8E740F21141B3
:103DE0006D2002F0D3FD4FF080430222C3F804237C
:103DF000A37C6BB12B785BB9FFF71AFE054602F086
:103E000045FF6FF00043002D00F08D80C4E90503ED
:103E10004FF08043D3F80C24D3F80C34D20303D5ED
:103E2000DB0701D5FFF7FEFD404A01230020E073C8
:103E300084F82230C2F880311360F8BD4FF080431F
:103E40000122DA600022C3F80421E269C3F81825D0
:103E500002F0D6FF10B34FF080534FF08042D3F8FA
:103E60004432C3F34233C2F83C3502F0C9FF10B309
:103E70004FF080430122C3F84C254FF080430122CC
:103E80009A600222C3F80423AA79002AB0D1D3F899
:103E9000042391071CD44FF47171A1E702F0BAFF1B
:103EA0000028D8D102F0C0FF0028D4D102F0D0FF02
:103EB0000028D0D1D9E702F0ADFF0028D8D102F018
:103EC000B3FF0028D4D102F0C3FF0028D0D1D4E73B
:103ED0001A4A1669116941F010011161D3F80431D1
:103EE00006F010060BB904F00CFF4FF08047D7F82E
:103EF000043133B1FFF7EAFE002805DA40F2DE3183
:103F00006EE704F0FCFEF2E726B90C4A136923F0D1
:103F1000100313614FF080430222C3F808230022EC
:103F2000C3F8042164E7C4E9053071E700E100E06B
:103F3000E80D0020010002000100030000ED00E098
:103F400010B50D4C04F1200004F0BFFE48B9E37B2E
:103F5000022B01D1FFF7CAFDBDE81040074804F06D
:103F6000C3BE074A012384F82130BDE81040C2F8DF
:103F70000031FFF7A7BD00BFE80D0020080E0020AC
:103F800000E100E0094B1A7810B504461AB142214D
:103F90006F2002F0FBFC5A7832B901225A70FFF709
:103FA00091FD2046FFF752FD002010BD0C0E0020B1
:103FB00038B5084C25781DB158216F2002F0E6FC79
:103FC000637823B1FFF75AFD6570FFF7A9FD002064
:103FD00038BD00BF0C0E002008B501B3F0B14FF0A2
:103FE000FF331A46E0FB01320E498A4203D9902181
:103FF0006F2002F0CBFC180D40EA0230C3F30F1320
:104000004FF22441B0FBF1F203EB0040064B03FBFF
:104010001200B0FBF1F040EA0240013008BD084652
:10402000FCE700BF3F420F00000024F4014B5B6837
:10403000184700BF0C0E0020014B9B68184700BFBB
:104040000C0E0020014BDB68184700BF0C0E00204F
:10405000034B1A780AB9FFF723BD188D704700BFCC
:104060000C0E0020034B1A780AB9FFF71FBD188AFF
:10407000704700BF0C0E0020034B1A780AB9FFF7F7
:104080001BBD988D704700BF0C0E0020024B1B78A3
:104090000BB9FFF767BD70470C0E0020014B5B6941
:1040A000184700BF0C0E002010B5144C2378A3B1A4
:1040B000236A9847002806DB94F82A3023B10123AD
:1040C00084F82E30002010BDFFF7E8FF0028F6DA54
:1040D0004FF49F716F2002F059FC094B6361094B4B
:1040E000A361094BE361094B6360094BA360094B72
:1040F000E360FFF7F9FD0028E1D0E4E70C0E0020B3
:10410000CD3C0000413F0000553B0000C53A000097
:10411000213B00007D8C0000064B10B51C7824B1BB
:1041200040F29D116F2002F031FCFFF7AFFC2046FA
:1041300010BD00BF0C0E0020014B1879704700BF66
:10414000400E0020054B1A79824283BF1B6800EBAA
:10415000400003EB00100020704700BF400E00201D
:1041600043F60952C0F3080302FB03F3400A03F5C8
:10417000807302FB00F000EB5320704743F6095CAC
:10418000C0F3080210B50CFB02F2C0F34E24030E7C
:1041900043EA01230CFB04F0090E02F580724FEA9A
:1041A000411C00EB52205A01B2EB030E4CEAD36CD7
:1041B0006CEB01044FEA841C4FEA8E12B2EB0E0244
:1041C0004CEA9E6C6CEB040C4FEACC0C4CEA527C33
:1041D000D200D31841EB0C01DA03C903801841EA7D
:1041E000534141F1000110BD430B48F2376C0CFB09
:1041F00003F34FEA134C00B5104B43F6095E0EFB78
:104200001C0000FB03F35B0D0EFB03FE03EB4C23D2
:104210000EF5745C0CF1080CB0EB5C2F08D80EF5B1
:10422000807EA0EB5E20C0B20B6010705DF804FBD6
:10423000013300200B6010705DF804FB6F0C01006F
:10424000F8B5274DA94246D8264E274F450F45EAD7
:10425000C105A6FB0514C0F34F31A40B01EB0541CA
:1042600007FB1411A6FB0151890B41EA04411F4CC5
:1042700004FB110448F2376C600B0CFB00F04FEAB2
:10428000104C43F6095E1A480EFB1C4505FB00F076
:10429000400D0EFB00FE00EB4C200EF5745C0CF1A3
:1042A000080CB5EB5C2F12D80EF5807EA5EB5E2EC8
:1042B0005FFA8EFE069D85F800E00D0628184FEA8D
:1042C000112141F10001186059601460F8BD0130FE
:1042D0004FF0000EEEE796219B2002F057FB00BF47
:1042E000FF7F841E83DE1B43000024F40080841EB5
:1042F0006F0C0100420B48F2376303FB02F2120C11
:1043000043F6095C074B0CFB120101FB0333013B35
:104310005B0D0CFB03FC5002B1EB5C2F88BF01303E
:10432000184470476F0C010010B5094A92F8003329
:10433000202B03D13E21022002F028FB18214B4301
:10434000D018BDE81040D35840680321184700BF7B
:10435000480E00200C4B0D491B78012B14BF4FF465
:10436000E0224FF4C022C1F8482318BF0023C1F84F
:104370000823074A99000A440021012B42F8041B34
:1043800000D170470123F8E78811002000B00040F9
:1043900040B1004070B5EFF3108472B6094A0A4B81
:1043A0000025D2F80415D2F804612EB15968013104
:1043B0005960C2F80451F4E75B6804B962B6C0E919
:1043C000001370BD00B0004088110020094BD3F8E5
:1043D0000435C01A20F07F4323F001033BB120F0E5
:1043E0007F40B0F5000F8CBF0220002070470120F5
:1043F000704700BF00B0004008B5124BD3F8042549
:1044000022F00302C3F80425D3F8082542F0030282
:10441000C3F80825102292FAA2F2B2FA82F2092A0F
:1044200004DD094840F2A73102F0A6FAC3F81025CE
:104430000122DA60054B4FF48072C3F880211A60C4
:1044400008BD00BF008000403C70010000E100E0BA
:10445000114B4FF40062C3F88020BFF34F8FBFF3BE
:104460006F8FC3F880210D4B01225A609A60D3F8F8
:104470000425002AFBD10A49C3F808134FF4E021B0
:10448000C3F84813C3F84021C3F84421C3F84821B6
:10449000C3F80421704700BF00E100E000B0004015
:1044A000020007000D4B4FF48072C3F88020BFF369
:1044B0004F8FBFF36F8FC3F88021094B01214FF05D
:1044C000FF325960C3F808230022C3F84025C3F81F
:1044D00040211961034B1A72704700BF00E100E0F0
:1044E00000800040881100202448FF2310B54FF0C1
:1044F000FF32002443724FF0FF33C0E904230470FD
:104500004460FFF7CFFFFFF7A3FF1D4A1D4BC2F822
:1045100000424FF40061196080691B4930B90123E2
:104520000B60194B0222C3F8042310BD174B184C23
:10453000C3F8A845C3F8AC05C3F85C194FF40021D3
:10454000C3F804150521C2F8401501211160D2F805
:1045500040110029FBD04FF40021C3F808150121B8
:104560005160D1600021C2F84011C2F84015C3F873
:10457000A815C3F8AC15C3F8AC15D2E78811002014
:104580000080004000E100E000B0004000F0014089
:1045900040810040014BD3E904017047881100209D
:1045A000014BD3F80405704700B0004013B56846CE
:1045B000FFF7F0FEDDE90004FFF7D2FD024B00211A
:1045C000E4FB030102B010BD0080841E70B50F4BE8
:1045D0000F4D104A104C0026C5F80061C3F8A825FD
:1045E0004FF40022C3F8AC45C3F8042504F05BFB8C
:1045F000D5F800312BB10123C5F800616360E36099
:10460000F4E7013041F1000170BD00BF00F001404E
:1046100000B0004000B1004000800040B1F1FF3F19
:1046200008BFB0F1FF3F2DE9F041334C05460E467F
:104630001ED1324BD3F80031ABB1314B314AC3F804
:104640000825FFF787FE00236372FFF72BFFFFF7B4
:10465000D3FEFFF7BBFF0223C4E904012370FF234D
:104660006370BDE8F08104F01EFBC51C41F100063B
:10467000D4E90473B34208BFAF42F2D0204B214AC1
:10468000C3F80825FFF766FE1C4A4FF4803125F079
:104690007F480023C2F808134046C2F84813C2F806
:1046A0004031FFF793FE20B140F209316C2002F057
:1046B0006DF9C2F84085C2F844132378012B06D166
:1046C00027F07F473846FFF781FE0128FAD0002304
:1046D0006372FFF7E7FEFFF78FFE094A01234FF0F1
:1046E00000412370C2F8041504226270034AC4E931
:1046F0000456C2F84833B4E78811002000B00040E7
:1047000000F001400000088037B540B1041FE4B25A
:10471000022C13D94FF46B716C2002F037F9214B46
:104720004FF48032C3F80823C3F84005C3F84001B2
:10473000D3F840310093009B03B030BD1A4D2B7865
:1047400093B16A7882420FD1184A1949C2F8081504
:10475000012B01D1FFF7A6FE00232B704FF0FF3293
:104760004FF0FF33C5E90423124A4FF48033A340CE
:10477000C2F80833C2F8483304F5A87352F823008E
:10478000FFF724FE012818BF0B4B22B24FEA840426
:104790001CBF00211951084B53F822300193019B93
:1047A000CAE700BF008000408811002000F00140EF
:1047B0000000088000B0004040B1004070B52C4BB4
:1047C00030B1041FE4B2022C2AD940F267310BE069
:1047D000D3E90401B1F1FF3F08BFB0F1FF3F06D1BB
:1047E0001B7A23B940F23F316C2002F0CFF812B9A6
:1047F00040F24331F8E71F4B4FF480310120C3F8FA
:104800000413C3F840255864D3F8441500248A42A1
:10481000C3F8444503D82046FFF776FF204670BD15
:10482000197829B15B78834202D140F26331DBE72A
:10483000114B124E22F07F41A20013444FF48035F9
:10484000A5400022C6F808530846C6F848531A6027
:10485000FFF7BCFD48B904F5A874012046F8241000
:10486000C6F80453C6F84453D9E71046D7E700BF4B
:10487000881100200080004040B1004000B000409E
:1048800008B5FFF767FD054B4FF0FF32C3F808236B
:104890000022C3F84025C3F8402108BD0080004035
:1048A00008B50122084B10B1C3F8442308BDC3F872
:1048B0004823FFF7F7FD054B4FF0FF3118704FF01D
:1048C000FF30C3E90401F1E700B000408811002087
:1048D000F8B5164D164E00244FF48037D5F8043342
:1048E00007FA04F21A4212D056F824307BB10023A2
:1048F00046F8243004F5A87355F82300FFF766FD49
:1049000028B1201DC5F80823C0B201F025FC0134F0
:10491000032CE3D1054BD3F8042132B10022C3F8B4
:104920000421044A536801335360F8BD00B00040CD
:1049300040B100408811002010B51C4C637AFF2B59
:104940002DD0237883B10122022B227221D1184B62
:104950004FF40022C3F80825002323704FF0FF32E4
:104960004FF0FF33C4E90423124BD3F80423D203DE
:104970001BD5D3F84021C2B14FF480320020C3F8D8
:104980000823C3F84001FF236372BDE8104001F023
:10499000E3BB022360782370FFF7B6FEE4E7054B24
:1049A000D3F804330BB10720EFE710BD88110020C6
:1049B00000F00140008000402DE9F04F95B01C460A
:1049C0000492CDE90201FFF7E5FD182301910646A7
:1049D000C049082004EB440213FB0404631801EBF4
:1049E000C202083265581F7BD3F8048093F80D90FB
:1049F00005970FCA0EAC25F07F4A84E80F00504699
:104A0000FFF7AEFBB44B7C1C9842044400F2988143
:104A10009C4200F39380002C55DBFFF713FBB9F1A8
:104A2000010F834608D0AD4FD7E90223B3F1FF3F12
:104A300008BFB2F1FF3F4BD0FFF71EFB019B069072
:104A4000B3F1FF3F08BFB6F1FF3F03D0B54278EBAB
:104A5000030378D2029B0322EB1A934269DBBBF17A
:104A6000000F00F0F88000230793029BB5EB030BC7
:104A7000039B68EB0307FFF7FFFA0930C217834572
:104A800077EB020380F0EB80049B012B00F0F180B8
:104A9000079B002B5AD1019BB3F1FF3F08BFB6F132
:104AA000FF3F53D0721B63EB0803042A73F100012C
:104AB00080F23881012A73F100033ADADDF81CB084
:104AC00026F07F4A52E004F1F45404F59024A4E760
:104AD0000028B1D1FFF7D0FA019B0690B3F1FF3F58
:104AE00008BFB6F1FF3F00F0B380B54278EB030397
:104AF000C0F0AE803B7C002B069B14BF00221A4600
:104B00003346EB1A9A4214DC01230793D7E90232A9
:104B1000B2F1FF3F08BFB3F1FF3FA6D00699EB1AF1
:104B200068EB02028B4272F100039ED2B9F1010FD1
:104B30009BD00024204615B0BDE8F08F04F16144FD
:104B400004F5F70469E73346002285E72846414625
:104B5000FFF764FD4FF0000BB8F1FF3F08BFB5F160
:104B6000FF3F00F0F2802E46CDF804805046FFF75C
:104B7000F7FA5B4B221A9A420ED3001B9842C0F000
:104B80008C80554B9A4200F2C280984240F2E780F6
:104B9000C0F1614202F5F702D3170020FFF70EFEC5
:104BA00004460028C5D04D4FB9F1010FD7E90223C3
:104BB00075D0BBF1000F40F09780B3F1FF3F08BF05
:104BC000B2F1FF3F00F0B5800120FFF769FE3B7CAA
:104BD000002B40F0A1806A1E68F100030620FFF759
:104BE000EDFD002851D0B9694FF0804200230B60E1
:104BF000C2F8083500238DF8483008934FF0FF3293
:104C00004FF0FF33CDE90A23DDF814A08DF845906D
:104C1000CDF83C808DF844A00E9508AF0FCFDFF89B
:104C2000C4904E460FC60FCF0FC697E80F0086E818
:104C30000F0028464146FFF7A1FA534601331B18DF
:104C400041F100012046C9E9043115B0BDE8F08FFB
:104C5000029BC21C55E7214FCDF81CB056E7B9F1B5
:104C6000010B2846414618BF4FF0010BFFF7D6FC59
:104C700072E7019BB3F1FF3F08BFB6F1FF3F73D06E
:104C800026F07F4A4FF0000B70E7BA694FF0804181
:104C90000123C1F808351360ACE742427CE7B3F169
:104CA000FF3F08BFB2F1FF3F24D1BBF1000F8ED010
:104CB000069BF21A019B4FF0050063F10003FFF71A
:104CC0007DFD002846D03B7C002B84D101233B7422
:104CD00081E700BF480E0020FF7F841EA81100203E
:104CE0000040420F50110020B3F1FF3F08BFB2F166
:104CF000FF3FDDD0FFF7A0F94FF0FF324FF0FF3359
:104D0000C7E90223BBF1000F3FF461AFD0E702F126
:104D1000F45202F590223FE70520FFF7F5FC00234F
:104D20003B7458E728464146DDF81CB0FFF776FC97
:104D300012E7FFF77BF903F0B6FFC7E9020143E78B
:104D400040F22E41702001F021FE40F243717020AC
:104D500001F01CFE40F23121702001F017FE40F6F8
:104D60000B01702001F012FE40F2A761702001F0EB
:104D70000DFE00BF2DE9F04F8D4F7C7C04EB44030A
:104D80003B4483B05D78202D48D08A4BE6B2640066
:104D9000002B00F08980884BDFF82092002B5FD039
:104DA00005EB461207EB420A4FEA46189AF81C3008
:104DB000013BDBB2052B34D8814A12F803B0BBF1BA
:104DC000080F2ED0AFF30080EFF3108372B6344497
:104DD0003C449AF81D206270A278AA4204BF2022A7
:104DE000A27013B9AFF3008062B6A84405EB450585
:104DF00009EBC50207EB4808506859F83530012225
:104E0000594688F81C2098477C7C04EB44033B44BB
:104E1000E6B25D78202D4FEA4404C1D103B0BDE86D
:104E2000F08F40F27261702001F0B0FD62B6A844CC
:104E300005EB450509EBC50207EB4808506859F832
:104E400035300122594688F81C2098477C7C04EBB9
:104E500044033B44E6B25D78202D4FEA4404DDD0A4
:104E600005EB461207EB420A4FEA46189AF81C3047
:104E7000013BDBB2052BD4D8514A12F803B0BBF189
:104E8000080FCED0AFF30080EFF3108372B6344436
:104E90003C449AF81D206270A278954204BF2022FB
:104EA000A270002BC3D1C1E7434BDFF814B1DFF888
:104EB0000CA14FF02009002B4FD005EB461207EB59
:104EC00042024FEA4618137F013BDBB2052BA8D8FC
:104ED0001BF803100829A4D0EFF3108372B63444F2
:104EE0003C44527F6270A278954208BF84F80290D9
:104EF000002B52D0A84407EB480805EB45050AEB08
:104F0000C5025AF835305068012288F81C209847AD
:104F10007C7C04EB44033B44E6B25D78202D4FEAF1
:104F20004404CAD17AE762B6A84405EB45050AEB0A
:104F3000C50207EB480850685AF83530012288F856
:104F40001C2098477C7C04EB44033B44E6B25D782C
:104F5000202D4FEA44043FF461AF05EB461207EB06
:104F600042024FEA4618137F013BDBB2052B3FF6A6
:104F700058AF1BF8031008293FF453AFEFF3108329
:104F800072B634443C44527F6270A278954208BFA6
:104F900084F80290002BC7D1C5E70191AFF30080E0
:104FA00062B6A844019905EB450507EB4808A6E75A
:104FB000A81100200000000000000000480E0020A2
:104FC000E06A01002DE9F04F85B0DFF80C81019314
:104FD00001EB41034FF0200C18F8034003916445A6
:104FE000924682F800C073D04B01DFF8F09006467D
:104FF0009B4610E0727B012A02D0427D012A57D0E5
:105000000BEB040308EB43038AF800405B7F202B83
:10501000A4465DD01C4604EB440009EBC000D0E977
:10502000032387683568716813EB070E42F10002AD
:10503000754571EB02024FEA4403DBD21D46019B2A
:1050400083F800C0039B4FEA431B281909EBC000FB
:105050003768B368D0F808A07268C168DB1942F1FC
:1050600000029A4571EB020310D3437D012B02D05D
:10507000737B012B03D0012005B0BDE8F08FFEF754
:10508000FBFFAAEB070701308742F4DA019A2544B7
:1050900009EBC5051470A97DB27B0BEB04039142AB
:1050A00008EB430310D95C7F202CE4D06500CCE7EB
:1050B0000293FEF7E1FFED1B01308542A0DA029B6F
:1050C0009AF800C01D46BAE7002005B0BDE8F08F91
:1050D000019B1C70CFE700BFA8110020480E0020E4
:1050E0002DE9F04F83B00C4615461E469DF83070F2
:1050F000FFF700F922686368451946F100069542FA
:1051000076EB030342D3DFF88C8005E05D4576EB58
:1051100009033BD3C4E900B90DF107030DF1060201
:1051200039462046FFF74EFF88BB9DF8073003EB5A
:10513000430308EBC303D3E902A01A691AF1030B76
:1051400040F1000012EB0B0B627B40F10009012AD9
:10515000DCD05B7D012BD9D1FEF78EFFABEB0A03D0
:1051600001308342D2DA9DF8073003EB430308EBAA
:10517000C303D3E902B9FEF77FFF013010EB0B0B3D
:1051800049EBE0795D4576EB0903C3D2002003B01B
:10519000BDE8F08F480E00202DE9F04715461C466B
:1051A00012782F7A95F809C088B00023E360C4E92B
:1051B0000033A7739DF8408084F80DC00646A360B5
:1051C000E2730F46002A3AD1FEF7D8FFD5E9042C46
:1051D0003C4BC31841F1000E9A427CEB0E030AD3FC
:1051E000013E47F1FF37C4E900674FF47A73A360CB
:1051F00008B0BDE8F087263041F1000182427CEB27
:105200000103EDD3501E04F10C036CF10001009377
:1052100004AA06ABFFF714F8049B686802330DF18B
:105220000F0205A91844FEF7DFFFDDE905320799F3
:105230009B1A23F07F43C4E90021A360D8E72248EA
:1052400004F10C0206A9FEF7CFFF204B1B78202BA0
:1052500024D01F498B69D1E90721083342F1000AA4
:1052600013EB01094AF1000A6B68207B18440230F5
:1052700005AA04F10801C4E9009AFEF7B5FF286900
:10528000CDF8008032463B462146FFF729FF002833
:10529000AED1C4E9006708B0BDE8F087637B16F1C2
:1052A000080947F1000A012BDED0FEF7CBFE0028EB
:1052B000DAD1FEF7E1FE10EB090399464AF1000A44
:1052C000D2E700BF0040420FFF7F841E481100203C
:1052D000501100202DE9F04700EB4003344DDFF87A
:1052E000D480EC5C06464700FFF75AF94FF0200CDB
:1052F0004FEA461E04EB440108EBC1010EEB040328
:10530000D1F808A00A69AAEB000929F07F49B9F58C
:10531000000F05EB43030DD812EB0A02121A22F01C
:105320007F42B2F5000F05D8BCF1200F0AD120460C
:10533000BDE8F0875B7F202BA4461C46DAD1BCF188
:10534000200FF4D00CEB4613BA1905EB430315F804
:1053500002805B7FAB54710144464FF0040E0B1981
:1053600005EB430322469445204683F81CE05C7F0E
:10537000F5D1BB192B440A4493F802E0BEF1200F8B
:105380005FFA8EFC18BF8C443E4418BF05EB4C0CF2
:1053900005EB4202354408BF83F801804FF020033B
:1053A00018BF8CF81D80A87053772046BDE8F087A1
:1053B000A8110020480E00202DE9F04101EB410327
:1053C0004A4DEE5C202E82B00C4680464FEA4107E3
:1053D00040D1474B0BB1AFF3008003F064FCAB7CD2
:1053E0000191202B0AD0434BD3E906E210F1020CC5
:1053F00041F10003E64572EB030330D3202E0AD0BF
:1054000042463346FFF7D8FA00283DD00220AE745A
:1054100002B0BDE8F081D5E90223B3F1FF3F08BF38
:10542000B2F1FF3F1FD12B7C43BB0420FFF76CF987
:10543000FFF726FA0020FFF733FAA9694FF0804200
:105440002020A874002301200B60C2F8083502B0A8
:10545000BDE8F0810846FFF73DFF8642B9D0002045
:1054600002B0BDE8F081FEF7E7FD4FF0FF334FF0EB
:10547000FF32C5E902232B7C002BD6D00520FFF795
:1054800043F900232B74D0E73A1906EB441305EBDC
:10549000430315F802C05B7FAB54610162460420F0
:1054A00013468A1805EB42029E421077527FF7D1CD
:1054B0003A192A443C449678F0B2202E18BF40187E
:1054C000194418BF05EB400005EB4101254418BF06
:1054D00080F81DC0AB704FF000004FF0200308BFF4
:1054E00082F801C04B7702B0BDE8F081A81100201E
:1054F000000000005011002038B5164A164D4FF03C
:10550000FF304FF0FF310023C2E90201C5E902017B
:10551000202142F22000A970136082F82830A9747B
:105520001C4628806B742B7405F11C0202F81430A1
:105530000134202CFAD1094801F0E6FB084B094A56
:105540001C70107001F0D0FCA861FEF7CDFF0123A4
:10555000EB7438BD50110020A8110020754D0000DB
:1055600048110020801100202DE9F04F83B003F096
:105570009AFBA44F06460C46FFF782F94FF0FF3323
:105580004FF0FF32C7E9022397F82830BBB9BB6957
:105590003A6AF9699C48023341F100019B1802F50F
:1055A000DF62A0FB02024FEA922241F100019B1848
:1055B00041F100019E4274EB010380F00E814FF037
:1055C000FF304FF0FF31FFF729F8904A92F800B012
:1055D000BBF1200F00F011818D4D20231370AB74AF
:1055E0006B7C00223A6003EB43025FFA83F915F803
:1055F00002805B00B8F1200F00930BD0DFF814A2FB
:1056000008EB48030AEBC3034FEA4802D97D01299E
:1056100000F0B780009BDFF800A203EB09062E44E0
:105620004FEA49183478202C04D04846FFF752FE40
:105630008442F7D1BAF1000F01D0AFF3008003F03C
:1056400032FBAB7C202B09D0D7E9062310F1020EE8
:1056500041F1000C724573EB0C03E3D3202C19D0FD
:1056600023460122FFF7A8F9002860D008EB0B03BE
:1056700005EB4303AC741A7F022A36D0FF23AB71CB
:10568000009B4B441D446B78202B40F08C8003B072
:10569000BDE8F08FD5E90223B3F1FF3F08BFB2F1B7
:1056A000FF3F07D0FEF7C8FC4FF0FF324FF0FF334B
:1056B000C5E902232B7C002B5DD10420FFF724F8E1
:1056C000FFF7DEF80020FFF7EBF8A9694FF0804202
:1056D00000232020A8740B60C2F8083508EB0B03E8
:1056E00005EB43031A7F022AC8D14A4A0BEB4B0150
:1056F00002EBC102527D022A6CD0009A4A442A442D
:105700000621197791782029CBB260D0434405EB6C
:10571000430383F81DB0009B4B442B44D84405EB56
:10572000480883F802B0202388F81D30A6E708EB6C
:10573000040305EB430330785B7F3370024604219A
:105740001346424405EB42029C421177527FF7D147
:10575000B178B370CAB220291CBF424405EB4202A3
:10576000434405EB430318BF50774FF0200208BFB6
:1057700070705A7756E70520FEF7C6FF00232B749A
:105780009BE75B7D012B15D1033644F1000402EB4E
:1057900008030AEBC303D3E90202B042A24128BFC7
:1057A000C3E9026436E71D4B187803B0BDE8F04F3B
:1057B00001F0D6BA0192FEF745FC019A0028E3D128
:1057C000FEF75AFC8619019A44F10004DFE782F8DB
:1057D00001B0A0E701221A7750E70C4B0D4A1B7865
:1057E000182101FB03F3D01807214068D3589847CC
:1057F00040F2B621702001F0C9F840F2C1217020BA
:1058000001F0C4F8501100209300DC9248110020F0
:10581000A8110020480E0020000000008011002088
:1058200038B505460C46FEF739FC002822DB144942
:105830004B7C01F11C0C5FFA83FE0CEB831C0023F4
:1058400002E00133202B13D01CF81320D8B2002A19
:10585000F7D10C4A03EB4E1E03EB430301EB4E0161
:1058600042F8335002EBC30301220A775C6038BD73
:10587000184638BD40F21731702001F087F800BF9C
:10588000A8110020480E00201F2808D80A494B7C88
:1058900000EB431301EB43031A7F012A01D00020E0
:1058A00070474B7C00EB431301EB43034FF0000CBC
:1058B000104683F81CC07047A8110020014BD3F894
:1058C00040057047008000400378002B40F0D780EF
:1058D0002DE9F04F6F4A5368C3F3080389B081463E
:1058E000002B40F0B8806C4E6C4FDFF8B4B106F17D
:1058F0001C0A27B1002140F25B40AFF30080757CA9
:10590000EDB24FF00003B37127B100214FF48C606A
:10591000AFF300800AEB851EBEE80F006C1C04F09C
:1059200001080AEB881CACE80F00BEE80F00ACE8E9
:105930000F00BEE80F00ACE80F009EE80F004446E1
:105940008CE80F002DB227B1002140F2EB30AFF30D
:10595000008005EB450504EB44047319725B9B78EA
:1059600032533444A37057B1002140F2EF30AFF30B
:10597000008027B1002140F26540AFF3008003F0C2
:1059800092F9CDF8008004AB4A4604460D46FFF775
:1059900003FC27B1002140F26C40AFF30080414B83
:1059A0001B78202B3FD0DBF81830DBF81C20DBF80D
:1059B0002010083342F100025B1842F10002DDE9D9
:1059C0000401984271EB020CCDF8008022D33648D6
:1059D00022462B4604A9FFF783FB98B1DDE90401B9
:1059E000FEF7CCFB9DF81C3001331B1841F1000180
:1059F000C9F81030C9F8141027B1002140F27F40D7
:105A0000AFF30080B379002B7FF473AF012009B0AE
:105A1000BDE8F08FCDE9043204A922462B46224886
:105A2000FFF75EFBDAE79DF81D1014F1080345F15E
:105A300000020129C3D0CDE90232FEF703FBDDE904
:105A400002320028BBD1FEF717FB029B039AC31852
:105A500042F10002B3E7103B59B2002911DB01F11A
:105A6000604101F5614191F8000340090028CED062
:105A7000094E0A4FDFF828B006F11C0A39E700206A
:105A8000704703F00F03043B1344187E40090028BD
:105A9000EED1BCE700ED00E0A811002000000000FE
:105AA00050110020481100200040420F2DE9F04F16
:105AB000AC4A53688FB0C3F3080383460491002BAC
:105AC00040F0628108230393049B1B78012B00F2B2
:105AD0003D82A54E26B1002140F24D50AFF300802B
:105AE0000023A24C05934FF0010926B1002140F29A
:105AF0005A50AFF30080B9F1000F04D19C4B0BB1A9
:105B0000AFF3008062B6657CEDB24FF00003A37185
:105B1000039B002B40F09880A84626B1002140F25C
:105B20006E50AFF3008003F0BEF8049A00950AAB04
:105B30008246FFF731FB26B1002140F27650AFF3E9
:105B400000800BEB481904EB49094FEA481799F814
:105B50001C30013B012B75D80A992AF07F4AA1EB32
:105B60000A0222F07F4323F00103002B40F0BD80A6
:105B700008EB4802224407EB0B03907804EB430345
:105B80000421202819774FEA4803C1B200F096811A
:105B9000394404EB410181F81DB0434423445F4480
:105BA00004EB470783F802B020237B77002305939B
:105BB000012726B1002140F27B50AFF300806D4BEE
:105BC0000BB1AFF30080EFF31088C14672B6A37932
:105BD000002B8AD1684B0BEB4B0C03EBCC0C0AABC4
:105BE0000FCB0CF1080C8CE80F008FB1039B002B3E
:105BF00000F0EA80059B23B1604B1B78202B00F05E
:105C00006081637CDB4303F001036374FF23A371B2
:105C1000B8F1000F04D1564B0BB1AFF3008062B660
:105C200026B1002140F2B250AFF30080002F4AD1DC
:105C300026B1002140F2BE50AFF3008038460FB0CD
:105C4000BDE8F08F0027B4E74D4B05F1010A0AF0DB
:105C5000010A03EB851E03EB8A1CBEE80F00ACE8CB
:105C60000F00BEE80F00ACE80F00BEE80F00ACE884
:105C70000F009EE80F002DB28CE80F00D0460FFAFF
:105C80008AF726B1002140F2EB30AFF3008005EB3C
:105C9000450507EB47076319625B9B78E25327448E
:105CA000BB7056B1002140F2EF30AFF3008026B157
:105CB000002140F26450AFF30080A379002B7FF401
:105CC00014AF554629E7637C03EB43031C44637818
:105CD000202BADD026B1002140F2B950AFF30080A7
:105CE000284B187801F03CF8A2E722F07F42B2F589
:105CF000000F3FF63DAF0C9B5B18A3EB0A0323F0AC
:105D00007F43B3F5000F3FF633AF0DF127030DF1DD
:105D1000260229460AA8FFF755F9059000285AD10E
:105D200008EB480222440423907889F81C304FEA9B
:105D300048032028C1B2434418BFC91923445F4413
:105D400004EB470718BF04EB410183F802B04FF0A2
:105D5000200314BF81F81DB082F801B07B770127C2
:105D600027E700BF00ED00E000000000A8110020C0
:105D70000000000000000000480E00204811002034
:105D8000C411002080110020103B59B20029C0F23C
:105D90008D8001F1604101F5614191F800335B09AB
:105DA0000393002B7FF490AE704B1B78202B00F0F8
:105DB000D280049B1B780393002B3FF48AAE40F201
:105DC0004651702000F0E2FDFF23A371B8F1000FEF
:105DD0007FF426AF1FE79DF826C09DF827E0F44525
:105DE00018D1BCF1200F00F09E8007EB0C0304EBF0
:105DF00043035B7F89F81D30BC4404EB4C0C00224C
:105E00008CF81DB05F4404EB4703059F0592032205
:105E10001A77CEE6BEF1200F00F0A28007EB0E034A
:105E200004EB4303BCF1200F597F00F0878007EBA0
:105E30000C0204EB42024FEA4803507F0690517770
:105E40004FF0050A3A1804EB420201468E4581469E
:105E500082F81CA0507FF5D103EB08022244079181
:105E600092F802A0BAF1200F5FFA8AFE63D0BE4416
:105E700004EB4E0E069A8EF81D2003EB0802224416
:105E8000079982F80290394407EB0B024FF0200E7D
:105E900004EB410104EB4202F44581F81DE0507728
:105EA000AAD14344059A04F803B0ABE703F00F030B
:105EB000043B13441B7E5B09039372E782F801B035
:105EC0006BE629460220FFF777FA00287FF499AEA7
:105ED000637C03EB430020440BEB431204EB4202D0
:105EE00085780421DFB211775A015B00202DE9B2D9
:105EF0003B4418BF891823445A4418BF04EB41019E
:105F000004EB420283F802B04FF0200318BF81F87F
:105F10001DB0059F08BF80F801B05377B8F1000F9E
:105F20007FF47EAE77E608EB4803E35C89F81D302A
:105F30004FEA4803B5E7069951709EE708EB48021F
:105F40004FEA4803A05C0690A15479E740F24A5119
:105F5000702000F01BFD40F24351702000F016FD50
:105F600040F2CF11702000F011FD00BF4811002059
:105F70002DE9F84F734CDFF8D08105464FF0010A48
:105F800004F11C0BB8F1000F04D000214FF4BA60EB
:105F9000AFF30080BAF1000F04D16C4B0BB1AFF33B
:105FA000008062B64FF00003A371B8F1000F04D077
:105FB000002140F2D550AFF30080667C0BEB861ECB
:105FC000BEE80F0006F1010909F001070BEB871C81
:105FD000ACE80F00BEE80F00ACE80F00BEE80F0011
:105FE000ACE80F009EE80F00B9468CE80F00B8F14E
:105FF000000F04D0002140F2EB30AFF3008006EB3D
:10600000460607EB4707A319A25B9B78E253274498
:10601000BB70B8F1000F04D0002140F2EF30AFF3B5
:106020000080A37903F0FF01002B7CD1B8F1000FB1
:1060300003D040F2DF50AFF3008005EB491304EBCF
:1060400043034FEA49161A7F032A6AD109EB490232
:10605000A75CBD4271D0202F63D03B4601E0202BCE
:106060005FD0F21804EB42021946537F9D42F6D1ED
:10607000202D56D07319314404EB430304EB410146
:106080005B7F4B77B8F1000F0CD0002140F25D3000
:10609000AFF30080B8F1000F04D0002140F2E450CB
:1060A000AFF300802E4404EB460601233377B8F1AA
:1060B000000F04D0002140F2ED50AFF30080244BDC
:1060C0000BB1AFF30080EFF3108A72B6A379002B07
:1060D0007FF458AFBD4203D11E4B1B78202B1AD042
:1060E000637CDB4303F001036374FF23A37101248A
:1060F000BAF1000F04D1154B0BB1AFF3008062B6BB
:10610000B8F1000F04D0002140F20F60AFF300801F
:106110002046BDE8F88F49460220FFF74DF90028D8
:10612000DED10024E4E7B8F1000F3FF433AF0021E3
:1061300040F2DB50AFF3008024E7202DF1D05B7FED
:10614000A3549FE7A81100200000000000000000F9
:10615000000000004811002070B586B007280DD857
:10616000DFE800F0310C0C0C0C1D040E604B4FF0FE
:1061700080419A690123C1F80835136006B070BDEB
:106180005C4B5D4A1B7803EB430302EBC30052F800
:1061900033304068042106B0BDE870401847544CC5
:1061A000237C002B49D0D4E90223B3F1FF3F08BF81
:1061B000B2F1FF3F00F085800120FEF771FB002364
:1061C000237406B070BD4A4CD4E90223B3F1FF3FFB
:1061D00008BFB2F1FF3F56D0464E0120FEF760FBEC
:1061E0003378202B56D0454D95F82520012A3BD0F9
:1061F000FDF728FF0346002835D194F89C20013292
:10620000D2B2312A84F89C206CD84FF47A7230785C
:106210006946CDE90032CDE90233CDE90433FFF719
:1062200045FC002859D095F82840012385F82830EE
:10623000FFF79AF985F82840A0E72E4B2E4A1B78E5
:106240002E4903EB43034FF0FF344FF0FF35C1E914
:10625000024502EBC30152F833304868052106B00D
:10626000BDE8704018473378234A03EB430302EB41
:10627000C30052F833304068002184F89C1006B007
:10628000BDE870401847FDF7D1FE02F00CFDC4E9EF
:106290000201A1E7637C03EB4301DAB2635C202BCC
:1062A00016D003EB421204EB4202507F6054FF21F0
:1062B000A171124D337002211177002285F8282038
:1062C00092E7FDF7B3FE02F0EEFCC4E9020173E7CA
:1062D00040F25221702000F059FB4FF4C76170204A
:1062E00000F054FB40F23461702000F04FFB00BF1F
:1062F000A811002048110020480E00205011002055
:1063000010B51B4B1B78202B86B026D0194CD4E936
:106310000223B3F1FF3F08BFB2F1FF3F22D1D4E91E
:1063200004310DF10B02C01841F1000104AB0092E1
:1063300003AAFDF785FF9DF80B20DDE904130F2A62
:1063400094BF00220122521843F100030520C4E942
:106350000223FEF733FA06B010BD40F2DF71702061
:1063600000F014FB4FF4FC61702000F00FFB00BF45
:106370004811002050110020FEF712B92DE9F04F0E
:106380008C4B1D7887B0202D019000F00D81DFF837
:106390002892DFF8288299F8113003EB4303064670
:1063A000D8F8000019F80340D8F8183003930DF11D
:1063B0001302D8F8203002938B46304405A9FDF72C
:1063C00013FF7F4BA6F132029A426AD8DFF8F4A19C
:1063D000059BD8F81C6005EB45050AEBC505A868C8
:1063E0001B182869D8F818501818401B20F07F4354
:1063F000B3F5000F55D899F81120C8F82000202CCB
:1064000088F826B0D2B200F0C2805201DC462021CA
:10641000934604EB440240190AEBC20246F1000E17
:10642000D2E90263864273EB0E034FEA440746D378
:10643000537D012B03D098F82530012B35D0052052
:106440000091FEF761F9009999F811004FF0FF32C1
:106450004FF0FF332029C8E90223C0B240F09580F5
:1064600000EB4000202419F80030524A99F811102E
:10647000127802EB411209EB42025377D8F8003050
:10648000019A1344C8F80030FF2389F80630202C05
:1064900035D04D4B187800F063FC002007B0BDE804
:1064A000F08F012007B0BDE8F08F0091FDF7E4FD0B
:1064B000751B013085420099C1DA98F826C027443F
:1064C0000AEBC707BB7D63450DD90BEB040309EB52
:1064D00043035B7F202B16D02146D8E90656D8F817
:1064E00020001C4695E7DDE90231D8F818205B183A
:1064F0009B1A0220C8F8203007B0BDE8F08F0020BA
:1065000007B0BDE8F08F0520FEF7FEF84FF0FF3230
:106510004FF0FF3399F81100C8E90223C0B204EB31
:10652000401309EB430346005A7F00EB400341014F
:1065300019F803A009F803204FF0050C5346CF18B3
:1065400009EB47071A4694421D4687F81CC07B7F1B
:10655000F5D137184F440A4497F802E0BEF1200FF6
:106560005FFA8EFC18BF8C44304418BF09EB4C0C0A
:1065700009EB420248444FF0200114BF8CF81DA0E3
:1065800087F801A0857051776FE70C46C7E70520B3
:10659000FEF7BAF899F811004FF0FF324FF0FF33D1
:1065A000C8E90223C0B25BE740F64401702000F066
:1065B000EDF900BF48110020A81100205011002063
:1065C000CE3F420F480E0020801100202DE9F84FE9
:1065D0009A4C637C00EB431304EB43031B7F002BBB
:1065E00000F02781677CDFF858820546FFB2B8F1DA
:1065F000000F04D0002140F6A500AFF300807E011B
:1066000005EB471704EB4707B8F1000F40F0D980BE
:10661000771904EB47073B7F012B08D0043B022B83
:1066200040F2C58002F06BFB3B7F012BF6D1DFF817
:1066300014A24FF0010BB8F1000F04D0002140F676
:10664000BC00AFF30080BBF1000F04D17E4B0BB157
:10665000AFF3008062B64FF00003A371B8F1000FF2
:1066600004D0002140F6C100AFF30080667C0AEB45
:10667000861EBEE80F0006F1010909F001070AEBCA
:10668000871CACE80F00BEE80F00ACE80F00BEE8C6
:106690000F00ACE80F009EE80F00B9468CE80F0031
:1066A000B8F1000F04D0002140F2EB30AFF30080CE
:1066B00006EB460607EB4707A319A25B9B78E2535C
:1066C0002744BB70B8F1000F04D0002140F2EF3036
:1066D000AFF30080A37903F0FF01002B40F0858029
:1066E000B8F1000F03D040F6CB00AFF3008009EB08
:1066F000490323444FEA490B5E78B54200F08F808E
:10670000202E2CD04FEA491101E0202E27D08B19E2
:1067100004EB4303324637465E7FB542F5D1202D68
:106720001DD00A44294404EB410104EB42024B7F93
:106730005377B8F1000F04D0002140F25530AFF389
:1067400000800BEB090323449B789E425AD0B8F19A
:10675000000F0CD0002140F25D30AFF30080B8F1A3
:10676000000F04D0002140F6CF00AFF30080374B7C
:106770000BB1AFF30080EFF310839B4672B6A279A2
:10678000002A7FF458AF84F81190FF22A27123B938
:106790002D4B0BB1AFF3008062B6B8F1000F04D0FF
:1067A000002140F6E100AFF30080BDE8F88F7319D7
:1067B00004EB43030122DFF88CA01A774FF0010BA2
:1067C00039E73B7F012B3FF432AF043B022B16D954
:1067D000002140F6B100AFF3008002F090FA0021F2
:1067E00040F6B500AFF300800EE7B8F1000F3FF4BC
:1067F0002AAF002140F6C700AFF300801BE701235A
:106800003B77ECE7B8F1000F04D000214FF456704D
:10681000AFF300800BEB090323449F7097E7202D13
:106820009DD005EB491204EB42022027527F5A709B
:106830007FE740F69C01702000F0A8F8A811002026
:1068400000000000C4110020000000000000000053
:10685000BFF34F8F0549064BCA6802F4E062134349
:10686000CB60BFF34F8F00BFFDE700BF00ED00E03E
:106870000400FA05094B01225A604FF0FF32C3F8B9
:106880000823074B4FF48042C3F88020BFF34F8F9B
:10689000BFF36F8FC3F88021704700BF00E0004056
:1068A00000E100E0094B01225A604FF0FF32C3F8CB
:1068B0000823074B4FF48052C3F88020BFF34F8F5B
:1068C000BFF36F8FC3F88021704700BF00C0004046
:1068D00000E100E0084B0022C3F8FC2F0122C3F8BE
:1068E000FC2F064B0222C3F88020BFF34F8FBFF36B
:1068F0006F8FC3F8802170470010004000E100E076
:10690000F8B51B4E337805460C46174663BB00F0BE
:106910006BFAFDF73BF817487760002D18BF284643
:106920003472FFF7D7FFFFF7BDFFFFF7A3FFFDF7B7
:10693000BBFB0546B0B9FEF7DFFDFDF7A7FB02F094
:106940009FF9002C0CDB04F01F026409A40004F181
:10695000604404F5614401239340C4F8803123600E
:10696000012333702846F8BD4FF0FF35FAE700BF2A
:1069700048120020E66A010008B572B6024B5B6857
:1069800003B19847FFF764FF481200201FB572B6A5
:10699000134B5D688DB9FFF75BFFB2FBF6F2DCB21B
:1069A0000133002AF9D104F110036B4403F80C2CD5
:1069B0000A2234B901A8A847EDE7024600230A26B7
:1069C000EDE7631E04AEDCB256FA83F3B0FBF2F6D9
:1069D00002FB1600303003F80C0C3046E9E700BF2C
:1069E00048120020074B93F90830002B09DB5A09A5
:1069F000012103F01F0301FA03F34032024941F879
:106A0000223070474812002000E100E0014B187866
:106A1000704700BF481200202DE9F84FDFF8C4A0EE
:106A2000314C324DDFF8C890074601269AF80080B5
:106A30005FFA88F8FF238AF80030B8F1000F01D020
:106A40008AF80130EFF3108272B600236660C4F852
:106A50000031C4F80431C4F8047526603AB962B64E
:106A600005E0D4F8043133B92B69DB0620D4D4F81F
:106A70000031002BF5D0D4F80431002BE2D1B8F16D
:106A8000000F13D19AF80130DBB28AF8018003219C
:106A90004FF48042C4F80813C4F80481C4F800819C
:106AA000C9F880218AF80080002BBFD1BDE8F88F9B
:106AB0004FF48043C9F88031EFF3108B72B6032393
:106AC000C4F80433D4F8003113B9D4F804311BB13D
:106AD000BBF1000FCBD1C2E702F011F9BBF1000FFF
:106AE000C5D1BCE75412002000E0004000ED00E0FA
:106AF00000E100E070B51646DA078CB01D46864608
:106B00008C4640F1A280C37B8DF80030837B8DF8EA
:106B10000130437B8DF80230037B8DF80330C37A5C
:106B20008DF80430837A8DF80530437A8DF806307D
:106B3000037A8DF80730C3798DF8083083798DF8A2
:106B4000093043798DF80A3003798DF80B30C3781A
:106B50008DF80C30837842788DF80D3003788DF8FD
:106B60000F308DF80E20CA7B8B7B8DF810208DF8AE
:106B700011304A7B0B7B8DF812208DF81330CA7AC6
:106B80008B7A8DF814208DF815304A7A0B7A8DF8AF
:106B900016208DF81730CA798B798DF818208DF86A
:106BA00019304A790B798DF81A208DF81B30CA7884
:106BB0008B788DF81C208DF81D304A780B788DF875
:106BC0001E208DF81F306C462046FFF725FFAB07CF
:106BD00031D59DF82F009DF82E109DF82D209DF8A1
:106BE0002C30307071709DF82B009DF82A10B27017
:106BF000F3709DF829209DF82830307171719DF84F
:106C000027009DF82610B271F3719DF825209DF89C
:106C10002430307271729DF823009DF82210B272F8
:106C2000F3729DF821209DF8203030737173B27398
:106C3000F3730CB070BD0DF1200CBCE80F00306098
:106C40007160B260F3600CB070BDDEF80410DEF865
:106C50000820DEF80C3000686C46A646AEE80F004F
:106C6000DCF80000DCF80410DCF80820DCF80C305C
:106C7000AEE80F00A8E700BF10B5002482B0CDE950
:106C80000044FFF737FF02B010BD00BF1B4B4FF4AD
:106C9000805270B5C3F88020BFF34F8FBFF36F8F62
:106CA000174D184C0021C5F80011C3F88021266942
:106CB000236943F0100323610123C5F8043306F070
:106CC00010062B60D5F80031A3B11EB9236923F05B
:106CD000100323610A4B0122D3F808055A60C3F858
:106CE00008230022C3F80021044B4FF48052C3F85C
:106CF000802170BD02F003F8E4E700BF00E100E08E
:106D000000C0004000ED00E038B50C490246052007
:106D10000138C0B2FF2803D148216920FFF736FEB1
:106D200001EBC0031D7905F0FF04002DF0D141F8FF
:106D3000302001225C719C711A7138BD58120020FC
:106D4000042808B503D94F216920FFF71FFE034B24
:106D500003EBC0000023037108BD00BF58120020E0
:106D6000042808B503D958216920FFF70FFE094B05
:106D700003EBC0000379012B01D05921F4E74379DB
:106D800082790133DBB29A4218BF4371BDE80840F3
:106D9000FFF728BE5812002070B5124C06250026B9
:106DA000013D15F0FF0500D170BD94F8281004EBEB
:106DB000C1031A79012A09D158799A79904205D0EC
:106DC0005A79D2B29A7154F83130984794F82830F1
:106DD0000133DBB2042B94BF84F8283084F8286098
:106DE000DEE700BF581200204FF08052034BD2F86C
:106DF00030111960D2F834215A6070478412002093
:106E0000034B1868A0F10F0358425841704700BF68
:106E100084120020034B1868A0F10A03584258411D
:106E2000704700BF84120020034B1868A0F10E03C6
:106E300058425841704700BF84120020034B186825
:106E4000A0F1100358425841704700BF841200203F
:106E5000044B1868062803D0431C58425841704719
:106E60000120704784120020034B1868A0F10D0325
:106E700058425841704700BF84120020034B1868E5
:106E8000A0F1080358425841704700BF8412002007
:106E900008B5FFF7BFFF20B1024B5868B0FA80F089
:106EA000400908BD8412002008B5FFF7D1FF38B1B2
:106EB000044B5868063810F1080F94BF00200120D9
:106EC00008BD00BF8412002008B5FFF7C1FF38B12C
:106ED000044B5868063810F1080F8CBF00200120C1
:106EE00008BD00BF8412002008B5FFF789FF70B904
:106EF000FFF790FF58B9FFF797FF40B9FFF7A8FFDA
:106F0000044A054B002808BF1346184608BD024B2B
:106F1000FBE700BF00E701400C05004008B5FFF7A4
:106F200097FF08B3EFF3108072B6104A1369116926
:106F300041F010011161A2F5406203F01003D2F894
:106F40000011D2F804210A4300D040BF20BF00BF87
:106F500000BF00BF00BF23B9044A136923F0100328
:106F6000136100B962B608BD20BFFCE700ED00E088
:106F7000914270B53BD2B2FA82F33BB1C3F1200427
:106F800020FA04F49940214398409A40160CB1FB32
:106F9000F6FC06FB1C1424041FFA82FE030C85B2C7
:106FA00004EB10400CFB0EF4844206D9201A9042E8
:106FB0008CBF02200120ACEB000C03EB01410CFB69
:106FC0001211B1FBF6F006FB101105EB014100FBBD
:106FD0000EFE8E454FEA0C4C06D9AEEB010E9645DF
:106FE0008CBF02220122801A40EA0C0070BD73217E
:106FF0009620FFF7CBFC00BF2DE9F8431C4652EA70
:10700000040349D0074615460E467CB9914208D381
:1070100021463046FFF7ACFF04462A46384604FBBB
:107020001561FFF7A5FF2146BDE8F883B4FA84F99E
:10703000B9F11F0F34DC4FF0010808FA09F2A2FB86
:10704000051320FA08F002FB043226FA08F140EAA0
:10705000C670FFF78DFFC9F11F03D8404FF0000144
:1070600018D0431E8C4661EB010105FB01F203FBC6
:10707000042280461846A5FB033EFB1A724466EBC9
:1070800002061F46AF4276EB040324BF404661462A
:10709000BDE8F8838446F5E7CA219620FFF776FC21
:1070A000E7219620FFF772FC10B5441A94422BD3C7
:1070B0004AB34B1CC31A022B31D9531E072B2ED9AE
:1070C00022F003048C4686460C445CF8043B4EF8E0
:1070D000043BA445F9D122F003039A4202F00304D1
:1070E00000EB030C01EB030E0DD0CA5CC254012C63
:1070F00009D09EF801308CF80130022C03D09EF8A4
:1071000002308CF8023010BD002AFCD08B180244EB
:1071100013F801CD02F801CD8B42F9D110BD4B1E01
:107120000244014613F8014F01F8014B9142F9D195
:1071300010BD00BF2DE9F04184075FFA81FE5FD0EA
:10714000002A59D0034601E0002A55D003F801EB8C
:10715000990702F1FF32F7D14EEA0E24032A44EADE
:1071600004443ED9151FAE08172D06F10106C3F3DE
:10717000800147D99846002940D048F8044B771A37
:1071800003EB810C79080CEBC101CCE900440CF154
:10719000080C6145F9D127F0010C08EB8C0167451B
:1071A000CCEB8C7805EB880517D02F1F032F0C60D4
:1071B00013D9A5F10807032F4C600ED9A5F10C07D0
:1071C000032F8C6009D9A5F11007032FCC6004D9D7
:1071D000143D032D0C6188BF4C6102F0030203EBE8
:1071E00086034AB1013A83F800E005D0012A83F80A
:1071F00001E018BF83F802E0BDE8F0811546BEE764
:107200000346A9E719461546CFE700BF844641EA81
:10721000000313F003037DD1403A51D32DE9F00070
:10722000F0C9F0C0F0C9F0C0F0C9F0C0F0C9F0C0BA
:10723000403AF5D2F0BC43E0403A41D351F8043B28
:1072400040F8043B51F8043B40F8043B51F8043B40
:1072500040F8043B51F8043B40F8043B51F8043B30
:1072600040F8043B51F8043B40F8043B51F8043B20
:1072700040F8043B51F8043B40F8043B51F8043B10
:1072800040F8043B51F8043B40F8043B51F8043B00
:1072900040F8043B51F8043B40F8043B51F8043BF0
:1072A00040F8043B51F8043B40F8043B51F8043BE0
:1072B00040F8043B51F8043B40F8043B403ABDD24F
:1072C000303211D351F8043B40F8043B51F8043BF1
:1072D00040F8043B51F8043B40F8043B51F8043BB0
:1072E00040F8043B103AEDD20C3205D351F8043B80
:1072F00040F8043B043AF9D2043208D0D2071CBF4C
:1073000011F8013B00F8013B01D30B880380604674
:10731000704700BF082A13D38B078DD010F00303EA
:107320008AD0C3F10403D21ADB071CBF11F8013B5A
:1073300000F8013B80D331F8023B20F8023B7BE7A9
:10734000043AD9D3013A11F8013B00F8013BF9D2D4
:107350000B7803704B7843708B788370604670476E
:1073600053B94AB9002908BF00281CBF4FF0FF31AC
:107370004FF0FF3000F00CB8ADF1080C6DE904CE11
:1073800001F0E3FCDDF804E0DDE9022304B070471E
:10739000704700BF10B58B880370437803F0F0038B
:1073A00043708A88C2F3032213434370CA888270F1
:1073B000CA8803F0CF03120A4370C2700A7A12011E
:1073C00002F03002134303F03F0343704A7A43EA6A
:1073D000821343700C4609680430814205D0E2886C
:1073E000FB2A28BFFB22FFF711FFE0880430C0B260
:1073F00010BD10B48B880370437803F0F003437022
:107400000A468988C1F303210B434370D1888170F8
:10741000C17801F0C001C170D488C4F305242143B0
:1074200003F0CF034370C170147A240104F03004D8
:10743000234303F0BF034370547A43EA841301F0FB
:107440003F0103F07F034370C17011680430814233
:1074500003D0D28810BCFFF7D9BE10BC704770B5FE
:107460000B78192B05460C461ED82BB3013B182B65
:1074700022D8DFE813F03A003E002100B100B70047
:10748000BD00C300C900CD00CF00DF00E50024002F
:10749000210021004200D300D900E900EF00F500EF
:1074A000FB00010107010D01822B4FF0FF0200F0EC
:1074B000F580832B00F0F68040F2422112E00E238B
:1074C000B1F803200B7042F283039A4209D10623DC
:1074D000637066780236324621462846FFF796FEEC
:1074E00051E03121C720F8F773FE0C230B700823FD
:1074F000EEE71A230B700123EAE72920F9F76AF86F
:1075000030B13E232370222363702923A370E0E768
:107510000A20F9F75FF83E2305F1080204F108019B
:107520002B7090B30A23AB70E378EB70A3882B71B8
:10753000A3881B0A6B71A379AB71E379EB71A36824
:10754000AB608B889380D4F80E30C5F80E30638A18
:107550006B8263696B61238B2B83638BAB76638B4D
:107560001B0AEB76A38B2B77A38B1B0A6B77E38B22
:10757000AB77E38B1B0AEB7794F8203085F820304B
:107580001F266E700236304670BD0123AB70E37863
:10759000EB70A3882B71A3881B0A6B71A379AB7165
:1075A000E37903F00103EB71A368AB608B889380F0
:1075B000638BAB73638B1B0AEB73A38B2B74A38B53
:1075C0001B0A6B74E38BAB74E38B1B0AEB7494F8AC
:1075D00020302B751326D4E73E230B7004234B7009
:1075E000142393E73E230B700C234B7004238DE789
:1075F0003E230B700A234B70032387E73E230B7057
:107600000D234B70052381E70523237004235FE7D7
:107610000823FAE730230B70032359E73E230B704E
:107620000B234B70072371E73E230B7006234B702F
:107630000C236BE713230B708B789B00013347E718
:1076400057230B70022343E73E230B7006234B7036
:1076500012235BE73E230B7009234B70132355E77E
:107660003E230B7005234B7020234FE73E230B7006
:1076700009234B70212349E7FF230B700B234B7029
:10768000A22343E7FF230B7005234B70A3233DE7A1
:10769000FF230B700D234B70802337E70A700D22F8
:1076A000627033E70A700222FAE710B50C4648B15F
:1076B00041B1F8F7EBFE0028207014BF00206FF0F6
:1076C000220010BD6FF01500FBE708B5F8F768FF62
:1076D000002008BD034602221A709A7089225A714E
:1076E0006FF065029A715022DA716FF075021A72AA
:1076F0006FF06A025A72012200209A726FF06302E0
:107700005870D8701871DA72704700F096BC38B5AE
:10771000044601F0D4F901281BD1601C01F0D6F910
:10772000B8B1A37963F03F03A3710020F9F75CFFC0
:10773000E51D40B1102200212846FFF7FBFC012384
:107740002370002038BD284601F0D3F90028F1D07D
:10775000F5E70023F4E710B5102204460021FFF7F7
:10776000E9FC04F11003102200211846FFF7E2FCA7
:1077700001F0D8F90020F9F737FF20B1204601F0D9
:10778000B8F9002010BD01F09AF90028F6D0F8E70A
:1077900010B50446FFF77AFAB0F5007F09DA10F564
:1077A000007F08DD031EB8BF03339B102370002049
:1077B00010BD7F23FAE76FF07E03F7E701207047E3
:1077C00000F0C4BD0078003818BF012000F05BBC99
:1077D000F9F74CBE00F0A3BD00F0CEBD00F0E6BB53
:1077E00000F020BC08B5F8F7EDFE002008BDF9F761
:1077F000E5BC00F037BCF9F7BBBD00F0FFBB00F003
:107800003ABD00F004BD00F04BBD00F093BB00F0AA
:1078100098BB00F0A4BB00F0B6BB00F0FABB00F0D0
:10782000D6BB03880B8000F06DBD00F0D6BB00F026
:1078300096BDF8B5941C0C446343B3F5004FA8BF44
:107840004FF0FF330E4610F00301054617469CB279
:1078500003D0B0211420F8F7BBFCB4F5004F01D9D8
:10786000B121F7E714220430FFF764FCEF746C8059
:107870002E80F8BD023101444A43B2F5004FA8BF43
:107880004FF0FF3290B21B3020F00300B0F5004FF4
:1078900034BF00B24FF0FF3070478288038992B244
:1078A000934210B5014608D0C3F30E0318330831D4
:1078B000C45AF8F7B7FE204610BD0024FBE707299D
:1078C00038B5034604D84FF4EC711520F8F780FC66
:1078D0000068A8B1D0E900248C4212D02AB901F185
:1078E0000805AC4204D210460AE003461046F1E710
:1078F00042501A6845181268641A6C6042501D6044
:1079000038BD1A60FCE730B590B18478B1FBF4F370
:1079100004FB131300EB430252898A4201D1D8B20F
:1079200030BDC27822B900F10A03D0B2844201D836
:10793000FF20F5E733F8025BA94202F10102F4D11E
:10794000EEE78278038805324B4303EB4203184489
:10795000704713B50023CDE9003304468DF80600C7
:107960006846F9F73DF808B102B010BDBDF8040053
:107970002146F9F711F80028F2D040F2152117201E
:10798000F8F726FC70B50D4609211E46FFF772FF79
:107990003246044609212846FFF76CFF002C03DB22
:1079A000002801DB204470BD4FF0FF30FBE70123CE
:1079B00003707047F8B505460846002811461E4674
:1079C00014BF00240224FF23AB702B191B7D012B55
:1079D00004D001342B191B7D012B19D105EB440771
:1079E0003B8B3A8C9819904204DD2C44002038835C
:1079F0002075F8BD05EB8404324660681844FFF733
:107A000005FC3A8B16443E830023AB700120F0E75F
:107A10000020EEE7002910B514BF00230223FF2148
:107A20008170C1180C7D012C07D10C3320F8132074
:107A300002230B750023837010BD0133C1180C7D28
:107A4000012CF2D04FF48C710920F8F7C1FB30B54E
:107A50000246837803F0FF00F3B9137D022B19D09F
:107A6000537D022B19D10346012089B1D5180C335F
:107A700000242C7522F81340131803241C7502EB04
:107A800080035B680B6000F10C0332F813308B80CD
:107A9000012002E00123E8E7002030BD30B5837803
:107AA000E3B9837D022B17D0C47D022C16D10323AA
:107AB00081B105190C3400222A7520F81420C2184F
:107AC0000324147500EB83020C33526830F8133032
:107AD0000A608B80012002E00324E9E7002030BD2A
:107AE000037D012B01D1008B7047437D012B0CBF1F
:107AF000408B00207047837D012B01D1808B704724
:107B0000C37D012B0CBFC08B00207047038B23B9B2
:107B1000408B003818BF0120704701207047838BCD
:107B200023B9C08B003818BF01207047012070476F
:107B3000027D022A01D1008B7047437D022B01D1C7
:107B4000408B7047032AF6D0032BF9D000207047F2
:107B5000827D022A01D1808B7047C37D022B01D127
:107B6000C08B7047032AF6D0032BF9D00020704752
:107B7000F9F782B870B5044690F8183103F0FF01A8
:107B8000E3B9D0E944526FF000439A4208BFB5F11F
:107B9000FF3F01D1002070BDD0E9425600F0AAFDA0
:107BA000D4E94432E5305B1B62EB06021B1A62F13A
:107BB0000002002AEEDA2046FAF736FE0120EAE754
:107BC000F8B5044618B9E0213020F8F701FB072981
:107BD00000F2AA80DFE801F0043E3E3AA82E9EA6FD
:107BE000FAF71AFED4F8FC00CB38FEF789FB10B97F
:107BF00040F25A21E8E7204600F058FE0546F0B969
:107C00000146204600F076FD00F1E506D4F8FC00C0
:107C1000B04209D2301A322838BF32200321FEF791
:107C2000ADFB051E18BF0125C4F8FC60204600F01E
:107C300057FE35B12046BDE8F84000F052BE0025A1
:107C4000F4E7D4E94223C4E93A23F8BDBDE8F8409B
:107C5000FBF7FCBB00F059FD002384F8F83084F8F2
:107C60000131D4F8CC3005460E46EBB150EA0103A1
:107C70001AD00721A5FB012301FB0633D4E93A10F2
:107C8000521843EB0003D4E9420182428B410BD2EC
:107C9000012304F1F80784F800313846FDF714FE9B
:107CA00020B94FF4D3618FE70223F2E72046FFF7B4
:107CB00061FF034694F8C80033B93946FDF7F6FE74
:107CC00038B940F29C617FE7FDF7DEFD002384F8C0
:107CD000F030D4E94201D4E93832834272EB010733
:107CE000B3D255EA0607B0D0C01A61EB02013346A1
:107CF0002A46FFF781F905FB01F300FB0633A5FBDC
:107D000000500344D4E93802451943EB0203C4E9A7
:107D100038539AE790F8C800FDF7B6FD002384F8C1
:107D2000F03092E7FD214FE740F201114CE7D0F827
:107D3000CC00704710B5044690F8F030EBB1FF234B
:107D400080F81831012100F0CEFD94F8F030A3B195
:107D500094F8C800FEF70CF994F8C800FEF736FC5A
:107D600094F8C800FDF790FD20B94FF4F47130206D
:107D7000F8F72EFA002384F8F030002010BD10B57B
:107D800090F8182142B990F8D02042B1D0E93531AD
:107D9000994202D9FAF748FD0022104610BD01228F
:107DA000FBE708B540F28D2100F003FC40F64803E4
:107DB000984228BF184680B208BDF8B5044621B1E4
:107DC000012930D040F2BE712AE0C68C36B1F9F7F5
:107DD000EDFFE58CB0FBF5F606FB15062046D4E971
:107DE000385700F092FC2D1847EB01010023AD1924
:107DF00041F1000184F8F8300223C4E94251C4E99A
:107E00003851A4F800312046FFF7B4FE70B994F859
:107E1000C80004F1F801FDF749FE38B940F2EF61FE
:107E20003020F8F7D5F9002380F8D030FBF748FA76
:107E3000BDE8F840FDF798BB90F8F000003818BF97
:107E40000120704713B50023CDE9003301238DF8DD
:107E500006306846F8F7C4FD08B100200AE0009C2F
:107E60002046FFF7E9FF0028F3D0204600F050FC41
:107E70000028EED002B010BD07B50023CDE90033D5
:107E800001238DF806306846F8F7AAFD08B10020F6
:107E900004E00098FFF7D0FF0028F4D003B05DF8AD
:107EA00004FB07B5002340F6881201A9FBF7E2FCAA
:107EB00003B05DF804FB38B5054600F016FCF0B1E0
:107EC0002846FFF7B9FF08B9002038BD2846FFF75C
:107ED0002EFF04462846FFF72DFF054688B9002CE3
:107EE000F2D02088F9F742FB20882946F8F754FDA4
:107EF0000028E9D041F65B213920F8F769F94220E2
:107F0000E3E70C20E1E710B5F9F718F8044600F0B4
:107F1000C9FC40B9204600F0C1FC80F00100C0B2AD
:107F200000F0010010BD0020FAE708B5F9F7E4FA07
:107F3000002008BD10B50446F9F7DEFF20700020D0
:107F400010BD10B5FFF77EFF044630B9F9F7CEFF3C
:107F50002046F9F767FC204610BD0C20FCE710B561
:107F60000446FFF76FFF50B92078012809D8611C3B
:107F7000F9F7C8FF002814BF0020072010BD0C200F
:107F8000FCE71220FAE738B50546FFF75BFF044629
:107F900040B92878012803D8691CF9F7E3FF18B91C
:107FA000122038BD0C20FCE72046FAE710B5034646
:107FB0000E2404706FF00C0110220020DC70592494
:107FC00059709A701C7158719971DA7110BD08B5A9
:107FD0000821F8F74DFA002008BD10B504466FF0EF
:107FE0007F00FFF75EFFF9F763FD20707F20FFF74A
:107FF00058FFF9F75DFD6070002010BD10B5044614
:10800000F8F79CFF00F047FCF9F752FD20700020C4
:1080100010BD08B50A46072300F11001FEF72CFE3B
:10802000002008BD10B5014604460020F9F7C4FA47
:1080300008B92060A080002010BD10B50446F9F7F3
:1080400055FA28B900202146F9F79EFA002010BD04
:10805000FFF712FF0028F5D0FFF755FF0028F1D1F8
:108060000C20F4E710B50446FFF706FF28B90120FD
:108070002146F9F789FA002010BDFFF744FF0028D8
:10808000F5D10C20F8E708B5F8F724FE002008BD6C
:108090002DE9F3410546477800780121F8F766FCA1
:1080A000044600285FD000F0E7FBEE78864228BF48
:1080B0000646042FB6B23DD0206BFFF711FD3044C9
:1080C00080B21F2803D9122002B0BDE8F081FB1E48
:1080D000012B2CD8204600F0F3FB6B78032B2CD11E
:1080E00007F0FD08B8F1010F39D1204600F0E8FB98
:1080F000002831D1012F08BF4FF00208216B424602
:108100006846F8F74FFD6A68206B33460121FFF798
:1081100051FC50B36B78023B012B22D8206BFFF748
:10812000DFFC01210246206BFFF774FC19E0002EF2
:10813000D0D1C8E7002ECDD0C5E70028C3D1042B8D
:10814000CED12046FFF778FE0028BCD0206BFFF789
:10815000DDFC0028C4D1B6E74FF00008CEE7042FBD
:10816000D1D10020B0E74220AEE70720ACE72DE9EF
:10817000F74380464578C77800780121F8F7F6FB89
:108180000446D0B100F08EFB0028206B08BF00270A
:10819000FFF7B1FCC619B6B21F2E1FFA87F910D827
:1081A000042D0ED0032D12D05FB12046FFF744FE00
:1081B00058B10C2002E0042212E0422003B0BDE8D6
:1081C000F0831220FAE70720F8E7012D0CD12046B2
:1081D00000F076FB0028EED1012D0CBF062205220F
:1081E000216B6846F8F7DEFCD8F80420206B4B467C
:1081F0000021FFF7DFFB0028E5D0023D012D04D868
:10820000206B32460021FFF705FC0020D6E713B5AE
:108210000446F8F793FE4FF44073ADF800300023A6
:108220008DF80230684614F8013B8DF80330019454
:10823000FFF79DFF02B010BD38B50121054600785B
:10824000F8F794FB0446A0B1FFF7F6FD28B92046E5
:10825000691C00F062FA002038BD204600F022FBC5
:1082600008B10C20F8E7204600F018FB0028F8D1F0
:10827000EDE74220F0E713B50446F8F75FFE14F887
:10828000013B8DF803304FF44073ADF80030684681
:1082900000238DF802300194FFF7FAFE02B010BD02
:1082A00073B50546F8F74AFE2B78044663B1002300
:1082B0000DF1010101208DF80030F9F77DF918B1B9
:1082C0006846FFF7B9FFA0B9002620468DF8006088
:1082D00000F0ECFAB04214BF80233346ADF8013011
:1082E0002B788DF80360012B05D169462046F8F7FD
:1082F000E5FE02B070BD1BB92046FFF7DCFDF8E7D4
:108300001220F6E708B500880021F8F72FFB20B10E
:10831000BDE80840002100F08BBB022008BD10B56D
:1083200004460078FF280AD00121F8F71FFB58B156
:108330006378A27843EA0223C384002010BDB4F816
:108340000100F8F7C5FDF8E74220F7E708B5007827
:10835000003818BF0120F8F7B5FD002008BD10B5A2
:108360000446F8F7EBFD6178C1F3400201F001012A
:1083700000F0BCFA002010BD1220704710B5044672
:1083800004B910BD236898476468F9E703680BB91E
:10839000016070471A465B6813B18A42FAD1704790
:1083A0008A4218BF5160704708B5F8F737FDFAF7F1
:1083B000D1F820B140F22B110120F7F709FFBDE8F9
:1083C00008400120FFF7C5BAFBF742BE704730B541
:1083D00042400C7818785D784440487868400444FE
:1083E0009D78887868400444DD78C8786840044403
:1083F0001D7908795B794979684004444B402344EE
:10840000D3420CBF0120002030BD034600200139BB
:10841000C9B2FF2900D170475A5C82F001021044B2
:10842000C0B2F4E708B5F9F7EDF8082803D0BDE8C5
:108430000840F9F70BB908BD08B500F02EFB18B1DC
:10844000BDE80840FAF7CABA082008BD0346086824
:10845000586670470B68C0F803308B88A0F8073067
:1084600070470B68C0F809308B88A0F80D30704752
:108470000378890123F0400301F040010B430370AE
:108480007047037803F07F0343EAC113037070471A
:108490001F2A38B50546144603D9C1212A20F7F70B
:1084A00097FE09300634FEF7B1FE6C7038BD1F2A06
:1084B00038B50546144603D9E3212A20F7F788FE8C
:1084C00009300634FEF7A2FE6C7038BD30B5037873
:1084D00003F00F03032B024640D0052B1FD1C37FAF
:1084E00090F82000034392F82100034392F8220001
:1084F000034392F8230020F01F0018432DD0537837
:10850000222B0CD1B2F81930B2F81740907D41B14E
:10851000B3F5506F05D940F607518B420ED90020B4
:108520001BE0991F89B240F67A45A942F7D8411E4F
:108530000729F4D88342F2D9A342F0D3B2F81B3012
:10854000B3F5FA7FEBD2B2F81D000A3880B240F6DC
:10855000764398428CBF0020012030BD4078A0F1C6
:108560000C0358425841F8E7F9F798BB10B521B908
:108570004FF40F711020F7F72BFE4A600B72EFF3E8
:10858000108472B6031D0B6042681AB1127A012A78
:1085900008BF036003681960016004B962B6BDE8F2
:1085A0001040F9F7C7BB0222F9F7DCBB0422F9F748
:1085B000D9BB006801F19C03984283BF401A9C38E4
:1085C00040080020704710B50B794C790A680128E3
:1085D00043EA042108BF41F48031104610BD07B5BD
:1085E000FFF7F1FF0DF10702F9F72AFC03B05DF880
:1085F00004FB0B46142203F8032BD0F80920C1F822
:108600000320D0F80D205A60704738B50B46102271
:1086100003F8032B0C4600F10902293052F8041B21
:1086200043F8041B8242F9D112781A70A5880123FD
:10863000A37100212846F8F799F970B1E37863B186
:108640000088F8F793FF00212846F8F7A5F920B134
:1086500040F223212D20F7F7BBFD38BD0121F9F7AA
:108660007FBEFFF7FBBF90F87A300BB10120704757
:1086700090F8B22002F0FF03002AF7D190F8A4206E
:108680001846704737B504460D464FF490720021E6
:10869000FEF750FDFF2323701323638042F2107313
:1086A000E384F8F753FA0022014620636846F8F79E
:1086B00079FA206B00220121FFF7ACF9216B6846A3
:1086C0000422F8F76FFA0022206B1146FFF7A2F997
:1086D00004F12800A57403B0BDE8304000F03EB9B5
:1086E000FF23086B0B70FFF762B90078FF3818BFE3
:1086F0000120704710B50446283000F085F96188E4
:108700002822FAF7C3F86D3010BDD0E90201704796
:10871000C07C003818BF012070470B68C0F81530C6
:108720008B88A0F819300123C37670472DE9F04FEC
:1087300006460D4607460FCE91B006AC0FC40FCECD
:108740000FC496E803000DF1100884E803004046CA
:1087500000F004F995F814906E7895F80AA095F851
:1087600000B0B9F1010F06F07F0607D0B9F1020F92
:1087700004D040F256310620F7F72AFD697A4046C8
:1087800000F0F3F82B7D2A7F022B08BF697D02F1F0
:10879000010206BF0131C9B20121D2B2404600F048
:1087A000E6F816F0080364D14046019300F02CF976
:1087B00028223146FAF76AF840F271212A79019BA2
:1087C00000F2D720B0FBF1F401FB04F0EC7844EAAE
:1087D00002246A7944EA02444C43A0420BD9EC7962
:1087E000AA7942EA04222C7A42EA044201FB02F40A
:1087F000A04200D804462A7E0393531E5A425A418F
:10880000A97C386B02910192FFF792F9386BFFF760
:108810009FF9039B019A0299ADF81A6008948DF8AC
:1088200028208DF82B108DF82CA08DF818B08DF81D
:108830001C90099306AE0FCE3C460FC40FCE0FC45A
:1088400096E8030084E8030098E80300B862B9855D
:10885000EB7A13F0FD0F14BF0123002387F8573084
:10886000EB68BB652B8AA7F85C30002011B0BDE82F
:10887000F08F00242346BEE7438813F0040F0CBF9B
:108880001F20002070470023C38543881D2B08BF8D
:1088900000214174704790F912007047408800F041
:1088A000010070474088C0F3400070474088C0F323
:1088B000C000704708B5006BFFF731F9012008BD13
:1088C000012070470120704790F8503001624B72D0
:1088D000D0F85130C1F80A30B0F85530CB8170472C
:1088E0007047F9F7A9BB80F87010704780F8241022
:1088F00080F825207047C0F34002C0F38003134482
:1089000000F0010018447047022808B507D0042879
:1089100007D0012807D039212E20F7F759FC26204F
:1089200008BD2720FCE72520FAE78278034612F0ED
:10893000010002D0D978C9070FD5900702D5D978A0
:10894000890709D512F0040007D0DB7813F0040F73
:1089500014BF002004207047022070470023C0F895
:10896000023001234370037070478170704710B567
:108970000170427080781446FFF7BDFF10FB01F1D3
:1089800004FB01F2FE2A03DD5C212E20F7F720FC18
:1089900010BD0023C37043710371704710B50446C6
:1089A000FFF7C3FF637962780133DBB29A426371E8
:1089B0000FD1E378A1780343DBB29942E37008BF9B
:1089C00023794FF0000208BF0133627104BFE270E7
:1089D0002371BDE81040FFF797BF38B50146807896
:1089E000FFF789FF0446C8784D78FFF784FF0A79BE
:1089F0000B789B1A13FB05F34A7913FB04F39B1ABC
:108A000000FB1530C0B238BD08B501468078FFF7CD
:108A100072FF4B780A7813FB02F313FB00F0C0B22D
:108A200008BD40F2EF20704740F25A335843704778
:108A300038B50446084694F8383213B10C25284658
:108A400038BD94F88730153B012BF7D894F8603285
:108A500003F0FF05002BF1D191B194F8CE3123B989
:108A600040F6E5113120F7F7B3FB052304F1F002DE
:108A700004F5DF71FEF700F9012384F83832DEE7F0
:108A80000223FAE708B5FAF7F9F9F9F7DBFFF9F786
:108A90002DFFBDE80840F9F7B5BF08B5C821F9F7C3
:108AA00083FF022807D1013911F0FF01F7D1EF212F
:108AB0003B20F7F78DFB431E5842584108BD4FF04D
:108AC0008053D3F8A00000F0010070474FF08053AE
:108AD000D3F8A420D3F8A830511C9BB203D14FF691
:108AE000FF718B4203D00260838001207047002019
:108AF00070474FF0805330B5D3F89050D3F894407E
:108B0000D3F89810D3F89C2005EA04030B401340D7
:108B100001331FBF056044608160C2600CBF00204C
:108B2000012030BD4FF0805330B5D3F88050D3F8DA
:108B30008440D3F88810D3F88C2005EA04030B4056
:108B4000134001331FBF056044608160C2600CBFE9
:108B50000020012030BD10B504460846FAF7B0FDEC
:108B60004FF47A73B0FBF3F0201A10BD10B5044631
:108B70000846FAF7A5FD023C4FF47A7300F2E7309D
:108B8000B0FBF3F0201A10BD08B5FEF72DF9BDE8D3
:108B90000840FAF7FBBE801A00F3070038B540B270
:108BA0000D4659B21446FAF7E1FE0023287020441E
:108BB0006B7040B238BD00230360704770470020DF
:108BC00070474FF0FF3070474FF0FF3070477047ED
:108BD0004FF0FF307047002070470020704700239F
:108BE000037070470022FFF7D6BF002070474FF098
:108BF000FF3070474FF0FF3070474FF0FF30704745
:108C000070474FF0804301221A6070474FF0804355
:108C1000D3F8080400F0010070474FF08043D3F808
:108C2000140400F0010070474FF08043D3F81C0497
:108C300000F0030070474FF080410246D1F818045D
:108C4000D1F8181410F4803004D001F00300831A16
:108C500058425841704708B5FEF71AF928B14FF04D
:108C600080430222C3F8342C08BDFEF7F1F8002837
:108C7000F5D1FEF703F90028F1D1F5E7FAF7D8BEF0
:108C800070B5FBF759FA002405462646E0B2854246
:108C900000D870BDFBF756FA0134868480F8266050
:108CA000F4E7FBF783BC07B56846FBF773FBDDE928
:108CB00000024FF080730021E2FB030103B05DF876
:108CC00004FB0346002018707047EFF3108272B661
:108CD00003780121DBB2017002B962B6012B0CBF2F
:108CE0006FF0220000207047EFF3108372B600226D
:108CF000027003B962B600207047FEF74DB8FEF768
:108D00000DB9FEF70BB900280CBF6FF0150000205D
:108D10007047002070470723037000207047002031
:108D200070470020704710F8012B11F8013B012A11
:108D300028BF9A42F7D0D01A7047034613F8012B88
:108D4000002AFBD1181A013870472DE9F0478646F2
:108D50008C460846089E154674461946002B40F07E
:108D6000C2808542B2FA82F245D94AB1C2F12003EB
:108D700000FA02FC2EFA03F3954043EA0C0C9440EF
:108D80004FEA154EA8B2BCFBFEF8230C0EFB18CC24
:108D900008FB00F943EA0C43994528D9EB1808F180
:108DA000FF3704D2994502D9A8F102072B44A3EB5F
:108DB0000903A4B2B3FBFEFC0EFB1C330CFB00F05A
:108DC00044EA0344A04214D92C190CF1FF3304D215
:108DD000A04202D9ACF102032C44241A43EA074012
:108DE0001EB1D440002334607360BDE8F08747466D
:108DF000DDE76346F1E792BB431B01214FEA154EC5
:108E0000AFB2B3FBFEFC200C0EFB1C330CFB07F8CF
:108E100040EA0343984562D9EB180CF1FF3004D2C5
:108E2000984502D9ACF102002B44A3EB0803A4B28D
:108E3000B3FBFEFC0EFB1C330CFB07F744EA0344B8
:108E4000A7424ED92C190CF1FF3304D2A74202D904
:108E5000ACF102032C44E41B43EA0040C0E7C2F13A
:108E6000200320FA03F1954090402EFA03F30343C8
:108E70004FEA154EAFB2B1FBFEFC0EFB1C10190CF5
:108E80000CFB07F841EA0041884504FA02F422D9B4
:108E900069180CF1FF3004D2884502D9ACF1020008
:108EA0002944A1EB08019BB2B1FBFEFC0EFB1C1197
:108EB0000CFB07F743EA01439F420ED9EB180CF174
:108EC000FF3104D29F4202D9ACF102012B44DB1BDB
:108ED00041EA004192E76046E3E76146F7E7604612
:108EE000A3E76346B7E7834206D916B900210846CF
:108EF0007BE7C6E900E0F9E7B3FA83F78FB983426D
:108F000001D3724508D8BEEB020460EB03030120D5
:108F10009C461EB9002168E73846FAE7C6E9004CCE
:108F2000F8E7C7F1200CBB4022FA0CF41C432EFAE0
:108F30000CF120FA0CF3B84001434FEA14490EFA41
:108F400007F5B3FBF9F81FFA84FE09FB18300B0C88
:108F500008FB0EFA43EA00439A4502FA07F240D9A9
:108F6000E31808F1FF3004D29A4502D9A8F10200B3
:108F70002344A3EB0A0389B2B3FBF9F809FB1833C6
:108F800008FB0EFE41EA03418E452CD9611808F119
:108F9000FF3304D28E4502D9A8F10203214443EAEB
:108FA0000040A0FB0298A1EB0E014145CE4643468E
:108FB00002D306D14D4504D2B9EB020E68EB04038F
:108FC0000138002EA6D0B5EB0E0261EB030101FAC9
:108FD0000CFC22FA07F34CEA0303F940C6E900311E
:108FE00098E74046C5E74346D9E7000038B58368AF
:108FF00005699C697CB112F4000F06D02D6801232D
:109000008B401D4201D082F0C062044B134002F03D
:10901000B072A04738BD6FF05700FBE74000000674
:1090200070B58AB00E4615468DF827000DF127035E
:1090300007930123089307AA059206930C4A03920B
:10904000EA18049203AA0192029301AA05A9094809
:1090500007F08CF9002305E00133054C14F803C038
:1090600006F800C01846AB42F6D300200AB070BD27
:10907000042100202803002000B587B08DF81400DB
:109080000B788DF8153005AB03930132049203ABD6
:1090900001930123029301A9054807F072F9002802
:1090A00003DB002007B05DF804FB40B2FAE700BF25
:1090B0002803002008B5024805F06AFC08BD00BF7F
:1090C000CC04002008B5024805F062FC08BD00BFD2
:1090D000E404002070B584B064E003F580531B11F4
:1090E00001EB4100464A0244937022E003F58053AD
:1090F0001B1101EB41000130414A0244937028E00A
:1091000003F580531B1101EB410002303C4A02443D
:109110009370013107292DDC01EB41025300394ADC
:10912000D35E002BD9DB01EB4100354A02441B1111
:10913000937001EB41035A00324B1344B3F90230F0
:10914000002BD3DB01EB410001302D4A02441B11FF
:10915000937001EB41035A002A4B1344B3F90430D6
:10916000002BCDDB01EB41000230254A02441B11EC
:109170009370CEE7244C00231A46012120460AF0C2
:10918000CBF80023009301222146204802F06AFE1A
:109190004FF4A47000210CF0B2FE0AF0F1F81C4B61
:1091A00001221A704FF0FF324FF0FF33194805F0DB
:1091B0002FFC194E0121304600F066FE174D184C69
:1091C0002946204608F0EFFA0823ADF80E302B466A
:1091D0000DF10E020B49204608F027FB1148012132
:1091E0000170002444702A4600F078FC294620468D
:1091F00008F0A1FA2146304600F046FE214689E7F4
:10920000400300202C1C00206C6B0100746B0100DB
:1092100071040020CC0400208466010008030020B3
:10922000E0200020F420002070B54FF0FF324FF016
:10923000FF33154805F0ECFB144883685B6814495C
:109240009847144BB3F90030134C23602146134860
:1092500007F0C5F82368B3F5C86FE6DD104B1B783F
:10926000002BE2D00F4C0125257065700E4E314663
:10927000022008F060FA32462946204600F02EFC13
:10928000074B00221A70D0E7E40400206C6601004E
:1092900084210020CC230020281C0020886B0100A2
:1092A00071040020F420002008030020F8B51C4DB4
:1092B00000272F701B4E32460121284600F0C4FAC9
:1092C0000623AB700124EC702F71324621462846EC
:1092D00000F080FA144D05232B70324621462846B3
:1092E00000F076FBF123AB70EC702023AB80EC71C7
:1092F00032462146284600F0D7FA0C4B0C4A1A6039
:1093000040F264429A800B4D2C706F7031462046BB
:1093100008F011FA32462146284600F0DFFBF8BD7E
:10932000C020002008030020D4200020E0200020DE
:109330005C1C0020F420002030B585B002AA33491F
:10934000334801F01FFC002102A802F0A1FA00201E
:1093500002F006F9002850D104462E4807F05DF8C7
:1093600010B9204605B030BD2B480CF028F9002874
:1093700046D04FF48031294806F0E3FF002842DB55
:10938000254D4FF0A86204212846FFF72FFE2449FF
:10939000244B4B6010238B60284606F0DDFF224BE8
:1093A000224A9A600222DA6021480CF008F900286B
:1093B000D7D0204806F0EFFF0028D2DB1A4B01225D
:1093C0005A600C221A7400245C741B4807F03BFDA1
:1093D000FFF76CFF2146194800F056FD41F69A123E
:1093E0000023CDE90023164806F07AFC4FF0FF3049
:1093F0004FF0FF310CF083FDF8E74FF0FF34B0E79A
:109400004FF0FF34ADE74FF0FF34AAE7186B0100CF
:10941000206B0100280300200C660100646B010032
:10942000F8200020B590000084210020CC230020EB
:109430006C660100886B010008030020846601004F
:10944000800400202DE9F04385B00546894690460A
:1094500001228DF80D2042890AB91B7A43816B895C
:10946000ADF80E300026DEE00DF10E0300938E23E2
:109470003A460DF10D01284607F0FCF99DF80D3034
:10948000002B00F0CC8006EB460100943B460DF12A
:109490000E0209EB4101284607F057FA0136B6B231
:1094A000BDE00DF10E03009382233A460DF10D014C
:1094B000284607F0DFF99DF80D30002B00F0AF8053
:1094C00006EB460100943B460DF10E0209EB41010B
:1094D000284607F03AFA0136B6B2A0E00DF10E03C5
:1094E000009384233A460DF10D01284607F0C2F996
:1094F0009DF80D30002B00F0928006EB46010094A1
:109500003B460DF10E0209EB4101284607F01DFA1A
:109510000136B6B283E00DF10E03009388233A467C
:109520000DF10D01284607F0A5F99DF80D30002B2F
:1095300075D006EB460100943B460DF10E0209EB97
:109540004101284607F001FA0136B6B267E00DF195
:109550000E03009386233A460DF10D01284607F0CD
:1095600089F99DF80D30002B59D006EB4601009487
:109570003B460DF10E0209EB4101284607F0E5F9E3
:109580000136B6B24BE00DF10E0300938C233A4640
:109590000DF10D01284607F06DF99DF80D30002BF7
:1095A0003DD006EB460100943B460DF10E0209EB5F
:1095B0004101284607F0C9F90136B6B22FE00DF196
:1095C0000E0300938C233A460DF10D01284607F057
:1095D00051F99DF80D3013B306EB460100943B465C
:1095E0000DF10E0209EB4101284607F0AEF90136F4
:1095F000B6B214E00DF10E030093A0233A460DF12C
:109600000D01284607F036F99DF80D303BB10DF1FC
:109610000E01284607F03EFA01E0ADF80E20B8F83A
:109620000030B34278D0AA88BDF80E309A4273D980
:109630002968CC5CC4F3001704F0EF040133ADF8E3
:109640000E30482C4ED064D3A02C62D8802C60D32E
:10965000A4F18003202B5CD801A151F823F000BFB6
:109660001B96000013970000A394000013970000BE
:10967000DD940000139700004F9500001397000041
:109680001795000013970000BF9500001397000086
:10969000879500001397000069940000139700005D
:1096A0001397000013970000139700001397000012
:1096B0001397000013970000139700001397000002
:1096C00013970000139700001397000013970000F2
:1096D00013970000139700001397000013970000E2
:1096E000F59500000DF10E03009348233A460DF165
:1096F0000D01284607F0BEF89DF80D30002B8ED0E6
:109700002A68BDF80E30591CADF80E10D35C2B73CF
:1097100085E7ADF80E2082E7BDF80E306B81A8F822
:10972000006005B0BDE8F08330B583B004460D4657
:10973000274B1B68ADF804301B0C8DF806300B4628
:10974000032201A9192007F045FB08B103B030BD81
:109750009DF80430627903F07F0343EAC213DBB261
:109760008DF804302279520102F0600223F0600388
:1097700013438DF804309DF80520637802F03F0212
:1097800042EA8312D2B28DF80520E3781B0103F080
:10979000300322F030021A438DF80520237822F09E
:1097A0000F0203F00F031A438DF805209DF80630D1
:1097B000A278920002F00C0223F00C0313438DF800
:1097C00006302B46032201A9192007F075F9BDE7E1
:1097D000E0680100F0B583B006460F461546194B08
:1097E0009B88ADF8043000238DF80630104606F053
:1097F00022FE08BB1EB32B46032201A9212007F03D
:10980000E9FA08B103B0F0BD0024BC420BD250B954
:1098100004EB84012A4606EB810101A807F08DFBC9
:109820000134A4B2F1E70028ECD12B46032201A9B0
:10983000212007F041F9E5E74FF0FF30E2E74FF074
:10984000FF30DFE7E0680100F0B583B006460F4661
:109850001546144B9B88ADF8043000238DF8063074
:10986000104606F0E8FDA8B9C6B12B46032201A9AF
:10987000212007F0AFFA0024BC420DD260B904EBFE
:1098800084012A4606EB810101A807F0E5FC0134BA
:10989000A4B2F1E74FF0FF3003B0F0BD4FF0FF305E
:1098A000FAE700BFE06801002DE9F04383B0064607
:1098B0000F469046454B9B88ADF8043000238DF849
:1098C0000630104606F0B7FD002878D1002E79D07A
:1098D0004346032201A9212007F07CFA0546002413
:1098E00007E0414609F1020007F025FD0546013475
:1098F000A4B2A74256D9002D54D104EB840C06EB38
:109900004C0916F81CC0BCF1050F48D801A353F848
:109910002CF000BFE39800002D9900004B99000047
:10992000599900006799000075990000414609F1B6
:10993000020007F020FA05460028D8D199F809203E
:10994000072101A806F08CFDD1E7414609F102008C
:1099500007F01EFD0546CAE74146B9F8020007F0C8
:109960005FFD0546C3E799F802200B2101A806F028
:1099700077FDBCE7414609F1020007F087FD054687
:109980000028B4D199F80720022101A806F068FD4B
:1099900099F80620032101A806F062FDA7E76FF001
:1099A0000305A4E71DB1284603B0BDE8F083434694
:1099B000032201A9212007F07FF80546F3E74FF0C5
:1099C000FF35F0E74FF0FF35EDE700BFE06801003D
:1099D0002DE9F04383B006460F4690463E4B9B88E8
:1099E000ADF8043000238DF80630104606F023FD54
:1099F000002868D1002E6CD04346032201A9212003
:109A000007F0E8F90546002407E0414609F10200A5
:109A100007F07BFD05460134A4B2A74255D9002DBD
:109A200053D104EB840C06EB4C0916F81CC0BCF1B6
:109A3000050FF0D801A353F82CF000BF0B9A0000DB
:109A4000559A0000739A0000819A00008F9A0000D6
:109A50009D9A0000414609F1020007F06DFD0546A0
:109A60000028D8D109F10902072101A806F099FEC2
:109A7000D1E7414609F1020007F080FD0546CAE73B
:109A8000414609F1020007F090FD0546C3E709F1E0
:109A900002020B2101A806F084FEBCE7414609F151
:109AA000020007F0A0FD05460028B4D109F1060226
:109AB000032101A806F075FE09F10702022101A8A1
:109AC00006F06FFEA7E74FF0FF35284603B0BDE86C
:109AD000F0834FF0FF35F8E7E0680100F0B583B0A0
:109AE00005460E461746104606F0A5FC002840F035
:109AF000D180002D00F0D1803B46022201A91F2019
:109B000007F068F9002800F0B98003B0F0BD9DF8B7
:109B1000043003F07F0343EACC138DF804300134A2
:109B2000E4B2B44280F0AC8005EB440C9CF801C078
:109B300015F814E0BEF10B0F00F29D8001A353F85D
:109B40002EF000BF0F9B0000759B00008F9B000054
:109B5000A99B0000C39B0000DD9B0000F79B000059
:109B6000099C0000239C00003D9C0000579C0000C5
:109B70006D9C00009DF804304FEA8C1C0CF0400CEA
:109B800023F0400343EA0C038DF80430C7E79DF847
:109B900004304FEA4C1C0CF0200C23F0200343EA65
:109BA0000C038DF80430BAE79DF804304FEACC0C72
:109BB0000CF0080C23F0080343EA0C038DF8043082
:109BC000ADE79DF804304FEA8C0C0CF0040C23F048
:109BD000040343EA0C038DF80430A0E79DF8043039
:109BE0004FEA4C0C0CF0020C23F0020343EA0C0386
:109BF0008DF8043093E79DF8053003F07F0343EAC6
:109C0000CC138DF805308AE79DF805304FEA0C1C1F
:109C10000CF0100C23F0100343EA0C038DF8053010
:109C20007DE79DF805304FEACC0C0CF0080C23F0D2
:109C3000080343EA0C038DF8053070E79DF8053002
:109C40004FEA8C0C0CF0040C23F0040343EA0C03E1
:109C50008DF8053063E79DF8053023F001030CF023
:109C6000010C43EA0C038DF8053058E7394660468D
:109C700007F0DAFC53E76FF0030050E7002450E7E9
:109C800000287FF442AF3B46022201A91F2006F0C4
:109C900013FF3AE74FF0FF3037E74FF0FF3034E77C
:109CA00008B5024B1B68984708BD00BF5C03002045
:109CB00000B585B00A4600230093019302930393F5
:109CC00002238DF80230044B01930146684606F0EA
:109CD000B3F805B05DF804FBA19C000080B5054613
:109CE0000E461746984605F0BFFC03460CF038FCBC
:109CF0000446DFF8189049F80030424639463046AD
:109D0000A84754F8090000F0D9FC00BF0800000083
:109D10002DE9F04383B0044608461546238B13F023
:109D2000080F05D103F0070600230093019354E0C8
:109D3000012909D043F02003238385F31188BFF361
:109D40006F8F03B0BDE8F08343F010032383F4E783
:109D5000204608F0C3F942E0D4F814904A46694618
:109D6000204608F0D4F94FF00008238B03F00707D2
:109D7000B74269D0A268002A66D0012243F00803E6
:109D8000238385F31188BFF36F8F002A64D1009B72
:109D90002BB14B463A466946204608F031FAB8F1F5
:109DA000000F02D034492046C047EFF3118540230D
:109DB00083F31288BFF36F8F238B23F00803238371
:109DC000238B13F0100F4DD023F0100323830120B9
:109DD000268B06F007060028AFD00228B8D000284E
:109DE000ABD0013804282BD801A353F820F000BFD2
:109DF000599D0000419E0000059E0000199E000034
:109E00002D9E00002369D3F800800621204608F02B
:109E10003BF94FF00009A8E72369D3F80480042137
:109E2000204608F031F94FF000099EE72369D3F886
:109E300008800521204608F027F94FF0000994E733
:109E40004FF00008C14690E7009A0AB1002295E75A
:109E5000B8F1000F92D1B3E74A463946204608F0E0
:109E60001BF994E713F0200F04D023F02003238381
:109E70000220ADE70020ABE72F220100014B036079
:109E8000002070479C6B010070B54569002D41D0E2
:109E90000C462B79244A565CB3423ED0234A525C8E
:109EA00093423DD1AB689847002804DB2E71022C09
:109EB00016D000202DE0022C10D0032C29D110F157
:109EC000860F0BD0BFF35B8F55E8003F43F00203D2
:109ED00045E80032002AF7D1BFF35B8F2E7118E0FE
:109EE000BFF35B8F55E8003F23F0040345E80032E1
:109EF000002AF7D1BFF35B8FBFF35B8F55E8003FBC
:109F000023F0020345E80032002AF7D1BFF35B8F4C
:109F1000002070BD6FF05700FBE76FF07700F8E7A7
:109F20006FF08500F5E700BFA06B01009C6B01009E
:109F30002DE9F0410E4690461F4644690521204612
:109F400008F0CAFA00283FD0224B1A787AB90025C7
:109F5000E36863B3013BE3605BBBDAB9A36800214C
:109F600060699847051E1EDB0123237121E004F17F
:109F700018050BF05AFE40B100220023284604F0D9
:109F800047FD051E22DB3246E2E74FF0FF324FF07D
:109F9000FF33F3E70223237142463B4604F14000BE
:109FA00004F00CFF05E0E3680133E36001E06FF0CB
:109FB0007705084B1B7813B92846BDE8F08104F1FA
:109FC000180004F0E5FCF7E70025F5E76FF00F0552
:109FD000F2E700BFD12300202DE9F04383B04469AC
:109FE000002C00F0AA8005460521204608F074FAEE
:109FF00020B90025284603B0BDE8F0830821686930
:10A0000008F06AFA88B94E4B1B781BB304F11805A7
:10A010000BF00BFEC8B100220023284604F0F8FC28
:10A02000051E18DA6FF00A05E4E7EFF31184402308
:10A0300083F31288BFF36F8F284608F08AFA05462B
:10A0400084F31188BFF36F8FD4E74FF0FF324FF0E6
:10A05000FF33E2E700250BF0E8FD10B12379022B76
:10A0600068D02669F6B13046FFF7B6FF054640B125
:10A07000334B1B78002BBDD004F1180004F088FC92
:10A08000B8E70121204608F027FA00BBBFF35B8F39
:10A0900054E8003F43F0040344E80032002AF7D1BB
:10A0A000BFF35B8FE3680133E3602379022B14D0A5
:10A0B000234B1B78B3BBE368012BD9D8A3680121DC
:10A0C00060699847051E31DB00232371D0E73046D5
:10A0D00008F00FFA6FF00A05CAE704F140000BF030
:10A0E0006FFD10F0010FE3D100232371C0E704F1ED
:10A0F0003007032138460CF063F904F118063046A6
:10A1000004F046FC4FF0FF384FF0FF39CDE90089ED
:10A110000022032138460CF059F942464B4630469E
:10A1200004F076FC2379022BE1D0C4E7E368013B1D
:10A13000E3609DE76FF00A059AE700255AE700BF44
:10A14000D123002038B54469002C4FD005460521A5
:10A15000204608F0C1F910B10025284638BD284630
:10A1600008F035F9002844D10821686908F0B4F9ED
:10A1700028BB214B1B783BBB636973B323799BBB23
:10A18000A368002160699847051E0FDB0123237136
:10A190000023E360BFF35B8F54E8003F43F02003EC
:10A1A00044E80032002AF7D1BFF35B8F124B1B78D3
:10A1B000002BD2D004F1180004F0EAFBCDE72846CA
:10A1C00008F06BF90546C8E704F118004FF0FF32BC
:10A1D0004FF0FF3304F01CFCCEE76561074904F142
:10A1E00040000BF0ACFCC9E70025D1E76FF0850516
:10A1F000B3E76FF00F05B0E7D12300209B250100E6
:10A2000008B5034807F0BEFE024807F0BBFE08BDD4
:10A21000A46B0100DC6B010030BFFFF7FDBF00BF86
:10A2200038B50446054D2A4605490CF0FFF8054AA5
:10A23000002160190CF008F938BD00BF00000000D3
:10A24000E06801000400000070B50646064D074BAB
:10A250001D444C1B2046FFF7E3FF083CC6F8B840FE
:10A2600005F1080070BD00BF000000000400000000
:10A27000074B9B6893F90E20002A08DB044A5269B9
:10A28000934204D0034A536843F0805353607047AD
:10A290008C23002000ED00E038B51546204B9B6A6A
:10A2A00013F4805F19D116241D4B9B6A13F4006FC1
:10A2B00000D018241A4B9B6A13F4007F10D0184B5F
:10A2C0009A6B9B6A13F4004F09D0D9B1144A936A70
:10A2D00023F400439362192402E01724E4E71924CD
:10A2E0000F4B9B6A13F4806F00D01A240C4B9B6AAF
:10A2F00013F4807F08D10A4B9B6A13F4005F04D0EB
:10A300001C2402E01924EBE71B24054A936A43F45A
:10A310007F439362012108F09CF92870204638BDE4
:10A3200000ED00E0174B9B6A13F0007F25D11D2044
:10A33000144B9B6A13F0807F00D01F20114B9B6A47
:10A3400013F4002F00D021200E4B9B6A13F4802FB2
:10A3500000D022200B4B9B6A13F4003F00D0232037
:10A36000084B9B6A13F4803F09D1064A936A6FEA4F
:10A3700003436FEA1343936270471E20D8E72420FB
:10A38000F3E700BF00ED00E081690D4B5A6942F42C
:10A3900080725A61BFF34F8FBFF36F8F31F8021C89
:10A3A0005A6922F480725A61BFF34F8FBFF36F8FE7
:10A3B0004DF60273994201D000207047012070478A
:10A3C00000ED00E070B504461646324B9B6A13F070
:10A3D000100F1AD110252F4B9B6A13F0080F00D0D5
:10A3E00012252C4B9B6A13F0020F10D0294B586B8F
:10A3F0009B6A13F0800F3DD000293FD0254A936A15
:10A4000023F080039362132503E01125E3E76FF047
:10A410001500204B9B6A13F0010F00D014251D4B33
:10A420009B6A13F0200F00D015251A4B9B6A13F07E
:10A43000100F04D1174B9B6A13F0020F04D0154B79
:10A440005B6813F4006F1BD1124B9B6A13F0200F53
:10A4500004D0104A536A23F4005353620D4A936A9E
:10A4600043F0FF0393620121204608F0F2F83070B8
:10A47000284670BD6FF015001325CAE71325C8E7FD
:10A48000214600F0FBF90028DED080F30988022580
:10A49000DAE700BF00ED00E038B5054600230B7099
:10A4A0001A4BD86A10F002002DD10C46DB6A002B43
:10A4B0002ADB164BD86A10F0804025D02846FFF7DB
:10A4C00063FF08B128681FE0104B9B6A13F0FF0F71
:10A4D0000DD10E4B986A10F47F400ED10B4B9B6A46
:10A4E000B3F5803F10D32846FFF71CFF0CE022464F
:10A4F00001212846FFF766FF06E022460121284693
:10A50000FFF7CAFE00E0002038BD00BF00ED00E00C
:10A5100030B58BB00C46264B5968C1F308010023B7
:10A5200083F31188BFF36F8F02F07F43B3F17F4F46
:10A5300015D102F00C03082B14D012F0080F0BD029
:10A5400000250DF12702204608F088F886469DF880
:10A55000273053B10BB030BD04460125F1E700258B
:10A560002C46EEE700252C46EBE70DF1040C2068A5
:10A570006168A268E368ACE80F0020696169A269BC
:10A58000E369ACE80F0045B1C3F308025AB96FEABA
:10A5900053236FEA4323089305E0089B23F4FF73DA
:10A5A00023F00103089301A9704608F03DF8D1E7B4
:10A5B00000ED00E0044B5A6942F010025A615A69FA
:10A5C00022F008025A61704700ED00E0EFF30880C6
:10A5D000EFF3098101B57246FFF79AFF01BD00BF95
:10A5E000002080F31488BFF36F8F114880F3088830
:10A5F00000201049087003F033FA00200E4908606B
:10A60000BFF34F8F00F030F8402080F311880B48E3
:10A610004FF40461401880F30988EFF3148002219D
:10A62000084380F31488BFF36F8F00F0E9F800004F
:10A63000C04E0020D123002094ED00E00041002016
:10A64000084BD3F89000C0F30720002306E0054A2A
:10A65000C2F898300021C2F8A01001338342F6DB23
:10A66000704700BF00ED00E010B572B6002484F31F
:10A670001388FFF7E5FF234608E003F120010E4AA7
:10A680004FF0FF3042F821000133DBB2072BF4D941
:10A69000002308E003F16001074A4FF0FF3042F861
:10A6A00021000133DBB2072BF4D962B6BFF34F8F21
:10A6B000BFF36F8F10BD00BF00E100E008B50A4B8B
:10A6C0009B68834202D004F0D5FF08BDEFF30583F9
:10A6D000002BF8D0054B5A6842F080525A605A6AF3
:10A6E00022F400425A62EEE78C23002000ED00E0E5
:10A6F00016498A684FF030001044EFF3098C80E867
:10A70000F01F402080F31288BFF36F8F104F4FF07F
:10A7100000664A698A603E604FF0B80414192068E8
:10A720000C4C2060D2F8BC000023C2F8BC3080F38F
:10A73000118804B5104600F023F9BDE8044002F189
:10A74000300090E8F01F8CF3098870478C230020BC
:10A7500004ED00E0982100201EF0040F0CBFEFF381
:10A760000880EFF30980816911F8021C0229FFD0EB
:10A7700001B5724607F061FF01BD00BF002807DB8D
:10A7800000F01F02400901239340024A42F82030A2
:10A79000704700BF00E100E000280CDB00F01F0262
:10A7A0004009012393402030034A42F82030BFF390
:10A7B0004F8FBFF36F8F704700E100E0002808DB88
:10A7C0004901C9B200F1604000F5614080F8001312
:10A7D000704700F00F004901C9B2014B195470478E
:10A7E00014ED00E04209054B53F8222000F01F0051
:10A7F000012303FA00F01040704700BF00E100E0C1
:10A8000008B50B4B0B4A22F07F029A60BFF34F8FC3
:10A81000BFF36F8FD3F8882022F47002C3F888202A
:10A8200003F0ECFE05F09CF800F072F803F044FF32
:10A8300000ED00E00000000010B4A2F120040E4979
:10A8400042F8081C21F0010142F8081C42F8203CA3
:10A85000019B42F81C3C029B42F8183C039B42F8C7
:10A86000143C4FF0807342F8043C04650023C0F8A8
:10A87000BC3010BC704700BFDD9C0000104B9B68D3
:10A88000BBB110F1160F0BD0D3F8A820A2F1400CE9
:10A89000844510D8824210D98A4207D800207047D8
:10A8A000D3F8A8208A4201D800207047D3F8A80026
:10A8B000704700207047002070470020704700BF9D
:10A8C0008C23002008B50E4615460A4A9060D0F841
:10A8D000B820094B1A6000F053F82C4686F309881B
:10A8E0000020064B98472046002100220023044CFC
:10A8F000204700BF8C23002098210020D92601008A
:10A90000DD9C0000014B10221A61704700ED00E051
:10A91000002206E003F00F030949194440230B7697
:10A920000132262A0ADC53B2002BF3DB03F1604329
:10A9300003F56143402183F80013F1E7704700BF3E
:10A94000FCEC00E008B5EFF30583103B044A02EB92
:10A95000C301496852F833008847FFF789FC08BDF6
:10A960009C66010008B5034B034A0121034808F027
:10A9700006F808BD00000120000000200C6C01005A
:10A9800008B5D0F8A830403B04480360402343603A
:10A99000034B8360012107F0F6FF08BD9C210020D6
:10A9A00000000B15084AC2F898000B6823F01F033B
:10A9B000034343F01003C2F89C308B6843F001035B
:10A9C000C2F8A030704700BF00ED00E0084BD3F89C
:10A9D0009030C3F30723013B984205D810B50446D5
:10A9E000FFF7E0FF204610BD6FF01500704700BF75
:10A9F00000ED00E010B5034C0123227807F0BFFE04
:10AA0000207010BDCE23002008B500230B4A127819
:10AA100007F0B5FE10F1160F0FD0024606E0084B06
:10AA2000C3F898200021C3F8A0100132044BD3F8DA
:10AA30009030C3F307239342F1DC08BDCE230020FE
:10AA400000ED00E0044B0522C3F89420BFF34F8FC4
:10AA5000BFF36F8F704700BF00ED00E0BFF35F8F63
:10AA6000024B0022C3F89420704700BF00ED00E0C5
:10AA700038B51C4B1D681C4BD3F89030C3F307232B
:10AA80009D422BD8FFF7EAFF002409E0154B5B68D5
:10AA900004EB440103EB81012046FFF783FF0134FF
:10AAA000A542F3D81148057007F091FE10F1160F7A
:10AAB00013D00E4B1A780C4BD3F89030C3F3072306
:10AAC0009A4207DA084BC3F898200021C3F8A01077
:10AAD0000132F0E7FFF7B6FF002038BD4FF0FF303E
:10AAE000FBE700BF186C010000ED00E0CE23002062
:10AAF00008B5064921F00701C1F1005202F5803284
:10AB0000034807F0BFF9002008BD00BF175E002012
:10AB1000A8210020034BC01A8010034B03FB00F058
:10AB2000704700BFFC040020A38B2EBA2C22024BDE
:10AB300002FB0030704700BFFC0400200123044AE0
:10AB4000C2F840354FF08042C2F878350020704797
:10AB500000E0014030B108B5034B800143F0010330
:10AB6000984708BD704700BF106B010008B5044846
:10AB70000AF025FD08B1002008BD6FF01200FBE7C8
:10AB80002466010038B50D461446511C08F050F8F3
:10AB900000280BDB1C492846FEF7C5F820B11B49ED
:10ABA0002846FEF7C0F810B90020207038BD1849BB
:10ABB0002846FEF7B8F820B116492846FEF7B3F844
:10ABC00018B9012323700020F0E713492846FEF747
:10ABD000AAF820B111492846FEF7A5F818B90223B2
:10ABE00023700020E2E70E492846FEF79CF820B1CA
:10ABF0000C492846FEF797F818B903232370002064
:10AC0000D4E76FF01500D1E76C6C0100746C0100A3
:10AC1000186B0100806C01008C6C0100986C0100C5
:10AC2000A46C0100B06C010010B5044604F0C6FB32
:10AC3000034B1B680BB12046984704F0D7FB10BDAF
:10AC4000B421002038B50446054807F06BFF0546DF
:10AC500020B101210C3007F0B5FF2C76284638BD15
:10AC60005405002010B5044604F0A8FB024B1C60FC
:10AC700004F0BCFB10BD00BFB421002010B50E389D
:10AC800001280ED991B10C4807F04CFF044634B1AD
:10AC9000012104F10C0007F095FF022323762046E2
:10ACA00010BD064807F03EFF0446F0E70220FFF71C
:10ACB000C9FF0446F3E700BFFC0400208005002024
:10ACC000C2685178084B83F870105188A3F872104D
:10ACD000117983F87110B2F80710A3F87410B2F864
:10ACE0000520A3F876207047B0000020C268034B0F
:10ACF000D2F80100D2F8051003C370478801002084
:10AD000030B5C46804F1010C094D4134AE46DCF89D
:10AD10000000DCF80410DCF80820DCF80C30AEE8A9
:10AD20000F000CF1100C7546A445EFD130BD00BFEB
:10AD300030010020C268034BD2F80100D2F80510A0
:10AD400003C370472801002008B5C068013007F030
:10AD5000C9FF024BC3E9380108BD00BFB0000020A5
:10AD6000094BBFF35B8F1A68BFF35B8F02F00902D8
:10AD7000BFF35B8F53E8001F43E800200028F9D1A0
:10AD8000BFF35B8F704700BF8401002000B970479C
:10AD90002DE9F0410E46154680463A4B0022BFF39E
:10ADA0005B8F53E8004F43E800210029F9D1BFF33E
:10ADB0005B8F27462CB917B1384607F0E5FEBDE892
:10ADC000F081204607F022FE00EB40002E4B03EB03
:10ADD00080035B8843453AD1AC420FD0204607F050
:10ADE00034FE0223237604F10C080121404607F0CB
:10ADF000E9FE2A8AE968404607F0EEFE204607F0A1
:10AE000005FE00EB4000204B03EB80035B6803B1C1
:10AE10004EB3204607F0FAFD00EB40001A4B03EB5F
:10AE200080039B68002BC6D0204607F0EFFD164D2F
:10AE300000EB400005F82060204607F0E7FD00EB3E
:10AE4000400005EB8005A86803F0A2FDB3E70D4BB9
:10AE5000BFF35B8F53E8007F43E80042002AF9D13B
:10AE6000BFF35B8FA7E7204607F0D0FD00EB400063
:10AE7000054B03EB80035B681A7A5968186807F082
:10AE800074FFC6E7C0010020B821002038B5044691
:10AE9000038A012B1AD902210C3007F0AFFE0546B8
:10AEA0000378052B17D018D30E3BDBB2012B10D83B
:10AEB000012313F0020F12D00323114A21462878F0
:10AEC00007F049FF204607F05FFE38BD07F05CFE43
:10AED000FBE70223EDE70323EBE70223E9E740F674
:10AEE000CE33084A0849094807F05AF8002383F38B
:10AEF0001188BFF36F8F0323184602DFDCE700BF22
:10AF0000306E0100EC6C0100206D0100506D0100FD
:10AF100010B5044601210C3007F070FE0023034AEF
:10AF20002146007807F017FF10BD00BF486E0100F2
:10AF300010B5044601210C3007F060FE0023034ADF
:10AF40002146007807F00BFF10BD00BF486E0100DE
:10AF500008B50146034807F0EBFD034903480AF032
:10AF6000DEFD08BDC4010020700300207014002025
:10AF700008B50A4807F0F1FD60B1027E022A0AD046
:10AF800007F002FE064BD3F814311BB10549064801
:10AF90000AF0C5FD08BDFFF779FFF3E7C401002003
:10AFA000B0000020700300207014002010B50C4683
:10AFB0000A604B609DF808300B7207F027FD00EB2C
:10AFC0004000024B03EB80035C6010BDB821002001
:10AFD0002DE9F843064688464FF0FF324FF0FF3325
:10AFE000194807F09FFD044658B300F10C070121F2
:10AFF000384607F0E7FD01232376204607F006FDDB
:10B00000124D00EB400005EB80004680204607F023
:10B01000FDFC00EB400305EB83034FF00009C3F890
:10B020000890204607F0F2FC00EB400005EB80059D
:10B03000C5F804900321384607F0C8FD068080F863
:10B0400002802046BDE8F88328050020B8210020B2
:10B0500008B50146034BD3F83401826892689047E3
:10B0600008BD00BFB000002070B582B0044600F1FA
:10B070000C05284607F0CAFDADF80400238AADF898
:10B080000630012B23D90221284607F0B7FD0546DB
:10B090000378052B21D022D30E3BDBB2012B1AD82B
:10B0A000012616F0010F1CD00223184A21462878E9
:10B0B00007F051FE16F0020F23D06369BDF804209B
:10B0C0001344E360BDF80630238202B070BD204611
:10B0D00007F05AFDF9E70226E3E70326E1E7022637
:10B0E000DFE740F6EE730A4A0A490B4806F058FFBC
:10B0F000002383F31188BFF36F8F0323184602DF09
:10B10000D2E7204607F040FDDFE700BF206E0100D8
:10B11000EC6C0100706D0100506D0100064BBFF337
:10B120005B8F53E8001F41F0040143E80012002A3E
:10B13000F7D1BFF35B8F7047840100200048704750
:10B140008C6D010008B5024803F0ECFD08BD00BF9E
:10B150006003002010B500220023204803F0DEFB2E
:10B160000446A0B11E4BD3F8100128B107F00CFD26
:10B170001B4B0022C3F81021204607F01FFD184B7F
:10B18000C3F810012046FFF763FF80B910BD40F6F9
:10B19000DD33144A1449154806F002FF002383F3F7
:10B1A0001188BFF36F8F0323184602DFDAE71048D8
:10B1B00003F0EEFB204607F029FC00EB40000D4BAE
:10B1C00003EB800322461F215888FFF7DFFD20464E
:10B1D00007F0DAFCFFF7B6FFD8E700BFCC0100208C
:10B1E000B0000020EC6C0100946D0100506D010076
:10B1F000A8010020B821002008B50B460849D1F865
:10B200001C1151B10246074803F002FC08B10020AE
:10B2100004E0FFF79FFF012000E0002008BD00BF11
:10B22000B0000020A8010020F0B587B00746164600
:10B2300000293FD00D46887AFFF778FC4E4B8342B9
:10B2400040F094800122002168460AF06CFB2846F9
:10B2500007F0DCFB00EB4000484B03EB8003C3F836
:10B2600008D0284607F0AAFC014645480AF03EFBF4
:10B27000FFF768FF0BF074F9424B1A58424B9A42A1
:10B2800022D04FF4A0220023684603F0C1FB0446FD
:10B29000002838D1284607F0B9FB00EB4000374BB7
:10B2A00013F82040002C43D1002E5AD035600020E6
:10B2B00007B0F0BDFFF78CFE05460028C2D16FF045
:10B2C0006800F5E7A542DCD02D480AF026FB0446CD
:10B2D0004FF4A0200021FFF78FFF0028F2D14FF498
:10B2E000D8732A4A2A492B4806F05AFE39462A487A
:10B2F00006F056FE002383F31188BFF36F8F0323FC
:10B30000184602DFDEE74FF4DB73204A2349214869
:10B3100006F046FE22463946214806F041FE00234B
:10B3200083F31188BFF36F8F0323184602DFB1E761
:10B33000284607F029FC093C092C0FD8DFE804F067
:10B34000050E0E0B190E0E0E0E086FF06E00AFE715
:10B350006FF01500ACE76FF00C00A9E76FF0040088
:10B36000A6E7284607F010FC0020A1E76FF01500C3
:10B370009EE76FF00B009BE728050020B821002016
:10B38000CC01002008000000581A0020EC6C0100DD
:10B39000986D0100506D0100A06D0100C06D0100AD
:10B3A000CC6D01002C4B93F87C3013F0400F4CD047
:10B3B00010B582B001AA002142F20300FFF734FF6A
:10B3C000034610B1184602B010BD0198FFF78EFC7D
:10B3D000019807F0D9FB204B1F22A3F8E82093F82F
:10B3E0007C3013F0200F18D01B4B93F89C3013F0D7
:10B3F000080F0ED001AA002142F21C00FFF714FF33
:10B4000003460028DED10198FFF79EFC019807F063
:10B41000BBFB07F047FD0346D4E7022140F66D4031
:10B42000FFF7D6FD0446A0B102210C3007F0CEFB99
:10B430000123037000224270214640F66D40FFF761
:10B44000F3FE03460028CFD0BCE76FF01203184686
:10B4500070476FF06803B5E7B000002010B5082111
:10B4600040F60140FFF7B4FD88B1044608210C30D6
:10B4700007F0ACFB024607484FF0005107F021FCF3
:10B480000022214640F60140FFF7CEFE10BD6FF0CE
:10B490006800FBE70080000210B582B001AA00211D
:10B4A0004FF60140FFF7C0FE08B102B010BD019891
:10B4B00007F06AFB01AA00214FF60240FFF7B4FE35
:10B4C0000028F2D10198C368B3F801300C4CA4F8FD
:10B4D000C13007F059FB94F8C13013F0040FE4D0E9
:10B4E00001AA00214FF60340FFF79EFE0028DCD1A1
:10B4F0000198C3685A7884F8C02007F045FBD4E768
:10B50000B000002008B507F08EFC034608B11846CD
:10B5100008BDFFF747FF03460028F8D10A4B93F810
:10B520007C3013F0200F04D107F01DFC03460028E7
:10B53000EDD1FFF793FF03460028E8D1FFF7ACFFFA
:10B5400000F000FB0346E2E7B000002008B507F07A
:10B55000C4FC024B1B6803B1984708BDD0210020F2
:10B5600070B582B004462C4BD3F834010AF027F8AA
:10B5700000284BD0294BBFF35B8F53E8002F22F0FC
:10B58000020243E800210029F7D1BFF35B8FBFF32C
:10B590005B8F53E8002F42F0010143E800100028C0
:10B5A000F7D1BFF35B8F12F0010F32D11C4B1C603F
:10B5B0001C4D0122114628460AF0B5F905F1240078
:10B5C0000AF088F9184E30460AF0B3FA00230093C7
:10B5D0006FF007034FF480621449304603F0AAFB72
:10B5E0001349304603F008FCE86B83681B68114977
:10B5F0009847054618B92CB10F4803F093FB28462D
:10B6000002B070BD07F069FC0546F8E76FF012055F
:10B61000F5E76FF07705F2E7B00000208401002025
:10B62000D0210020A80100207014002080380020C4
:10B63000146E01000F2E01007401002070B582B05D
:10B6400006460C46124B93F99B30002B1DDAC4B111
:10B650002546082C28BF082501AA002142F218001F
:10B66000FFF7E2FD034668B9019BD9682A4601311C
:10B6700030460AF0DBFE019807F086FA2E44641B80
:10B68000E5E70023184602B070BD6FF08503F9E7C7
:10B69000B000002038B5044604210C3007F0AEFAA3
:10B6A0004578224601784088FFF770FB05B938BD20
:10B6B000024803F06DF9FFF745FDF8E7A801002007
:10B6C00038B5044603210C3007F098FA0578B0F835
:10B6D0000100E368197840F63543984203D02246CA
:10B6E000FFF754FB05B938BD024803F051F9FFF7E5
:10B6F00029FDF8E7A801002070B50546002401E007
:10B700000134E4B2094BDB79A3420BD92646C4EBE2
:10B71000C4010722054B194428460AF09DFE002863
:10B72000EED101E06FF00106304670BDB0000020A0
:10B7300038B50446062213490AF08EFE00B938BD1A
:10B74000062142F20500FFF743FC0546B8B1062288
:10B7500021460C3007F040FA0022294642F205004B
:10B76000FFF762FD0028EAD1074B2268C3F8692081
:10B77000A288A3F86D20012283F86820DFE76FF02C
:10B780006800DCE719010020B000002070B582B02D
:10B7900005460E4629B10722184930460AF05CFEDC
:10B7A000E8B9684607F036FA044618BB6846FFF762
:10B7B000A3FF0028F5DAC5EBC505114AAB180098C0
:10B7C0005051BDF804009DF80610988099718EB113
:10B7D000525932609A889B79B280B3710AE0C5EB06
:10B7E000C505074AAB1831685151B188B2799980C3
:10B7F0009A710024204602B070BD00BF546C010055
:10B80000B00000202DE9F04383B0204B93F8C240F4
:10B8100014F0010403D1204603B0BDE8F0830546CF
:10B820000E4601AA00214FF60940FFF7FDFC8446B1
:10B8300048BB0198D0F80C9099F80140B44228BF59
:10B8400034461BE0162101FB0CF16A1809EB0103D9
:10B85000D3F802E0D3F80680D3F80A70D3F80E606C
:10B8600045F801E0C2F804809760D660D3F812E092
:10B87000C2F810E0DB8A93820CF1010C6445E1DC34
:10B8800007F082F9C7E70024C5E700BFB000002039
:10B8900070B584B0002946D104460E4620B1072277
:10B8A00027490AF0D9FD28BB264BDB79012B43D071
:10B8B000BFF35B8F244B1B68BFF35B8F13F0010F4B
:10B8C0000BD10023009301930293039314B3072237
:10B8D0001B4920460AF0C0FDE0B11A4BD879421C42
:10B8E000DA71054632462146FFF750FFA8B92846CF
:10B8F00004B070BD2046FFF7FFFE002816DA23785B
:10B90000012B16D1A37903F0C003C02BCCD06FF06C
:10B910001505ECE76FF01505E9E70A49CB79013B1E
:10B92000CB710546E3E76FF01505E0E76FF07705AB
:10B93000DDE76FF01505DAE76FF00B05D7E700BF1D
:10B94000546C0100B00000208401002060B3F0B509
:10B9500083B0044601AA002141F20900FFF764FC0C
:10B9600020BB019EF7687D1C0622114928460AF07B
:10B9700073FD28B106220F4928460AF06DFD28B94B
:10B98000304607F001F9002003B0F0BDD7F80130D0
:10B99000C4F80130AB88A4F8053000232370019867
:10B9A00007F0F2F80120EFE7002070470020EBE7F6
:10B9B000646C01005C6C010000B583B06846FFF761
:10B9C000C5FF064BD87118B9002003B05DF804FB21
:10B9D000002269461046FFF7D9FEF6E7B0000020C6
:10B9E00010B588B0184BDC7924BB012102A8FFF701
:10B9F00009FF154BD87101E00134E4B2124BDB7939
:10BA00009C4216D202AA162304FB03F3D118D35882
:10BA1000CDF801308B88ADF8053001238DF800306A
:10BA2000002269462046FFF7B1FE03460028E3D016
:10BA300005E03BB900210846FFF72AFF03461846F8
:10BA400008B010BD0023FAE7B0000020002867D03E
:10BA500070B50C4616461D460346002D63D001788E
:10BA600014F4002F08D014F0040F5FD107F056FA39
:10BA700008B901232B7070BD14F0010F29D042B119
:10BA800014F0200F05D02E4A92F8D82012F0400F63
:10BA90004FD0C1EBC1022A48825C012A0DD00AB9FD
:10BAA00000232B70002E47D014F0200F46D02B78A7
:10BAB00043F002032B700020DDE7C1EBC10101441C
:10BAC0000131184607F01DFA0028D4D101232B704C
:10BAD000E8E714F0040F1ED0C1EBC1021848825CE5
:10BAE000012A0AD0AAB90020287014F0200FC2D071
:10BAF0002B7843F002032B70BDE7C1EBC101014479
:10BB00000131184607F0FDF90028B4D101232B704C
:10BB1000EBE70020E9E707F001FA01232B70AAE721
:10BB20006FF0150070476FF01500A4E76FF0150077
:10BB3000A1E76FF085009EE700209CE700209AE7D0
:10BB4000B000002008B50A4BDB7923B1084BDB7944
:10BB500033B1002008BDFFF72FFF0028F6D0F9E72A
:10BB6000FFF73EFF0028F5D10248FFF7E1FDF1E7BE
:10BB7000B0000020B100002010B504460078214B31
:10BB8000DB79984230D2C0EBC00007221E491D4B22
:10BB900018440AF061FC48B3636813F0010F07D141
:10BBA000184A92F87020082A02D8A2689F2A1FD942
:10BBB00013F0300F01D02269E2B113F0100F08D159
:10BBC000226932B103F46033B3F5603F18D001202D
:10BBD0000BE0A268E1688A420ED81F2A0ED9B1F59F
:10BBE000804FEFD9002000E0002010BD0020FCE7CE
:10BBF0000020FAE70020F8E70020F6E70020F4E74D
:10BC00000020F2E7B0000020546C010000487047AB
:10BC1000C80000202DE9F04F8BB0059299460E69BF
:10BC2000B6F1000B18BF4FF0010BBFF35B8F8B4BCE
:10BC30001B68BFF35B8F13F0040F00F00081054613
:10BC40000C46084607F0E0FA002800F0FB8020468A
:10BC500007F07DF98246002800F0F78005F1100713
:10BC60000721384607F0ABF90490002840F0F08037
:10BC70000023069307930893CDF82330A368ADF80B
:10BC80001830E368ADF81A30D4F80480404607F065
:10BC900084F98DF82500404607F07DF98DF82600DF
:10BCA0006E4BBFF35B8F53E8002F22F4807243E8A2
:10BCB00000210029F7D1BFF35B8F22782A7003F8A7
:10BCC000652C0DF11D035A4661682846FFF7BEFE3C
:10BCD0008046002840F08D8026B323691A68C5F895
:10BCE00009209A889B79A5F80D20EB73204607F070
:10BCF000D3FA8346636813F0010F25D006B313F01F
:10BD0000100F19D004238DF81C3023691A68CDF860
:10BD10001E209A889B79ADF822208DF82430DDF81A
:10BD200010A01AE04E4B1A68C5F809209A889B7932
:10BD3000A5F80D20EB73D9E701238DF81C30E4E75B
:10BD400000238DF81C3008E013F4007F02D1149B0F
:10BD5000002B52D002238DF81C300F2142F2060036
:10BD6000FFF736F98046002875D00F2206A90C305F
:10BD700006F032FF0022414642F20600FFF754FA75
:10BD80008046002835D1002E3FD00121284607F0FB
:10BD9000BFFA804668BB002E49D0024602F001027D
:10BDA0000E21384607F041FABBF1010F14BF002203
:10BDB00001220821384607F038FABBF1020F14BF00
:10BDC000002201220921384607F02FFA626802F0AA
:10BDD00001020A21384607F028FA52460B2138465C
:10BDE00007F023FA6268C2F380020D21384607F09B
:10BDF0001CFA40460BB0BDE8F08F0228AAD00323FE
:10BE00008DF81C30DDF810A0A7E7CDF80CB0CDF808
:10BE100008A000230193159B0093149B4A460599A3
:10BE2000284607F066F980460028AED0E1E763684F
:10BE300013F0020F01D00246B0E70122AEE76FF027
:10BE40000A08D6E76FF01508D3E76FF01508D0E7BA
:10BE50006FF07708CDE76FF06808CAE7840100202B
:10BE6000546C01002DE9F04383B080460C46174620
:10BE70001D4607F06FF8814618B1484603B0BDE88B
:10BE8000F083FFF7C3FE06460A9B019300953B46ED
:10BE900022464146FFF7BEFE81463946204607F05E
:10BEA0005BF80028E9D018360549304609F047FE0E
:10BEB0004FF470220023304602F088FFDDE700BF18
:10BEC000C5330100142810D80C4B13F810307BB187
:10BED0000A4A02EB400252786AB1086800FB03F399
:10BEE00093FBF2F30B60002070476FF01500704772
:10BEF0006FF0150070476FF015007047586E010025
:10BF000021B1012907D06FF0850070470020054B53
:10BF1000C3F800057047034B0122C3F80025002039
:10BF2000704700BF00700040F0B583B0002300935D
:10BF3000CDF803300D7905F01F058E79072D6FD8E8
:10BF40000C460B780C2B6ED8DFE803F00A07126D55
:10BF5000166D1A6D6D1E226D260001238DF80230BC
:10BF60006378032B1CD0042B1DD06FF0150745E020
:10BF700002238DF80230F3E703238DF80230EFE758
:10BF800004238DF80230EBE705238DF80230E7E754
:10BF900006238DF80230E3E707238DF80230DFE750
:10BFA00001238DF8033001A9608807F045FA0746A0
:10BFB00000283BD1237913F0200F22D001238DF8E4
:10BFC00005301C4890F8A820217901F01F018B4012
:10BFD00022EA030380F8A8306279164B2B4483F8D9
:10BFE000A020154C6A462946204607F0EFF9513546
:10BFF0002B0104EB05150022E2506E60384603B0B9
:10C00000F0BD00238DF805300A4890F8A83021795A
:10C0100001F01F0101228A40134380F8A830DBE7BA
:10C020006FF01507EAE76FF01507E7E76FF0150700
:10C03000E4E700BFE80100200070004069B938B5AE
:10C04000064CD4F82C56D4F8341689B2743007F064
:10C05000F1F90544C4F82C5638BD70470070004013
:10C06000037C083B062B11D8DFE803F004100E1008
:10C0700006100C00002200E00222064BC3F8F02557
:10C08000002070470322F8E70122F6E76FF0150061
:10C09000704700BF00700040012901D9437C73B98B
:10C0A000437C082B0ED8DFE803F0050505050505E0
:10C0B00005050500054AC2F8F435002070476FF009
:10C0C000150070476FF01500704700BF007000400A
:10C0D0004268044B93F8A8301A4214BF0120002094
:10C0E000704700BFE801002010B444680D4B93F87E
:10C0F000A8100D4BD3F82C06012302E002305B00A0
:10C100009BB299420BD3E2B21A42F8D01942F5D051
:10C11000B0F90020002AF1DA00220280EEE710BC1C
:10C12000704700BFE80100200070004010B50446D1
:10C130000748FDF751FF94F886301BB1054B0122EB
:10C14000DA6010BD034B01221A605A60F9E700BFA4
:10C150006C6601000070004010B582B000F1080468
:10C16000D0F88800410CC003084BC018084A4FF0B3
:10C17000000341F10001FBF7F3F800900191002268
:10C180000023204603F0ACFD02B010BD3F420F007B
:10C1900040420F00F8B50D4649684B1EFE2B5DD896
:10C1A00000231C4611E0304800EB031CDCF8182586
:10C1B00022F08072CCF8182503F1510212010026FA
:10C1C00086500133DBB2072B23D81A4621FA03F03D
:10C1D00010F0010FE7D02548184490F8A060002E19
:10C1E0003FD095F811C0BCF1000C18BF4FF0010C06
:10C1F0001D4F07EB031EDEF8180520F0807040EAA3
:10C200000C60CEF8180551321201BE500134E4B270
:10C21000D7E72846FFF724FF034608B11846F8BDC4
:10C2200021462846FFF738FF03460028F6D121466D
:10C23000284607F046F903460028EFD1AA680A4BC2
:10C24000C3F82C26C3F83046084C2946204607F090
:10C2500078F9204607F068F90346DFE76FF0150329
:10C26000DCE76FF01503D9E700700040E80100201B
:10C2700070B504460D46084E00221146304607F0C0
:10C280004AF929462046FFF785FF044606F140009B
:10C2900002F07EFB204670BDE801002038B5044660
:10C2A0000E4B0025C3F80451D3F80421C3F81051F4
:10C2B000D3F810211222C3F80423072006F0F1F965
:10C2C0002A460121072006F0F6F9054807F068F92B
:10C2D0000449204606F093F838BD00BF00700040C6
:10C2E000E801002001BF0000164BD3F8043173B9F8
:10C2F000144BD3F8103123B3124B0022C3F8102192
:10C30000D3F8102101229A601A605A60704710B564
:10C3100004460C4B0022C3F80421D3F80421012267
:10C320009A60094806F0E5F80848FFF7D1FE20B901
:10C330002146074807F03CF910BD0448FFF7D4FE3A
:10C34000F6E77047007000406C6601005C02002058
:10C35000E80100200048704728220020034BC01A43
:10C360008010034B03FB00F0704700BFE821002062
:10C37000B76DDBB638B505460C46FFF7EFFF014653
:10C380004022034807F0F0F901462846A04738BD8F
:10C39000F465010030B583B005460C46FFF7DEFFBB
:10C3A0000146402300932346054A064807F0F6F964
:10C3B000011E01DB03B030BD2846A047FAE700BFED
:10C3C000E5370100F465010008B510B101280DD072
:10C3D00008BD0021084807F055F9836813F0070FDE
:10C3E000F6D10021044807F0ADF9F1E70121024838
:10C3F00007F0A8F9ECE700BFF465010010B582B0C2
:10C40000EFF31184402383F31288BFF36F8F154A33
:10C41000136843F00201116013F0010F09D10023EA
:10C4200084F31188BFF36F8FB3B907F0E3F902B05B
:10C4300010BD0DF1070201214FF0804007F006F911
:10C440009DF80730012B01D00023E9E7FFF782FFB9
:10C4500007F066F90123E3E70021034807F072F9CA
:10C46000E5E700BF38220020F465010010B5EFF3C6
:10C470001184402383F31288BFF36F8F074A136838
:10C4800023F00201116013F0010F04D084F311882E
:10C49000BFF36F8F10BD07F0B2F9F7E73822002025
:10C4A00070B582B00546012807D14FF08043D3F81C
:10C4B0001C3403F00303012B4BD009F0B6FB0446F8
:10C4C00018B9284B1B78002B38D1EFF31186402385
:10C4D00083F31288BFF36F8F012424B94FF0804398
:10C4E0000222C3F8082301AA00214FF0804007F080
:10C4F000ADF820B1019B012B26D0012D24D0FCB139
:10C50000304606F0FDF84FF08043D3F81835002B85
:10C51000E9D14FF08043D3F80431002BE3D04FF042
:10C5200080430022C3F80421D3F804210122C3F878
:10C5300018250D49C1F880219A60D4E70026CCE780
:10C54000012007F066F9DEE72CB186F31188BFF30E
:10C550006F8F02B070BD4FF080430222C3F80423F6
:10C56000F7E700BFD123002000E100E000B587B06D
:10C57000CDF800D0CDF804D000230293012303931B
:10C5800004AB049305936B46064A07F023F9002891
:10C5900005DB4FF480420023684602F039FA07B009
:10C5A0005DF804FB3F38010008B5064B1B7803B16A
:10C5B00008BD4FF4A57008F0FCFF024B01221A7071
:10C5C000F6E700BFCF23002070B506460022012108
:10C5D000104606F070F8114801F016FA104B984218
:10C5E00019D108F006FA0024012C12D82146304651
:10C5F00007F048F805462146304607F04EF809494D
:10C6000005F023FE002805DB0123AB601C44E4B2E7
:10C61000EAE7002070BD6FF00400FBE7C9C300002B
:10C620000000AD0B946E010010B50446104B0121C3
:10C63000BFF35B8F53E8002F43E800100028F9D1C7
:10C64000BFF35B8F1AB1631E012B0DD910BD0948D2
:10C6500007F023F8084900234B608B60CB6001236F
:10C660008B6005F00FFEEEE72046FFF719FFEDE7C0
:10C67000E4210020F4650100D4210020EFF31182B1
:10C68000402383F31288BFF36F8F0A4BD3F8003136
:10C690006BB1084BD3F80805C0B20021C3F80011F4
:10C6A000D3F8003182F31188BFF36F8F70476FF0BA
:10C6B0000A00F7E700D00040F0B586468578C478D8
:10C6C000EFF3118C402383F31288BFF36F8F06784A
:10C6D00033464778AD1B2540AA4200D9AAB2B0180C
:10C6E00020408EF800008CF31188BFF36F8F08464E
:10C6F00007E00EEB0302527900F8012B01332340CF
:10C70000624602F1FF3C1FFA8CFC002AF1D1BE42C6
:10C710000ED1EFF31183402282F31288BFF36F8FA3
:10C720009EF800208EF8012083F31188BFF36F8FED
:10C73000401A80B22D1A9EF80430AB4202D3024B4D
:10C7400001221A60F0BD00BF00D00040F8B50D46D0
:10C75000144613F0010F03D12548FFF7ADFFF8BDD4
:10C760000AB92046FBE7EFF31186402383F31288D2
:10C77000BFF36F8F0D20FEF735F807460D2005F04B
:10C7800095FF86F31188BFF36F8F1A4B0022C3F811
:10C790000021D3F8002101221A60174B4FF40052F8
:10C7A000C3F8802126460AE0EFF31180402383F38B
:10C7B0001288BFF36F8F05F0A3FF00E08EB10D4B21
:10C7C000D3F80031002BEFD0FFF758FF0A4B4FF49E
:10C7D0000052C3F880210028F0DB013EB6B2A85514
:10C7E000ECE7002FBDD00D2005F05BFFB9E700BFDF
:10C7F0006C22002000D0004000E100E010B5FFF7FF
:10C800003DFF002806DBC4B221460A4807F023F8A2
:10C81000002800DB10BD2146074807F01CF800285F
:10C8200003DB064802F0B4F8F4E7054B01225A6036
:10C83000F7E700BF6C220020812200205422002054
:10C8400000D00040F8B50F46144607E04FF0FF3225
:10C850004FF0FF3306F1180002F0DAF8BCB10D4ECC
:10C860004FF0FF324FF0FF33304602F0D1F822464E
:10C87000394606F14500FFF71FFF0546304602F036
:10C8800087F8002DE2D0641BA4B22F44E6E7002015
:10C89000F8BD00BF3C22002010B5184C0122114603
:10C8A000204609F040F80122002104F1180009F0A7
:10C8B0003AF80422082104F1450006F0DFFF0C22BB
:10C8C000102104F1300006F0D9FF0D4BD3F80425F8
:10C8D00022F00102C3F804250024C3F80041D3F874
:10C8E00000210121C3F80413196022460D2005F030
:10C8F000E2FE0D2005F0D5FE204610BD3C220020B2
:10C9000000D0004008B9024870470020704700BFBF
:10C910000C6601002DE9F04786B088461546994619
:10C92000446801F01F06237B46EA4316204607F0C1
:10C9300066F800285DD0B5F5001F2AD00DF10C0A6D
:10C940000027039704974946284607F0CDF88DF84D
:10C950000C00009701970297CDF804A0A36823FA72
:10C9600008F313F0010F02D1B5F1A07F18D01034F5
:10C970006A463146204608F020FD214B98423BD1C3
:10C9800001223146204608F03CFD002006B0BDE8FB
:10C99000F087314604F1100008F037FD0020F5E77C
:10C9A00006F01F03720917D14FF0A04203F5E073A0
:10C9B00052F8233013F0010FD9D104F110050DF115
:10C9C00017023146284608F004FD0E4B984205D068
:10C9D0000DF117030493CAE73A46E7E70DF1170193
:10C9E000284608F00AFD064B9842F1D06FF00B0084
:10C9F000CCE76FF08500C9E76FF01500C6E700BF10
:10CA00000000AD0B0400AD0B2DE9F04389B00746E3
:10CA100089461446456801F01F082B7B48EA4318F5
:10CA2000104606F0F1FF8DF81E0040F20633234059
:10CA3000B3F5837F5ED016D8062B57D006D9B3F551
:10CA4000807F0DD101238DF81D3024E003B3022B2C
:10CA500003D104238DF81D301DE06FF015076FE042
:10CA60006FF015076CE040F20222934246D0B3F516
:10CA7000407F03D103238DF81D300CE0B3F5007F18
:10CA800003D102238DF81D3005E06FF0150757E044
:10CA900000238DF81D30012606FA09F63146384686
:10CAA00006F0C0FF071E4BDB14F4002F2AD06B6882
:10CAB000C3F80865284606F0A2FF50B310350DF103
:10CAC0001F024146284608F084FC064614F4403F05
:10CAD0003AD14146284608F088FC3A4B9E422FD175
:10CAE0009DF81F10284608F084FC29E006238DF8E5
:10CAF0001D30D0E707238DF81D30CCE705238DF8D6
:10CB00001D30C8E714F4802FD4D06B68C3F80C65CF
:10CB1000D0E7C4F340438DF8083014F4803F0CBFD5
:10CB2000012300238DF81030002301930DF11D0324
:10CB300000930DF11E0304AA02A9404606F0D1FE9F
:10CB4000384609B0BDE8F08302AA0023029303939C
:10CB5000049305930693059204AA4146284608F0DB
:10CB60002CFC184B984202D06FF01507E8E714F43C
:10CB7000003F1AD09DF81D308DF8103014F4803F1E
:10CB80000CBF012300238DF811309DF81E308DF865
:10CB90001230002304AA4146284608F012FC094B33
:10CBA00098429AD06FF01507CAE7002304930593C3
:10CBB00006930DF11E03049304AA4146284608F08B
:10CBC000FCFBECE70000AD0B10B54468204606F016
:10CBD00016FF08B9002010BD1034204608F001FCF3
:10CBE00008B10020F7E70021204608F0F6FB094BCA
:10CBF00098420BD100220849204608F0E6FB0022AB
:10CC00000521062005F057FD0020E4E76FF0040041
:10CC1000E1E700BF0000AD0B213B010030B500F0A3
:10CC20001F0C400917D14FF0A04E0CF5E0705EF8D4
:10CC300020500A4C2C4041EA420141EA83039DF80E
:10CC40000C2043EA02239DF8102043EA02432343C9
:10CC50004EF8203030BD4FF0000EE6E7F0F8FCFF54
:10CC60002DE9F04F85B0074688469146002420E024
:10CC70004FF0FF3633E0C9F80865029501230393AE
:10CC80000021B6F1FF3F12D0002942D057F80A30F8
:10CC900013F4004F41D1039D00220192CDF800B062
:10CCA000C3F34123029A29463046FFF7B7FF013408
:10CCB000E4B2444534D24FEA840A57F82430C3F32F
:10CCC000C725C3F3C322C3F3080615F0080529D10D
:10CCD000164911F802B040F2FF129642C8D01B0E5E
:10CCE000052B08D0062B0DD0042BC4D06FF0850087
:10CCF00005B0BDE8F08FC9F80C65012302930393DA
:10CD00000021BEE7C9F81065029503954FF0FF3189
:10CD1000B7E7304606F02CFFB8E701220292BBE7E6
:10CD20000020E5E76FF01500E2E700BF086F0100A3
:10CD3000134B984211D9134B984211D9124B984278
:10CD400011D9124B984211D9114B984211D9114B5C
:10CD5000984211D24FF0804070474FF000707047FA
:10CD60004FF0806070474FF0006070474FF0805088
:10CD700070474FF0005070474FF00040704700BFC1
:10CD80008FD003001FA107003F420F007F841E00C9
:10CD9000FF083D0000127A0070B586B00C460569A8
:10CDA000466895F86D3013B12B688B425FD0A3882D
:10CDB00013F4006F5DD113F0010F5DD113F0080F74
:10CDC0005DD1C3F34513082B5CD12268324B9A42E4
:10CDD0005BD90DF1040C06F1080EBEE80F00ACE8BB
:10CDE0000F00DEF80030CCF800302068FFF7A0FF1D
:10CDF0000390A38813F0020F27D013F0040F29D05B
:10CE000003238DF81030A38813F0100F26D00123D0
:10CE10008DF811303368D3F80805A188C1F34001BB
:10CE200006F011FF95F86D30D3B92B461B4A01A9C6
:10CE3000304601F039FA1A4B984229D1012385F87E
:10CE40006D302C60002006B070BD13F0040F03D0CD
:10CE50000123D6E70223D4E70023D2E70023D7E754
:10CE6000304601F055FA002385F86D30DDE70020EB
:10CE7000E9E76FF08500E6E76FF01500E3E76FF094
:10CE80001500E0E76FF01500DDE76FF01500DAE759
:10CE90006FF00400D7E700BF47E801007B3E0100C8
:10CEA0000000AD0B30B585B0044640682269916D35
:10CEB00001B3136E03B38B4228BF0B4623B39366B3
:10CEC000556D0095D5B1D9B90191D16D0291C9B116
:10CED000126E02B9134603930022694601F05CFA10
:10CEE0000A4B984204D06FF00401204606F04EFF32
:10CEF00005B030BD136EE1E70B46DFE70021E3E745
:10CF00001946E1E70023E6E70021EEE70000AD0B5C
:10CF100030B500F01F0C400917D14FF0A04E0CF5B2
:10CF2000E0705EF820500A4C2C4041EA420141EA90
:10CF300083039DF80C2043EA02239DF8102043EA66
:10CF4000024323434EF8203030BD4FF0000EE6E799
:10CF5000F0F8FCFF30B587B004460D4601238DF88C
:10CF6000173002238DF80C300DF1160104910DF1EC
:10CF70001703009303AB01930023029308F03DFADB
:10CF80000C4B984212D16A462946204608F015FA01
:10CF9000084B984202D1002007B030BD9DF8161012
:10CFA000204608F026FA6FF00400F5E76FF0120053
:10CFB000F2E700BF0000AD0B21F07F4100F5A87043
:10CFC000014B43F820107047001001404FF48033AC
:10CFD0008340024AC2F84433704700BF001001404A
:10CFE0004FF480338340024AC2F84833704700BF91
:10CFF00000100140014BD3F80405704700100140B8
:10D000002DE9F843054689469046FFF7E9FF284693
:10D0100007F0EBF84E46032710E0FFF7EBFF04465E
:10D02000494607F0D1F8B0F5000F26D9284607F099
:10D03000DCF8B8F1000F22D13E19013731462846FD
:10D04000FFF7BAFF2846FFF7C1FFFFF7D3FF0446FB
:10D05000C11C304607F0B8F80A4B98420AD9284656
:10D0600007F0B6F80028D8D1B8F1000FE4D06FF07F
:10D07000150000E00020BDE8F8830020FBE76FF01A
:10D080001500F8E7FDFF7F00034B044AC3F80823AF
:10D09000C3F84823704700BF0010014003000F0091
:10D0A00010B5012383406FEA030C0E4ABFF35B8F78
:10D0B00052E8001F01EA0C0E42E800E4002CF7D110
:10D0C000BFF35B8F4FF4803282400748C0F80823DB
:10D0D000BFF35F8FBFF36F8F0B4214BF012000209F
:10D0E00010BD00BFA0220020001001404FF480338B
:10D0F0008340144AD2F80423134201D10020704720
:10D1000010B5044601238340DB430F49BFF35B8F17
:10D1100051E8002F02EA030041E8000CBCF1000FC7
:10D12000F6D1BFF35B8F22FA04F313F0010F03D1A2
:10D13000204607F04DF818B1204607F056F80120B8
:10D1400010BD00BF001001409C22002001B97047B3
:10D1500001238340114ABFF35B8F52E800CF4CEAB2
:10D16000030C42E800C10029F7D1BFF35B8F4FF4F5
:10D17000803383400A4AC2F80433BFF35B8F094B04
:10D180001B68BFF35B8FC34013F0010FDFD0064B6A
:10D190004FF40032C3F80021D9E700BFA0220020DD
:10D1A000001001409C22002000E100E038B5144648
:10D1B0001046194607F025F802460D490B68E01A9B
:10D1C0001B184C6844F100040B604C60A2F500137E
:10D1D000B3F5400F09D2074B1B68190A1B06D41878
:10D1E00041F10005044BC3E9004502F07BFC38BD6A
:10D1F00068150020A42200207015002038B50D4BC2
:10D200001C68250A2406BFF35F8FFFF7F3FE034671
:10D21000001945F10001B3F5801F0AD2064BD3E98E
:10D220000023904271EB030303D210F1807041F1AF
:10D23000000138BDA4220020701500202DE9F04126
:10D24000064614461D469DF820801046194606F0F5
:10D25000D8FF0746FFF7D2FFA04271EB050319D2B2
:10D26000201A65EB01011D4B984271F100012FD28C
:10D270001B4B03EB0613D3E90223AB4208BFA242C8
:10D2800001D1002018E0424639463046FFF7B8FE8B
:10D2900090B11BE0B8F1000F1DD10123B340114A3A
:10D2A000BFF35B8F52E8000F184342E800010029EA
:10D2B000F8D1BFF35B8F0020094B320103EB061658
:10D2C000C6E9024506999950079B7360BDE8F08155
:10D2D0006FF01500FAE76FF01500F7E70100800026
:10D2E000581500209C22002030B585B0FFF7CCFEF9
:10D2F00000231E4AC2F80835002B25DD1B4C0225F1
:10D30000C4F804531A4B4FF40032C3F880210022B2
:10D310000121112005F0CFF9112005F0C2F90123F8
:10D32000A3602360134A1360002402940194124BFB
:10D330000093124A0023204606F06DFF2846FFF7AF
:10D3400073F9204605B030BD0D4A02EB03124FF0D1
:10D35000FF304FF0FF31C2E902014FF480329A40B2
:10D360000249C1F804230133C6E700BF00100140A1
:10D3700000E100E0A0220020ADD10000FFFF7F000F
:10D38000581500202DE9F04782B00446FFF7AEFEA5
:10D3900010B902B0BDE8F087FFF730FF82460D46B6
:10D3A00006F032FF0646154B03EB0413D3E902895E
:10D3B000C24575EB09050BD20025304606F028FF63
:10D3C000002DE6D0009742464B462046A847E0E7AE
:10D3D0000A4A230102EB0411D5584F680020D050AF
:10D3E0004FF0FF324FF0FF33C1E902232046FFF731
:10D3F000F7FD204606F0F9FEDFE700BF58150020D4
:10D4000010B50D4BD3F8043313F0020F03D10024F1
:10D41000002C0BDD10BD0221074806F09FFE0028FE
:10D42000F5D0064A136801331360F0E72046FFF792
:10D43000A9FF0134ECE700BF00100140A422002046
:10D4400010B584B0B0F1FF3F18D001281BDD154B9B
:10D450009842A8BF18460446134B01221A70FFF7E2
:10D46000CDFE124B1A685B68801AB0F5000F0CD223
:10D470000444B4F5000F09D30A4C07E00A4B00221C
:10D480001A70084CEBE70124E6E7064C002012195D
:10D49000029001900649009143F1000306F0BBFEA3
:10D4A00004B010BDFFFF7F00D023002068150020CE
:10D4B000ADD1000008B5FFF7A1FE024B1B68C01AF2
:10D4C00008BD00BF6815002008B502460B4602489B
:10D4D00001F04EF908BD00BFB804002008B50248AD
:10D4E00001F0C6F908BD00BFB804002010B503461E
:10D4F0000A46034881680C681946A04710BD00BF62
:10D500002466010008B50A460146074804F03AFDC2
:10D51000064804F037FD002383F31188BFF36F8FB3
:10D520000323184602DF08BD8C6F0100086C010060
:10D5300008B5124B93F847302BB91149A1F14700B8
:10D5400006F0A2FEC8B90D4991F847200D4806F033
:10D5500016FF10F1690F10D038B1002383F3118842
:10D56000BFF36F8F0423184602DF044B002283F8B9
:10D5700047200549054808F0D2FA08BDAC22002032
:10D58000F322002054660100F4220020E01700205E
:10D5900008B50D4B93F84730042B04D0022B0AD06A
:10D5A000082B0CD008BD10F0020FF7D0074908482F
:10D5B00008F0B5FAF6E710F0080FF7D1F0E710F031
:10D5C000200FEFD0F2E700BFAC220020F4220020B1
:10D5D000E017002038B505464FF0FF304FF0FF311F
:10D5E000FFF772FF044608B1204638BDE86800F036
:10D5F00045F90446FFF772FF002CF5D102490348B4
:10D6000008F08DFAF0E700BFF4220020E0170020B8
:10D6100070B586B006460D4619491A4808F064FAF6
:10D6200001A8F2F7F7FE184807F0C9FF08B3174B37
:10D6300000936846F2F714FFF0B94FF0FF304FF057
:10D64000FF31FFF741FF044610B1204606B070BD20
:10D650000F491048F2F79CFE044638B9FFF73EFF29
:10D6600033691D600C48FDF7FDFAEEE7FFF736FF62
:10D67000EBE76FF01204E8E76FF01504E5E700BF91
:10D68000A3430100F422002024660100EDD4000031
:10D690007815002031D5000091D5000008B5084864
:10D6A000F2F7ECFD034608B1184608BD06F0ADFEE2
:10D6B00003460028F8D106F0B0FE0346F4E700BFA9
:10D6C00005D5000042F26403984258D03BD842F29C
:10D6D000190398422AD842F20D03984218D240F218
:10D6E000064398424DD040F21D43984201D001209C
:10D6F000704700207047A0F50150283880B2264BB3
:10D70000C34013F0010F01D1012070470020704782
:10D71000A0F500500D3880B241F24123C34013F010
:10D72000010F01D1012070470020704742F23203FF
:10D73000984228D029D3A0F50150033880B201289F
:10D7400025D90120704742F2850398420BD842F256
:10D7500068039842CFD242F26603984201D001207A
:10D760007047002070474FF60253984211D04FF691
:10D770000A53984201D001207047002070470020D2
:10D78000704700207047002070470120704700203C
:10D7900070470020704700BF2F804020F0B583B055
:10D7A00007460E464378057845EA032504238DF89D
:10D7B0000630314B1C683CB10DF107030DF1060238
:10D7C000A047044601281FD1AB0AB5F5105F09D266
:10D7D000032B45D3033B052B44D8DFE803F0212975
:10D7E000314343393F2B07D10DF10602314638460C
:10D7F00006F0B9FE044600E001242846FFF762FF68
:10D8000080F001008DF807009DF807300BB9012C5E
:10D810002AD122462946304606F04CFE03B0F0BD20
:10D820000DF106023146384606F086FE0446E4E76E
:10D830000DF106023146384606F093FF0446DCE758
:10D840000DF106023146384606F04DFE0446D4E797
:10D850000DF106023146384606F0CCFF0446CCE70F
:10D860000124CAE70124C8E723469DF8062029467B
:10D87000304606F028FED1E704230020074B1B7832
:10D880004BB910B5064C2146FFF788FF012304F879
:10D89000013C002010BD4FF0FF30704708230020EE
:10D8A0000923002038B50C46084B1B7813B9F9F74B
:10D8B000FCFE38BD054DAA780232691C08F0B6FDA1
:10D8C0000020287004232370F3E700BF0823002002
:10D8D00038B505460C46094807F071FE80F0010393
:10D8E00013F0FF0F06D1A2B2044883681B682946D3
:10D8F000984738BD6FF01200FBE700BF24660100B7
:10D9000010B582B007F01FF88DF800003223ADF893
:10D91000043000238DF806308DF801308DF8023088
:10D92000074A19216846F8F7EBFF044610B1204674
:10D9300002B010BD4FF4AF60F6F7EEFBF7E700BFA3
:10D9400045D9000008B50A460146074804F01AFB0D
:10D95000064804F017FB002383F31188BFF36F8F91
:10D960000323184602DF08BDCC6F0100086C0100DC
:10D9700030B583B00D4D002400946FF009034FF4CF
:10D9800080620B49284601F0D5F90A49284601F082
:10D9900033FA0949094808F0A7F82246042119205A
:10D9A00004F089FE204603B030BD00BFE017002020
:10D9B000C03C0020E46F0100C34901005023002057
:10D9C00008B50249024808F0AAF808BD5023002013
:10D9D000E017002008B5024B1B680020984708BDDF
:10D9E0006023002008B528B1012802D10448F6F7C9
:10D9F000C9FA08BD034B1B6801209847F9E700BF2F
:10DA0000D5D9000060230020014B18600148704701
:10DA1000602300200000AD0BBFF34F8F0549CA689B
:10DA200002F4E062044B1343CB60BFF34F8F00BF9F
:10DA3000FDE700BF00ED00E00400FA05024BD3F85B
:10DA40000034002BFAD0704700E0014008B5034BCA
:10DA5000C3F80405FFF7F2FF08BD00BF00E0014076
:10DA600038B506F0CBFF40B14FF08053D3F82433E4
:10DA7000C3F304236B4AC2F8403506F0D1FF10B15E
:10DA8000694B6A4A5A6706F0E1FF48B14FF080538C
:10DA9000D3F84432C3F342334FF08042C2F83C35EE
:10DAA00006F0E6FF30B1624AD2F8FC3023F0807312
:10DAB000C2F8FC3006F0F2FF40B14FF08043002284
:10DAC000C3F80C21C3F81021C3F8382506F0F8FF7D
:10DAD00020B14FF080430322C3F8A02507F006F8D9
:10DAE00060B1544B0522C3F810260122C3F88826E2
:10DAF0000022C3F818263F22C3F8142607F00CF8BA
:10DB0000002846D04FF08052D2F804144A4BC3F894
:10DB10002015D2F80814C3F82415D2F80C14C3F851
:10DB20002815D2F81014C3F82C15D2F81414C3F821
:10DB30003015D2F81814C3F83415D2F81C14C3F8F1
:10DB40004015D2F82014C3F84415D2F82414C3F8B1
:10DB50004815D2F82814C3F84C15D2F82C14C3F881
:10DB60005015D2F83014C3F85415D2F83414C3F851
:10DB70006015D2F83814C3F86415D2F83C14C3F811
:10DB80006815D2F84014C3F86C15D2F84424C3F8D1
:10DB9000702506F0E3FF48B14FF08053D3F85832B8
:10DBA00003F04F034FF08042C2F8E43E06F0E8FF76
:10DBB00060B14FF08043D3F8003413F0010F05D06B
:10DBC0004FF080436FF00102C3F8002406F0EAFF33
:10DBD00030B11A4AD2F83C3743F48063C2F83C377C
:10DBE00007F008F84FF01023D3F80032002B06DBC3
:10DBF0004FF01023D3F80432002B00DB38BD012096
:10DC0000FFF724FF4FF010241525C4F80052FFF74A
:10DC100015FFC4F80452FFF711FF0020FFF716FFAD
:10DC2000FFF7FAFE0030014000C007400DF0ADBA2A
:10DC300000ED00E00050004000C000400010004037
:10DC400010B50468CCB1B4FA84F3C3F11F03DBB29E
:10DC500001229A4024EA0202BFF35B8F50E800CF12
:10DC6000A44504D140E8002EBEF1000FF6D1BFF369
:10DC70005B8FE6D10B70024810BD0248FCE700BF85
:10DC80000000AD0B0200AD0B0368CB4013F0010F99
:10DC900015D100B5026801238B401343BFF35B8F9E
:10DCA00050E800CF944504D140E8003EBEF1000F9B
:10DCB000F6D1BFF35B8FEDD102485DF804FB02485B
:10DCC000704700BF0000AD0B0400AD0B00F01F0259
:10DCD00040090CD14FF0A04102F5E07251F822004A
:10DCE000044B034043F0020341F822307047002107
:10DCF000F2E700BFF0F8FCFF004870470404002082
:10DD00002DE9F04184B005460C4616461F460846EC
:10DD100007F052F8804656B32146284607F09DF892
:10DD200028B12146284607F058F8002841D121465D
:10DD3000284607F061F810B17378012B39D0012320
:10DD40008DF80F30002301930096B31C721C0DF167
:10DD50000F01204606F0D1FF2879FFF7CDFF08F12B
:10DD6000080230F8123043F0030320F81230002F7D
:10DD700039D02146284607F070F8002835D13E7882
:10DD80002B6806F5A272002143F822102879FFF7CC
:10DD9000B3FF08F1080230F8123023F02003DB044F
:10DDA000DB0C20F812307B782BB9114804B0BDE8A9
:10DDB000F0811048FAE7BA78009222463146286886
:10DDC00006F041FF2879FFF797FF024608F10800A7
:10DDD00032F810307603B6B2334343F0200322F812
:10DDE00010300348E2E70248E0E70248DEE700BF00
:10DDF0000000AD0B0400AD0B70B506460D46144691
:10DE000006F0EBFF68B13079FFF776FF064628464B
:10DE100006F0D2FF083036F810305B0B2370024852
:10DE200070BD0248FCE700BF0000AD0B0400AD0B65
:10DE30002DE9F04182B00546884616461F4607F098
:10DE4000A7F9AEB33A463146284607F074F8041EE7
:10DE500020DB2879FFF750FF40F834602879FFF77E
:10DE60004BFF00EBC40047602879FFF745FF0546EC
:10DE7000404606F0A1FF083035F81030E4B26402E5
:10DE8000A4B2234343F4807325F81030094802B04C
:10DE9000BDE8F0812879FFF72FFF0DF10701583019
:10DEA000FFF7CEFE034B9842F1D19DF80740D0E733
:10DEB0000048ECE70000AD0B2DE9F04385B00446C7
:10DEC0000D461746084606F077FF0646D7F800804D
:10DED000B8F1000F28D02946204606F0ADFF0028F3
:10DEE0004FD100238DF80E308DF80F300193009341
:10DEF00043460DF10F020DF10E01284606F0FDFE1E
:10DF00002079FFF7F9FE06F1080830F8183023F001
:10DF1000020320F818302079FFF7EEFE30F81830B1
:10DF200043F0010320F818307B68F3B193F80080C8
:10DF3000D3F804902946204606F06FFF18B3B9F1D4
:10DF4000000F65D12079FFF7D7FE083630F816307C
:10DF500023F01C0320F816302079FFF7CDFE30F8AF
:10DF6000163043EA880320F81630BA68002A53D0E6
:10DF70005368126829462046FFF75AFF05B0BDE8EE
:10DF8000F0832648FAE72079FFF7B6FE06F108028B
:10DF900030F8123023F02003DB04DB0C20F81230C1
:10DFA000B9F1000FCED0B8F1030F33D87B685B68AE
:10DFB00093F80090B8F1000F06D1236809F5A27913
:10DFC000002243F82920BDE7404606F04EFF0346F5
:10DFD000216809F5A27C51F82C2022F0030241F8B7
:10DFE0002C202A464946206806F014FE2079FFF7C7
:10DFF00083FE06F1080230F812304FEA49391FFA61
:10E0000089F943EA090343F0200320F8123099E725
:10E010000248B3E70148B1E70148AFE70400AD0BA0
:10E020000000AD0B38B505460C4606F0C7FE08B932
:10E03000074838BD2146284606F048FF21462846B5
:10E0400007F0D1F82046FFF741FE0248F1E700BF94
:10E050000400AD0B0000AD0B70B582B005460E4656
:10E060000079FFF749FE90F8603013B10B4802B019
:10E0700070BD044640220021103008F0E5F9236D00
:10E080000093002332464FF00041286807F0D5F88E
:10E09000012384F86030A3650148E8E70C00AD0B6C
:10E0A0000000AD0B08B50249024807F06CF908BD45
:10E0B000040400200060004030B500F01F0C40094F
:10E0C00017D14FF0A04E0CF5E0705EF820500A4CCE
:10E0D0002C4041EA420141EA83039DF80C2043EAC7
:10E0E00002239DF8102043EA024323434EF82030D8
:10E0F00030BD4FF0000EE6E7F0F8FCFF00F01F0225
:10E1000040090CD14FF0A04102F5E07251F8220015
:10E11000044B034043F0030341F8223070470021D1
:10E12000F2E700BFF0F8FCFF00F01F0240090CD13D
:10E130004FF0A04102F5E07251F82200044B034079
:10E1400043F0020341F8223070470021F2E700BF9C
:10E15000F0F8FCFFC37B002B5ED110B50446037BB7
:10E16000012B3FD9037803F01F025B0948D14FF020
:10E17000A04101239340C1F80835237803F01F0222
:10E180005B093FD14FF0A04102F5E07251F8220047
:10E19000224B034043F0010341F822306378FF2B08
:10E1A0000CD003F01F025B092ED14FF0A0410123D8
:10E1B0009340C1F80C356078FFF7A0FFA078FF28E6
:10E1C00024D1E378FF2B0CD003F01F025B0921D18F
:10E1D0004FF0A04101239340C1F80835E078FFF7E4
:10E1E0008DFF10BD037803F01F025B0906D14FF0CD
:10E1F000A04101239340C1F80C35BEE70021F8E7A8
:10E200000021B6E70021BFE70021D0E7A17B07F09E
:10E2100019F9D6E70021DDE7704700BFF0F8FCFFF1
:10E2200038B505460C460846FFF794FF2B79E17890
:10E2300003EB83031B4A02EBC3039977237C73B977
:10E240006378FF2B28D01A46A378FF2B27D02968A4
:10E250002078C1F80805C1F80C25C1F810352B68E5
:10E26000A268C3F82425627B217B286807F0D5F8D3
:10E270002B7961790B4A03EB830302EBC303D97754
:10E280002B7903EB830352F8333023B1286840F332
:10E29000073004F006FA38BD4FF0FF32D4E74FF0F4
:10E2A000FF33D4E76423002038B50546047904EB36
:10E2B000840C144800EBCC00007F08BB114800EB35
:10E2C000CC0E40F83C20CEF8043059B1C87B8EF813
:10E2D0002500CA788EF81E204A798EF81F2028461D
:10E2E000FFF79EFF2B680121C3F80015054B04EBD7
:10E2F000840203EBC202002050771177024838BD38
:10E300000248FCE7642300200000AD0B0C00AD0BBD
:10E3100038B50479056804EB84021E4B53F832309B
:10E3200033B145F3073004F0C1F90423C5F80833CD
:10E330000023C5F8003504EB8402164B03EBC2033F
:10E3400093F825303BB104EB8404124B03EBC40378
:10E3500000221A7738BDD5F80805FFF7E5FED5F895
:10E360001005B0F1FF3F0FD1D5F80C05B0F1FF3F1C
:10E370000DD104EB8402074B03EBC203987FFF2807
:10E38000E1D0FFF7D1FEDEE7FFF7CEFEECE7FFF7C7
:10E39000CBFEEEE7642300202DE9F04190F804C0A5
:10E3A0000CEB8C03204D05EBC3056B7F002B39D1A3
:10E3B00004468E4617460CEB8C031B4A52F833304A
:10E3C0000BB101226A770CEB8C03174E06EBC306E8
:10E3D00006F10C089EE80F0088E80F00002386F87D
:10E3E0002430B37FFF2B09D003F01F015B0910D14C
:10E3F0004FF0A04201238B40C2F80C355FB10CEB0B
:10E400008C0C094B03EBCC0300225A770748BDE87C
:10E41000F0810022EEE772462946206807F073F883
:10E420000348F4E70348F2E7642300200300AD0B40
:10E430000000AD0B0B00AD0B08B503494FF04020B9
:10E4400007F0A8F808BD00BF64230020034B00E0DC
:10E450001833034A9342FBD3704700BFF4650100B1
:10E460009C66010038B5EFF31185402383F31288D1
:10E47000BFF36F8F054B9C6807F0B9F885F31188DF
:10E48000BFF36F8F2046FCF719F938BD8C230020AD
:10E4900038B505460A4B53F8204002E023689847F8
:10E4A00008346B1C064A52F82330A34206D963682D
:10E4B000002BF3D0204607F09DF8F1E738BD00BFF0
:10E4C0000070010010B586B0C823114C03FB004456
:10E4D00000EB400C00EB80000E4B03EB80030E4A78
:10E4E0000592012204920F220392002202920192CD
:10E4F00000930A4B4FF4A072094901EBCC1120465E
:10E5000000F08CFC637B23F00403637306B010BD42
:10E51000C81800208C230020F06F01002B57010049
:10E520004049002008B553EA020102D101F072F817
:10E5300008BD0249183001F04FFAF9E74B5E0100BF
:10E5400010B586B0184C14E0636A0593236A0493EF
:10E55000E3690393A36902936369019323690093B9
:10E56000E368A2686168206800F058FC23685C6575
:10E5700030340E4B9C42E7D300F020FF0A4C00E001
:10E5800030340A4B9C420BD2A26AE36AB3F1FF3FDC
:10E5900008BFB2F1FF3FF3D02068FFF7C3FFEFE7FA
:10E5A00000F024FF06B010BDD867010038680100F4
:10E5B00008B50B4B01221A700320FFF769FFFBF728
:10E5C0001FFE07F03EF80420FFF762FFFFF7B8FFD9
:10E5D000FAF7B2FE034A137B23F00103137308BD5D
:10E5E000D12300209019002008B50146014A0248B5
:10E5F000FCF768F9B1E500009019002008B5034860
:10E60000034A121A002107F014F808BDB0050020D3
:10E61000D423002010B50446FFF754FFC8230B494C
:10E6200003FB04110A4A04EB840302EB8303D96061
:10E630001C7404EB4411074B03EB811303F50463D3
:10E6400004EB840402EB8402536010BDC818002060
:10E650008C2300200041002070B586B000F0FEFE43
:10E66000104D114B5D61114B059301230493002460
:10E6700003940294019400940D4B4FF480620D4971
:10E68000284600F0CBFB06466B7B23F004036B733C
:10E69000284607F065FB2046FFF7BCFF304606B072
:10E6A00070BD00BF901900208C230020F86F01007E
:10E6B000B1E50000C04A002008B50020FFF7E8FEE1
:10E6C0001E4B83F308881E4C636943F40073636137
:10E6D000E02384F822302023E37700252576657631
:10E6E000A57684F82050636A43F4E023636284F8DB
:10E6F0002350FBF75FFFFCF705F94FF0FF33A362F0
:10E70000E362FCF7B5F9FCF72DF90E4B01245C73BD
:10E710001C73C3F8A850C3F8AC50C3F8B4500A4AED
:10E720009360FFF793FE2046FFF7B2FE0220FFF74B
:10E73000AFFEFFF791FFFFF757FF00BF40490020F2
:10E7400000ED00E0401B00208C23002010B5064C9B
:10E7500005E0A2686168204606F074FF1434034B9C
:10E760009C42F6D3002010BDB8040020B80400205D
:10E770002DE9F04182B00446EFF31187402181F387
:10E780001288BFF36F8FC16899B9002950D1364BF9
:10E790009B6893F90E3023610131E160324B9B6835
:10E7A000A36087F31188BFF36F8F002002B0BDE82C
:10E7B000F08116461D4682682B4B9B689A42E4D036
:10E7C00055EA060136D092F90E80414693F90E00C3
:10E7D00006F0B8FF804534DC4FF000080096019544
:10E7E00022463946214800F033FD0028DED0EFF301
:10E7F0001185402383F31288BFF36F8FA36843B35F
:10E8000023689C4223D013B3216993F90E0006F0CC
:10E8100099FF0146204606F0A0FFE8B9B8F1000FC5
:10E820001AD185F31188BFF36F8F6FF00A00BDE72F
:10E830002369B0E787F31188BFF36F8F6FF00F0084
:10E84000B4E70146204606F088FF8046C6E7216906
:10E85000E0E7B8F1000FE4D02946044800F082FD5B
:10E860006FF00A00A2E700BF8C230020B023002035
:10E87000F8B58368002B47D00446264A9268934235
:10E8800045D1C368012B04D9013BC360002528464C
:10E89000F8BDEFF31186402383F31288BFF36F8F27
:10E8A000016906F05AFF2768BC420CD03D1E18BF14
:10E8B000012557B9A760CDB90023E36086F311881D
:10E8C000BFF36F8FE3E70027F0E77A683B681360D8
:10E8D0005A6000233B607B607A7B22F002027A73ED
:10E8E000BB6007F1180007F0CDFBE3E797F90E30A6
:10E8F00023610025C7F8C050384607F031FA314689
:10E90000054800F02FFDC2E76FF01505BFE74FF097
:10E91000FF35BCE78C230020B023002010B582B067
:10E9200001468446EFF31184402080F31288BFF340
:10E930006F8F5CF8080B88B1036823F003030B604A
:10E940004A68904208D0012106F0B5FF84F311888F
:10E95000BFF36F8F02B010BD4B60F4E753EA0201C2
:10E960000BD00092019362462146604600F070FC95
:10E9700048B9064B9B685869ECE784F31188BFF3EC
:10E980006F8F0020E6E70020E4E700BF8C23002023
:10E99000F8B50446EFF31186402383F31288BFF3E2
:10E9A0006F8F0568A84215D02F1E18BF01279DB98B
:10E9B0001FBBA368E268934226D001221344A360E0
:10E9C000022104F1100007F06DFC31460F4800F001
:10E9D000C9FCF8BD0025E7E76A682B6813605A6038
:10E9E00000232B606B606A7B22F002026A73AB60CB
:10E9F00005F1180007F046FBDAE70023C5F8C03040
:10EA0000284607F0ADF9E0E70022D7E7B023002061
:10EA100010B582B0EFF31181402484F31288BFF364
:10EA20006F8F846844B1013C846081F31188BFF327
:10EA30006F8F002002B010BD53EA020406D000928E
:10EA400001930246054800F003FCF3E781F31188C7
:10EA5000BFF36F8F6FF00F00ECE700BFB023002013
:10EA600070B50546EFF31186402383F31288BFF398
:10EA70006F8F18E0002419E06268236813605A6001
:10EA8000002323606360627B22F002026273A36052
:10EA900004F1180007F0F6FA6FF00A03C4F8C0306A
:10EAA000204607F05DF92C68A542E3D0002CE3D1A5
:10EAB000002CF1D10023AB60022105F1100007F01A
:10EAC000F1FB3146014800F04DFC70BDB023002041
:10EAD00000B585B0094A02AB92E8030083E8030061
:10EAE00000934FF0FF334FF400620549054800F0F2
:10EAF00021F9002005B05DF804FB00BFE8680100C3
:10EB0000004F0020581A002070B338B50D46044657
:10EB10001B4B9B6883421BD000231A46D4F8E0307D
:10EB2000C3F38001C3F3C00013F0010F1FD001B184
:10EB300002B300B109B300232B60D4F8CC3073B119
:10EB40001D60C4F8CC50204606F045FF012038BDBA
:10EB500007F06BF808B90123DFE70023DDE7C4F80D
:10EB6000CC50C4F8C850EEE76FF0150070476FF056
:10EB70001200ECE76FF00F00E9E76FF00F00E6E737
:10EB80008C23002010B5C36823F00203C360134B2D
:10EB90001C687CB1236803B10CB100210FE023464F
:10EBA000FBE722460D4806F0D1FE04F10800FFF70E
:10EBB000EFFE10BD2346F0E71A461C461346002C14
:10EBC000F7D062688242ECD02146002BF4D01A685C
:10EBD000002AF2D0002BF0D11A46EEE7B023002035
:10EBE00070B584B00546EFF31186402383F3128895
:10EBF000BFF36F8FD5F8C840002C3FD02368C5F80D
:10EC0000C830D5F8CC2094424DD0D5F8E03043F050
:10EC10000203C5F8E030E36843F00102E26023F04C
:10EC2000040343F00103E360636886F31188BFF3D4
:10EC30006F8F20469847EFF31186402383F31288A5
:10EC4000BFF36F8FE36823F00103E36013F0100F4D
:10EC500044D1E36813F0020F44D1D5F8E03023F03B
:10EC60000203C5F8E030C3F3002386F31188BFF335
:10EC70006F8F002BB7D100F0F9FBB4E7D5F8E03087
:10EC800023F00402C5F8E02013F0040F0ED112F0B7
:10EC9000100F14D00023C5F8E03086F31188BFF3BD
:10ECA0006F8F04B070BDC5F8CC30AEE705F1D80465
:10ECB00000220121204607F04CF90028F8D100235A
:10ECC00002934FF0FF324FF0FF33CDE9002305F1FF
:10ECD000D0023146054800F077FD84E7204606F073
:10ECE000E1FEB6E72046FFF74DFFB6E7B823002068
:10ECF00008B58446084653EA02010CD0C16841F0C9
:10ED00000801C160DCF8001081620549103000F094
:10ED100063FE012008BD614606F067FEFAE700BF0A
:10ED20004B5A010008B50146014806F0F8FE08BD3F
:10ED3000581A0020F0B589B004460E9D0020C4F892
:10ED4000C800C4F8CC0004F1D000C4F8D000C4F866
:10ED5000D40004F1D800C4F8D800C4F8DC002DB306
:10ED6000287928BB0120C4F8E0004FF0FF364FF0AF
:10ED7000FF37CDE9066700200490039302900190CD
:10ED800000940D4B204606F061FF55B1296811B182
:10ED9000204600F031F86B791BB1237B43F001036F
:10EDA0002373204600F036FC09B0F0BD0120DAE7FD
:10EDB00040F20110D7E700BFE1EB000008B50146C3
:10EDC000014806F0C8FE08BD581A002008B50146E3
:10EDD000014806F0D9FE08BD581A002008B553EACC
:10EDE000020102D100F016FC08BD0249183000F003
:10EDF000F3FDF9E74B5E010010B5044640B11F2258
:10EE000004F1880007F038FB002084F8A70010BD4B
:10EE1000014B9C68F3E700BF8C2300202DE9F04FE5
:10EE200085B004460F4615461E46DDF838A0DDF8CD
:10EE30003C90DDF84080DDF84CB000F1580383656C
:10EE4000C365129B0422119906F0F5FE2A46394645
:10EE5000204606F0C4FE0546CDF80880CDF80490A3
:10EE6000CDF800A03346024639462046FBF7E4FCC5
:10EE70000023636584F870306667C4F878A0C4F82E
:10EE80007C90C4F88080EFF31182402383F31288D2
:10EE9000BFF36F8F134B196AC4F884101C6282F39E
:10EEA0001188BFF36F8FBBF1000F13D01F2259469B
:10EEB00004F1880007F0E0FA002384F8A730094B3A
:10EEC0009B685BB1D3F8B430C4F8B430284605B0C1
:10EED000BDE8F08F002384F88830F0E7C4F8B43040
:10EEE000F4E700BF8C2300200A4A9368C3F8BC00F3
:10EEF0006FF00A01C3F8C01007494B6843F0805314
:10EF00004B60002383F31188BFF36F8F9368D3F8AE
:10EF1000C00070478C23002000ED00E0427B90F998
:10EF20000D30002B04DB12F01F0F01D1816901B1FC
:10EF3000704710B562F07F024273264A52F8183FBC
:10EF400093420ED10B460CE05A6842600360106099
:10EF500058601FE01A461F4CE469A24210D01B689B
:10EF600083B17BB190F90EC093F90E209445F1D096
:10EF7000A2EB0C02002AE7DC1A46002BEBD1EFE7EC
:10EF80000B46EDE7134BDA6903F1180101604260AB
:10EF90001060D8610F4B53F8184F9C420ED06CB1E3
:10EFA0000C4B9B685A7B12F01F0F0AD1DA897F2A1B
:10EFB00007D9A2692AB9074A536109E0054BDC6801
:10EFC000EEE7A34202D0204600F048FC014B5C6112
:10EFD00010BD00BF8C23002010B5437B90F90D209D
:10EFE000002A14DB154B9A6853F8184F9C4219D02D
:10EFF000C4B1824219D0537B13F01F0F15D1D389AE
:10F000007F2B12D9A36983B90C4B5A6114E003F02A
:10F010007F0343734268036813605A6000230360F0
:10F020004360DFE7054BDC68E3E7A24202D02046FD
:10F0300000F014FC014B5C6110BD00BF8C2300206C
:10F040002DE9F84305460C46454B9E68737B13F04B
:10F05000600F28D013F0200F2AD008271F4222D19A
:10F060003B43737313F0800F24D1082F2DD04FF042
:10F0700000093B4B53F8188F98454BD0B8F1000F5F
:10F0800048D0374B9B68434502D0404600F0E6FB32
:10F09000334BC3F81480102F05D0304600F03EFCEF
:10F0A000B9F1000F3AD184F31188BFF36F8F50E0AC
:10F0B0001027D3E703F07F0373737268336813601C
:10F0C0005A60002333607360CFE7B3685BB1726846
:10F0D000336813605A60002333607360727B22F0E0
:10F0E00002027273B360304606F006FE06F1580065
:10F0F00006F007FE1A4B9B689E4202D04FF00009B3
:10F10000B7E7EFF3058313B94FF00009B1E74FF00C
:10F110000109AEE7124BD3F80C80B2E7114B012284
:10F120005A731A730022C3F8A820C3F8AC20C3F89E
:10F13000B4200B4A9360B6E7EFF31184402383F3C6
:10F140001288BFF36F8F06F0FBFA84F31188BFF3C8
:10F150006F8F6B7B13F0600FEED1BDE8F88300BFBB
:10F160008C230020401B0020B3F1FF3F08BFB2F109
:10F17000FF3F00D1704708B50249183000F02CFC61
:10F1800008BD00BF4B5E010010B5437B90F90D2018
:10F19000002A0ADB437B63F07F0343732B4A52F858
:10F1A000183F934219D1002317E003F07F03437304
:10F1B0004268036813605A60002303604360E9E714
:10F1C0005A6842600360106058601EE01A461F498A
:10F1D000C9698A420FD01B687BB173B190F90E10D8
:10F1E00093F90E209142F1D0521A002AE8DC1A4617
:10F1F000002BECD1F0E70023EEE7144BDA6903F1C2
:10F200001801016042601060D861104B9A6853F891
:10F21000184F9C420ED06CB182420ED0537B13F03B
:10F220001F0F0AD1D3897F2B07D9A3692BB9074BAD
:10F230005A6109E0054BDC68EEE7A24202D02046A5
:10F2400000F00CFB014B5C6110BD00BF8C23002063
:10F2500010B50C4611460A4882680A4B1A60EFF353
:10F260001183402383F31288BFF36F8FDDE90223FC
:10F27000806806F069FD2046FFF736FE10BD00BF2E
:10F280008C230020B8230020F8B504460E46002346
:10F29000EFF31185402282F31288BFF36F8F184677
:10F2A0003DE05A686260236014605C601CE01A46AE
:10F2B0002B4FFF69BA420DD01B686BB163B193F954
:10F2C0000E209042F3D0121A002AEADC1A46002BD4
:10F2D000EED1F2E70B46F0E7214BDA6903F11801B2
:10F2E000216062601460DC611D4B53F8187F9F42FF
:10F2F0000BD057B11A4B9B689F4202D0384600F0A2
:10F30000ADFA174B5F61012004E0154BDF68F1E7B0
:10F31000A673002085F31188BFF36F8F0123EBB92B
:10F32000637B13F01F0FF3D1A1690029F0D103F023
:10F330007F0363736268236813605A60002323604D
:10F34000636070B2A073637B63F07F036373044AEE
:10F3500052F8183F9342B1D10B46AFE7F8BD00BF5A
:10F360008C23002008B50B4659B9EFF3058242B94A
:10F37000064A50699268904203D00846FFF7B4FDF0
:10F3800003E083F31188BFF36F8F08BD8C23002047
:10F3900008B5034650B9EFF305823AB9064A5169F8
:10F3A0009268914202D0FFF79FFD03E083F311883A
:10F3B000BFF36F8F08BD00BF8C2300200023EFF345
:10F3C0001181402282F31288BFF36F8F09E0064B50
:10F3D0009A68D37B013BD37381F31188BFF36F8F9E
:10F3E0000123002BF3D070478C23002038B5002375
:10F3F000EFF31185402282F31288BFF36F8F0EE086
:10F40000154BDC6817E0A24202D0204600F026FA35
:10F41000114B5C6185F31188BFF36F8F0123BBB97A
:10F420000D4B9A68D17B0131D17353F8184F9C4230
:10F43000E6D0002CE4D0537B13F01F0FE3D1D38927
:10F440007F2BE0D9A369002BDDD1034B5A61E1E7A3
:10F4500006F02FFD38BD00BF8C23002008B5024800
:10F4600006F049FD08BD00BFA023002038B5EFF32A
:10F470001184402383F31288BFF36F8F224B9A6865
:10F48000DB699A4205D01368516812680A605160BE
:10F4900006E00023F8E71C4AD269934212D01B68A9
:10F4A00093B1194A906890F90E1093F90E20914289
:10F4B000F1D0521A002AEEDD5A68426003601060F3
:10F4C00058600AE00023EBE70F4B9A68D96903F113
:10F4D0001800106051600A60DA610B4B53F8185F36
:10F4E0009D420DD065B1084B9B689D4202D02846D5
:10F4F00000F0B4F9044B5D612046FFF7F5FC38BD20
:10F50000014BDD68EFE700BF8C2300202DE9F041BF
:10F5100050EA010333D004460D466FF001031B1A75
:10F520004FF0FF3262EB0102012B72F100022ADB85
:10F530006FF00106361AEFF31188402383F3128827
:10F54000BFF36F8F124FB868124B1860FFF744FD7E
:10F55000B86822462B461049183000F03DFABA68C8
:10F56000537B43F0040353734046FFF7BDFC06F0A2
:10F57000B1FD301A002800DC0020BDE8F081FFF763
:10F5800075FF0020F9E706F0A5FD0619D3E700BFD7
:10F590008C230020B82300204B5E010008B5C11762
:10F5A000C90341EA5041C003184BC018184A4FF034
:10F5B000000341F10001F7F7D3FEC117FFF7A6FFE3
:10F5C0004FEAE07C4FEA4C1343EAD0634201121A3F
:10F5D00063EB0C035B0243EAD253520212184CEB6A
:10F5E00003014FEA811E4EEA926E93019B1A6EEB65
:10F5F000010E18184CEB0E0C47F6FF73C0184CF1B7
:10F60000000CC00B40EA4C4008BD00BF3F420F0059
:10F6100040420F0038B50446183006F033FDEFF3D2
:10F620001185402383F31288BFF36F8F637B13F040
:10F63000040F04D185F31188BFF36F8F38BD23F019
:10F64000040363732046FFF769FCEFF3058323B1DE
:10F6500085F31188BFF36F8FF0E729460148FFF764
:10F6600081FEEBE7B8230020014B9868704700BF8C
:10F670008C2300202DE9F041EFF31186402383F322
:10F680001288BFF36F8F037B13F0010F15D104466F
:10F69000457B15F0080F1ED1B04600F1580706F063
:10F6A000F7FA30B345F020056573EFF30583BBB17E
:10F6B00031462046FFF7C4FC0BE086F31188BFF308
:10F6C0006F8F002383F31188BFF36F8F04231846D5
:10F6D00002DFBDE8F08186F31188BFF36F8FF8E792
:10F6E0003946374B986806F0D5FA3046FFF7FCFBF1
:10F6F000EFE745F00803637313F0800F33D1A3687D
:10F700005BB16268236813605A6000232360636002
:10F71000627B22F002026273A36004F1180006F01B
:10F72000B1FC384606F0EDFA254B9A68944227D092
:10F730000027234B53F8185F9D4228D03DB3AA42BF
:10F7400002D0284600F08AF81D4B5D61204600F08B
:10F75000E5F8FFB91A4B9B689C4229D088F31188C1
:10F76000BFF36F8FB5E705F07F0545F008056573BA
:10F770006268236813605A60002323606360BEE7F9
:10F78000EFF305830BB90027D3E70127D1E70C4B33
:10F79000DD68D4E70B4B01225A731A730022C3F8B9
:10F7A000A820C3F8AC20C3F8B420054A9360D1E781
:10F7B000EFF30583002BD1D13046FFF795FB88E7A7
:10F7C0008C230020401B00202DE9104883B0089CAA
:10F7D000DDE906BCCDE900BCFFF73AFD1CB1034BE7
:10F7E0009B685B69236003B0BDE810888C23002010
:10F7F000044BC01AC010044B03FB00F0034B012262
:10F800001A547047081C0020ABAAAAAABC230020E7
:10F81000C3897F2B11D80E4B1B687BB190F90E204A
:10F820000C4B1B689A420CDB437B13F01F0F0AD171
:10F83000094B984209D0012300E0002303F00100A6
:10F8400070470023FAE70023F8E70023F6E700BF3C
:10F85000C4230020C0230020C818002070B505462E
:10F860000D4B1E7C06EB46030C4C04EBC3042046F8
:10F8700006F008FC0A4B00229A552846FFF7C8FFFD
:10F8800000B970BD074B1A68013AD31706492046E4
:10F8900000F0A2F8F5E700BF8C230020081C002030
:10F8A000BC230020C4230020F1F7000038B5EFF39B
:10F8B0001185402383F31288BFF36F8F144B9C682C
:10F8C000144B1B68A34217D0124B00221A60104B36
:10F8D0001B7C114AD35C53B12046FFF799FF30B12E
:10F8E000637B13F01F0F0FD02046FFF7B7FF85F3A0
:10F8F0001188BFF36F8F38BD2046FFF7AFFF85F348
:10F900001188BFF36F8FF6E72046FFF73DFCEBE76A
:10F910008C230020B8230020BC230020EFF31181AA
:10F92000402383F31288BFF36F8F0C4B1B6A834213
:10F9300005D1D3F88420094B1A620AE013461BB1A3
:10F94000D3F884208242F9D11BB1D0F88420C3F8C7
:10F95000842081F31188BFF36F8F70478C230020C0
:10F9600008B50648064A121A064905F066FE06481A
:10F97000064A121A064905F060FE08BD0000002084
:10F98000AC05002080700100000000200000002075
:10F9900080700100034B1868984200D07047002027
:10F9A000FCE700BF6804002030B1044A526890426E
:10F9B00001D0006870470020704700BF6804002035
:10F9C00008B5044B1B680BB1002008BDFDF772FDA4
:10F9D000FBE700BFC8230020B3F1FF3F08BFB2F12F
:10F9E000FF3F77D02DE9F047044692461D468160DF
:10F9F0000023EFF31187402282F31288BFF36F8F49
:10FA000026E01AF1010845F10009FFF7D9FF18EBCC
:10FA1000000349EBE070236160613BE0521A66EB42
:10FA20000303026143614368636020601C604460BB
:10FA300005E0294B5A682360626014605C60FFF740
:10FA4000A9FF84423AD087F31188BFF36F8F012357
:10FA5000002B3DD153466FF00101B1EB0A014FF08D
:10FA6000FF3060EB0502002ACBDB1C4A11685268AC
:10FA70005B1842EB05026FF00101C91A60EB02034B
:10FA800008461A46012973F1000301DA0120002219
:10FA900020616261FFF77EFF0028CAD002694669D3
:10FAA00021696369914273EB060EB7DB891A63EB38
:10FAB000060321616361FFF777FFEDE7084B1B68E1
:10FAC000002BC0D106F0C1FA0021FDF7B9FCBAE75E
:10FAD000BDE8F087704700BF68040020201C0020AC
:10FAE000C823002070B5EFF31186402383F31288FA
:10FAF000BFF36F8F2A4B1860FFF74CFF044623E0DB
:10FB0000284A136851685B1941EBE5711360516035
:10FB100000220023C4E90423204606F07FFA86F37E
:10FB20001188BFF36F8FA36820469847EFF31186C3
:10FB3000402383F31288BFF36F8F194A13685B1B4E
:10FB40001360FFF727FF04463CB125696169144B38
:10FB50001A68D317AA428B41D2DA44B12369626989
:10FB60000F4909685B1A62EBE172236162610D4A19
:10FB70000B4D2868136851681B1841EBE071136046
:10FB8000516000242C6006F060FA2146FDF758FC15
:10FB900086F31188BFF36F8FFFF788FE70BD00BF3B
:10FBA000C8230020201C002010B50022EFF3118490
:10FBB000402383F31288BFF36F8F134611460CE086
:10FBC000FFF7FEFE074A13685168C31841EBE07166
:10FBD00084F31188BFF36F8F0122002AF0D01846FA
:10FBE00010BD00BF201C0020F8B5EFF311834022A8
:10FBF00082F31288BFF36F8F026822B183F31188FA
:10FC0000BFF36F8FF8BD04461D46826AC36A52EA8D
:10FC1000030105D0B3F1FF3F08BFB2F1FF3F27D189
:10FC2000236B01332363236A6BB185F31188BFF320
:10FC30006F8F236A20469847EFF31185402383F3A3
:10FC40001288BFF36F8F04F11803A469A3423FD059
:10FC5000002C3DD0204606F09EF80023C4F8C030AA
:10FC600085F31188BFF36F8F204606F079F8C9E756
:10FC700016461F46012A73F1000301DA0126002708
:10FC8000013E47F1FF3706F029FA013041F100014A
:10FC9000801947EB0101012871F1000108DA6FF0CA
:10FCA00001024FF0FF330D492046FFF795FEB7E7FD
:10FCB00006F014FA013041F10001801947EB01030D
:10FCC0006FF00102121A4FF0FF3161EB0303EAE714
:10FCD00085F31188BFF36F8F94E700BFE9FB000045
:10FCE000F8B51D46EFF31187402383F31288BFF365
:10FCF0006F8FB5F1FF3F08BFB2F1FF3F1FD006463F
:10FD0000144629466FF00102121B4FF0FF3262EBDE
:10FD10000502002A18DB304606F0B4F9DDE90623B7
:10FD2000C6E90A230023336322462B460B4930469B
:10FD3000FFF752FE87F31188BFF36F8FF8BD87F38B
:10FD40001188BFF36F8FF9E7012C71F1000101DA1F
:10FD500001240025013C45F1FF35DCE7E9FB00000B
:10FD600038B50346EFF31185402282F31288BFF3C2
:10FD70006F8FC160012282600068834210D04268A8
:10FD8000036813605A60002303604360012106F09A
:10FD900067FA044629460548FFF7E4FA204638BDCD
:10FDA00085F31188BFF36F8F0024F7E7CC23002081
:10FDB0002DE9F04182B00024009400F10C07EFF32C
:10FDC0001188402484F31288BFF36F8F856805EA99
:10FDD0000206694011404D40856001956A460B4915
:10FDE00006F0EDF8009C4CB10021C4F8C010A566E7
:10FDF0002046646E05F0EFFF002CF5D141463846F1
:10FE0000FFF7B0FA304602B0BDE8F081F1620100C0
:10FE100038B504460D4605F008FF48B9054B9B6808
:10FE2000D3F8B40018B12A46214606F0DDFA38BDF1
:10FE30000020FCE78C2300202DE9F04F8DB04368B3
:10FE40000293837815469A07804640F10D8100247D
:10FE50000E78002E00F00A81252E0BD04B1C039348
:10FE60000134029B4146304698470028C0F2F68094
:10FE70000399EDE74E788B1C252E0393F0D00027D5
:10FE8000B946BB46BBF11F0F38D8A6F12003102B93
:10FE90000AD8DFE803F02A0909300909092109090C
:10FEA0000928092D09091F00A6F13003092B33D9B0
:10FEB0002A2E37D11BF0400F55F8043B40F08280CA
:10FEC000002BA7BF4BF0200B9946C3F100094BF064
:10FED000280B01E04BF0010B039B13F8016B03931C
:10FEE000002ECFD130E04BF0020B4BF0040BF3E7C8
:10FEF0004BF0080BF0E74BF0100BEDE7BBF17F0F79
:10FF000019D8A6F13003092BD2D81BF0400F03D02B
:10FF10000A2101FB0737DFE70A2101FB09394BF012
:10FF2000200BD9E72E2E06D11BF0400F40F09E800B
:10FF30004BF0400BD0E76C2E31D02BD8682E36D04A
:10FF40006A2E3CD04C2E3AD0002F46F02003B8BF8A
:10FF50002BF04002A3F16501BCBF1FFA82FB002712
:10FF6000022901D9612B2FD1073525F00705DFF8CC
:10FF7000ACA2083507271BF0080F66D00AEB070B69
:10FF800056465E4563D1A4EB0A0A06EB0A02A9EBCA
:10FF900007096FE1742E9FD07A2E9DD0D4E71BF015
:10FFA000800F18BF4BF4007B4BF0800B94E71BF4E1
:10FFB000807F18BF4BF4007B4BF4807B8CE74BF4C5
:10FFC000207B89E71F4687E7A6F16301122900F22B
:10FFD000F080DFE811F013004F00EE00EE00EE00BD
:10FFE000EE004F00EE00EE00EE00EE00EE00FE0030
:10FFF000E900EE00EE001B00EE00AF0055F8043BF8
:020000040001F9
:100000008DF8183001270DF1180AB4E755F804AB44
:10001000834BBAF1000F08BF9A461BF0400F14BF84
:1000200039464FF0FF31504606F036FA0746A2E750
:10003000029B41462020984700280FDB013EB74233
:10004000F6D34C44A41BB14698E74E46F7E716F8A2
:10005000010B029B41469847002892DA98F802303B
:1000600043F0040388F802304FF0FF3420460DB00F
:10007000BDE8F08F1BF0800F34D01BF4007F2CD034
:10008000073525F00705AA4669685AF8080B2BF0D2
:1000900010050029ADB237DA404261EB410145F469
:1000A00080650DF1180B0A235A4606F001FAA0EB01
:1000B0000B0301936B0662D5019B25F001019F4262
:1000C00089B240F3A180002E00F0998015F0100253
:1000D00040F09C80BB460D4623E0AA465AF8040B2C
:1000E000C117D4E7AA461BF4807F5AF8041B01D13C
:1000F0000846F5E71BF4007F15BF48B208B241F38C
:10010000C01141F3C031C2E750EA0103C9D11BF06D
:10011000400FC6D0002FC4D12BF0110295B2BB46C0
:10012000019740F2064115EA01021CBF0BF1010BD9
:1001300000222CE02BF010021FFA82FB0A231BF096
:10014000800C49D01BF400711DBF073525F0070551
:10015000AA46AA461ABF5AF8080B69685AF8040B4F
:1001600050EA010545D12BF016051BF0400FADB24A
:1001700042D0002F40D12BF0170295B2019715F015
:10018000100248D0019B002E42D103F1010B290738
:100190005AD4EB0706D5D9456FDD0199A9EB0B03BE
:1001A0005F18CB465B4649E04BF0100B10237826D6
:1001B000C5E7782B04D1C6F1780343F01003BEE7FE
:1001C000029B4146252098470028FFF647AF02349E
:1001D00047E608230026B2E7AA461BF480715AF8C6
:1001E000040BBDD01BF400711ABFC0B2614680B2CF
:1001F000B6E72BF0060295B20DF1180B54E725F087
:100200001105ADB2BB468CE70D46B8E73B460D463F
:1002100003F1020BBBE7DDF804B082E77570010063
:100220006E700100CDE904324146029B20209847C0
:100230000028FFF613AF049B059A01339945F1DCC2
:10024000A4EB0B01CC189B460AB3029B414630201D
:1002500098470028FFF602AF8EB901342744019B6E
:10026000391B994224DC1D465DBB019AA9EB0B09A1
:10027000224455461446914435E0019F92E70234EA
:1002800041463046029B98470028E7DAE6E640F20E
:1002900006410D42E2D015F0020F14BF2B202020A2
:1002A00015F4806F04F10104414618BF2D20E9E7E1
:1002B000029B414630209847002804F10104CEDA21
:1002C000CCE606AB013D4146585D029B98470028AD
:1002D000CADAC3E6029B414620209847002804F171
:1002E0000104FFF6BBAEA9EB0403002BF2DCBFE573
:1002F000704738B513468568046912F4801F07D02B
:1003000012F4402F04D012F0010F01D082F44023E8
:1003100023F4801213F0010F0AD023684FF0010C70
:100320000CFA01FC43EA0C0323602B68984738BDA4
:1003300023684FF0010C0CFA01FC23EA0C03236044
:10034000F3E708B503468C4600681979DA8842EA73
:100350000C02FFF7CEFF08BD08B58368DB6913B157
:100360000122984708BD6FF05700FBE710B58C4697
:100370001346014651F8040B826814686246A04790
:1003800010BD10B50A46014651F8040B83681C687D
:100390000023A04710BD08B5437933B1014651F899
:1003A000060B83681B68984708BD6FF08500FBE764
:1003B00008B5FFF7F3F808BD30B583B084460846AA
:1003C00015461C461B680CFB03F3019301A9FBF7C0
:1003D00079FD10B9019B2B41236003B030BD4279F8
:1003E000C2B108B584460B46C279042A0ED0C08932
:1003F0009CF810209CF80A1011F0200F01D0013A4F
:10040000D2B29CF80610FFF7D7FF08BD02689268C9
:100410001089EDE76FF08500704710B5044600685D
:1004200005F0CDF8034620B1E06810B105F0C7F83B
:100430000346184610BD50B1C2685AB1026962B194
:1004400043680BB1002070474FF0FF3070474FF00A
:10045000FF3070474FF0FF3070474FF0FF3070476C
:1004600001390A291BD8DFE811F00B002E005000DB
:100470009400B700DA00FD00200141016201720022
:10048000012A0DD0022A10D03AB9037803F07F0375
:100490000370437803F07F034370032A0AD0704748
:1004A000037843F080030370ECE7437843F0800364
:1004B0004370E9E7037843F080030370437843F027
:1004C000800343707047012A15D0022A18D03AB928
:1004D000037803F0BF030370437803F0BF03437056
:1004E000032ADCD1037843F040030370437843F0E0
:1004F000400343707047037843F040030370E4E720
:10050000437843F040034370E1E7012A15D0022A03
:1005100018D03AB9037803F0DF030370437803F08F
:10052000DF034370032ABAD1037843F0200303703A
:10053000437843F0200343707047037843F020036F
:100540000370E4E7437843F020034370E1E7012AB6
:1005500015D0022A18D03AB9037803F0EF030370DC
:10056000437803F0EF034370032A98D1037843F0F4
:1005700010030370437843F010034370704703780F
:1005800043F010030370E4E7437843F01003437033
:10059000E1E7012A16D0022A19D03AB9037803F00C
:1005A000F7030370437803F0F7034370032A7FF4E3
:1005B00076AF037843F008030370437843F00803F1
:1005C00043707047037843F008030370E3E7437810
:1005D00043F008034370E0E7012A16D0022A19D03D
:1005E0003AB9037803F0FB030370437803F0FB038D
:1005F0004370032A7FF453AF037843F0040303707E
:10060000437843F0040343707047037843F00403D6
:100610000370E3E7437843F004034370E0E7012A03
:1006200016D0022A19D03AB9037803F0FD030370FB
:10063000437803F0FD034370032A7FF430AF03785F
:1006400043F002030370437843F0020343707047A2
:10065000037843F002030370E3E7437843F00203B7
:100660004370E0E7012A16D0022A19D03AB903787C
:1006700003F0FE030370437803F0FE034370032A84
:100680007FF40DAF037843F001030370437843F028
:10069000010343707047037843F001030370E3E7FD
:1006A000437843F001034370E0E7012A14D0022AA3
:1006B00017D032B9837803F0F701817003F0770324
:1006C0008370032A7FF4EBAE837843F008028270D4
:1006D00043F0880383707047837843F00803837086
:1006E000E5E7837843F080038370E2E7012A14D0C2
:1006F000022A17D032B9837803F0FB01817003F02E
:10070000BB038370032A7FF4CAAE837843F00402EC
:10071000827043F0440383707047837843F004038E
:100720008370E5E7837843F040038370E2E7012AB2
:1007300014D0022A17D032B9837803F0FE018170F9
:1007400003F0EE038370032A7FF4A9AE837843F0AD
:100750000102827043F011038370A0E6837843F0B6
:1007600001038370E5E7837843F010038370E2E7C9
:10077000012809D008B901290BD001280CD010B9E3
:1007800009B90023137070470029F3D101231370B6
:10079000F0E702231370F0E70129F0D1032313706F
:1007A000EDE708B501390A290DD8DFE801F0060D9B
:1007B000161F28313A434A525A0003784178C90932
:1007C000D809FFF7D5FF08BD03784178C1F3801140
:1007D000C3F38010FFF7CCFFF5E703784178C1F34E
:1007E0004011C3F34010FFF7C3FFECE703784178F3
:1007F000C1F3C001C3F3C000FFF7BAFFE3E703781A
:100800004178C1F38001C3F38000FFF7B1FFDAE75D
:1008100003784178C1F34001C3F34000FFF7A8FF1C
:10082000D1E70378417801F0010103F00100FFF7FF
:100830009FFFC8E78078C109C0F3C000FFF798FFA9
:10084000C1E78078C0F38011C0F38000FFF790FF0C
:10085000B9E78078C0F3001100F00100FFF788FFCE
:10086000B1E703784178C1F30011C3F30010FFF73B
:100870007FFFA8E710B4019C482B5ED05BD3A02B70
:1008800059D8822B57D3823B1E2B54D8DFE803F074
:10089000245324533753245337533753105353534C
:1008A00053535353535353535353535353534B0073
:1008B000012A08D023880233828893423BDB2280BE
:1008C00000230B7037E0238805338288934232DBA4
:1008D000228000230B702EE0012A07D02288838813
:1008E0009A4228D3238000230B7024E0238801330D
:1008F000828893421FDB228000230B701BE0012AB9
:1009000008D0238801338288934214DB228000239D
:100910000B7010E023880333828893420BDB228024
:1009200000230B7007E0238802338288934202DBA6
:10093000228000230B7010BC7047228883889A4263
:10094000F9D3238000230B70F5E730B59DF80CC078
:10095000012B12D01CF0020F71D00468138803F130
:10096000010EA2F800E0E35C1B010B80B3F5006F01
:1009700067DBA3F580530B8063E01CF0020F1AD0F5
:100980000368B2F800E00EF10104A4B2148013F879
:100990000E3005680EF1020EA2F800E02C5D43EA6D
:1009A000041EA1F800E0BEF5006F06DBAEF5805E28
:1009B000A1F800E001E000230B801CF0040F1AD026
:1009C0000368B2F800E00EF10104A4B2148013F839
:1009D0000E3005680EF1020EA2F800E02C5D43EA2D
:1009E000041EA1F802E0BEF5006F06DBAEF5805EE6
:1009F000A1F802E001E000234B801CF0080F1BD09F
:100A00000368B2F800C00CF1010E1FFA8EFEA2F8C6
:100A100000E013F80C3000680CF1020CA2F800C0E2
:100A200010F80E2043EA02108880B0F5006F30DB2A
:100A3000A0F5805088802CE000238B8029E00023E3
:100A40000B801CF0040F0FD00468138803F1010E13
:100A5000A2F800E0E35C1B014B80B3F5006F05DBFF
:100A6000A3F580534B8001E000234B801CF0080F5E
:100A70000DD0006813885C1C1480C35C1B018B8044
:100A8000B3F5006F05DBA3F580538B8001E00023F5
:100A90008B8030BD10B404680A88A31893F802C094
:100AA0005B781B02A25C43EA0C43134303610B888F
:100AB00003330B8010BC70472DE9F8430546894687
:100AC00017461E461846FFF7B6FC60BB8046B9F1D4
:100AD000000F2DD0012F03D0012F26D900240DE0C7
:100AE000346973683A4649462846A047307700285B
:100AF000F2D06FF00108EFE70134E4B22146BC42C6
:100B000013D2B8F1000F10D173680122494428466E
:100B1000D6F810C0E04730770135EDB20028EBD0B1
:100B20006FF00108E8E74FF0FF384046BDE8F88372
:100B30004FF0FF38F9E700B583B00B460022ADF85F
:100B4000042002788DF8042042785201D2B28DF848
:100B5000052090F802C04FEA0C1C0CF0100C42EA81
:100B60000C028DF80520C07800F00F0002438DF8CC
:100B70000520022201A95520FFF79EFF03B05DF872
:100B800004FB10B584B00B46002201920292CDF80E
:100B90000B2002795201D2B28DF8042090F805C0E2
:100BA0004FEA0C1C0CF0100C42EA0C028DF80420E9
:100BB000047AA10001F00C010A438DF80420417A67
:100BC00001F003010A438DF804208279520002F0FB
:100BD00002028DF80520C17901F001010A438DF868
:100BE000052002788DF806204288110A8DF807103A
:100BF0008DF80820C4B942898DF80920120A8DF8B1
:100C00000A2082898DF80B20120A8DF80C20C289E7
:100C10008DF80D20120A8DF80E200B2201A93F201D
:100C2000FFF74AFF04B010BD052201A93F20FFF7DE
:100C300043FFF7E710B584B00B4600220192029201
:100C4000CDF80B2002795201D2B28DF8042090F831
:100C500005C04FEA0C1C0CF0100C42EA0C028DF897
:100C60000420047AA10001F00C010A438DF804204D
:100C7000417A01F003010A438DF804208279520081
:100C800002F002028DF80520C17901F001010A434A
:100C90008DF8052002788DF806204288110A8DF81B
:100CA00007108DF80820C4B942898DF80920120A6E
:100CB0008DF80A2082898DF80B20120A8DF80C20FD
:100CC000C2898DF80D20120A8DF80E200B2201A981
:100CD0004A20FFF7F1FE04B010BD052201A94A2009
:100CE000FFF7EAFEF7E710B584B00B460022019249
:100CF0000292ADF80C2002785201D2B28DF8042095
:100D000090F801C04FEA0C1C0CF0100C42EA0C02E7
:100D10008DF804208478A10001F00C010A438DF8BD
:100D20000420C2788DF8052002798DF806204279DA
:100D30008DF80720C4B9C2888DF80820120A8DF8F2
:100D4000092002898DF80A20120A8DF80B204289A9
:100D50008DF80C20120A8DF80D200A2201A93520E9
:100D6000FFF7AAFE04B010BD04220DEB02013520EE
:100D7000FFF7A2FEF6E700B583B00B460022009213
:100D80008DF80420027802F003028DF8002090F81C
:100D900001C04FEA8C0C0CF01C0C42EA0C028DF8DE
:100DA0000020817842EA41128DF80020C2788DF847
:100DB000012002798DF8022042798DF80320827992
:100DC0008DF80420052269462F20FFF775FE03B039
:100DD0005DF804FB2DE9F041A0B080460E461546B3
:100DE0001C461846FFF727FB38BB074646B3637817
:100DF000012B01D048F08008227A63682A446946B2
:100E00004046D4F80CC0E047207708B900200EE037
:100E10006FF001070DE094F808C084440CF18003E2
:100E20000DEB030C1CF8803C3354013080B2A84217
:100E3000F1D3384620B0BDE8F0814FF0FF37F8E736
:100E40004FF0FF37F5E730B583B0044600238DF847
:100E50000730FFF7F0FA054648B96369616841F267
:100E60008830984763782BB10023237265B12846F8
:100E700003B030BD0122227223460DF1070100208C
:100E8000FFF7A8FF0546F1E7234601220DF1070110
:100E90000020FFF79FFF05460028E8D19DF80730A6
:100EA000902B01D12370E2E76FF00205DFE730B548
:100EB00083B005460C460023ADF804300B460222F1
:100EC00001A95720FFF786FF08B103B030BD9DF898
:100ED00004302A78D20002F0180223F018031343DA
:100EE0008DF804306A7823F0070302F007021343F9
:100EF0008DF804309DF805202B791B0103F0300399
:100F000022F030021A438DF80520EB789B0003F0A5
:100F10000C0322F00C021A438DF80520AB7822F066
:100F2000030203F003031A438DF80520234602222F
:100F300001A95720FFF7C0FDC7E72DE9F04107469B
:100F40000C4616460B78DBB1002211466FF0030504
:100F50002378012B1CD02378022B21D02378032B5C
:100F600026D094F80080B8F1040F29D02378052BFF
:100F70002ED02378062B33D0B5B32846BDE8F081B8
:100F80001146A01CF8F7D0FB0546227A0121DFE7C5
:100F90003146A01CFFF78BFF0546E2790921DAE70D
:100FA0003146A01CFFF7C7FD0546A2790821D5E709
:100FB0003146A01CFFF7E5FD0546A27C0521D0E7E0
:100FC0003146A01CFFF736FE0546A27C4146CDE720
:100FD0003146A01CFFF787FE0546A27B0621C8E725
:100FE000A2780A210025C7E73846FFF739FAC4E797
:100FF00010B582B004460B46032201A91920FFF761
:10100000E9FEA8B99DF80430DA096271C3F341130F
:1010100023719DF805309A096270C3F30112E270E2
:1010200003F00F0323709DF80630C3F38103A37010
:1010300002B010BD10B582B004460B46022201A9D1
:101040005720FFF7C7FE90B99DF80430C3F3C102E3
:10105000227003F0070363709DF80530C3F301129B
:101060002271C3F38102E27003F00303A37002B0A4
:1010700010BD10B582B004460B46022201A95520CE
:10108000FFF7A8FE60B99DF8043023709DF8053085
:101090005A096270C3F30012A27003F00F03E370E9
:1010A00002B010BD10B584B004460B460B2201A956
:1010B0003F20FFF78FFE00283FD19DF804305A09EA
:1010C0002271C3F300126271C3F38102227203F032
:1010D000030363729DF8053003F00102E271C3F36C
:1010E0004003A3719DF8063023709DF807209DF8FA
:1010F000083043EA022363809DF80A3003F00F03AF
:101100008DF80A309DF8092042EA032363819DF897
:101110000C3003F00F038DF80C309DF80B2042EAE1
:101120000323A3819DF80E3003F00F038DF80E30DA
:101130009DF80D2042EA0323E38104B010BD10B5F1
:1011400084B004460B460B2201A94A20FFF742FE59
:1011500000283FD19DF804305A092271C3F30012D0
:101160006271C3F38102227203F0030363729DF87C
:10117000053003F00102E271C3F34003A3719DF84F
:10118000063023709DF807209DF8083043EA0223BB
:1011900063809DF80A3003F00F038DF80A309DF844
:1011A000092042EA032363819DF80C3003F00F030A
:1011B0008DF80C309DF80B2042EA0323A3819DF8A3
:1011C0000E3003F00F038DF80E309DF80D2042EA2B
:1011D0000323E38104B010BD10B584B004460B4670
:1011E0000A2201A93520FFF7F5FD98BB9DF80430D0
:1011F0005A092270C3F300126270C3F38103A37013
:101200009DF80530E3709DF8063023719DF8073096
:1012100063719DF8093003F00F038DF809309DF8D4
:10122000082042EA0323E3809DF80B2002F00F031D
:101230008DF809309DF80A3043EA022323819DF896
:101240000D2002F00F038DF809309DF80C3043EAB1
:101250000223638104B010BD2DE9F04182B007463E
:101260000C46164600238DF807300B78CBB10021D1
:101270006FF003052378012B1DD02378022B24D097
:101280002378032B2BD094F80080B8F1040F30D0D2
:101290002378052B37D02378062B3ED0002D46D15E
:1012A00040E01146A01CFFF7A3FE0546237A8DF807
:1012B00007300121DEE73146A01CFFF7BBFE0546E3
:1012C000E3798DF807300921D7E73146A01CFFF7F5
:1012D000D0FE0546A3798DF807300821D0E73146C6
:1012E000A01CFFF7DFFE0546A37C8DF80730052123
:1012F000C9E73146A01CFFF722FF0546A37C8DF805
:1013000007304146C4E73146A01CFFF765FF05469C
:10131000A37B8DF807300621BDE7A3788DF8073051
:101320000A2100250DF107023846FFF73AFA284650
:1013300002B0BDE8F08130B583B005460C460B46DF
:1013400001220DF105012D20FFF744FD08B103B086
:1013500030BD9DF805302A78920002F0040223F097
:10136000040313438DF805306A8802F00F01C2F3BD
:1013700007128DF8042003F00F0343EA01138DF8E0
:1013800005302346022201A92C20FFF795FBDEE75A
:1013900030B583B005460C460B4601220DF107011E
:1013A0002B20FFF717FD034668B99DF80720297821
:1013B00022F00F0201F00F0002438DF8072011F018
:1013C0000C0F03D11BB3184603B030BD23460122D6
:1013D0000DF106012A20FFF7FDFC03460028F2D19B
:1013E0006B881A118DF8062003F00F029DF8073064
:1013F00003F00F0343EA02138DF80730234601225E
:101400000DF106012A20FFF757FB0346DAE72346D2
:1014100001220DF107012B20FFF74EFB0346D2E717
:1014200010B584B0ADF804000C460B4601220DF156
:101430000F012420FFF7CEFC60B99DF80430012B8A
:101440000AD0022B15D0234601220DF10F012420D2
:10145000FFF732FB04B010BD9DF80F209DF805107A
:10146000490001F0060122F006020A438DF80F2020
:10147000E7E79DF80F309DF80520520102F0600269
:1014800023F0600313438DF80F30DCE730B583B0F1
:1014900005460C460846FEF7CEFF08B103B030BD46
:1014A0002346032269462620FFF794FC0028F5D145
:1014B0002B788DF804306A7832B99DF80020DB4330
:1014C0005BB213408DF804306B88DAB28DF80520DA
:1014D0001B0A8DF8063003F007038DF806309DF8DF
:1014E00001108A4203D19DF80220934206D0234680
:1014F000032201A92620FFF7DFFACFE723460122C6
:1015000001A92620FFF7D8FAC8E710B582B0044633
:101510000B46022201A92C20FFF75CFC50B99DF874
:101520000520C2F3800323709DF804301B0143EAB9
:101530001213638002B010BD10B582B004460B4692
:10154000052269462F20FFF745FCA8B99DF8003019
:1015500003F003022270C3F3820262705B09A3707E
:101560009DF80130E3709DF8023023719DF803303F
:1015700063719DF80430A37102B010BD10B582B044
:1015800004460B46022201A92A20FFF723FC50B98A
:101590009DF8052002F00F0323709DF804301B0115
:1015A00043EA1213638002B010BD10B582B0044646
:1015B0000B4601220DF107012420FFF70BFC20B997
:1015C0002378012B03D0022B07D002B010BD9DF869
:1015D0000720C2F341026270F5E79DF80730C3F3BC
:1015E00041136370F1E730B583B005460C460846F9
:1015F000FEF721FF08B103B030BD2346032201A945
:101600002620FFF7E7FB0028F5D19DF804302B706A
:101610009DF8063003F007038DF806309DF805208D
:1016200042EA03236B80E6E730B583B004460D46FB
:101630000B4601220DF107012D20FFF7CBFB08B16E
:1016400003B030BD9DF80730600000F0020023F0C9
:10165000020303438DF807302B4601220DF10701E9
:101660002D20FFF729FAEBE710B582B004460B46B0
:101670000022ADF80420022201A91220FFF7AAFBE4
:1016800050B99DF8053003F007038DF805309DF83B
:10169000042042EA0323238002B010BDF0B583B0DA
:1016A00005460C464B78DBB11426AB88227A1344EE
:1016B000AB80234601220DF107012920FFF78AFBA9
:1016C000074650B99DF8073063B96368AA8829684E
:1016D0003046E568A847207750BB384603B0F0BDD8
:1016E0009426E2E700238DF80730234601220DF10E
:1016F00007012920FFF7E0F907460028EDD16369CB
:1017000061684FF47A7098476368AA882968304600
:10171000E568A84720770028DFD101228DF807204F
:1017200023460DF107012920FFF7C6F90746D4E744
:101730006FF00107D1E770B582B006460C46002372
:101740008DF807300846FEF776FE054610B12846AC
:1017500002B070BD234601220DF107011920FFF7E9
:1017600039FB05460028F2D19DF8072006F0030357
:1017700022F0030213438DF80730234601220DF1B6
:1017800007011920FFF798F90546012E05D0636976
:10179000616842F210709847D9E76369616849F659
:1017A00040409847D3E730B583B004460D46002348
:1017B000ADF804300846FEF73EFE80BB94B300232C
:1017C0006381294601A8FFF74FFF08B103B030BD80
:1017D0002B4601220DF107012620FFF7FBFA002816
:1017E000F4D19DF80730C3F30012E2715A09227256
:1017F000C3F38003A37100222261A188BDF80420F5
:101800008A4200D2A2802BB163328A4202DAA388D4
:101810006433A38029462046FFF740FFD6E74FF008
:10182000FF30D3E74FF0FF30D0E72DE9F041054618
:101830000E4617461C461846FEF7FDFD60B9804669
:101840006DB17EB18FB123463A4631462846F7F74F
:10185000F9FD4046BDE8F0814FF0FF38F9E74FF061
:10186000FF38F6E74FF0FF38F3E74FF0FF38F0E7C7
:1018700000EBC1018368B3F5004F0AD322B14B6876
:1018800043F001034B6070474B6823F001034B604A
:10189000704722B14B8843F001034B8070474B885F
:1018A00023F001034B807047C9008368B3F5004FF4
:1018B00003D308231944084470470423FAE710B4FB
:1018C00000EBC10C8468B4F5004F19D3DCF80C3080
:1018D000994218D0B4F5004F21D3DCF80810043237
:1018E00040F8223000EBC102B4F5004F1AD3D360A8
:1018F00000EBC3038268B2F5004F15D399600CE08A
:10190000BCF80630E4E7C3680121914023EA0103F3
:10191000C3600432002340F8223010BC7047BCF88A
:101920000410DCE7D380E3E79980F6E7131D50F855
:101930002330DBB9C3684FF0010C0CFA02FC43EA18
:101940000C03C360043240F8221000EBC10382682C
:10195000B2F5004F06D399608268B2F5004F03D309
:10196000D96070479980F7E7D980704710B500EBD0
:10197000C30C8468B4F5004F1CD3DCF8082000EBDE
:10198000C10EB4F5004F18D3CEF808208468B4F522
:10199000004F15D3CEF80C3000EBC2028368B3F5CC
:1019A000004F10D3D1608368B3F5004F0DD3CCF84E
:1019B000081010BDBCF80420E1E7AEF80420E5E70C
:1019C000AEF80630E8E7D180EDE7ACF80410F0E7B8
:1019D00030B400EBC10C8468B4F5004F29D3DCF8B7
:1019E0000450531A891A01EB55015D00B4F5004FFC
:1019F00022D3CCF804504C0000EBC20C8568B5F53E
:101A0000004F1CD3CCF804408468B4F5004F19D3C0
:101A100040F832308368B3F5004F16D3DCF8044049
:101A200002EB5402B3F5004F12D340F8321030BC31
:101A30007047BCF80250D4E7ACF80250DBE7ACF8D2
:101A40000240E1E720F83230E4E7BCF80240E7E783
:101A500020F83210EBE730B400EBC1018468B4F534
:101A6000004F1ED34B685B0800EBC20CB4F5004F6F
:101A700019D3DCF8045003EB55035D00B4F5004FB7
:101A800014D34D608168B1F5004F11D3DCF80440E8
:101A900002EB5402B1F5004F0DD340F8323030BCA8
:101AA00070474B88DFE7BCF80250E4E74D80E9E778
:101AB000BCF80240ECE720F83230F0E78368B3F579
:101AC000004F04D30823C91A081AC008704704231A
:101AD000F9E708B58368B3F5004F07D300EBC102FF
:101AE00052685208012A02D0002200E00022A2B966
:101AF00000EBC102B3F5004F10D352685208B3F5A2
:101B0000004F0DD308230833A2EBD3020132B2FAFF
:101B100082F2C2F11F02FFF7D2FE08BD5288EDE744
:101B20000423F0E708B58368B3F5004F07D300EB53
:101B3000C10252685208012A02D0002200E00022AD
:101B4000A2B900EBC102B3F5004F10D3526852089E
:101B5000B3F5004F0DD308230833A2EBD3020132B3
:101B6000B2FA82F2C2F11F02FFF7E0FE08BD52880E
:101B7000EDE70423F0E7F8B504460D46CE0000EB90
:101B8000C1078368B3F5004F1FD3796805EB510196
:101B900004EBC102B3F5004F19D3536813F0010FE2
:101BA00017D0A368B3F5004F24D3A159691A04EBE9
:101BB000C102B3F5004F1FD3536813F0010F1DD0BE
:101BC00029462046FFF7AEFFF8BD7988DEE7538847
:101BD000E4E72046FFF77DFFA368B3F5004F07D386
:101BE0007A6805EB520229462046FFF734FFD8E712
:101BF0007A88F6E7A15BD9E75388DEE72046FFF74E
:101C000068FFA368B3F5004F0CD3A1592A46691A9F
:101C10002046FFF720FFA368B3F5004F04D3A35974
:101C2000ED1ACDE7A15BF1E7A35BF9E7F8B58568AD
:101C3000B5F5004F10D308230833A1EBD3030133CC
:101C4000B3FA83F3C3F11F02C3F1230450F82460F5
:101C500046B34FF0030C12E00423EDE7BEF8027028
:101C600017E02146FFF72BFE24E0BEF80640171DC3
:101C700040F82740BCF1010C14D0A64212D0141D2C
:101C800050F8244000EBC40EB5F5004FE6D3DEF863
:101C90000470B1EB570FE4D9B5F5004FE5D3DEF88A
:101CA0000C40E4E7C468C3F12002012393405B4287
:101CB0001C4001D12046F8BD94FAA4F2B2FA82F297
:101CC000131D50F823402146FFF7F9FDF2E779B1E3
:101CD00038B505682846FFF7F1FE044600220146A4
:101CE0002846FFF7C5FD21462846FFF744FF38BDCB
:101CF000704770B50568A1B30B46AA68B2EBD10F67
:101D000031D9B2F5004F1DD308229C180734E408DE
:101D100021462846FFF78AFF064630B305EBC0038D
:101D2000AA68B2F5004F0FD35B68B4EB530F0DD325
:101D3000012231462846FFF79BFD31462846FFF732
:101D4000B3FD70BD0422E0E75B88EEE73444224631
:101D500031462846FFF73CFE21462846FFF7E2FEC3
:101D6000E6E70020EDE70020EBE70020E9E72DE9BA
:101D7000F041144606684B420B4001F1FF3818EA67
:101D800001080CD0B268B2F5004F06D30822934286
:101D900057D21A464546984609E00422F7E70D4611
:101DA000B368B3F5004F45D30822954244D9002CBF
:101DB00062D0B368B3EBD40F60D92919891AB3F58F
:101DC000004F41D3082319440731C9083046FFF7B3
:101DD0002DFF0746002853D001463046FFF764FD2B
:101DE00000EB08032B44013BB3FBF5F303FB05F5C4
:101DF000A5EB08052C44073424F007042946304697
:101E0000FFF75CFE8046A41BE41087421ED306EB5E
:101E1000C803B268B2F5004F22D35B6808EB5303E6
:101E20009C421FD3012241463046FFF721FD284640
:101E3000BDE8F0810422B8E72146FFF75AFF0546C6
:101E4000F5E745469846B2E70423BCE70246394623
:101E50003046FFF7BDFD39463046FFF763FED6E753
:101E60005B88DBE7224641463046FFF7B1FD21465D
:101E70003046FFF757FED5E70025D8E70025D6E71F
:101E80000025D4E7F8B5B2F5802F23D30823D21A62
:101E9000CC1D24F0070401EB020C2CF0070CACEB7A
:101EA000040C4FEADC010460A1600023E360BCF590
:101EB000802F11D308230833A1EBD3030133B3FAE6
:101EC00083F3C3F1200EC3F124039B00DE1DF5084C
:101ED000002308E00423DAE70423ECE71A1D0020BE
:101EE00044F8220001337345F8DB6B00BCF5802F0A
:101EF00032D36360BCF5802F30D300232360BCF560
:101F0000802F2ED3636843F0010363604A1B5700A0
:101F100026F00703E018BCF5802F27D34760A068A0
:101F2000B0F5004F24D3E5502CF00703A444A0687B
:101F3000B0F5004F1ED30020CCF80400A068B0F527
:101F4000004F1BD3E25001222046FFF791FC2946A7
:101F50002046FFF7E7FDF8BD6380CBE70023238031
:101F6000CDE7638843F001036380CFE74780D6E77E
:101F7000E552D9E70020ACF80200DFE7E252E2E7E1
:101F8000002070470FB400B583B004A951F8040BCA
:101F90000191F7F78DFE03B05DF804EB04B07047D4
:101FA0000FB400B583B004A951F8040B0191F7F701
:101FB0007FFE03B05DF804EB04B07047A0F130037E
:101FC000DBB2092B02D80B7000207047A0F161032F
:101FD000DBB2052B03D85738087000207047A0F1FA
:101FE0004103DBB2052B03D8373808700020704757
:101FF0006FF0150070472DE9F04383B0164601F0ED
:10200000010202EB510898452FD807464FEA5109C3
:10201000F2B90024A1452AD965000DF1070117F88E
:102020001400FFF7CBFF002828DB9DF807301B01C9
:10203000335501350DF10701785DFFF7BFFF00282B
:102040001FDB335D9DF80720134433550134E1E76E
:102050000DF107010078FFF7B1FF00280BDB9DF8B9
:10206000073006F8013B0137D3E74FF00008404640
:1020700003B0BDE8F0834FF00008F8E74FF0000828
:10208000F5E74FF00008F2E701F00701038B23F0BA
:1020900007030B43038370472DE9F04106460F46C3
:1020A0009046816821B10C683CB131B90C4604E01E
:1020B0000C4602E0234621461C4669B14D68434662
:1020C0003A463046A847002CF4D02368002BF2D0C3
:1020D000002CF0D12346EEE7BDE8F081038B13F02E
:1020E000070303D102680AB103207047022B03D013
:1020F000012B06D000207047428B002AF8D1042023
:10210000704703680BB1052070470020704710B579
:1021100004468C46038B002A07DB03F007035A1F93
:10212000012A0ED9042B36D010BDD0E900018CE86D
:10213000030000232360636001212046FFF7A4FF12
:10214000F2E7D0E900018CE803000022226062601F
:10215000062B1BD1DCF8003053B1628B0132628355
:102160001A461B68002BF7D0002AF5D11346F3E777
:1021700002212046FFF788FF2046FFF7AFFF002827
:10218000D2D0238B43F020032383CDE700212046C8
:10219000FFF77AFFF0E70021FFF776FF2046FFF711
:1021A0009DFF0028C0D0238B43F020032383BBE78F
:1021B00050B110B50C4651B1081D00F0C2F810B96D
:1021C000A368032B06D810BD6FF0150070476FF0A1
:1021D0001500F8E76FF01500F5E72DE9F041074627
:1021E0000C4616461D461946201D00F0C9F828B1B8
:1021F00080462B46324621463846C047BDE8F0812E
:102200002DE9F04180460C4617461E4604E0334651
:102210003A464046FFF7E1FF216831B10D6825607D
:1022200063688B42F3D16560F1E7BDE8F08108B5E2
:10223000EFF311824FF0400C8CF31288BFF36F8FD5
:1022400041610121F7F764FD08BD034670B181B11A
:102250000A688AB14A6892B1002018605860986094
:10226000D860186158619861196170476FF0150066
:1022700070476FF0150070476FF0150070476FF0F2
:102280001500704770B505460E46FFF791FF041E16
:102290002EDBEFF31182402383F31288BFF36F8F9D
:1022A000B5F818C00CF0070C6B8B4FF6FF718B4222
:1022B0002CD06446BCF1020F08D0BCF1060F19D82F
:1022C000DFE80CF01E1818181E2A1E0001336B835D
:1022D00001230021084628B100203060686808B357
:1022E00006606E6009BB82F31188BFF36F8F0BBB72
:1022F000204670BD6FF00404002319461846EAE733
:10230000BCFA8CF1490900230120E4E76FF00A04CC
:10231000002319461846DEE76FF0850400231946AE
:102320001846D8E76E602E60DCE702212846F7F7F2
:10233000EFFCDDE70023624631462846FFF74DFFFC
:10234000D6E70246B0B1436803F00303022B0BD07B
:10235000032B04D0012B04D06FF0150070470368E5
:102360005BB10020906070470368002BF9D16FF0DB
:10237000150070476FF0150070476FF0150070473B
:1023800010B50346426802F003028160022A04D0BD
:10239000032A05D10468002004E00068002401E05D
:1023A0000024204600225A6008B1FDF7D9FC2046DF
:1023B00010BD70474B09BFF35B8F50F82300BFF38C
:1023C0005B8F01F01F01084100F001007047406978
:1023D00020B108B50021FFF7EDFF08BD00207047D0
:1023E000436933B11B6933B15B691B792BB9012098
:1023F000704701207047012070470020704770B57A
:1024000004460D464669FFF7EBFF70B103212046F5
:10241000A84700280CDB7EB107213046FFF7CAFF32
:1024200070B901212046A84701E00323337170BD34
:1024300010F1860FFBD1EEE701212046A847F6E711
:10244000636901221A710020F1E738B50346446937
:10245000256815F020001CD0E268B2B1013AE260B4
:10246000B2B9A268002118469047002811DB012369
:10247000237115F0040F0CD0206943691B6813F415
:10248000807F07D0FFF7E1FF03E06FF0770000E007
:10249000002038BD6FF00A00FBE738B54469EFF360
:1024A0001185402383F31288BFF36F8F23793BB9E3
:1024B000A36800219847002809DB0123237100E06D
:1024C0000020236843F0200323600023E36085F3AA
:1024D0001188BFF36F8F38BD4B09BFF35B8F50F886
:1024E0002300BFF35B8F01F01F01084100F00100E2
:1024F000704770B50446406948B30821FFF7ECFF08
:1025000080B1EFF31186402383F31288BFF36F8FFE
:102510002046FFF79AFF054686F31188BFF36F8FB9
:10252000284670BD0022002300212046F7F700FD59
:1025300005460028F4D102216069FFF7CDFF00288D
:10254000EED063691869FFF7D4FF0546E8E7002578
:10255000E6E738B544692268E368B3B9054612F086
:10256000040F09D0206943691B6813F4807F11D0E0
:10257000F7F732FD00280CDBA368012128469847B5
:10258000002806DB0023237100E00020E36801330C
:10259000E36038BD6FF00A00FBE770B5044650F801
:1025A000383C002150F82C0C98470546A4F1280629
:1025B0004FF0FF324FF0FF333046FCF729FA002D81
:1025C0000FDB012304F83C3CA4F1100014F83C3C60
:1025D0000121994003F0EEFE3046FCF7D9F94DB1E8
:1025E00070BD54F8343C013344F8343C002304F803
:1025F0003C3CE9E70221A4F14000FFF76DFF002811
:10260000EED054F8300CFFF774FFE9E710B504463C
:10261000406918B10721FFF75FFF08B9002010BD1E
:102620002046F7F78FFDFAE708B5012802D0FBF73F
:1026300019FF08BDEFF30583F9E708B50146006807
:10264000FFF7F2FF08BD08B5F7F7E6FDF7F710FE54
:1026500008BD0020704700230B70704708B50023A9
:102660001370CB1E092B1AD8DFE803F005090D11F2
:102670001919191919141146F7F70EFF10E0002166
:10268000F7F7A0FE0CE00021F7F706FE08E0F7F7E9
:1026900049FE05E01146FFF7DEFF002000E00020C4
:1026A00008BD08B540B2F8F769F808BD08B540B2F2
:1026B000F8F772F808BD08B512F0010F04D1023125
:1026C00040B2F8F77BF808BD0021F9E708B5002112
:1026D0000120FFF7A9FF08BD61B662B680F311883B
:1026E000BFF36F8F704772B6002383F31188BFF377
:1026F0006F8FBFF34F8F30BF62B6BFF36F8F7047DE
:1027000072B6002383F31188BFF36F8FBFF34F8F2F
:1027100020BF80F31188BFF36F8F62B670474368A4
:102720005A1E134206D11F2B06D903681A4205D040
:10273000002070470020704700207047012070473C
:1027400000B585B00B6801934B688A68202B12D9BD
:10275000B3F1004F11D8013BB3FA83F3C3F11F0368
:102760005B0003F03E031343039301A9F8F72EF92E
:1027700005B05DF804FB0823F5E73E23F3E72DE9F8
:10278000F84380460F4699461646002509E0214643
:10279000F0B2FFF7D5FF064610F1160F14D0013640
:1027A0000135BD4210DA05EB450408EB840462688C
:1027B000002AF5D0B9F1000FE9D02046FFF7AFFFAE
:1027C0000028E4D16FF015063046BDE8F883F0B577
:1027D00085B0054603A8F7F751FB0646002424E020
:1027E000B3F5801F20D1576809589368202B64D90E
:1027F000B3F1004F63D8013BB3FA83F3C3F11F0376
:102800005B0003F03E0343F0885343F4302300970A
:102810000191029369462878F8F7D8F80028C0F2A9
:10282000A8802B7801332B700134B44280F0A4804F
:102830002001039901EB0412D3681B0D1B05B3F5AE
:10284000000F5ED01DD8B3F5001F3AD0B3F5800F4E
:10285000C6D1576809589368202B4ED9B3F1004F61
:102860004DD8013BB3FA83F3C3F11F035B0003F0C0
:102870003E0343F0E06343F4003300970191029379
:10288000C8E7B3F1807F56D0B3F1007FCCD1576851
:1028900009589368202B68D9B3F1004F67D8013BE2
:1028A000B3FA83F3C3F11F035B0003F03E0343F469
:1028B0008023009701910293ACE70823A3E73E230E
:1028C000A1E7576809589368202B12D9B3F1004F3C
:1028D00011D8013BB3FA83F3C3F11F035B0003F08C
:1028E0003E0343F0885343F4002300970191029381
:1028F00090E70823F5E73E23F3E70823B9E73E23F3
:10290000B7E7576809589368202B10D9B3F1004FE7
:102910000FD8013BB3FA83F3C3F11F035B0003F04D
:102920003E0343F0827300970191029372E70823FC
:10293000F7E73E23F5E7576809589368202B10D92D
:10294000B3F1004F0FD8013BB3FA83F3C3F11F0378
:102950005B0003F03E0343F08873009701910293FC
:1029600058E70823F7E73E23F5E708239FE73E23D0
:102970009DE76FF0150000E0002005B0F0BD08B540
:10298000F8F738F808BD08B5F8F73EF808BD38B5CF
:102990000446037F1B3323F00303028B521A856A1C
:1029A00003FB0255F8F7B6F8A872237FEB722846AE
:1029B00038BD70472DE9F04104460D4617461E46C6
:1029C000807AF8F7B3F8436A1B68D3F800803A4678
:1029D000334629462046C047BDE8F08138B5044655
:1029E000807AF8F7A3F80546616951B1637A13F06C
:1029F000010F04D1436A1B689B6820469847002357
:102A000063612146284602F07DFF38BD10B50446BB
:102A1000807AF8F78BF8037F1B3323F00303826A75
:102A2000A41AB4FBF3F010BD70B504460D46807ACD
:102A3000F8F77CF8436A5A689E682E60156820464D
:102A4000FFF7E4FF00FB065070BD002303824369DB
:102A5000C36070472DE9F04385B005460391904669
:102A60001C46684603F03EFBDDE90067EFF3118288
:102A7000402383F31288BFF36F8F6B8B8BB3914628
:102A80002A8B93420BD2002200232846FBF746FFF5
:102A9000044620B189F31188BFF36F8F0AE0698B78
:102AA0004B1E6B8389F31188BFF36F8F2846FFF7A6
:102AB0006EFF0446039B0BBB00236361012323725B
:102AC000002161726160039B6382E27A04F1180065
:102AD00003F0BAFC2046FFF7B8FF204605B0BDE87A
:102AE000F08382F31188BFF36F8F42462346284656
:102AF000FBF714FF04460028DCD1EEE732463B46E4
:102B0000684603F025FBDDE9002303A92046FFF713
:102B100051FF054660610028D0D12046FFF75EFFD7
:102B20002C46DAE708B5416A8968FFF793FF08BDCC
:102B3000EFF31182402383F31288BFF36F8F0023DA
:102B40000B60436833B11960416082F31188BFF3B1
:102B50006F8F704741600160F7E70346EFF3118222
:102B6000402181F31288BFF36F8F006828B101689C
:102B70001960D3F804C0604504D082F31188BFF314
:102B80006F8F70475960F8E738B5044603E0204678
:102B9000FFF724FF2C4684B16568237A013BDBB242
:102BA000237253B9E3606360A07AF7F7BFFF036A4B
:102BB000002BECD020469847ECE738BD027A013272
:102BC0000272704783680B44036070470268838811
:102BD00019448180D018704738B50D461446114607
:102BE000FFF7F4FF2246294603F020FC38BD10B55C
:102BF0000C460121FFF7EAFF047010BD0346006890
:102C00009A88521A9A800144196070470268806855
:102C1000101A704710B50446012300F8013B062145
:102C2000FAF756FE18B9A37963F03F03A37110BDFC
:102C300070B505460E46F6F780F8112819D1022323
:102C4000834204D2EA5C3A2A16D10333F8E700241F
:102C5000052C0CD8C4F1050204EB440001233244D6
:102C600002212844FFF7C7F948B10134F0E70020FA
:102C700004E06FF0150001E06FF0150070BD6FF01B
:102C80001500FBE738B50446807AF7F74FFF054695
:102C9000616951B1637A13F0010F04D1436A1B6873
:102CA0009B6820469847002363612146284602F02E
:102CB00029FE38BD08B5FFF7E5FF0A20F7F7B4FF96
:102CC00008BD1070C0F307235370030C9370000EFF
:102CD000D0701171C1F3072353710B0C9371090E5E
:102CE000D171704700B5C379817941EA03214279F6
:102CF000037943EA0223C27890F802C04CEA022C1E
:102D000090F801E0027842EA0E2242EA0C4043EADF
:102D100001415DF804FB0020704710B58646084667
:102D20004FF0000C634510D902EBCC0112F83C4087
:102D3000744507D1028A4B789A4209D34B68984769
:102D4000002010BD0CF1010CECE76FF05E00F8E71D
:102D50006FF01500F5E708B5FFF7DFFF08BD08B510
:102D6000FFF7DBFF08BD0020704701F01F0C0123B7
:102D700003FA0CF372B1490900EB8100BFF35B8FDA
:102D800050E8002F1A4340E800210029F8D1BFF392
:102D90005B8F7047490900EB8100DB43BFF35B8F1A
:102DA00050E8002F1A4040E800210029F8D1BFF375
:102DB0005B8F704708B501210C30FFF71FFF08BD7E
:102DC00038B50446057E022D1CD1C3681B78052B3F
:102DD0000DD004D30E3BDBB2012B00D8012515F03A
:102DE000010F06D115F0020F07D1002038BD0325D1
:102DF000F5E72046F8F738F9F4E72046F8F7A8F8A1
:102E00000020F3E7FFF7C0FE6FF01500EEE710B506
:102E10000C46FCF7D3FA2046FFF7D2FF0446FCF736
:102E2000E5FA204610BD10B582B0FFF774FF48B92F
:102E30000022114640F60340F8F7F6F9044648B977
:102E4000F7F78EFF01AA002141F20300F8F7ECF931
:102E5000044610B1204602B010BD0198F7F76AFF92
:102E60000198FFF791FE01AA002141F20100F8F755
:102E7000DBF904460028EDD10198F7F721FF01980E
:102E8000FFF782FE01AA002141F20200F8F7CCF917
:102E900004460028DED10198F7F732FF0198FFF7CA
:102EA00073FED7E710B5082142F20100F8F790F859
:102EB00080B1044608210C30FFF788FE024602204C
:102EC0000021FFF7FEFE0022214642F20100F8F742
:102ED000ABF910BD6FF06800FBE710B5F8F712FB17
:102EE000044608B1204610BDF8F718F9FAE708B50E
:102EF00000200021F8F780F900B908BDF8F722F9A1
:102F0000FBE728B139B108B50846F8F711FC08BD50
:102F10006FF0150070476FF015007047A0B110B545
:102F200082B0044606216846FAF7D2FC08B102B026
:102F300010BD9DF8053003F03F038DF8053069465C
:102F40002046FFF7DEFFF2E76FF01500704700B193
:102F5000012070470020704700238B4219D200B532
:102F600002E001338B4211D200EBC30E30F833C0C4
:102F700040F201129445F4D1DEF80420002AF0D08A
:102F8000127812F0010FECD0012000E000205DF873
:102F900004FB0020704700207047034610F4004FE8
:102FA0000BD1072013F4803F01D000F0FD0013F493
:102FB000003F01D000F0FB0070470620F2E74B090C
:102FC000BFF35B8F50F82300BFF35B8F01F01F014D
:102FD000084100F0010070472DE9F04F83B006462C
:102FE000884615469A464FF0000B5B46D3453AD2C9
:102FF00005EBCB0955F83B700024CDF800B00195E6
:1030000013E05FFA82FB591CC9B20BF1010E06F8FE
:1030100005E09D1CEDB27054DCF80410701903F04B
:1030200005FAAB445FFA8BF30134D9F804209442DB
:1030300013D207EBC40C9CF8012017F834001D468E
:10304000991802314145DCD99A1CA8EB02020928E3
:103050000DD1002A10DD0820D3E7DDF800B0019D76
:103060000BF1010BC2E70C9A1370002001E06FF026
:10307000150003B0BDE8F08F6FF01500F9E72DE9FA
:10308000F04182B007460D4616462021F7F7A0FF13
:1030900000B3804620210C30FFF798FD0446202223
:1030A000002103F0D1F9009433462A461F21601C09
:1030B000FFF792FF044648B9002241463846F8F728
:1030C000B3F80446204602B0BDE8F0814046FFF761
:1030D0005BFDF7E76FF06804F4E708B542F208001B
:1030E000FFF7CDFF08BD08B542F20900FFF7C7FFA3
:1030F00008BD2DE9F04F89B004460D4616461F461F
:10310000DDF848809DF84CA09DF850B09DF8549093
:1031100000230493059306930793B9F1000F33D16D
:10312000BAF1000F02D0BBF1000F0ED10495059645
:10313000B9F1010F56D0012204A92046FFF7CDFFB7
:103140000346E8B9BBF1000F0CD00497CDF814800A
:10315000B9F1020F4CD0012204A92046FFF7C3FFAA
:10316000034668B91034BFF35B8F54E8003F43F067
:10317000040344E80032002AF7D1BFF35B8F002339
:10318000184609B0BDE8F08FF7F7D8FF019065B198
:103190000022964207D915F83230083BDBB2012BEA
:1031A0000FD90132F5E7002343BB77B100229045E8
:1031B00009D917F83230083BDBB2012B10D90132A4
:1031C000F5E70123F0E70023DBB90198F5F7B5FD3A
:1031D00009238DF808308DF80900019B03939FE7C0
:1031E0000123F1E702AB0693012307930222A3E731
:1031F00002AB0693012307930222ADE76FF015039C
:10320000BEE76FF01503BBE708B5436813F4806FA2
:1032100007D1026912B113F0010F04D0F8F7ACFC2A
:1032200008BD0020FCE70020FAE701F01F0C012395
:1032300003FA0CF372B1490900EB8100BFF35B8F15
:1032400050E8002F1A4340E800210029F8D1BFF3CD
:103250005B8F7047490900EB8100DB43BFF35B8F55
:1032600050E8002F1A4040E800210029F8D1BFF3B0
:103270005B8F704710B500F1100409212046FFF75D
:103280009EFE28B908212046FFF799FE10B910BD0F
:103290000220FCE70120FAE7436813F0080F0BD087
:1032A00013F4802F0AD103F4C063B3F5806F01D00B
:1032B00002207047012070470020704701207047AE
:1032C00070B586B005460C46012142F20A00F7F7B8
:1032D0007FFED0B106469CB101210C30FFF787FC80
:1032E0000094072305F1100203A93046F7F75EFEAC
:1032F0000022314642F20A00F7F796FF06B070BD91
:1033000000210C30FFF773FCEAE76FF06800F5E787
:1033100008B5FFF7D5FF08BD2DE9F04385B0044699
:103320000D4616461F46F8F771FCF0B1804600F1D5
:10333000100907214846FFF742FEC8B10B21484655
:10334000FFF73DFE81464046FFF794FF0390CDF81E
:10335000089000230193009733462A4621464046B1
:10336000FFF7C7FE05B0BDE8F0836FF01500F9E781
:103370006FF00A00F6E708B5183002F021FC08BD2E
:1033800010B5F8F743FCD8B10446FFF7F4FF04F199
:103390001000BFF35B8F50E8003F23F4804340E808
:1033A0000032002AF7D1BFF35B8F0721FFF707FE3A
:1033B00008B9002010BD00212046FFF781FFF9E782
:1033C0000020F7E708B5FFF7DBFF08BD93781B0285
:1033D00003F4E06392F803C04FEA0C3C0CF4805C09
:1033E00043EA0C0392F804C04FEA0C4C0CF4E02CB6
:1033F00043EA0C0392F800C00CF0030C43EA0C0300
:1034000092F801C04FEA0C1C0CF0300C43EA0C039C
:1034100092F805C04FEA0C5C0CF4801C43EA0C03E4
:103420009279120602F08072134300EB0110C0F88B
:10343000183570474800704750B344F22802904254
:1034400036D843F6FF72904235D3A0F57F533F3B09
:10345000292B33D8DFE803F0283232321532183204
:103460003232321C32323232203232323224323272
:10347000323232323232323232323232323232322C
:10348000322800200870704701230B70002070471D
:1034900002230B700020704703230B70002070473D
:1034A00004230B700020704705230B700020704729
:1034B0006FF0150070476FF0150070476FF0150042
:1034C000704710B50446FFF7B5FF236813B19B8919
:1034D00003FB0000E368834201D3002010BD6FF0BE
:1034E0000B00FBE708B5BFF35B8F50E8003F5A1CA9
:1034F00040E800210029F8D1BFF35B8F1BB16FF0CA
:103500000F03036708BDF8F711FEFBE708B508389D
:10351000FFF7E8FF08BD08B540304FF0FF324FF02D
:10352000FF33FBF775FA08BD10B5044658304FF06D
:10353000FF324FF0FF33FBF76BFA00B12067206FCB
:1035400010BD38B584460D4600F1740E0C460FCC04
:10355000AEE80F002368CEF800300023CCF87030BE
:103560002B6853B10CF188040FCB84E80F00CCF822
:1035700074400023ACF8983018B96046F8F7D6FDCF
:1035800038BD0023BFF35B8F5CE8002F4CE80031AF
:103590000029F9D1BFF35B8F6046F8F7DDFDEFE757
:1035A00008B5836C03B108BD4030FBF7F1F9FAE7C9
:1035B00010B50446436F0BB30846D4F88C3043B1C2
:1035C000B4F8982004F17401984701280DD002281E
:1035D0000ED0B4F89830B4F89420934213D201334B
:1035E000A4F8983000210B4604E00121002301E0FB
:1035F0000021012353B1D4F8883013BB04F15800E3
:10360000FBF7C6F910BD00210123F3E72046F8F7C8
:1036100015FDD4F888301BB92046F8F787FDF1E78F
:10362000BFF35B8F54E8003F5A1E44E80021002995
:10363000F8D1BFF35B8F012BE4DD2046F8F776FD70
:10364000E0E704F1080002F0B8FDD7E7034619B13E
:1036500001290CD000207047D3F81804C0F30040B3
:103660007AB1D3F8183403F0030313607047D3F82A
:103670000C04C0F3004022B1D3F80C3403F0010372
:1036800013707047006901EB41018900383108442B
:103690007047406800EBC10070470069C1EBC10191
:1036A00000EB8100704708B5C9B2FFF7EBFF8068F7
:1036B00000F0070008BDEFF31182402383F3128866
:1036C000BFF36F8F036813F0C00301D08B4207D1A3
:1036D00001230360002082F31188BFF36F8F7047CE
:1036E0004FF0FF30F7E7EFF31182402383F31288A6
:1036F000BFF36F8F036803F0C00C03F00703012BC7
:1037000008D08C4509D04FF0FF3082F31188BFF309
:103710006F8F704701600020F7E76FF07700F4E7E4
:10372000EFF31182402383F31288BFF36F8F036896
:1037300003F0C00343F00203036082F31188BFF378
:103740006F8F7047F8B506460C46FFF79BFF05687C
:103750004768002340F8083BFFF7E2FF1DB13A46F7
:1037600021463046A847F8BD70B506461546CCB28E
:103770002146FFF787FF29460830FFF79CFF002806
:1037800006DB21463046FFF784FF43689847002058
:1037900070BD08B58022FFF7E7FF08BD2DE9F041B5
:1037A000064690461F46CDB22946FFF76BFF0446FA
:1037B00006990830FFF797FF002809DBC4F800805E
:1037C000676029463046FFF764FF0368984700208A
:1037D000BDE8F08110B582B080240094FFF7DEFFD1
:1037E00002B010BD10B51446C9B2FFF756FF002154
:1037F000A04710BD08B50120FAF7F4F808BD08B5D8
:10380000012001F0EFF808BD08B5002001F0EAF84A
:1038100008BD08B520EAE070C117C90341EA50416C
:10382000C00340F2E733C0184FF47A724FF0000340
:1038300041F10001F3F794FD02F061FB08BD08B50A
:103840001046FBF7A5F808BD08B5F8F7ADFE002057
:10385000FAF7C8F808BD4278837890F803C09A1A3E
:103860003CEA020207D0C2185171013303EA0C038B
:103870008370002070476FF068007047002303706A
:10388000437083700139C170027170470020704726
:1038900008B508461146F7F7D1FE08BD0B4639B109
:1038A0001168196041688A4209D00023136070478B
:1038B0001368036041688A42F7D14360F5E74360CB
:1038C000F3E708B50A460368002101E019461B68C2
:1038D0002BB19342FAD1FFF7E1FF012000E0002075
:1038E00008BDF0B51C46059E069D00F01F0C400962
:1038F0002FD14FF0A04E0CF5E0735EF8233059B392
:1039000001205AB30227384354B30C2738434EB32F
:103910004FF4E06738433DB34FF44037384323EA70
:10392000000019B30B781AB31278520013430CB38A
:10393000227892001343FEB1327812021343EDB1A4
:103940002A781204134303430CF5E07C4EF82C3024
:10395000F0BD4FF0000ECEE70020D2E70027D2E7FF
:103960000027D3E70027D5E70027D7E70023DAE7CA
:103970000022DBE70022DDE70022DFE70022E1E7AB
:1039800070B504460D461646036833B1FFF799FF3C
:1039900070B91EB96FF0150006E032B123682B60D4
:1039A0002560636843B1002070BD6FF01500FBE730
:1039B000002EF3D10020F7E765600020F4E770B532
:1039C0000E461546016821B10C683CB131B90C4670
:1039D00004E00C4602E0234621461C4671B18A6889
:1039E0002A4002D04B6830469847002CF3D0236819
:1039F000002BF1D0002CEFD12346EDE770BD00691C
:103A0000003818BF0120704710F0100F04D110F0DB
:103A1000200F03D10020704703207047012070471A
:103A2000002070470020704743685B68D3F810356A
:103A30000B60002070472DE9F04105460C464368B5
:103A40005F6802EA010821EA0206FFF7EBFF00289F
:103A500009DBC7F80885C7F80C654FF4003221462A
:103A60002846FFF7DDFFBDE8F08170B504460D463E
:103A700043685E68FFF7D6FF002807DBC6F80855E5
:103A80004FF4003229462046FFF7CAFF70BD70B5DB
:103A900004460D4643685E68FFF7C4FF002807DB55
:103AA000C6F80C554FF4003229462046FFF7B8FF00
:103AB00070BD2DE9F04105460C4643685F68D7F8B4
:103AC000046521EA06080E40FFF7ACFF002809DB79
:103AD000C7F80885C7F80C654FF400322146284620
:103AE000FFF79EFFBDE8F081B0F5800F07D0B1F180
:103AF000C06F0DD0B1F1007F08D001207047B1F147
:103B0000007F01D0052070470420704702207047D5
:103B10000320704708B500690430FFF731FF08BD86
:103B200010B500F01F044009F8F7ECFE30B1014673
:103B300000690122A2400430FFF741FF10BD00B52B
:103B40004368136001E008331360136890F808C0FD
:103B5000D0F804E00EEBCC0C634505D293F805C019
:103B60008C45F0D1002001E06FF001005DF804FB0E
:103B700061B900F01F01400906D14FF0A0420123B6
:103B80008B40C2F80C3570470022F8E700F01F01A7
:103B9000400906D14FF0A04201238B40C2F80835FE
:103BA00070470022F8E738B513468568046912F4B7
:103BB000801F07D012F4402F04D012F0010F01D063
:103BC00082F4402323F4801213F0010F0AD02368FB
:103BD0004FF0010C0CFA01FC43EA0C0323602B6844
:103BE000984738BD23684FF0010C0CFA01FC23EA1A
:103BF0000C032360F3E708B503468C460068197987
:103C0000DA8842EA0C02FFF7CEFF08BD08B532B1F0
:103C1000012303FA01F18368DB68984708BD01239B
:103C200003FA01F183681B699847F7E710B5036948
:103C30001C6801238B401C4202D0B2FA82F2520966
:103C4000FFF7E4FF10BD61B900F01F01400906D184
:103C50004FF0A04201238B40C2F80C357047002280
:103C6000F8E700F01F01400906D14FF0A042012300
:103C70008B40C2F8083570470022F8E730B404E002
:103C8000083404600C68013C0C600C684CB104689A
:103C900065689D42F4D3B5FBF3F5156003681868B9
:103CA00001E00020106030BC704770B50446154636
:103CB0001E460A4609B30B68636403B35368A364E2
:103CC000334604F1580204F1480104F14400FFF7BF
:103CD000D5FF6065ADB12B68E364A3B16B68236564
:103CE000334604F1600204F1500104F14C00FFF787
:103CF000C5FFE0650023236470BD0B46DCE70023AD
:103D0000DDE72B46E8E70023E9E70368E3B110B5F8
:103D10000446986870B171B91AB99A8812F4805F34
:103D200008D1186901F045FC23680022197B9868C6
:103D3000FFF77CFF10BD0122197BFFF777FF236897
:103D4000186901F036FCF5E7704710B5044601220A
:103D50000021FFF7DAFFA36903B110BD636004F12E
:103D60001000FAF715FEF8E708B5006903688B4202
:103D700006D190F86C3033B9FFF7E7FF002008BD9B
:103D80006FF01500FBE76FF00F00F8E710B504695E
:103D9000216404F12800FAF7FBFD002384F86C305D
:103DA00010BD08B503689B8813F4005F00D008BD00
:103DB000002343601030FAF7EBFDF8E738B504460E
:103DC000049DAB8813F4005F08D083694BB9436846
:103DD000AB4201D0002302E0012300E0002313B135
:103DE00038BD0023FBE704F110004FF0FF324FF025
:103DF000FF33FAF70DFE6560F2E738B504460020A0
:103E0000034605E0626C02EBC302526810440133C2
:103E1000A26C9342F6D30022134605E0E16C01EB5D
:103E2000C30149680A440133216D8B42F6D38242B3
:103E300038BF02464FF4FA5303FB02F0254655F80B
:103E4000283B1B68B0FBF3F0C830410CC00340F2C4
:103E5000E733C0184FF47A724FF0000341F10001CC
:103E6000F3F77EFA02460B462846FAF7D1FD08B969
:103E7000206C38BD6FF07300FBE70378002B45D151
:103E800010B50C468A6ED2B18B6D43B19A4206D8FA
:103E90009B1A8B65CBB14B6D0BB113444B65A26E76
:103EA000236E43B19A4206D89B1A2366EBB1E36DA9
:103EB0000BB11344E365606EF8F7F4FF10BD6FF0CB
:103EC0007301606EFFF762FFF8E74B6C08334B64D9
:103ED0008B6C013B8B64012301F15802483104F1E2
:103EE0004400FFF7CBFE6065D9E7E36C0833E36479
:103EF000236D013B2365012304F1600204F15001AD
:103F000004F14C00FFF7BAFEE065D4E770472DE9F5
:103F1000F04383B004460E4690461F460569D0F82C
:103F2000049000910C9B0B9A9DF828102846FFF7EF
:103F300045FF31462046F8F72FFF064608BB012310
:103F400085F86C30D9F82410B1F1FF3F21D101235D
:103F50003A4641462846FFF7A8FE0022012128469E
:103F6000FFF7D3FE2046F8F79DFF2846FFF745FFF1
:103F7000064610F1740F11D0002211462846FFF7B3
:103F8000C4FE31462846FFF70CFF304603B0BDE8BB
:103F9000F08309F1280000F09CF8D8E70027AF660D
:103FA0004846FAF7B5F985F86D706FF07301204651
:103FB000FFF7ECFE05F12800FAF752FDDCE710B53B
:103FC00084B00024029401940094FFF7A0FF04B091
:103FD00010BD10B582B0044601AAFFF7B0FD00285D
:103FE00005DB019B226819791868F8F739FE02B0E1
:103FF00010BD38B50569446831B1012913D10021DC
:10400000206AFFF7E6FF10E095F86D3023B9012133
:10401000206AFFF7DEFF08E02046FAF779F900236F
:1040200085F86D30F3E76FF0850038BD08B50022E4
:1040300001210420FEF73FFB08BD38B50546846822
:1040400000E00834AB68EA6803EBC2039C420BD281
:10405000206801F0B4FA48B14FF4B0112046FFF7E0
:10406000CAFD0028EDDA00E0002038BD6FF0120034
:10407000FBE738B5446805690021206AFFF7A9FF0E
:1040800000280EDB616AB1F1FF3F0BD1E36998476D
:104090002846FFF7D2FF002803DB2846FFF755FE2E
:1040A000002038BD04F12800F8F754FF10F1130F79
:1040B000F7D010F1050FE9D1F3E700B583B00B4657
:1040C0000021019100910A46F8F722FF03B05DF844
:1040D00004FBF8B504460F4601F09BF905460022A3
:1040E0003946204601F08DF903213846FFF7E5FFF8
:1040F00000F0ADF8064623685B593BB900F0A7F81D
:10410000831B062BF7D96FF0730500E000253946B5
:10411000204601F07AF901213846FFF7CEFF284604
:10412000F8BD00B5A2F5807E4FEA9E0E4FF0010C5F
:104130000CFA0EFC1CEA010F0DD0815809B90020C1
:104140000AE00021815082581BB11A684CEA020231
:104150001A60012000E000205DF804FB70B582B019
:1041600006460D460024019409E0A20001AB02F5C9
:10417000A07229463046FFF7D4FF0134E4B2032C85
:10418000F3D915F0010F02D0D6F8003143B915F07C
:10419000020F02D0D6F8043163B9019802B070BDA5
:1041A0000023C6F80031D6F80031019B43F001032B
:1041B0000193ECE70023C6F80431D6F80431019BE3
:1041C00043F002030193E8E7401A20F07F40704774
:1041D00000F150039B009BB203F1804303F5883349
:1041E0001868003818BF0120704700F150039B0089
:1041F0009BB203F1804303F5883300221A601B68E9
:10420000704720F07F407047EFF3108072B6704720
:1042100080F310887047F0B585B0044617461D46F8
:10422000F8F73EFF06469DF8303002930B9B019352
:104230000A9B00933A462B462046F8F7FFFF0546B7
:1042400031462046F8F782FF284605B0F0BD08B594
:10425000F8F7D4FF08BD03783E2B03D0FF2B08D01E
:10426000002070478378022B01D000207047012086
:1042700070478378802B05D0822B01D000207047B7
:10428000012070470120704770B504460D464FF07D
:10429000FF304FF0FF31F9F717F9064608B1304605
:1042A00070BD29462046F9F7FDFA0646F9F716F9DA
:1042B000F5E7F8B506460C460846FFF7CCFF6378ED
:1042C0000233472B1AD805460022002301462078E6
:1042D000F6F7D4FC074660B16278023221460C3012
:1042E000FEF77AFC33691B68394630469847002050
:1042F000F8BD002DFCD16FF06800F9E76FF00B00FE
:10430000F6E770B505460C46002200230820F6F7B4
:1043100099FC78B1064662880432472A0DD82146B6
:104320000C30FEF759FC2B691B683146284698472C
:10433000002070BD6FF06800FBE76FF00B00F8E73E
:1043400070B505460C46002200232020F6F77AFCC3
:10435000628870B106460432472A0DD821460C30D7
:10436000FEF73AFC2B691B68314628469847002027
:1043700070BD6FF06800FBE76FF00B00F8E708B561
:10438000042A05D0022A06D0082A07D0002008BD3A
:10439000FFF78FFFFBE7FFF7B4FFF8E7FFF7D0FF6A
:1043A000F5E708B5F9F7C4F808BD38B50B8A73B15D
:1043B0000C460B7E012B0DD10846F9F70BF905468B
:1043C00008B1284638BD2046FEF7DEFBF9E76FF05E
:1043D0001505F6E76FF01505F3E710B54FF0FF3060
:1043E0004FF0FF31F9F770F8044608B1204610BDD0
:1043F000EBF7FEFF044628B9F9F770F80020F6F74E
:1044000031FCF3E7F9F76AF8F0E708B5ECF714F8D0
:1044100000B908BD6FF08500FBE700B585B000204E
:104420008DF8040001AA0221EBF762FF002833DBBC
:104430000823ADF8043001AA07210020EBF758FF4C
:10444000002829DB1B23ADF80630ADF80430022329
:104450008DF8093003218DF8081001AA0020EBF730
:1044600047FF002818DB01238DF8043001AA04213E
:104470000020EBF73DFF00280EDB1F23ADF80430D2
:1044800001AA06210020EBF733FF002804DB40F2ED
:104490006223984203D8002005B05DF804FB002396
:1044A00083F31188BFF36F8F0423184602DF6FF088
:1044B0000B00F1E70F230370042343708270012384
:1044C000C370818070474FF00E0C80F800C04270BE
:1044D00001228270A0F80310437170470323037018
:1044E000002303717047012070470023036043607D
:1044F000037943F020030371DBB243F040030371FF
:10450000704700230380037843F001030370DBB29C
:1045100043F002030370DBB243F0200303704378DF
:1045200043F001034370DBB243F002034370DBB29C
:1045300043F004034370704708B54278037843EAB8
:1045400002231BB240F60142934205D040F60342DB
:10455000934205D0012008BD0330F3F7B6F8FAE71F
:10456000ECF752F8F7E708B50346033093F801C0BB
:104570001B7843EA0C234FF60B4C63451CD94FF6CE
:104580001D5293426CD84FF60252934227D3A3F5A3
:104590007D43023B1B2B5FD8DFE803F04C4F5255A5
:1045A0005E5E5E5E5E5E585E5E5E5E5E5E5E5E5E31
:1045B0005E5E5E5E5E5E5E5B0631B3F57C4F01D88B
:1045C00001204AE0A3F57C43013B0A2B46D8DFE8F3
:1045D00003F0080F45454527454517202A000120CF
:1045E0003BE013780C3313700846F3F773F834E0AC
:1045F0001378403313700846FFF783FF00202CE048
:104600001378581C1070173313700846F3F77FF8AF
:1046100023E01378203313700846F3F79CF81CE06E
:10462000F3F773F819E01378013313700846F3F7C2
:10463000AFF812E0F3F7C2F80FE0F3F7C1F80CE0BF
:10464000F3F7C0F809E0F3F7C3F806E0F3F7C2F8B0
:1046500003E0F3F7C1F800E0012008BD0120FCE70A
:104660000120FAE710B504463122002101F0ECFEEA
:10467000637943F040036371DBB243F080036371FD
:10468000A37B43F00803A373DBB243F02003A373BF
:10469000E37B43F00203E373637E43F0010363763D
:1046A000DBB243F002036376DBB243F004036376CC
:1046B000DBB243F010036376DBB243F02003637692
:1046C000DBB243F040036376DBB243F080036376F2
:1046D000A37E43F00103A376DBB243F00203A3768B
:1046E00094F82D3043F0400384F82D30A37E43F03E
:1046F0004003A376DBB243F08003A376E37E43F06E
:104700000103E376DBB243F00203E376DBB243F06E
:104710004003E376DBB243F08003E376237F43F08C
:1047200008032377DBB243F010032377DBB243F0B7
:1047300020032377DBB243F04003237794F8233040
:1047400043F0800384F8233094F8243043F00103CD
:1047500084F8243094F8263043F0800384F826301F
:1047600010BD08B50346881D93F801C01B7843EAC5
:104770000C231BB2A3F58053013B082B20D8DFE8A4
:1047800003F0050B121F1F1F1F1F1900137808339A
:104790001370F3F723F814E0137840331370FFF726
:1047A00061FF00200DE0137808331370FFF79DFEC2
:1047B000002006E0137806331370F3F711F800E0D9
:1047C000012008BD002303604360037843F0010328
:1047D0000370DBB243F004030370DBB243F0080361
:1047E0000370DBB243F010030370437843F04003DF
:1047F0004370704708B503460330063193F801C093
:104800001B7843EA0C231BB2A3F50053013B7B2B1F
:1048100000F29780DFE803F03E4148955053565D23
:104820006063959595956970737695959595797F63
:104830009595958695959595959595959595959537
:104840009595959595959595959595959595959518
:104850009595959595959595959595959595959508
:1048600095958E95959595959595959595959595FF
:1048700095959595959595959595959595959595E8
:1048800095959595959595959595959595959595D8
:1048900095959566F2F7A6FF54E0137803331370ED
:1048A0000846F2F7A4FF4DE013780833137008466A
:1048B000FFF788FF002045E0F2F79BFF42E0F2F7A8
:1048C0009AFF3FE01378013313700846F2F795FF23
:1048D00038E0F2F794FF35E0F2F793FF32E0F2F7B9
:1048E00092FF2FE0F2F7A3FF2CE01378013313704F
:1048F0000846F2F78AFF25E0F2F789FF22E0F2F797
:1049000088FF1FE0F2F787FF1CE013781033137065
:10491000F2F783FF16E01378083313700846F2F7B6
:104920007EFF0FE01378083313700846FFF7D6FDBB
:10493000002007E01378023313700846F2F775FF82
:1049400000E0012008BD01207047684620F0070103
:104950008D4601B5EFF7F0FFF5F78AFCBDE80140A1
:1049600085467047684620F007018D4601B5EFF790
:10497000AFFFBDE8014085467047684620F007015B
:104980008D4601B5EFF7D0FCF5F772FCBDE80140AC
:104990008546704710B5F8F7B3FF044608B12046C6
:1049A00010BD012200210820FDF785FE0122002113
:1049B0000B20FDF780FE012200211046FDF77BFE53
:1049C000EDE708B54FF0FF304FF0FF31F8F77CFD11
:1049D000F4F793F9F8F782FD08BD08B5F4F7D4F8B9
:1049E000002008BD012800D0704708B5EFF7E0FAB5
:1049F00008BD704708B5EFF7F1F808BD4FF08053D8
:104A0000D3F83031B3F1FF3F03D0062B06D000209E
:104A100070474FF0704393F8E03FF6E7012070478E
:104A20004FF0704393F8E02FD3F8E83FC3F303133C
:104A3000062A01D000207047033B002B04D8DFE892
:104A400003F0010001207047002070474FF08053B1
:104A5000D3F83031B3F1FF3F03D0062B06D000204E
:104A600070474FF0704393F8E03FF6E7012070473E
:104A70004FF0704393F8E02FD3F8E83FC3F30313EC
:104A8000062A01D000207047033B002B04D8DFE842
:104A900003F0010001207047002070474FF0805361
:104AA000D3F83031B3F1FF3F03D0062B06D00020FE
:104AB00070474FF0704393F8E03FF6E701207047EE
:104AC0004FF0704393F8E02FD3F8E83FC3F303139C
:104AD000062A01D000207047033B002B04D8DFE8F2
:104AE00003F0010001207047002070474FF0704331
:104AF00093F8E02FD3F8E83FC3F30313062A01D05D
:104B000000207047033B002B04D8DFE803F00100CE
:104B100001207047002070474FF08053D3F83031A8
:104B2000B3F1FF3F07D04FF08052D2F83421062B6B
:104B30000AD0002070474FF0704292F8E03FD2F860
:104B4000E82FC2F30312F2E7033A012A04D8DFE8A0
:104B500002F0010100207047012070474FF08053A0
:104B6000D3F83031B3F1FF3F03D0062B06D000203D
:104B700070474FF0704393F8E03FF6E7012070472D
:104B80004FF08053D3F83031B3F1FF3F03D0062B01
:104B900006D0002070474FF0704393F8E03FF6E7EF
:104BA000012070474FF08053D3F83021D3F83431CF
:104BB000062A01D000207047052B03D8032B03D30E
:104BC0000020704701207047012070474FF080534C
:104BD000D3F83021D3F83431062A01D000207047B1
:104BE000062B03D8032B03D3002070470120704706
:104BF0000120704708B5FFF7E9FF38B14FF01023E7
:104C0000D3F808224FF08043C3F8582508BD08B5F3
:104C1000804708BD10B401F5A27150F8214024F47A
:104C2000473424F4407440F8214050F821401202E7
:104C300002F4F8521B0403F440331A43144340F8BF
:104C4000214010BC704710B401F5A27150F821400A
:104C500024F4981424F4F85440F8214050F82140EA
:104C6000120202F4F8521B0403F440331A439DF875
:104C700004301B0503F480131A43144340F8214009
:104C800010BC704700B5A2F5807E4FEA9E0E4FF033
:104C9000010C0CFA0EFC1CEA010F0DD0815809B969
:104CA00000200AE00021815082581BB11A684CEAAA
:104CB00002021A60012000E000205DF804FBF0B55C
:104CC00083B005460E4617460024019409E0E2B27F
:104CD000920001AB02F5807231462846FFF7D2FF01
:104CE0000134BC42F3D301AB4FF4BE7231462846C7
:104CF000FFF7C8FF019803B0F0BDF0B51C46059E54
:104D0000069D00F01F0C40092FD14FF0A04E0CF56E
:104D1000E0735EF8233059B301205AB302273843B9
:104D200054B30C2738434EB34FF4E06738433DB3D8
:104D30004FF44037384323EA000019B30B781AB315
:104D40001278520013430CB3227892001343FEB141
:104D5000327812021343EDB12A781204134303434D
:104D60000CF5E07C4EF82C30F0BD4FF0000ECEE795
:104D70000020D2E70027D2E70027D3E70027D5E7B6
:104D80000027D7E70023DAE70022DBE70022DDE790
:104D90000022DFE70022E1E700B585B08DF80F10B3
:104DA0000DF10F030193002100910B460A46FFF716
:104DB000A4FF05B05DF804FBC0B2704738B50D46DE
:104DC0000079F8F799FF04462846FFF7F5FF083009
:104DD00034F8100000F0010038BD38B50D460079F8
:104DE000F8F78AFF04462846FFF7E6FF083034F854
:104DF0001000C0F3401038BD38B50D460079F8F703
:104E00007BFF04462846FFF7D7FF083034F8100030
:104E100010F01C0018BF012038BD38B50D460079D0
:104E2000F8F76AFF04462846FFF7C6FF083034F853
:104E30001000C0F3400038BD38B504460D46FFF7FA
:104E4000ECFF30B129462046FFF7C7FF18B101201B
:104E500000E0002038BD0020FCE708B5FFF7DDFFCB
:104E600080F00100C0B208BD7047704738B50D46EC
:104E70000079F8F741FF04462846FFF79DFF083008
:104E800034F81000400B38BD032894BF00200120E7
:104E9000704770B506460D46002404E04FF0FF331E
:104EA000AB4211D001341F2C0CD83079F8F724FF15
:104EB00004F1080330F8133013F4807FEED0C3F30D
:104EC0004323EDE7002000E0012070BD38B5044623
:104ED0000D46FFF782FFB8B129462046FFF7BDFF18
:104EE00090B129462046FFF7C1FF22680123834085
:104EF000C2F80833226800F5A27052F8203023F07F
:104F0000030342F8203003E000212846FFF744FF66
:104F100038BD38B504460D46FFF75FFF10B94FF4B2
:104F2000BE7038BD29462046FFF7A0FF800000F57F
:104F3000807080B2F5E7F8B506460F4615460024A6
:104F4000002C03DD4FF0FF342046F8BD3079F8F730
:104F5000D3FE50F83430BB4201D00134F0E700EB0F
:104F6000C4035B68AB42F8D1EEE738B50C46007974
:104F7000F8F7C2FE05462046FFF71EFF083035F859
:104F80001030C3F38203042B11D0052B11D004F091
:104F90001F02640909D14FF0A043D3F81035D34064
:104FA00013F0010F07D0032002E00023F5E70320F0
:104FB00038BD0220FCE70220FAE710B50446084697
:104FC000FFF7FAFE083034F8103013F4807F04D075
:104FD000C3F3432304EBC30010BD0020FCE770B50E
:104FE00004460E4615460079F8F786FE866020795D
:104FF000F8F782FEC56070BD08B50079F8F77CFE51
:1050000090F86000003818BF012008BD70B5044654
:105010000D4616460368D3F80423002A03DB4FF03D
:105020000042C3F8042329462046FFF7D6FE00B30A
:1050300029462046FFF711FFD8B129462046FFF741
:1050400015FF2268830003F580739BB200219950FD
:105050009B58226800F5A27152F8213043F00103F9
:1050600042F821306EB1226801238340C2F8043334
:1050700007E029462046FFF778FF01462846FFF75C
:105080008BFE70BDF8B504460D461646FFF795FF3A
:1050900020B10768426831462846B847A3681BB16B
:1050A000E268314628469847F8BDF8B507460E46EF
:1050B00014461D461046FFF7E7FE60B9022D28D0C2
:1050C00002213046FFF768FE032C26D0022D22D0A5
:1050D000032D28D0F8BD224631463846FFF7D2FFCF
:1050E00006F01F03720912D14FF0A04203F5E073DE
:1050F00052F82330C3F301439D42EBD100213046E7
:10510000FFF74AFE29463046FFF746FEE2E7002257
:10511000ECE70321D5E7012CDAD1224631463846A7
:10512000FFF7B0FFD6E7022CD4D1F6E70023D3B1C6
:105130000020704711F0010F0ED01AE04FF0A04C84
:10514000DCF820454EF8044BCCF8204501325C1CBD
:10515000A242F3D3425922B90133002BEAD00020F6
:1051600030BD0120FCE711F0010F01D10133DEE772
:1051700030B59D001A4600EB830EE8E710B50C46EB
:105180000079F8F7B9FD21465430F8F759FD10BD04
:1051900070B505460846FFF70FFE04462879F8F774
:1051A000ABFD04F1080330F8133013F4807F0BD00B
:1051B000C3F34326083423F4F85320F8143031465F
:1051C0002846FFF766FE00B170BD2879F8F794FD18
:1051D000002340F836302879F8F78EFD31465830F4
:1051E000F8F752FDF0E770B504460D46FFF7F5FD00
:1051F00048B1266829462046FFF738FE00F5A27020
:10520000002346F8203029462046FFF7C1FF2079C9
:10521000F8F772FD04462846FFF7CEFD083000235C
:1052200024F8103070BD10B50C460079F8F764FD15
:1052300021465430F8F728FD10BD70B504460D46E0
:105240001E4604984FF0000C01E00CF1010C84455F
:105250000ED25FFA8CF2920002F58071920801235F
:1052600003FA02F21542F0D0002363506358ECE7D2
:10527000002D04DA0023C4F87C31D4F87C3144F3E7
:105280000730FDF70EFA0EB1C4F8045370BD2DE9D6
:10529000F04182B080460F4600230193C96D01A8FA
:1052A000FFF744FF002676B13A6D4FF000414046CB
:1052B000FFF705FDF96D01A8FFF738FF0028F1D1D0
:1052C00002B0BDE8F08197F85C3013F0010F10D107
:1052D0000136E8E7002405F5E07354F82330C3F302
:1052E000014329463846FFF7E0FE0123AB40C4F8EE
:1052F000203502AB03EB860353F8044C002CE7D0B7
:1053000094FAA4F4B4FA84F404F01F052846FFF7D5
:1053100053FD083037F81020C2F3820201AB03EBD3
:1053200086034FEAD40C04F0070413F80C10012094
:10533000A04021EA000103F80C106B09CAD14FF01C
:10534000A044C8E7F8B506460F46144618E094FA9C
:10535000A4F3B3FA83F301229A4024EA020403F58A
:10536000A27356F82350C5F3042556F82300C0F362
:105370000140FFF779FD024629463846FFF782FED5
:10538000002CE4D1F8BD70B505460E46D0F80413E4
:10539000C9B2326D41F00041FFF791FC041E05DBFC
:1053A000224631462846FFF7CDFF70BD31462846DC
:1053B000FFF76DFF24F00044F2E708B5F8F77CFD35
:1053C00008BD08B5F8F79CFC08BD08B5FFF707FE57
:1053D00008BD08B5F8F710FD08BD08B5F8F73CFEA4
:1053E00008BD08B5FFF708FE08BD08B5F8F71AFEB6
:1053F00008BD08B5FFF717FF08BD08B5FFF7BEFEEB
:1054000008BD08B5FFF702FE08BD08B5FFF75EFD51
:1054100008BD08B5FFF77DFD08BD003A18BF0122A1
:10542000022909D003290AD0012902D0C0F8542545
:10543000704742F00202F9E742F00402F6E742F058
:105440000602F3E700B583B00B46002101910091FD
:105450000A46F8F731FE03B05DF804FB08B50346D1
:10546000827FFF2A09D002F01F0152090ED14FF0AE
:10547000A04001228A40C0F8082500225A771A72FB
:10548000184650F8082B5968904708BD0020F0E7EF
:1054900030B482B0D0F81835DBB28DF807300B6A23
:1054A0008A69934203D24A699DF80740D4540B6A33
:1054B0005A1C0A62023391F824403CB10C699C42A8
:1054C00000D90B618C699C4200D98B610C699C42AC
:1054D00008D88D699D420DD8A24210D3AA4210D29D
:1054E000012004E0CA68D35CC0F81C35012002B07A
:1054F00030BC7047CB7FC0F81C350120F7E7012096
:10550000F5E70020F3E738B504460D4600230B62AB
:105510000421C0F80813C0F80831D0F808315368E6
:1055200083B113681B78C4F81C355368012B0BD961
:1055300013685B78C4F81C352B6863B10423C4F886
:10554000043338BDEB7FEEE7D368012BF4D9EB7F52
:10555000C4F81C35F0E7D4F80831002BFBD0002349
:10556000C4F80831D4F8083129462046FFF790FFE7
:105570000028F0D1AB7FFF2BE3D003F01F025B09C3
:1055800006D14FF0A04101239340C1F80835D8E778
:105590000021F8E710B50C460022C0F80821D0F829
:1055A0000831FFF775FF00B110BD2046FFF756FF29
:1055B000FAE700B9704708B5F5F7CCFA08BD60B155
:1055C000C3685A7812F0010F03D01B781BB100207A
:1055D0007047002070470120704700207047EFF3AC
:1055E0001183402383F31288BFF36F8FFEE708B562
:1055F000FFF7F5FF38B545680368A3B1284698471B
:10560000044630B100280CDBFF2C00DDFF24EB68E2
:105610001C70EA68537843F0010353702CB12046A4
:1056200038BD4442F0E70024F3E72846FCF7EEFFDC
:10563000F5E708B500F008FF08BD08B500F0F6FE74
:1056400008BD704710B500F10C04C4600461FCF79C
:1056500019FC10BD2DE9F04F89B006468A469146E7
:10566000129D139C2A46234606A800F03BFDDDE967
:105670000623CDE9022306F1140BEFF31181402339
:1056800083F31288BFF36F8F4FF000084746CDF8C1
:1056900014B08B4615E0DDE9022306A800F058FDA2
:1056A000069D079C0095019406F10C025946059849
:1056B000F9F7CEFDEFF3118B402383F31288BFF38C
:1056C0006F8F77B94A4651463046FCF750FB074684
:1056D00038B9254305D0B8F1000FDCD14FF00108EF
:1056E000D9E78BF31188BFF36F8F384609B0BDE857
:1056F000F08F70B5044600F11406EFF311854023D6
:1057000083F31288BFF36F8FFCF7E1FA04F10C000A
:1057100000F0DAFB20B985F31188BFF36F8F70BDFD
:1057200029463046F9F71EFEF9E708B5EFF3118375
:10573000402383F31288BFF36F8FFCF7D4FFF5E7A4
:1057400000BF7047884200DA014611F17F0F01DB8C
:10575000084670476FF07E00704708B5806890F982
:105760000E308B4201D1002008BDF9F78DFDFBE71B
:105770000B6803F003030B60426832B1136803F057
:1057800003030B4313604160704741600160704741
:1057900008B591B18C460B6823F00301032B18D98F
:1057A000136803F003030B431360DCF8003003F0CD
:1057B00003031343CCF8003008BD0168136803F0FD
:1057C00003030B43136002604368002BF4D1426073
:1057D000F2E71146FFF7CCFFEEE708B50022C0F86C
:1057E000C020416100F0BCFA08BD2DE9F84F044625
:1057F0000F46154698469DF8283000F1080AEFF349
:105800001189402282F31288BFF36F8F03B147687A
:1058100004F10802A668B2421ED0B6F1000B18BF10
:105820004FF0010BD6B9BBF1000F28D1B8F1000F32
:1058300030D100232B602A4639462046FFF7A8FFC7
:10584000042104F1100000F02DFD49465046F9F7FF
:1058500089FD5846BDE8F88F0026DEE77268336898
:1058600013605A60002333607360727B22F002027F
:105870007273B36006F1180000F004FCD3E7294608
:105880003046FFF7AAFF49465046F9F76BFD4FF047
:10589000000BDEE708210020FAF7BAFA20B14560D4
:1058A000012202600546C6E789F31188BFF36F8FB6
:1058B0006FF00B0BCDE760B1036813F0030F08D056
:1058C00010B5446809B9204610BD00F0A6FD204679
:1058D000FAE7704700230360436000F10803836028
:1058E000C36000F1100303614361704700B583B0EA
:1058F0000A460123009300231946FFF776FF03B001
:105900005DF804FB00B583B00A46002100910B4608
:10591000FFF76BFF03B05DF804FB08B500210068DA
:10592000FFF7C9FF08BD5AB18A420CD38160C2603B
:105930000060406000F11003036143610020704784
:105940006FF0150070476FF0150070470B4639B1C6
:105950001168196041688A4209D0002313607047BA
:105960001368036041688A42F7D14360F5E74360FA
:10597000F3E708B50A460368002101E019461B68F1
:105980002BB19342FAD1FFF7E1FF012000E00020A4
:1059900008BD08B5CB6823F00402CA6013F0040FF9
:1059A00000D108BDC830FFF7E4FFFAE710B50446A0
:1059B000C36813F0020F09D0E36813F01F0004D08E
:1059C00043F00202E26040F0020010BD0146806830
:1059D000FFF7DFFFF0E730B108B500221146D03005
:1059E00000F0B7FA08BD0020704770B50D46C368D7
:1059F00013F0020F22D1044613F0040F23D10B68D9
:105A0000ABB1E36813F0010F14D0A3682B6002263A
:105A100021462868F9F778F8002811DBE36843F09D
:105A20000403E3602B68A36036B130460AE0836864
:105A30000B60E6E70126EBE7304601E06FF00F0070
:105A400000232B6070BD0020FAE710B582B003463A
:105A5000EFF31184402282F31288BFF36F8F00228C
:105A6000019250F8042C22F0080140F8041C12F0B6
:105A7000080F05D184F31188BFF36F8F02B010BDFA
:105A800010389B69019301A9FFF7AFFFF2E708B552
:105A9000EFF31180402383F31288BFF36F8FF9F780
:105AA00077FC08BD08B5C36823F01003C36010304D
:105AB000F8F76EFF08BD08B5C36823F00802C2609E
:105AC00013F0080F01D1002008BD103000F0DAFA01
:105AD000B0FA80F04009F7E710B50446FFF7EBFF96
:105AE0002046FFF763FF10BD00230360436083601F
:105AF000C3604160704710B582B001900846EFF373
:105B00001184402383F31288BFF36F8F01A9FFF73D
:105B10006CFF84F31188BFF36F8F02B010BD10B516
:105B2000FFF7E9FF041E01DC204610BDFFF7AFFFC1
:105B3000FAE708B5E822002100F086FC08BD38B578
:105B400004460D463022002100F07EFC65604FF4D3
:105B50008073E36038BD10B582B00190EFF311841B
:105B6000402080F31288BFF36F8FC86810F01E0FBB
:105B700006D0002084F31188BFF36F8F02B010BDF0
:105B800001A8F9F7B5F8F5E7F0B583B001900C4638
:105B900016461D46EFF31187402383F31288BFF3A7
:105BA0006F8F0846FFF787FF32462B46214601A834
:105BB000F9F79EF887F31188BFF36F8F03B0F0BD3C
:105BC00010B5EFF31184402383F31288BFF36F8F76
:105BD000FFF782FF84F31188BFF36F8F10BDF8B514
:105BE0000546D31D23F007037F3323F03F0301F164
:105BF0004007A3F140063F2B07D8002282F311880B
:105C0000BFF36F8F0422104602DFCC1821462846CE
:105C1000F4F71AFB073020F00700C5F8A870C5F8A4
:105C2000AC60C5F8B000201AF8BDEFF3058000386D
:105C300018BF0120704710B40024846003734273BE
:105C40008173C4738461C46110BC7047F0B587B0C0
:105C50000446129E139D00270597109F04970F9FDF
:105C600003970E9F02970D9F01970C9F0097F9F7DE
:105C7000D5F8B5F1FF3F08BFB6F1FF3F02D120468E
:105C800007B0F0BD32462B462046F9F7A7F8F6E7F5
:105C90000020704738B504460D46F9F79DF9637B3F
:105CA00043F00203637335B3A5602B689D420DD1A9
:105CB00000230BE05A686260236014605C601AE0A5
:105CC0001A4669688A420FD01B687BB173B194F998
:105CD0000E1093F90E209142F2D0521A002AE9DCFC
:105CE0001A46002BEDD1F0E70023EEE76B68256044
:105CF00063601C606C6038BD08B5183000F0C2F9F4
:105D000008BD70B50646046884421AD0DCB16268EA
:105D1000236813605A60002525606560637B23F06B
:105D200002036373A56004F1180000F0ABF9C4F836
:105D3000C0502046F9F7F2F83468A642E6D10024B4
:105D4000E4E70024E2E770BD70B5044616461D4640
:105D5000FFF7A0FF32462B462046F9F705FA70BD43
:105D600038B504460023EFF31185402282F31288F0
:105D7000BFF36F8F04E085F31188BFF36F8F0123AA
:105D800043B92046FFF784FF0028F4D12046F9F7F5
:105D9000C5F8F0E738BD0023EFF31181402282F30C
:105DA0001288BFF36F8F10E04268036813605A6077
:105DB000002303604360427B22F00202427383604F
:105DC00081F31188BFF36F8F01231BB98368002B08
:105DD000EAD1F5E7704770B504460E460023EFF3AD
:105DE0001185402282F31288BFF36F8F0BE0637B33
:105DF00023F0040363732046F9F790F885F31188C4
:105E0000BFF36F8F01231A46F3B9637B03F02803B6
:105E100094F8701009B106B10122002084F87000D6
:105E200012F0010FEAD1002BE8D1A368002BDED0DD
:105E30006268236813605A6020606060627B22F0B1
:105E400002026273A060D2E770BD08B50121183864
:105E5000FFF7C1FF08BD01460023EFF3118C40227C
:105E600082F31288BFF36F8F184605E000208CF391
:105E70001188BFF36F8F01238BB908688142F5D079
:105E80000028F4D04268036813605A60002303605E
:105E90004360427B22F0020242738360E7E770476F
:105EA00010B50446FFF777FF04F1180000F0EAF898
:105EB00010BD08B5EFF31180402383F31288BFF3C0
:105EC0006F8FF9F765FA08BD38B505460468844256
:105ED00001D0002002E00024FBE7012054B120465D
:105EE000FFF7DEFF2046FFF73BFF2C68A542F4D109
:105EF0000024F2E738BD031D43608360704738B566
:105F000005460C46F9F702FBB4F1FF3F08BFB5F1B7
:105F1000FF3F1BD0C217510141EAD06143011B1A58
:105F200061EB0201890041EA93719B001B1842EB6F
:105F30000102D20042EA5372DB0047F6FF715818A3
:105F400042F10002C00B40EA424038BD4FF0FF3042
:105F5000FBE72DE9F0410546884617460023EFF39D
:105F60001186402282F31288BFF36F8F184604E037
:105F700086F31188BFF36F8F0123F3B92C68A54214
:105F8000F6D0002CF4D0C4F8C08067616268236842
:105F900013605A6000232360636094F80DC02CF0F6
:105FA000020C84F80DC0A36004F1180000F06AF838
:105FB0002046F8F7B3FF0120DAE7BDE8F0812DE9CC
:105FC000F04105460F4616460023EFF311884022A4
:105FD00082F31288BFF36F8F194616E000247CB15C
:105FE00031462046B847014650B922466B689C426C
:105FF000F4D02468002CF2D0002AF0D11446EEE749
:1060000088F31188BFF36F8F012323B92C68A54251
:10601000E5D10024E3E70846BDE8F08110B5044669
:10602000F9F7C2FC48B102460369416920691B18AF
:10603000606941EB0001136151616268236813607C
:106040005A6000232360636010BD10B5F9F7A2FC0D
:106050000446F9F7B5FC7CB1236962691B1A62EB4F
:10606000E072B3F1004F72F1000108DA002A01DB9F
:10607000184610BD0023FBE76FF00040F9E76FF012
:106080000040F6E7F8B504460023EFF311874022FD
:1060900082F31288BFF36F8F6FF015000AE0FFF7ED
:1060A000D4FF0021F7F7CCF9304687F31188BFF30E
:1060B0006F8F01231E4663B92368002BF5D0F9F7D3
:1060C00069FC05462046FFF7A9FFA542E7D0304608
:1060D000EBE7F8BD08B5F9F767FD08BD08B5F9F7B6
:1060E00063FD08BD70B50646B3F1FF3F08BFB2F1CE
:1060F000FF3F09D015461C4653EA02010CD100228D
:106100000023C0E9002305E04FF0FF324FF0FF33DA
:10611000C0E90023304670BD6FF00101891A4FF0CD
:10612000FF3262EB0303002B02DB01604360F1E707
:10613000F9F73AFD2B462246012D74F1000401DAED
:1061400001230022C01841EB020130607160E1E7D9
:10615000F8B50546B3F1FF3F08BFB2F1FF3F0AD0E3
:1061600014461F4657EA02030CD100220023C0E95F
:1061700000232846F8BD4FF0FF324FF0FF33C0E94F
:106180000023F6E7F9F710FD03460A46A042B9419D
:1061900005D2E61A67EB02022E606A60E9E7002684
:1061A0003246F9E708B5EFF31180402383F31288F4
:1061B000BFF36F8FF9F7ECF808BD10B50446FFF791
:1061C00061FF60B9636A0BB12046984704F118007B
:1061D000FFF741FE18B1FFF7C3FDFFF7E3FF10BD66
:1061E00008B160387047704738B50D468068FFF7D2
:1061F000F7FF437B13F0020F01D1002038BD0446A6
:10620000FFF74EFE082D0AD00023C4F8C030637B90
:1062100013F01F0F08D1A36923B1002305E06FF02D
:106220000303F2E7012300E00023002BE5D0204622
:10623000FFF796FDE1E770B58468237873B154F8F1
:10624000045C5DB1A4F1140604F11400FFF71AFF19
:106250000023E36231462846FFF74DFC002070BD65
:1062600070B504460D468668D6B17378012B0DD003
:10627000022B12D0002030700023A360E368C3F328
:1062800086322A4362F39433E36070BDFFF7ACFFBC
:10629000002333709842EFDAF7E7FFF7CCFFF7E718
:1062A0000020E9E710B50346EFF31184402282F3A2
:1062B0001288BFF36F8F0068834208D0426803687A
:1062C00013605A60002303604360FFF7C9FF84F343
:1062D0001188BFF36F8F10BD0140012A03D0081E43
:1062E00018BF01207047884214BF0020012070476A
:1062F00038B504460D46C26E02F001024968806E50
:10630000FFF7EAFF08B9002038BD012384F8703098
:106310002B6863662C6004F11800FFF7B3FEF2E708
:106320002DE9F04F85B0DDF83890DDF83C800E4661
:1063300019B9304605B0BDE8F08F0446154602F0A5
:10634000010AF9F791F9039004F10C030293EFF3BA
:10635000118B402383F31288BFF36F8F15F0020F68
:1063600001D00023A360A768524639463046FFF7A4
:10637000B3FF40B958EA09030BD18BF31188BFF37F
:106380006F8F002703E08BF31188BFF36F8F3E40C0
:10639000CFE7039FBE66FD66CDF80090CDF8048080
:1063A000224659460298F8F753FF08B9BF6EEEE748
:1063B0000027ECE708B54FF0FF32F9F7F9FC08BD0C
:1063C00008B50A460021F9F7F3FC08BD10B582B004
:1063D00042B10222DDE90434CDE90034FFF7A0FF29
:1063E00002B010BD0022F5E7D0B582B0044600230C
:1063F00004320ED27BB900260027CDE9006741F0B8
:1064000004012046FFF726F908B140F8044B02B01A
:10641000D0BD0123EEE70020F9E730B108B5011F38
:1064200050F8040CFFF765F908BD70470A44914223
:1064300000F1FF3300D1704710B511F8014B03F89C
:10644000014F9142F9D110BD02440346934200D15D
:10645000704703F8011BF9E710B501390244904277
:1064600001D1002005E0037811F8014FA34201D0CB
:10647000181B10BD0130F2E710B50139044632B1E6
:1064800011F8013F00F8013B013A002BF7D1002140
:10649000FFF7DAFF204610BD10B5024601448A42DC
:1064A000134603D01C780132002CF8D1181A10BD05
:1064B000F0B5C3F137070446FFB203F01F031046DF
:1064C000082BE6B233D0102B3ED06508A40844EA6E
:1064D000817445EAC1752D194FEA910242EB5102D0
:1064E000290941EA02716D1842EB1212290A41EAA8
:1064F00002616D1842EB1222290C41EA02416D182B
:1065000042EB1242AD1842F10002EC0844EA427438
:10651000D10804EB8402A6EB4205EDB2092D0CD99B
:106520000134A5F10A0541F10001EDB212E0E408E1
:1065300044EA417406F00705C908303554EA0102FF
:1065400000F8015BBCD1F0BD240944EA017406F0F7
:106550000F050909092D84BFED19EDB2EDE7000023
:10656000014800687047000098210020BA27FF7F8B
:10657000010000003DAB000000000000C9C50000A4
:10658000F46501004DE7000000000000C9CB0000E9
:106590000C6601009549010000000000DB49010084
:1065A000000000008D3801003C66010099C8000021
:1065B00024660100E9D20000000000006DAB00007D
:1065C00000000000F1AA0000000000009DD60000BD
:1065D0005466010071D9000000000000D1EA0000FB
:1065E000000000009DC200006C66010073400100C5
:1065F00084660100A06E0100B06E01008068010099
:1066000074040020E821002000000000E06E01007A
:10661000F06E0100546801007A04002090220020EE
:1066200000000000C06E0100000000004C68010086
:10663000760400203C22002000000000D06E010003
:106640000000000044680100780400200000000001
:1066500000000000B46F010000000000C06F0100E6
:106660007E040020A822002000000000846E0100AB
:1066700000000000386801007204002000000000E3
:1066800080030020106F0100206F01007868010076
:106690007C0400209403002098020020F5490100AA
:1066A0000F4C010000000000CD260100000000009A
:1066B000CD26010000000000CD26010039E40000D5
:1066C0000F4C010000000000CD260100A5E00000F5
:1066D0000F4C01006C660100E9C2000000000000E0
:1066E000CD26010000000000CD26010000000000C2
:1066F000CD26010000000000CD26010000000000B2
:10670000CD2601003C220020FDC700000000000053
:10671000CD26010000000000CD2601000000000091
:10672000CD2601000000000001D4000000000000A0
:10673000CD26010000000000CD2601000000000071
:10674000CD26010000000000CD2601000000000061
:10675000CD26010000000000CD2601000000000051
:10676000CD26010000000000C1D90000000000009B
:10677000CD26010000000000CD2601000000000031
:10678000CD26010000000000CD2601000000000021
:10679000CD26010000000000CD2601000000000011
:1067A000CD26010000000000CD2601000000000001
:1067B000CD26010000000000CD26010000000000F1
:1067C000CD26010000000000CD26010000000000E1
:0467D000CD260100D1
:1067D800A81300204028002000100000D5900000D9
:1067E800000000000000000000000000070000009A
:1067F800000000004C6B01000000000000000000D9
:10680800E01200200024002000040000299200006B
:106818000000000000000000000000000800000068
:1068280000000000346B01000000000000000000C0
:1068380029BF000071C20000580200009138010011
:106848000000000045C800004DC7000009CA00004C
:10685800293A0100373A01006B3A01008F3A0100EA
:10686800B33A010015C90000153B01000000000003
:10687800BF3F0100693D01006DC50000933701006D
:10688800D537010000000000A73601000000000015
:1068980000000000040000000F00000001000000DC
:1068A80008000000200000007400000084000000C0
:1068B8000D0000000C0000000E0000005000000059
:1068C80088000000BC000000FFFFFFFFFFFFFFFF84
:1068D800FFFFFFFFFFFFFFFF0000E00000000000D8
:1068E8001870010000010000F401FA00960064002D
:1068F8004B0032001E0014000A00050002000100CF
:106908000100010000010100000100010000010078
:106918000100000001000B0002000A000500090048
:106928000A000800140007001E00060032000500D7
:106938004B0004006400030096000200FA00010006
:10694800F4010000020301000C0802170D01010206
:1069580009090101060209181803010109090303BD
:1069680005030201230202240910040405050B0B88
:10697800040B2B1B1B151A1A1C021D1613050149A3
:106988000D150508061B0F02020801010000FEFE96
:10699800FEFEFEFEFEFEFEFEFEFEFEFEFEFEFE16F7
:1069A800FEFEFEFEFEFEFEFEFEFEFEFEFEFEFE26D7
:1069B800FEFEFEFEFEFEFEFEFEFEFEFEFEFEFEFEEF
:1069C800FEFEEAEAA301B103BF05EF024906A309E7
:1069D800C505F50B25120E021C045A03B406300631
:1069E800600C0000010000001011004000000000D1
:1069F8000000000000000000000000000406080A73
:106A08000C0E10121416181C1E20222426282A2CBC
:106A18002E30323436383A3C3E40424446484A4C9E
:106A28004E021A5000003408E80300002CA6E0A12A
:106A3800000000002800000018000000000000000E
:106A4800141E000030110000000000007017000044
:106A5800A00F00000000DC05E803000000000000B3
:106A6800141E00003011000000010302D8ECF0F4FD
:106A7800F8FC0002030405060708000000000000F7
:106A880000000000000000000000000000000101FC
:106A980001010202020203030303040404040505BE
:106AA80005050606060809000000000000000000B1
:106AB80000000000000000000000000101010102C8
:106AC8000202020303030304040404050505050682
:106AD800060708090A0B0C0D060808010206001033
:106AE8000200FA0000000000078D0000138D00006E
:106AF800178D00001F8D0000238D0000000000008E
:106B080000000000000000000338FDD870470000B6
:106B180072616E646F6D000046463A45453A4444DA
:106B28003A43433A42423A41410000007468726570
:106B380061645F72756E5F706F6C6963795F6964B9
:106B4800000000007468726561645F726561645F6B
:106B5800626D613430305F69640000000C660100CA
:106B680004002000FF1A000040030020000000007D
:106B780004000000200000002100000000000000C8
:106B88006C660100000104040A40000100000000D6
:106B98000C00000000010103010003012A2A2A2039
:106BA800426F6F74696E67206E524620436F6E6E37
:106BB8006563742053444B2076332E302E312D39A3
:106BC8006562353631356461363662202A2A2A0AEA
:106BD800000000002A2A2A205573696E67205A652A
:106BE80070687972204F532076342E302E39392D23
:106BF800373766383635623866386430202A2A2AAC
:106C08000A000000000000200000000000000B0641
:106C180002000000306C0100464C4153485F3000D0
:106C28005352414D5F30000000000000206C01000D
:106C38002400020700000020286C01001E000B1130
:106C4800292A010000000000B3290100000000000B
:106C580000000000FFFFFFFFFFFF00000000000032
:106C6800000000007075626C69630000287075622E
:106C78006C696329000000002872616E646F6D29D9
:106C8800000000007075626C69632D696400000083
:106C9800287075626C69632D6964290072616E647D
:106CA8006F6D2D69640000002872616E646F6D2D30
:106CB80069642900486C0100C86C010047000000A5
:106CC80040570020486C0100D86C01002E000000DD
:106CD800485B0020486C0100E86C010002010000DC
:106CE800285C0020574553545F544F504449522F55
:106CF8007A65706879722F7375627379732F626C15
:106D08007565746F6F74682F686F73742F68636923
:106D18005F636F72652E630062745F6863695F65A5
:106D280076745F6765745F666C6167732868647200
:106D38002D3E657674292026202831554C203C3C70
:106D48002028312929000000415353455254494F06
:106D58004E204641494C205B25735D204020257319
:106D68003A25640A000000006576745F666C616706
:106D7800732026202831554C203C3C2028302929D6
:106D880000000000424841520000000062756600A1
:106D9800737563636573730009636F6D6D616E640A
:106DA800206F70636F6465203078253034782074E4
:106DB800696D656F75740A00657272203D3D2030FB
:106DC8000000000009436F6E74726F6C6C6572206E
:106DD800756E726573706F6E736976652C20636F5C
:106DE8006D6D616E64206F70636F64652030782507
:106DF8003034782074696D656F75742077697468AC
:106E0800206572722025640A000000004254205256
:106E180058205751000000000E030000C1B60000C2
:106E28000F04000095B60000FF01000031AF00001C
:106E38003E01000011AF000010010000B52D010057
:106E4800486C0100546E010047000000485D0020B6
:106E580006010501040107020301050202010302FC
:106E68000504010101020103010401060108010CE6
:106E78000110011801200140018000006164634095
:106E880034303030373030300000000095C3000017
:106E980075C3000000000000636C6F636B40343002
:106EA8003030303030300000FDC300006DC40000C9
:106EB800493801000938010072616E646F6D403411
:106EC8003030306430303000656E74726F70795FC6
:106ED80062745F68636900006770696F40353030BD
:106EE8003030303030000000FFFFFFFF000000505E
:106EF800FFFFFFFF000000000060004000000000EE
:106F0800000102030405060773706940343030300D
:106F18003430303000000000004000400000000025
:106F2800000000FF00FF000000000000000000015A
:106F3800010000002D400100506F0100FFFFFFFF1E
:106F48000000000000000000004000405C6F0100ED
:106F580002000000786F0100030000006C6F010060
:106F68000301000007800004058000050680000674
:106F78000700000405000005060000060C66010075
:106F880008000100536F66744465766963652043A1
:106F98006F6E74726F6C6C65722041535345525416
:106FA8003A2025732C2025640A00000062745F686B
:106FB80063695F736463000011D60000DB4301005E
:106FC800AB4301004D50534C204153534552543A62
:106FD8002025732C2025640A000000004D50534CD6
:106FE80020576F726B00000069646C650000000038
:106FF8006D61696E00000000746501007465010030
:10700800B4650100C4650100F4650100F465010080
:10701800737973776F726B7100899A508A95019CA6
:1070280058FC39D2C11004EE0264CE25BE00FFFF21
:10703800FFFF1F00647261676F6F6E2F6C69627368
:107048002F7363686564756C696E672F7372632F3D
:1070580072656D5F68616C5F6576656E745F746993
:107068006D65722E6300286E756C6C29002A666C3B
:107078006F61742A00000000FFFFFFFFFF1F000080
:107088001F000000000000005D400000000000003C
:10709800FFFFFFFF1FFF0000BAABBABA10101010B5
:1070A8000000000000800040000000000000000018
:1070B8000C0000000000000000FF7F00000000003E
:1070C800000000007D14000000000000A9830000FB
:1070D80000000000000000000000000000000000A8
:1070E8006C000020B78B0000BD8B0000BF8B000038
:1070F800E58B0000C38B0000EF8B0000C98B0000FC
:10710800FB8B0000CF8B0000018C0000DB8B0000A4
:10711800DF8B0000D18B0000D78B0000EB8B0000C9
:10712800F58B0000000000000000000000000000D7
:107138000000000000000000000000000000000047
:107148000000000000000000000000000000000037
:107158000000000000000000000000000000000027
:107168000000000000000000000000000000000017
:107178000000000000000000000000000000000007
:1071880000000000000000000000000000000000F7
:1071980000000000000000000000000000000000E7
:1071A80000000000000000000000000000000000D7
:1071B80000000000000000000000000000000000C7
:1071C80000000000000000000000000000000000B7
:1071D80000000000000000000000000000000000A7
:1071E8000000000000000000000000000000000097
:1071F8004DB5000000000000000000000000000085
:107208000000000000000000000000000000000076
:107218000000000000000000000000000000000066
:107228000000000000000000000000000000000056
:107238000000000000000000000000000000000046
:107248000000000000000000000000000000000036
:10725800000000000000000000000000546601006B
:107268000000000000000000000000000000000016
:10727800E9FB000000000000000000000000000022
:1072880008020020080200200D350100000000005F
:1072980000000000000000000000000000000000E6
:1072A8002802002028020020000000000100000041
:1072B800380200203802002040020020400200204E
:1072C80000000000010000005002002050020020D1
:1072D80000000000000000000000000000000000A6
:1072E8000000000000000000000000000000000096
:1072F8000000000000000000000000000000000086
:107308000000000000000000000000000000000075
:107318000000000000000000F33F01000000000032
:107328000000000000000000B0020020B0020020B1
:107338000100000001000000C0020020C00200207F
:10734800C8020020C8020020000000000000000061
:107358000000000000000000000000000000000025
:107368000000000000000000000000000000000015
:107378000000000000000000000000000000000005
:1073880000000000700400200000000021900000B0
:1073980079900000B103010000000800000000001F
:1073A8008466010040420F00000100000C660100E5
:1073B800080001000000000059000102030405064E
:1073C8000708090A0B0C0D0E0F10111213141516CD
:1073D80017180000811F010000000000EF2E0100B7
:1073E80000000000000000000000000071AF000075
:1073F8000000000000000000800100000000000004
:1074080001BF0000000000000000000000000000B4
:1074180000000000846F010001000000A4030020A8
:10742800A40300200000000001000000B4030020B5
:10743800B4030020BC030020BC03002000000000AF
:1074480001000000CC030020CC0300200000000055
:107458000000000000000000000000000000000024
:107468000000000000000000000000000000000014
:107478008466010000000000000000000000000019
:1074880000000000000000000000000000000000F4
:1074980000000000000000000000000000000000E4
:1074A80000000000000000000000000000000000D4
:1074B80000000000000000000000000000000000C4
:1074C80000000000000000000000000008000000AC
:1074D800FF000000000000000100000000000000A4
:1074E80068040020680400201F010000000000005C
:1074F8000000000000000000000000000000000084
:10750800E9FB00000000000000000000000000008F
:107518009804002098040020C59000000000000096
:107528000000000000000000000000000000000053
:10753800B8040020B804002000000000000000008B
:107548000E000000CC040020CC0400200000000045
:1075580001000000DC040020DC040020E40400201A
:10756800E40400200000000001000000F4040020F2
:10757800F4040020000000000000000004050020C2
:10758800040500200C0500200C0500200300030062
:107598000100000000000000CC6C0100D45B00205A
:1075A8000000000000000000300500203005002029
:1075B8003805002038050020020002000100000004
:1075C80000000000486E0100D85D002000000000A7
:1075D800000000005C0500205C0500206405002018
:1075E800640500200A000A0006000000B52C01000E
:1075F800BC6C0100085A00200000000000000000D8
:1076080088050020880500209005002090050020AE
:10761800010001000100000000000000DC6C010016
:087628002C5D002015E015E0C7
:00000001FF
