:10000000C02A002069220000CF7C00005522000099
:10001000552200005522000055220000000000007B
:10002000000000000000000000000000E1230000CC
:100030005522000000000000792300005522000036
:10004000CD250000CD250000CD250000CD250000E8
:10005000CD250000CD250000CD250000CD250000D8
:10006000CD250000CD250000CD250000CD250000C8
:10007000CD250000CD250000CD250000CD250000B8
:10008000CD250000CD250000CD250000CD250000A8
:10009000CD250000CD250000CD250000CD25000098
:1000A000CD250000CD250000CD250000CD25000088
:1000B000CD250000CD250000CD250000CD25000078
:1000C000CD250000CD250000CD250000CD25000068
:0C00D000CD250000CD250000CD2500004E
:1000DC0053B94AB9002908BF00281CBF4FF0FF31A3
:1000EC004FF0FF3000F00CB8ADF1080C6DE904CE08
:1000FC0000F010F8DDF804E0DDE9022304B07047ED
:10010C00704700BF034613F8012B002AFBD1181AC5
:10011C00013870472DE9F04786468C460846089E04
:10012C00154674461946002B40F0C2808542B2FA3F
:10013C0082F245D94AB1C2F1200300FA02FC2EFA30
:10014C0003F3954043EA0C0C94404FEA154EA8B2C9
:10015C00BCFBFEF8230C0EFB18CC08FB00F943EAA1
:10016C000C43994528D9EB1808F1FF3704D299456F
:10017C0002D9A8F102072B44A3EB0903A4B2B3FBE9
:10018C00FEFC0EFB1C330CFB00F044EA0344A042C3
:10019C0014D92C190CF1FF3304D2A04202D9ACF1C2
:1001AC0002032C44241A43EA07401EB1D440002316
:1001BC0034607360BDE8F0874746DDE76346F1E7DE
:1001CC0092BB431B01214FEA154EAFB2B3FBFEFCB1
:1001DC00200C0EFB1C330CFB07F840EA034398453C
:1001EC0062D9EB180CF1FF3004D2984502D9ACF16E
:1001FC0002002B44A3EB0803A4B2B3FBFEFC0EFBE2
:10020C001C330CFB07F744EA0344A7424ED92C19C4
:10021C000CF1FF3304D2A74202D9ACF102032C44F7
:10022C00E41B43EA0040C0E7C2F1200320FA03F1CB
:10023C00954090402EFA03F303434FEA154EAFB2AC
:10024C00B1FBFEFC0EFB1C10190C0CFB07F841EA71
:10025C000041884504FA02F422D969180CF1FF30E8
:10026C0004D2884502D9ACF102002944A1EB080163
:10027C009BB2B1FBFEFC0EFB1C110CFB07F743EA17
:10028C0001439F420ED9EB180CF1FF3104D29F426F
:10029C0002D9ACF102012B44DB1B41EA004192E78D
:1002AC006046E3E76146F7E76046A3E76346B7E7D6
:1002BC00834206D916B9002108467BE7C6E900E05F
:1002CC00F9E7B3FA83F78FB9834201D3724508D8A3
:1002DC00BEEB020460EB030301209C461EB9002117
:1002EC0068E73846FAE7C6E9004CF8E7C7F1200C96
:1002FC00BB4022FA0CF41C432EFA0CF120FA0CF33E
:10030C00B84001434FEA14490EFA07F5B3FBF9F86C
:10031C001FFA84FE09FB18300B0C08FB0EFA43EA9B
:10032C0000439A4502FA07F240D9E31808F1FF306E
:10033C0004D29A4502D9A8F102002344A3EB0A0384
:10034C0089B2B3FBF9F809FB183308FB0EFE41EA3E
:10035C0003418E452CD9611808F1FF3304D28E4528
:10036C0002D9A8F10203214443EA0040A0FB029801
:10037C00A1EB0E014145CE46434602D306D14D4575
:10038C0004D2B9EB020E68EB04030138002EA6D0A0
:10039C00B5EB0E0261EB030101FA0CFC22FA07F338
:1003AC004CEA0303F940C6E9003198E74046C5E73B
:1003BC004346D9E738B5836805699C697CB112F46A
:1003CC00000F06D02D6801238B401D4201D082F016
:1003DC00C062044B134002F0B072A04738BD6FF0FE
:1003EC005700FBE74000000608B5024804F0CAFCC1
:1003FC0008BD00BF74060020F0B587B01A4E1B4B29
:10040C000293002401940094234603223146204693
:10041C0006F049F84FF0FF324FF0FF33144804F068
:10042C00F5FC144F0121384601F0E2F9124D134A44
:10043C002946204606F038FF2146384601F0D8F907
:10044C00B5F90030B5F90220B5F904100591049204
:10045C0003930B4B029301940094234603223146E1
:10046C00204606F020F8C9E7F89F0000B8A000006D
:10047C00740600202C9E0000C00A002028050020D5
:10048C00CCA0000070B590B00E4615468DF83F001C
:10049C000DF13F030D9301230E930DAA0B920C93B8
:1004AC00154A0992EA180A9209AA0792089307AA10
:1004BC000BA9124805F0DEFF002801DB002314E035
:1004CC009DF83F30049303900D4B02930020019054
:1004DC000090034601220B4905F0E5FFEEE70133DE
:1004EC00054C14F803C006F800C01846AB42F6D30E
:1004FC00002010B070BD00BFD80A002048050020B5
:10050C00E0A00000F89F000010B58AB08DF8240020
:10051C000B788DF8253009AB07930132089207ABA5
:10052C0005930123069305A90A4805F0AEFF041EA6
:10053C0002DB00200AB010BD0394074B029300208D
:10054C000190009003460122044905F0ACFF60B213
:10055C00F0E700BF480500200CA10000F89F000048
:10056C00F8B5114C00272770104E32460121204659
:10057C0000F008F90623A3700125E5702771A77117
:10058C00257232462946204600F0C2F8084C2770E6
:10059C0065703146284606F04FFE32462946204605
:1005AC0000F020F9F8BD00BFA80A002028050020A3
:1005BC00BC0A002010B584B0214805F083FF50B36D
:1005CC00204809F01EF8002834D04FF480311E4822
:1005DC0005F03BFF002830DB1A4C4FF0A8620421D9
:1005EC002046FFF7E7FE1949194B4B6010238B602F
:1005FC00204605F035FF174806F029FBFFF7B0FF42
:10060C000021154801F0F4F84FF0FF304FF0FF31A6
:10061C0009F01DFAF8E70390104B029300240194A3
:10062C000094234601220E49204605F03CFF20464B
:10063C0004B010BD4FF0FF30FAE74FF0FF30F7E792
:10064C0048050020149E000070A10000CC0A002078
:10065C00F5030000280500202C9E00002CA10000B2
:10066C00F89F000030B583B004460D46274B1B683D
:10067C00ADF804301B0C8DF806300B46032201A993
:10068C00192006F0ABFA08B103B030BD9DF8043068
:10069C00627903F07F0343EAC213DBB28DF80430B6
:1006AC002279520102F0600223F0600313438DF8AB
:1006BC0004309DF80520637802F03F0242EA831271
:1006CC00D2B28DF80520E3781B0103F0300322F041
:1006DC0030021A438DF80520237822F00F0203F024
:1006EC000F031A438DF805209DF80630A27892006E
:1006FC0002F00C0223F00C0313438DF806302B464A
:10070C00032201A9192006F00AF9BDE7A0A00000F8
:10071C00F0B583B006460F461546194B9B88ADF8CD
:10072C00043000238DF80630104605F0D9FE08BBC6
:10073C001EB32B46032201A9212006F04FFA08B163
:10074C0003B0F0BD0024BC420BD250B904EB8401C1
:10075C002A4606EB810101A806F050FB0134A4B235
:10076C00F1E70028ECD12B46032201A9212006F049
:10077C00D6F8E5E74FF0FF30E2E74FF0FF30DFE768
:10078C00A0A00000F0B583B006460F461546144BEA
:10079C009B88ADF8043000238DF80630104605F028
:1007AC009FFEA8B9C6B12B46032201A9212006F051
:1007BC0015FA0024BC420DD260B904EB84012A4620
:1007CC0006EB810101A806F0A8FC0134A4B2F1E704
:1007DC004FF0FF3003B0F0BD4FF0FF30FAE700BF31
:1007EC00A0A00000F0B583B005460E461746104693
:1007FC0005F076FE002840F0D180002D00F0D1806D
:10080C003B46022201A91F2006F0E8F9002800F05F
:10081C00B98003B0F0BD9DF8043003F07F0343EAC8
:10082C00CC138DF804300134E4B2B44280F0AC80C7
:10083C0005EB440C9CF801C015F814E0BEF10B0F4D
:10084C0000F29D8001A353F82EF000BF2308000096
:10085C0089080000A3080000BD080000D7080000AC
:10086C00F10800000B0900001D0900003709000009
:10087C00510900006B090000810900009DF804304B
:10088C004FEA8C1C0CF0400C23F0400343EA0C03A1
:10089C008DF80430C7E79DF804304FEA4C1C0CF07F
:1008AC00200C23F0200343EA0C038DF80430BAE744
:1008BC009DF804304FEACC0C0CF0080C23F0080324
:1008CC0043EA0C038DF80430ADE79DF804304FEA91
:1008DC008C0C0CF0040C23F0040343EA0C038DF88D
:1008EC000430A0E79DF804304FEA4C0C0CF0020CDD
:1008FC0023F0020343EA0C038DF8043093E79DF8D0
:10090C00053003F07F0343EACC138DF805308AE7FA
:10091C009DF805304FEA0C1C0CF0100C23F0100362
:10092C0043EA0C038DF805307DE79DF805304FEA5E
:10093C00CC0C0CF0080C23F0080343EA0C038DF8E4
:10094C00053070E79DF805304FEA8C0C0CF0040C68
:10095C0023F0040343EA0C038DF8053063E79DF89C
:10096C00053023F001030CF0010C43EA0C038DF865
:10097C00053058E73946604606F03EFC53E76FF009
:10098C00030050E7002450E700287FF442AF3B46B9
:10099C00022201A91F2005F0C2FF3AE74FF0FF30F9
:1009AC0037E74FF0FF3034E72DE9F04F91B0059267
:1009BC000293134602F004020092C3F3C20210F039
:1009CC000303019340F02B8280468A460132041DBA
:1009DC0000284FD0B8F1000F05D0A4EB0803043366
:1009EC00534500F21F82029B5D1E019B04930693EC
:1009FC00039300264FF0FF3B0427B946B8F1000FD4
:100A0C0001D0029B2360531E0793002A40F35D81A3
:100A1C00059B13F0020228D00120A4EB08018B08DF
:100A2C001AB1B1F5007F80F0038203990F2900F20F
:100A3C000282B8F1000F00F06081DBB201F14002DC
:100A4C006A4402F8103C02F820BC002800F05181E6
:100A5C0063F07F0301F140026A4402F8103C049BEE
:100A6C0001330493039B0133039304340022CC46DB
:100A7C0040463DE001F0070A5444CAF1080AA9E7D0
:100A8C00002634E0002632E0002630E00827BC4681
:100A9C002DE025292BD10BF1010B01260427BC4697
:100AAC0025E04729EED82A2914D32A39C9B24FF0A8
:100ABC00010E0EFA01F14FF6DA7E11EA0E0F16D185
:100ACC0011F0625F40F0C08011F0010F40F08C809B
:100ADC0000260CE0252903D10BF1FF3B002606E094
:100AEC0001D9002603E0202901D02329CCD11D46B1
:100AFC006B1C6978002900F01981002EC9D07A2965
:100B0C00BED84C29CDD34C392E2961D80FF2040E06
:100B1C005EF821F0FB0A0000DD0B0000DD0B00008D
:100B2C00DD0B0000DD0B0000DD0B0000DD0B000019
:100B3C00DD0B0000DD0B0000DD0B0000DD0B000009
:100B4C00DD0B0000ED0B0000DD0B0000DD0B0000E9
:100B5C00DD0B0000DD0B0000DD0B0000DD0B0000E9
:100B6C00DD0B0000DD0B0000550C0000DD0B000060
:100B7C00ED0B0000ED0B0000550C0000550C0000B7
:100B8C00550C0000FB0A0000ED0B0000990A000058
:100B9C00DD0B0000FB0A0000DD0B0000B10C0000B7
:100BAC00ED0B0000B10C0000DD0B0000DD0B0000B4
:100BBC00B90C0000E70B0000ED0B0000DD0B000092
:100BCC00DD0B0000ED0B0000DD0B0000E10B000065
:100BDC0000268CE70427BC4689E70427BC4686E739
:100BEC0029786C2924D000263C44013CB4FBF7F452
:100BFC0007FB04F420B1211A6144514500F2158120
:100C0C00002A58D1BCF1040F00F08880BCF1080F09
:100C1C0040F014811A99073121F0070101F1080500
:100C2C001A95D1E9008908B1C4E9008908345EE756
:100C3C0013F8021C6C2903D000260427BC46D3E70A
:100C4C0000260827BC46CFE729784C291AD01A99D8
:100C5C00073121F0070101F108061A96D1E9006766
:100C6C00073424F0070440B1211A0831514513D838
:100C7C0029784C2913D0C4E90067083400260827CA
:100C8C00BC4634E71A99073121F0070101F1080637
:100C9C001A96D1E90067E3E76FF01B00BCE0C4E9EA
:100CAC000067EAE700260427BC469DE7324600268B
:100CBC000427BC4698E7E14680461A9A111D1A9102
:100CCC0012680292079A1D4698E6624B029A9A4263
:100CDC0004D3614B9A420AD3002300E00023002B7B
:100CEC007FF496AE059B03F00202002095E60123EB
:100CFC00F5E7069B01330693B4E610B10AF1010A3D
:100D0C00B0E6009B13B10AF1020AABE60298FFF7BA
:100D1C00F9F90AEB000303F1020AA3E61A990D1D77
:100D2C001A95096800B121600434E0E68046231A64
:100D3C00B3F5806F80F0858090B1002202609B0833
:100D4C000370009B83B1069BC370049B88F8023030
:100D5C001BBB019DDDF80C90DDF810B0029F3DE04F
:100D6C005344A3F1080057E0069B4370EDE70133B1
:100D7C009842EED903F140026A4412F8101C12F9A1
:100D8C00102C002AF3DA01F07F01A4EB08020132E7
:100D9C00524559D804F8011BE9E7019B0398E7E792
:100DAC00009B43B305F140036B4413F8203C04F85B
:100DBC00013B019EA4EB080333440133534546D851
:100DCC0005F140036B4413F8103C04F8013B324628
:100DDC003946204608F054FF34440135A94519D949
:100DEC00BBF1000FDCD005F140036B4413F9103C50
:100DFC00002BD5DAF1E705F140036B4413F8103CF6
:100E0C0058F82370002248F823203846FFF77AF967
:100E1C00461CCFE7A4EB080011B0BDE8F08F6FF0D3
:100E2C000D00F9E76FF01B00F6E76FF01B00F3E71E
:100E3C006FF01500F0E76FF01500EDE76FF015009F
:100E4C00EAE76FF01500E7E76FF01B00E4E76FF0DF
:100E5C001B00E1E7B49D000034AD000080B50546F1
:100E6C000E461746984604F05FFD034608F092FFC5
:100E7C000446DFF8189049F80030424639463046AF
:100E8C00A84754F8090001F057FA00BF0800000009
:100E9C002DE9F04383B0044608461546238B13F026
:100EAC00080F05D103F0070600230093019354E0CB
:100EBC00012909D043F02003238385F31188BFF364
:100ECC006F8F03B0BDE8F08343F010032383F4E786
:100EDC00204606F086FB42E0D4F814904A46694658
:100EEC00204606F097FB4FF00008238B03F0070712
:100EFC00B74269D0A268002A66D0012243F00803E9
:100F0C00238385F31188BFF36F8F002A64D1009B74
:100F1C002BB14B463A466946204606F0F4FBB8F135
:100F2C00000F02D034492046C047EFF3118520232F
:100F3C0083F31288BFF36F8F238B23F00803238373
:100F4C00238B13F0100F4DD023F0100323830120BB
:100F5C00268B06F007060028AFD00228B8D0002850
:100F6C00ABD0013804282BD801A353F820F000BFD4
:100F7C00E50E0000CD0F0000910F0000A50F000042
:100F8C00B90F00002369D3F800800621204606F033
:100F9C00FEFA4FF00009A8E72369D3F80480042176
:100FAC00204606F0F4FA4FF000099EE72369D3F8C7
:100FBC0008800521204606F0EAFA4FF0000994E774
:100FCC004FF00008C14690E7009A0AB1002295E75D
:100FDC00B8F1000F92D1B3E74A463946204606F0E5
:100FEC00DEFA94E713F0200F04D023F020032383C0
:100FFC000220ADE70020ABE74177000038B505468D
:10100C000B4C00E010340B4B9C420FD263685B79A5
:10101C00002BF7D02946204606F03DFC0028F1D0E5
:10102C0023681B68294620469847EBE738BD00BF6C
:10103C0048A0000058A000002DE9F04107460546E5
:10104C000AE007EA0807144B03EB06135B6804225B
:10105C001968204600F00CF9D5B195FAA5F6B6FA48
:10106C0086F60D4C04EB06140123B3406FEA03081B
:10107C0025EA0305237B002BEED03301064AD35817
:10108C001B69002BDDD0204698470028E4D1D8E717
:10109C003846BDE8F08100BF48A000002DE9F041C2
:1010AC0080460F46204BBFF35B8F53E8005F6A1CF2
:1010BC0043E800210029F8D1BFF35B8F002D2FD11D
:1010CC001A4C002607E0636804221968204600F0D9
:1010DC00CFF801361034164B9C4213D2237B002BD5
:1010EC00F7D02368DB680BB12046984723681B694F
:1010FC00002BE8D0204698470028E4D00123B340C9
:10110C001D43E6E7B8F1000F0BD055B12846FFF7A9
:10111C0093FF0546002FF8D00A2006F0C7FBF4E732
:10112C0000252846BDE8F081640B002048A0000093
:10113C0058A00000014B53F8200070478CA1000010
:10114C0048B108B5054A1060054B1960084600F017
:10115C00B3FA002008BD6FF0150070476005002041
:10116C00580B002008B50023054A1370054A13607C
:10117C00054A13604FF400410448FFF7E1FF08BD36
:10118C00B50C00205C0B0020600B0020B178000037
:10119C000D4B1B7803B1704710B500210120FFF7F0
:1011AC007DFF0A4C00E01034094B9C4208D2636866
:1011BC005B79002BF7D023689B6820469847F2E7B1
:1011CC00014B01221A7010BDB50C002048A0000084
:1011DC0058A00000014B01221A707047B40C00207B
:1011EC000D4BBFF35B8F53E8001F013143E8001236
:1011FC00002AF8D1BFF35B8F00B97047074BBFF3E0
:10120C005B8F53E8001F013943E80012002AF8D124
:10121C00BFF35B8FF1E700BF5C0B0020600B00207D
:10122C0010B50446044B1B689847A0602146034840
:10123C0006F033FB10BD00BF60050020380600200F
:10124C000248034BC01AC008704700BF48A00000FA
:10125C00F89F000010B50C46FFF7F2FFA04203D92F
:10126C00024B53F8340010BD0020FCE7F89F00003F
:10127C0008B5094BC31A1B110133D0F804C08CF804
:10128C00043043689A7143681960436801225A71AB
:10129C00FFF7A0FF08BD00BF48A000002DE9F04FEC
:1012AC0087B004AF81460D4690461E46D7F830B045
:1012BC00D7F838A0BAF1000F19D0FB6B7B60009304
:1012CC0053467A6B10210020FFF76EFBB0F5006FD0
:1012DC000ED340F2FF7303931D4B02930020019039
:1012EC000090034602221B4906F025FB2CE000204F
:1012FC00014600EB0B03173300246FF300046FF36C
:10130C0041046FF3820469F3C50468F3881460F335
:10131C0053246BF31F5423F00703ADEB030D0DF1B6
:10132C0010086B4613F1200008D0BAF1000F05D05D
:10133C00FB6B009353467A6BFFF736FB3346224622
:10134C002946404606F0E0FA0C37BD46BDE8F08F62
:10135C00ACA1000010A00000406820B1034BC01AE3
:10136C0040F3CF0070474FF0FF307047F89F0000FC
:10137C000EB400B582B0014603AB53F8042B0193B5
:10138C00034801F03BFA02B05DF804EB03B0704780
:10139C008F79000010B584B011F0440F05D01A4BB2
:1013AC001B6833B9002004B010BD1849FFF7E0FFEB
:1013BC00F9E717490968B2FBF1F2B2FBF3FC03FB46
:1013CC001C224FF47A7E0EFB02F2B2FBF3F403FB09
:1013DC0014210EFB01F1B1FBF3F10E4AA2FB0C320E
:1013EC00D20A4FF4616303FB12CC0B4BA3FB0CE34F
:1013FC005B0902910194C3EB0311ACEB81010091E9
:10140C000649FFF7B5FFCEE76C0B0020E4A1000006
:10141C00680B0020C5B3A29189888888F0A10000D0
:10142C0061B108B52AB1064A52F8232012B9054A0F
:10143C0000E0044A0449FFF79BFF08BD704700BF5A
:10144C006CA200000CA2000014A200002DE9F041D7
:10145C0005461746069EDDF81C8081B900242EB186
:10146C00324611492846FFF783FF0444B8F1000FB8
:10147C0014D06FB1099B042B13D00C4909E00C4B11
:10148C00099A53F822200B49FFF772FF0446E6E74E
:10149C00064942462846FFF76BFF04442046BDE848
:1014AC00F0810549F5E700BF2CA200001CA200004A
:1014BC0080A2000024A2000018A200002DE9F04F29
:1014CC0087B005460C46049205939DF84C7001F0CC
:1014DC00020B01F0010AC1F3C00801F4807906F097
:1014EC0011FA18B3024616492846FFF741FF064683
:1014FC00BBF1000F1CD13A465146284606F05FFA64
:10150C00B9F1000F01D0002311930397129B0293A2
:10151C00119B0193109B00930023049A414628468B
:10152C00FFF794FF304407B0BDE8F08F0026DFE7EB
:10153C00059A21462846FFF72DFF0644DBE700BF3E
:10154C0030A2000011F0100F0BD108B511F0200FD4
:10155C0003D00449FFF70CFF08BD0349FFF708FF50
:10156C00FAE770475CA3000034A200002DE9F041BB
:10157C0005460F46164698460699FFF7E3FF0024EA
:10158C00444505DA24492846FFF7F2FE0134F7E713
:10159C00002409E020492846FFF7EAFE0BE01F492A
:1015AC002846FFF7E5FE01340F2C0CDC002C02DD85
:1015BC0014F0070FEED0B442F1D23A5D1849284628
:1015CC00FFF7D6FEEFE717492846FFF7D1FE0024B8
:1015DC0009E011492846FFF7CBFE0BE012492846DB
:1015EC00FFF7C6FE01340F2C13DC002C02DD14F0C7
:1015FC00070FEED0B44207D23A5D0C4B9B5C13F054
:10160C00970FEBD12E22E9E703492846FFF7B0FEEE
:10161C00E8E7BDE8F08100BF28A2000040A200006E
:10162C0038A2000044A2000048A2000022AC000036
:10163C002DE9F04184B004469DF82C500C9F0E9E71
:10164C0095B9012B1ED019484FF0000827B13B4625
:10165C002246174905F059FFC6B905BB204606F0CE
:10166C0079F904B0BDE8F08103950A9802900193D2
:10167C0000920B4600220F992046FFF71FFF804671
:10168C000C48E3E70B484FF00008DFE70F9B009393
:10169C00434632460D99204606F0A9F9DDE72A4665
:1016AC000F99204606F097F9D8E700BFAD790000F6
:1016BC00092800008F790000074B01221A6004E012
:1016CC004008054A13685B001360044B9842F7D836
:1016DC00034B1860704700BF680B002040420F009E
:1016EC006C0B0020034B01221A70034B034A1A6047
:1016FC00704700BFB60C00208C0B0020900B002014
:10170C0008B5034B01221A70024806F0BEF908BD59
:10171C00B70C0020C0A20000014B196000207047DC
:10172C00840B002008B518B9044B00221A7008BDB0
:10173C0041F2883007F05FFFF9E700BFB60C0020DC
:10174C0038B504460A4B01221A700A4B1B782BB988
:10175C0038BD651E2046FFF7E5FF2C46002003F040
:10176C00F7F80028F4D0024B1B78002BF1D1EFE7EF
:10177C00B60C0020B70C0020F8B506460D46042721
:10178C0006E03846FFF7DCFF9CB90D4B1B7883B1A4
:10179C002A463146002003F073F804460028F0D1A5
:1017AC00074B1B78002BEFD0013F3846FFF7BAFFF1
:1017BC00EAE714B9024B1B7803B92C462046F8BD56
:1017CC00B60C002010B50C46044B1868FFF7B2FCA1
:1017DC0003460F2221460248984710BD840B002077
:1017EC00C0A20000014B036000207047D0A2000093
:1017FC0070B54569002D41D00C462B79244A565CB6
:10180C00B3423ED0234A525C93423DD1AB689847D9
:10181C00002804DB2E71022C16D000202DE0022CA7
:10182C0010D0032C29D110F1860F0BD0BFF35B8F96
:10183C0055E8003F43F0020345E80032002AF7D197
:10184C00BFF35B8F2E7118E0BFF35B8F55E8003F41
:10185C0023F0040345E80032002AF7D1BFF35B8F75
:10186C00BFF35B8F55E8003F23F0020345E80032DD
:10187C00002AF7D1BFF35B8F002070BD6FF05700CB
:10188C00FBE76FF07700F8E76FF08500F5E700BF36
:10189C00D4A20000D0A200002DE9F04184B00E4685
:1018AC0090461F4644690521204606F062F900283F
:1018BC004AD0284B1B78ABB90025E16829B3013914
:1018CC00E16041B973BBA368002160699847051EAC
:1018DC0031DB012323711F4B1B7883BB284604B0DB
:1018EC00BDE8F08104F1180507F0AAFF40B1002211
:1018FC000023284603F08AFA051E27DB3346DCE773
:10190C004FF0FF324FF0FF33F3E7134B02930020FD
:10191C000190009003460222104906F037F96FF04F
:10192C007705D8E70223237142463B4604F1380081
:10193C0003F01AFCCFE7E3680133E360CBE704F173
:10194C00180003F01FFAC9E70025C7E76FF00F0571
:10195C00C4E700BFBB0C0020E4A2000030A00000D4
:10196C0038B54469002C4FD005460521204606F0B9
:10197C0000F910B10025284638BD284606F0A9F814
:10198C00002844D10821686906F0F3F828BB214BE4
:10199C001B783BBB636973B323799BBBA3680021A2
:1019AC0060699847051E0FDB012323710023E36058
:1019BC00BFF35B8F54E8003F43F0200344E8003250
:1019CC00002AF7D1BFF35B8F124B1B78002BD2D0C0
:1019DC0004F1180003F0D6F9CDE7284606F0AAF872
:1019EC000546C8E704F118004FF0FF324FF0FF3303
:1019FC0003F00CFACEE76561074904F1380007F0F3
:101A0C00D4FEC9E70025D1E76FF08505B3E76FF089
:101A1C000F05B0E7BB0C0020177C000008B503488D
:101A2C0005F0A7FD024805F0A4FD08BDF8A20000D2
:101A3C0030A3000070B586B0054603684268816823
:101A4C001C4E0591049203931B4B029300240194AA
:101A5C000094234601223146204606F01DF9EB681E
:101A6C002A696969059104920393144B02930194BA
:101A7C000094234601223146204606F00DF9EB690D
:101A8C0003930F4B02930194009423460122314699
:101A9C00204606F001F9AB6903930A4B02930194BB
:101AAC000094234601223146204606F0F5F806B094
:101ABC0070BD00BF28A0000060A3000090A3000030
:101ACC00C0A30000D0A3000030B585B004460D467D
:101ADC0011B10846FFF7AEFF012C05D02946204670
:101AEC0002F098FF05B030BDEFF30583103B039374
:101AFC00054B0293002001900090034601220349FC
:101B0C0006F0CAF8EAE700BF00A4000028A0000015
:101B1C0030BFFFF7FDBF00BF38B50446054D2A4660
:101B2C00054908F0ADF8054A0021601908F0B6F82F
:101B3C0038BD00BF000000009CA0000004000000A5
:101B4C0070B50646064D074B1D444C1B2046FFF74F
:101B5C00E3FF083CC6F8B44005F1080070BD00BFB7
:101B6C000000000004000000074B9B6893F90E2056
:101B7C00002A08DB044A5269934204D0034A536892
:101B8C0043F0805353607047740C002000ED00E06C
:101B9C0081690D4B5A6942F480725A61BFF34F8FC1
:101BAC00BFF36F8F31F8021C5A6922F480725A61AC
:101BBC00BFF34F8FBFF36F8F4DF60273994201D075
:101BCC00002070470120704700ED00E010B584B094
:101BDC0000241C7002F07F44B4F17F4F19D102F045
:101BEC000C04082C05D012F0080F0FD0084604B0D6
:101BFC0010BD094B0293002401940094234601224A
:101C0C000649204606F065F82046F0E701221A70D6
:101C1C00EDE70020EBE700BF14A4000028A00000B3
:101C2C00F0B585B005460F4614464C4B0293002088
:101C3C000190009003460122494906F04AF8494BAD
:101C4C009B6A13F4805F26D11626464B9B6A13F4CD
:101C5C00006F2CD1434B9B6A13F4007F33D1414B63
:101C6C009B6A13F4806F55D13E4B9B6A13F4807FB3
:101C7C005CD13C4B9B6A13F4005F63D1394A936A85
:101C8C0043F47F4393620121284606F020F820702C
:101C9C00304605B0F0BD344B02930020019000900B
:101CAC00034601222E4906F014F81726CDE72F4BD8
:101CBC00029300200190009003460122284906F06F
:101CCC0008F81826C6E72A4B0293002001900090D2
:101CDC0003460122224905F0FCFF224B9A6B9B6ABA
:101CEC0013F4004F01D11926B9E70392214B02934B
:101CFC0000200190009003460122194905F0E9FFEC
:101D0C0037B1184A936A23F4004393621926A6E765
:101D1C001926A4E7184B029300200190009003466B
:101D2C0001220F4905F0D5FF1A269DE7134B0293AC
:101D3C0000200190009003460122094905F0C9FFDB
:101D4C001B269BE70E4B029300200190009003464C
:101D5C000122034905F0BDFF1C268FE740A40000BB
:101D6C0028A0000000ED00E058A400006CA40000C6
:101D7C0080A400009CA40000B4A40000D0A4000027
:101D8C00E8A4000000B585B03D4B02930020019003
:101D9C000090034601223B4905F09BFF3A4B9B6A9E
:101DAC0013F0007F23D11D20374B9B6A13F0807FEB
:101DBC0029D1354B9B6A13F4002F30D1324B9B6ADF
:101DCC0013F4802F37D1304B9B6A13F4003F3ED174
:101DDC002D4B9B6A13F4803F45D12B4A936A6FEAD3
:101DEC0003436FEA1343936205B05DF804FB274B82
:101DFC00029300200190009003460122214905F036
:101E0C0068FF1E20D0E7224B029300200190009027
:101E1C00034601221B4905F05CFF1F20C9E71D4B3F
:101E2C00029300200190009003460122154905F011
:101E3C0050FF2120C2E7184B029300200190009024
:101E4C00034601220F4905F044FF2220BBE7134B48
:101E5C00029300200190009003460122094905F0ED
:101E6C0038FF2320B4E70E4B029300200190009022
:101E7C0003460122034905F02CFF2420ADE700BFE7
:101E8C0018A5000028A0000000ED00E030A500001F
:101E9C0044A5000060A5000080A50000A8A50000D6
:101EAC00C4A5000000B585B000200870054B029356
:101EBC000190009003460122034905F00AFF05B08A
:101ECC005DF804FBF0A5000028A0000000B587B069
:101EDC000F2910DC094B103904910393084B029322
:101EEC0000200190009003460122064905F0F1FE06
:101EFC0007B05DF804FB044BEDE700BF14A600002F
:101F0C0048A6000028A000002CA600002DE9F041F6
:101F1C0084B004460F461546584B0293002001909E
:101F2C00009003460122564905F0D3FE554B9B6A9F
:101F3C0013F0100F3DD11026524B9B6A13F0080F73
:101F4C0043D1504B9B6A13F0020F4AD16FF0150826
:101F5C004C4B9B6A13F0010F6ED14A4B9B6A13F0EA
:101F6C00200F75D1474B9B6A13F0100F04D1454BD2
:101F7C009B6A13F0020F04D0424B5B6813F4006FA2
:101F8C0072D1404B9B6A13F0200F04D03D4A536A28
:101F9C0023F4005353623B4A936A43F0FF0393626A
:101FAC000121204605F093FE2870304604B0BDE8B0
:101FBC00F081354B029300200190009003460122E2
:101FCC002F4905F086FE1126B6E7304B0293002010
:101FDC000190009003460122294905F07AFE122651
:101FEC00AFE72B4B02930020019000900346012297
:101FFC00234905F06EFE234BD3F834809B6A13F013
:10200C00800F03D16FF015081326A1E7CDF80C80D3
:10201C00204B0293002001900090034601221849A6
:10202C0005F057FE37B1174A936A23F08003936289
:10203C0013268DE713268BE7174B02930020019094
:10204C000090034601220E4905F043FE142684E756
:10205C00124B029300200190009003460122084984
:10206C0005F037FE15267DE72146404600F044FA80
:10207C00002886D080F30988022682E75CA600003F
:10208C0028A0000000ED00E074A600006CA4000085
:10209C00A8A60000C0A60000D8A60000E8A4000076
:1020AC0070B584B005460E46384B0293002401945B
:1020BC000094234601223649204605F00AFE34706E
:1020CC00344BDC6A14F002040BD1324BDB6A002B6C
:1020DC0013DB304BDC6A14F0804419D1204604B079
:1020EC0070BD2D4B029300240194009423460122D1
:1020FC002749204605F0EDFDF0E7284B0293002020
:10210C000190009003460122214905F0E2FDE5E72C
:10211C00234B0293002001900090034601221C499E
:10212C0005F0D7FD2846FFF733FD98B9194B9B6A8C
:10213C0013F0FF0F1CD1174B9C6A14F47F441ED173
:10214C00144B9B6AB3F5803FC8D32846FFF71AFEA1
:10215C000446C3E72B680393124B029300200190B3
:10216C000090034601220A4905F0B3FD2C68B5E73F
:10217C00324601212846FFF7C9FE0446AEE7324637
:10218C0001212846FFF74CFD0446A7E7F8A60000FE
:10219C0028A0000000ED00E010A7000034A700000C
:1021AC0044A7000064A7000030B58BB01F4B5D68DE
:1021BC00C5F30805002383F31188BFF36F8F0DF16E
:1021CC002603FFF703FD04460DF12702294605F00F
:1021DC008FFD9DF827300BB10BB030BD05460DF1CE
:1021EC00040C20686168A268E368ACE80F00206901
:1021FC006169A269E369ACE80F009DF826304BB128
:10220C00089BC3F308025AB96FEA53236FEA4323BE
:10221C00089305E0089B23F4FF7323F00103089354
:10222C0001A92846FFF750FCD6E700BF00ED00E0FF
:10223C00044B5A6942F010025A615A6922F00802A2
:10224C005A61704700ED00E0EFF30880EFF309816D
:10225C0001B57246FFF7A8FF01BD00BF002080F357
:10226C001488BFF36F8F114880F308880020104941
:10227C00087001F085FC00200E490860BFF34F8FF9
:10228C0000F030F8202080F311880B484FF40461E3
:10229C00401880F30988EFF314800221084380F37F
:1022AC001488BFF36F8F00F0E9F80000C02A0020FB
:1022BC00BB0C002094ED00E0001D0020084BD3F86F
:1022CC009000C0F30720002306E0054AC2F89830BE
:1022DC000021C2F8A01001338342F6DB704700BF27
:1022EC0000ED00E010B572B6002484F31388FFF7FC
:1022FC00E5FF234608E003F120010E4A4FF0FF30C2
:10230C0042F821000133DBB2072BF4D9002308E09B
:10231C0003F16001074A4FF0FF3042F8210001330E
:10232C00DBB2072BF4D962B6BFF34F8FBFF36F8FBD
:10233C0010BD00BF00E100E008B50A4B9B6883426A
:10234C0002D003F0F7FA08BDEFF30583002BF8D0A9
:10235C00054B5A6842F080525A605A6A22F4004285
:10236C005A62EEE7740C002000ED00E016498A6812
:10237C004FF030001044EFF3098C80E8F01F202060
:10238C0080F31288BFF36F8F104F4FF000664A69CD
:10239C008A603E604FF0B404141920680C4C206025
:1023AC00D2F8B8000023C2F8B83080F3118804B515
:1023BC00104600F023F9BDE8044002F1300090E82B
:1023CC00F01F8CF309887047740C002004ED00E0BA
:1023DC00A80B00201EF0040F0CBFEFF30880EFF3E6
:1023EC000980816911F8021C0229FFD001B57246DF
:1023FC0005F061FC01BD00BF002807DB00F01F02E7
:10240C00400901239340024A42F82030704700BF34
:10241C0000E100E000280CDB00F01F024009012362
:10242C0093402030034A42F82030BFF34F8FBFF364
:10243C006F8F704700E100E0002808DB4901C9B24A
:10244C0000F1604000F5614080F80013704700F027
:10245C000F004901C9B2014B1954704714ED00E04B
:10246C004209054B53F8222000F01F00012303FA08
:10247C0000F01040704700BF00E100E008B50B4BC6
:10248C000B4A22F07F029A60BFF34F8FBFF36F8F1E
:10249C00D3F8882022F47002C3F8882002F0C8FB1D
:1024AC0003F0BEFB00F072F802F022FC00ED00E03D
:1024BC000000000010B4A2F120040E4942F8081CE0
:1024CC0021F0010142F8081C42F8203C019B42F823
:1024DC001C3C029B42F8183C039B42F8143C4FF006
:1024EC00807342F8043C04650023C0F8B83010BC7B
:1024FC00704700BF690E0000104B9B68BBB110F118
:10250C00160F0BD0D3F8A420A2F1400C844510D8A0
:10251C00824210D98A4207D800207047D3F8A420F1
:10252C008A4201D800207047D3F8A40070470020DD
:10253C007047002070470020704700BF740C0020CB
:10254C0008B50E4615460A4A9060D0F8B420094BDF
:10255C001A6000F053F82C4686F309880020064BCD
:10256C0098472046002100220023044C204700BF3E
:10257C00740C0020A80B0020737D0000690E000075
:10258C00014B10221A61704700ED00E0002206E0BA
:10259C0003F00F030949194420230B760132262A34
:1025AC000ADC53B2002BF3DB03F1604303F5614308
:1025BC00202183F80013F1E7704700BFFCEC00E02A
:1025CC0008B5EFF30583103B044A02EBC3014968DD
:1025DC0052F833008847FFF7C7FA08BD449E000045
:1025EC0008B5034B034A0121034805F0F6FC08BD6E
:1025FC00000001200000002080A7000008B5D0F8E2
:10260C00A430403B0448036040234360034B836089
:10261C00012105F0E6FC08BDAC0B002000000B15F9
:10262C00084AC2F898000B6823F01F03034343F0D9
:10263C001003C2F89C308B6843F00103C2F8A03041
:10264C00704700BF00ED00E010B584B004460D4BA0
:10265C00D3F89030C3F30723013B984204D8FFF71B
:10266C00DFFF204604B010BD0390074B02930020FF
:10267C000190009003460122044905F0A8FB6FF07D
:10268C001500EFE700ED00E090A7000020A000008F
:10269C002DE9F04385B080460F4699461646002535
:1026AC0009E02146F0B205F0A1FB064610F1160F29
:1026BC001ED001360135BD421ADA05EB450408EB94
:1026CC0084046268002AF5D0B9F1000FE9D02046E5
:1026DC0005F06CFB0028E4D10395074B02930190A5
:1026EC00009003460122054905F071FB6FF01506B9
:1026FC00304605B0BDE8F083B8A7000020A000006C
:10270C0010B5034C01232278FFF7C2FF207010BDD7
:10271C00B80C002008B500230B4A1278FFF7B8FF5D
:10272C0010F1160F0FD0024606E0084BC3F89820A4
:10273C000021C3F8A0100132044BD3F89030C3F33E
:10274C0007239342F1DC08BDB80C002000ED00E03B
:10275C00044B0522C3F89420BFF34F8FBFF36F8F48
:10276C00704700BF00ED00E0BFF35F8F024B00220B
:10277C00C3F89420704700BF00ED00E038B51C4B47
:10278C001D681C4BD3F89030C3F307239D422BD804
:10279C00FFF7EAFF002409E0154B5B6804EB4401EA
:1027AC0003EB81012046FFF73BFF0134A542F3D830
:1027BC001148057005F039FB10F1160F13D00E4BB4
:1027CC001A780C4BD3F89030C3F307239A4207DAEC
:1027DC00084BC3F898200021C3F8A0100132F0E791
:1027EC00FFF7B6FF002038BD4FF0FF30FBE700BF0E
:1027FC00DCA7000000ED00E0B80C002030B587B07D
:10280C000D46114600240094019402940394049400
:10281C00059402228DF80220044A01920490059539
:10282C001A46684603F08CFB07B030BDF77F0000FA
:10283C0008B5064921F00701C1F1005202F58032BA
:10284C00034804F0DDFD002008BD00BF472F002029
:10285C00B80B00200123044AC2F840354FF08042E7
:10286C00C2F878350020704700E0014030B108B55F
:10287C00034B800143F00103984708BD704700BF2C
:10288C00B0A0000000487047180C0020034BC01A81
:10289C008010034B03FB00F0704700BFD80B0020E7
:1028AC00B76DDBB638B505460C46FFF7EFFF0146B2
:1028BC004022034805F02FFC01462846A04738BDAE
:1028CC00FC9D000030B583B005460C46FFF7DEFFDB
:1028DC000146402300932346054A064805F035FC83
:1028EC00011E01DB03B030BD2846A047FAE700BF4C
:1028FC009F810000FC9D000008B510B101280DD08F
:10290C0008BD0021084805F092FB836813F0070FFF
:10291C00F6D10021044805F0ECFBF1E70121024857
:10292C0005F0E7FBECE700BFFC9D000010B582B0A2
:10293C00EFF31184202383F31288BFF36F8F154AB2
:10294C00136843F00201116013F0010F09D1002349
:10295C0084F31188BFF36F8FB3B905F022FC02B07A
:10296C0010BD0DF1070201214FF0804005F043FB33
:10297C009DF80730012B01D00023E9E7FFF782FF18
:10298C0005F0A5FB0123E3E70021034805F0B1FBAB
:10299C00E5E700BF280C0020FC9D000010B5EFF30C
:1029AC001184202383F31288BFF36F8F074A1368B7
:1029BC0023F00201116013F0010F04D084F311888D
:1029CC00BFF36F8F10BD05F0F1FBF7E7280C00206B
:1029DC0070B582B00546012807D14FF08043D3F87B
:1029EC001C3403F00303012B4BD006F029FF0446E3
:1029FC0018B9284B1B78002B38D1EFF31186202304
:102A0C0083F31288BFF36F8F012424B94FF08043F6
:102A1C000222C3F8082301AA00214FF0804005F0E0
:102A2C00EAFA20B1019B012B26D0012D24D0FCB158
:102A3C00304605F0ACF94FF08043D3F81835002B35
:102A4C00E9D14FF08043D3F80431002BE3D04FF0A1
:102A5C0080430022C3F80421D3F804210122C3F8D7
:102A6C0018250D49C1F880219A60D4E70026CCE7DF
:102A7C00012005F0A5FBDEE72CB186F31188BFF32E
:102A8C006F8F02B070BD4FF080430222C3F8042355
:102A9C00F7E700BFBB0C002000E100E000B585B0FB
:102AAC00CDF800D0CDF804D000230293012303937A
:102ABC006B46074A05F065FB002805DB4FF48042A6
:102ACC000023684602F0A2F905B05DF804FB00BFD4
:102ADC00F981000008B5064B1B7803B108BD4FF413
:102AEC00A57006F088FD024B01221A70F6E700BFB4
:102AFC00B90C002070B5064600220121104605F0E5
:102B0C0026F9114801F0D4F9104B984219D101F073
:102B1C00E3F90024012C12D82146304605F087FA3F
:102B2C0005462146304605F08FFA094904F010FE9F
:102B3C00002805DB0123AB601C44E4B2EAE700206B
:102B4C0070BD6FF00400FBE7052900000000AD0B21
:102B5C0010A8000010B50446104B0121BFF35B8F89
:102B6C0053E8002F43E800100028F9D1BFF35B8F26
:102B7C001AB1631E012B0DD910BD094805F064FA7A
:102B8C00084900234B608B60CB6001238B6004F001
:102B9C00FCFDEEE72046FFF71BFFEDE7D40B002012
:102BAC00FC9D0000C40B002008B9024870470020AF
:102BBC00704700BF149E00002DE9F04786B0884690
:102BCC0015469946446801F01F06237B46EA4316D6
:102BDC00204605F0C8FB00285DD0B5F5001F2AD0B3
:102BEC000DF10C0A0027039704974946284605F077
:102BFC002FFC8DF80C00009701970297CDF804A0DC
:102C0C00A36823FA08F313F0010F02D1B5F1A07FEA
:102C1C0018D010346A463146204606F0E7FB214BAB
:102C2C0098423BD101223146204606F003FC00209D
:102C3C0006B0BDE8F087314604F1100006F0FEFB4B
:102C4C000020F5E706F01F03720917D14FF0A042E0
:102C5C0003F5E07352F8233013F0010FD9D104F1CE
:102C6C0010050DF117023146284606F0CBFB0E4B32
:102C7C00984205D00DF117030493CAE73A46E7E7EB
:102C8C000DF11701284606F0D1FB064B9842F1D006
:102C9C006FF00B00CCE76FF08500C9E76FF0150003
:102CAC00C6E700BF0000AD0B0400AD0B2DE9F043EF
:102CBC0089B0074689461446456801F01F082B7BEE
:102CCC0048EA4318104605F053FB8DF81E0040F2FD
:102CDC0006332340B3F5837F5ED016D8062B57D02E
:102CEC0006D9B3F5807F0DD101238DF81D3024E07A
:102CFC0003B3022B03D104238DF81D301DE06FF0BC
:102D0C0015076FE06FF015076CE040F2022293425A
:102D1C0046D0B3F5407F03D103238DF81D300CE072
:102D2C00B3F5007F03D102238DF81D3005E06FF061
:102D3C00150757E000238DF81D30012606FA09F619
:102D4C003146384605F022FB071E4BDB14F4002FEE
:102D5C002AD06B68C3F80865284605F004FB50B30D
:102D6C0010350DF11F024146284606F04BFB064676
:102D7C0014F4403F3AD14146284606F04FFB3A4BFB
:102D8C009E422FD19DF81F10284606F04BFB29E0E0
:102D9C0006238DF81D30D0E707238DF81D30CCE7C6
:102DAC0005238DF81D30C8E714F4802FD4D06B6840
:102DBC00C3F80C65D0E7C4F340438DF8083014F425
:102DCC00803F0CBF012300238DF8103000230193AA
:102DDC000DF11D0300930DF11E0304AA02A9404638
:102DEC0005F033FA384609B0BDE8F08302AA002397
:102DFC0002930393049305930693059204AA414608
:102E0C00284606F0F3FA184B984202D06FF01507DB
:102E1C00E8E714F4003F1AD09DF81D308DF81030FF
:102E2C0014F4803F0CBF012300238DF811309DF862
:102E3C001E308DF81230002304AA4146284606F0B5
:102E4C00D9FA094B98429AD06FF01507CAE70023BC
:102E5C000493059306930DF11E03049304AA4146B3
:102E6C00284606F0C3FAECE70000AD0B10B5446839
:102E7C00204605F078FA08B9002010BD1034204621
:102E8C0006F0C8FA08B10020F7E70021204606F04A
:102E9C00BDFA094B98420BD100220849204606F096
:102EAC00ADFA00220521062004F051FF0020E4E7D2
:102EBC006FF00400E1E700BF0000AD0B958400004B
:102ECC0030B500F01F0C400917D14FF0A04E0CF597
:102EDC00E0705EF820500A4C2C4041EA420141EA75
:102EEC0083039DF80C2043EA02239DF8102043EA4B
:102EFC00024323434EF8203030BD4FF0000EE6E77E
:102F0C00F0F8FCFF2DE9F04F85B007468846914656
:102F1C00002420E04FF0FF3633E0C9F80865029535
:102F2C00012303930021B6F1FF3F12D0002942D0B8
:102F3C0057F80A3013F4004F41D1039D002201923F
:102F4C00CDF800B0C3F34123029A29463046FFF76F
:102F5C00B7FF0134E4B2444534D24FEA840A57F83F
:102F6C002430C3F3C725C3F3C322C3F3080615F0FB
:102F7C00080529D1164911F802B040F2FF12964209
:102F8C00C8D01B0E052B08D0062B0DD0042BC4D09B
:102F9C006FF0850005B0BDE8F08FC9F80C65012312
:102FAC00029303930021BEE7C9F8106502950395BF
:102FBC004FF0FF31B7E7304605F08EFAB8E7012243
:102FCC000292BBE70020E5E76FF01500E2E700BFD7
:102FDC008CA80000134B984211D9134B984211D96D
:102FEC00124B984211D9124B984211D9114B98425D
:102FFC0011D9114B984211D24FF0804070474FF0CD
:10300C00007070474FF0806070474FF00060704761
:10301C004FF0805070474FF0005070474FF0004019
:10302C00704700BF8FD003001FA107003F420F0065
:10303C007F841E00FF083D0000127A0070B58AB034
:10304C000C460569466895F85D301BB12B689942B2
:10305C0000F0B280A38813F4006F4AD113F0010F73
:10306C0054D113F0080F60D1C3F34513082B69D169
:10307C002268524B9A4272D90DF1140C06F1080ECB
:10308C00BEE80F00ACE80F00DEF80030CCF80030E2
:10309C002068FFF79FFF0790A38813F0020F6BD0F7
:1030AC0013F0040F6DD003238DF82030A38813F098
:1030BC00100F6AD001238DF821303368D3F808053E
:1030CC00A188C1F3400105F072FA95F85D30002B30
:1030DC005DD12B463A4A05A9304601F0B1FA394B7D
:1030EC0098425BD1012385F85D302C6000200AB03A
:1030FC0070BD354B029300200190009003460122D5
:10310C00324905F02EFB6FF08500F0E7036803935E
:10311C002F4B0293002001900090034601222B4973
:10312C0005F01FFB6FF01500E1E72A4B029300201E
:10313C000190009003460122244905F012FB6FF028
:10314C001500D4E7244B0293002001900090034615
:10315C0001221E4905F005FB6FF01500C7E71F4B58
:10316C00029300200190009003460122174905F0BC
:10317C00F8FA6FF01500BAE713F0040F03D001232F
:10318C0092E7022390E700238EE7002393E7304673
:10319C0001F08AFA002385F85D309AE70390104B12
:1031AC00029300200190009003460122074905F08C
:1031BC00D8FA6FF004009AE7002098E747E801007E
:1031CC00FD3200000000AD0B94A8000040A00000F0
:1031DC00B0A80000D4A80000F4A8000024A90000A6
:1031EC0058A9000030B585B004460020034605E020
:1031FC00626B02EBC302526810440133A26B934220
:10320C00F6D30022134605E0E16B01EBC3014968DC
:10321C000A440133216C8B42F6D3824238BF0246FA
:10322C004FF4FA5303FB02F0254655F8203B1B687C
:10323C00B0FBF3F0C830410CC00340F2E733C018C8
:10324C004FF47A724FF0000341F10001FCF740FF9C
:10325C0002460B46284601F0D9FD10B9206B05B08B
:10326C0030BD064B029300200190009003460122D2
:10327C00034905F076FA6FF07300F0E780A90000BF
:10328C0040A0000030B585B0044640682269916CBE
:10329C0001B3136D03B38B4228BF0B4623B3936565
:1032AC00556C0095D5B1D9B90191D16C0291C9B1C8
:1032BC00126D02B9134603930022694601F038FAE5
:1032CC000A4B984204D06FF00401204605F012FA24
:1032DC0005B030BD136DE1E70B46DFE70021E3E7F6
:1032EC001946E1E70023E6E70021EEE70000AD0B0D
:1032FC000378002B5ED110B584B00C468A6DE2B118
:10330C008B6C43B19A421ED89B1A8B6433B34B6CB3
:10331C000BB113444B64A26D236D4BB19A422DD863
:10332C009B1A2365002B34D0E36C0BB11344E3647C
:10333C00606DFFF7A7FF04B010BD6FF07301606DF7
:10334C0005F0D8F9F7E71C4B029300200190009090
:10335C0003460122194905F004FADCE74B6B0833EC
:10336C004B638B6B013B8B63012301F148023831BA
:10337C0004F1340005F036F96064CCE70E4B02938F
:10338C00002001900090034601220C4905F0E9F958
:10339C00CEE7E36B0833E363236C013B2364012327
:1033AC0004F1500204F1400104F13C0005F01AF95B
:1033BC00E064BDE7704700BFA8A9000040A0000072
:1033CC002DE9F04385B004460E4690461F4605692C
:1033DC00D0F8049000910E9B0D9A9DF83010284661
:1033EC0005F0A0F931462046FFF728FE064608BB3B
:1033FC00012385F85C30D9F82410B1F1FF3F21D1BD
:10340C0001233A464146284605F003F900220121E2
:10341C00284605F02EF92046FFF734FF2846FFF723
:10342C00E1FE064610F1740F1ED00022114628460C
:10343C0005F01FF93146284605F067F9304605B00E
:10344C00BDE8F08309F1280005F0E4F910F1740FE0
:10345C00D6D10E4B0293002001900090034602221D
:10346C000B4905F07EF9CBE70027AF65484601F024
:10347C001BF985F85D706FF07301204605F03AF981
:10348C0005F1200001F0EAFCCFE700BFC8A900005D
:10349C0040A0000030B587B00546846811E0236871
:1034AC001B68227904920393114B029301900090B4
:1034BC00034601220F4905F054F96FF0120014E095
:1034CC000834AB68EA6803EBC2039C420CD2206858
:1034DC0006F097F80028E2D04FF4B011204605F022
:1034EC003EF80028ECDA00E0002007B030BD00BF49
:1034FC00F4A9000040A0000070B584B045680669CE
:10350C000021286A05F046F9041E0EDB696AB1F148
:10351C00FF3F0DD1EB6998473046FFF7BBFF041E08
:10352C0003DB304605F0C5F80024204604B070BD1E
:10353C0005F1280000F046F8044610F1130F0DD0E9
:10354C0010F1050FE6D10B4B029300200190009077
:10355C0003460122084905F004F9E6E7074B0293FC
:10356C0000200190009003460122034905F0F9F870
:10357C00DBE700BF44AA000040A0000018AA00002E
:10358C0030B500F01F0C400917D14FF0A04E0CF5D0
:10359C00E0705EF820500A4C2C4041EA420141EAAE
:1035AC0083039DF80C2043EA02239DF8102043EA84
:1035BC00024323434EF8203030BD4FF0000EE6E7B7
:1035CC00F0F8FCFF30B587B004460D4601238DF8AA
:1035DC00173002238DF80C300DF1160104910DF10A
:1035EC001703009303AB01930023029305F01EFF16
:1035FC000C4B984212D16A462946204605F0F6FE3D
:10360C00084B984202D1002007B030BD9DF816102F
:10361C00204605F007FF6FF00400F5E76FF012008D
:10362C00F2E700BF0000AD0B21F07F4100F5A87060
:10363C00014B43F820107047001001404FF48033C9
:10364C008340024AC2F84433704700BF0010014067
:10365C004FF480338340024AC2F84833704700BFAE
:10366C0000100140014BD3F80405704700100140D5
:10367C002DE9F843054689469046FFF7E9FF2846B1
:10368C0005F054F94E46032710E0FFF7EBFF044614
:10369C00494605F03AF9B0F5000F26D9284605F051
:1036AC0045F9B8F1000F22D13E19013731462846B1
:1036BC00FFF7BAFF2846FFF7C1FFFFF7D3FF044619
:1036CC00C11C304605F021F90A4B98420AD928460C
:1036DC0005F01FF90028D8D1B8F1000FE4D06FF035
:1036EC00150000E00020BDE8F8830020FBE76FF038
:1036FC001500F8E7FDFF7F00034B044AC3F80823CD
:10370C00C3F84823704700BF0010014003000F00AE
:10371C0010B5012383406FEA030C0E4ABFF35B8F95
:10372C0052E8001F01EA0C0E42E800E4002CF7D12D
:10373C00BFF35B8F4FF4803282400748C0F80823F8
:10374C00BFF35F8FBFF36F8F0B4214BF01200020BC
:10375C0010BD00BF3C0C0020001001404FF4803322
:10376C008340144AD2F80423134201D1002070473D
:10377C0010B5044601238340DB430F49BFF35B8F35
:10378C0051E8002F02EA030041E8000CBCF1000FE5
:10379C00F6D1BFF35B8F22FA04F313F0010F03D1C0
:1037AC00204605F0B6F818B1204605F0BFF8012008
:1037BC0010BD00BF00100140380C002001B970474B
:1037CC0001238340114ABFF35B8F52E800CF4CEAD0
:1037DC00030C42E800C10029F7D1BFF35B8F4FF413
:1037EC00803383400A4AC2F80433BFF35B8F094B22
:1037FC001B68BFF35B8FC34013F0010FDFD0064B88
:10380C004FF40032C3F80021D9E700BF3C0C002074
:10381C0000100140380C002000E100E038B51446DF
:10382C001046194605F08EF802460D490B68E01A51
:10383C001B184C6844F100040B604C60A2F500139B
:10384C00B3F5400F09D2074B1B68190A1B06D41895
:10385C0041F10005044BC3E9004502F0A3FA38BD61
:10386C0058070020400C00206007002038B50D4B95
:10387C001C68250A2406BFF35F8FFFF7F3FE03468F
:10388C00001945F10001B3F5801F0AD2064BD3E9AC
:10389C000023904271EB030303D210F1807041F1CD
:1038AC00000138BD400C0020600700202DE9F041DC
:1038BC00064614461D469DF820801046194605F014
:1038CC0041F80746FFF7D2FFA04271EB050319D26E
:1038DC00201A65EB01011D4B984271F100012FD2AA
:1038EC001B4B03EB0613D3E90223AB4208BFA242E6
:1038FC0001D1002018E0424639463046FFF7B8FEA9
:10390C0090B11BE0B8F1000F1DD10123B340114A57
:10391C00BFF35B8F52E8000F184342E80001002907
:10392C00F8D1BFF35B8F0020094B320103EB061675
:10393C00C6E9024506999950079B7360BDE8F08172
:10394C006FF01500FAE76FF01500F7E70100800043
:10395C0048070020380C002030B585B0FFF7CCFEAE
:10396C0000231E4AC2F80835002B25DD1B4C02250E
:10397C00C4F804531A4B4FF40032C3F880210022D0
:10398C000121112004F0E3F9112004F0D6F90123F0
:10399C00A3602360134A1360002402940194124B19
:1039AC000093124A0023204604F0DCFF2846FFF760
:1039BC00D1F8204605B030BD0D4A02EB03124FF092
:1039CC00FF304FF0FF31C2E902014FF480329A40D0
:1039DC000249C1F804230133C6E700BF00100140BF
:1039EC0000E100E03C0C002029380000FFFF7F00C4
:1039FC00480700202DE9F04782B00446FFF7AEFEE1
:103A0C0010B902B0BDE8F087FFF730FF82460D46D3
:103A1C0004F09BFF0646154B03EB0413D3E9028914
:103A2C00C24575EB09050BD20025304604F095FF15
:103A3C00002DE6D0009742464B462046A847E0E7CB
:103A4C000A4A230102EB0411D5584F680020D050CC
:103A5C004FF0FF324FF0FF33C1E902232046FFF74E
:103A6C00F7FD204604F062FFDFE700BF48070020A7
:103A7C0010B50D4BD3F8043313F0020F03D100240F
:103A8C00002C0BDD10BD0221074804F008FF0028B4
:103A9C00F5D0064A136801331360F0E72046FFF7B0
:103AAC00A9FF0134ECE700BF00100140400C0020DE
:103ABC0010B584B0B0F1FF3F18D001281BDD154BB9
:103ACC009842A8BF18460446134B01221A70FFF700
:103ADC00CDFE124B1A685B68801AB0F5000F0CD241
:103AEC000444B4F5000F09D30A4C07E00A4B00223A
:103AFC001A70084CEBE70124E6E7064C002012197B
:103B0C00029001900649009143F1000304F02AFF52
:103B1C0004B010BDFFFF7F00BA0C00205807002036
:103B2C002938000008B5FFF7A1FE024B1B68C01A2C
:103B3C0008BD00BF58070020BFF34F8F0549CA6866
:103B4C0002F4E062044B1343CB60BFF34F8F00BF12
:103B5C00FDE700BF00ED00E00400FA05024BD3F8CE
:103B6C000034002BFAD0704700E0014008B5034B3D
:103B7C00C3F80405FFF7F2FF08BD00BF00E00140E9
:103B8C0038B504F00FFF40B14FF08053D3F8243315
:103B9C00C3F304236B4AC2F8403504F015FF10B18F
:103BAC00694B6A4A5A6704F025FF48B14FF08053BD
:103BBC00D3F84432C3F342334FF08042C2F83C3561
:103BCC0004F02AFF30B1624AD2F8FC3023F0807343
:103BDC00C2F8FC3004F036FF40B14FF080430022B5
:103BEC00C3F80C21C3F81021C3F8382504F03CFFAE
:103BFC0020B14FF080430322C3F8A02504F04AFF04
:103C0C0060B1544B0522C3F810260122C3F8882654
:103C1C000022C3F818263F22C3F8142604F050FFE4
:103C2C00002846D04FF08052D2F804144A4BC3F807
:103C3C002015D2F80814C3F82415D2F80C14C3F8C4
:103C4C002815D2F81014C3F82C15D2F81414C3F894
:103C5C003015D2F81814C3F83415D2F81C14C3F864
:103C6C004015D2F82014C3F84415D2F82414C3F824
:103C7C004815D2F82814C3F84C15D2F82C14C3F8F4
:103C8C005015D2F83014C3F85415D2F83414C3F8C4
:103C9C006015D2F83814C3F86415D2F83C14C3F884
:103CAC006815D2F84014C3F86C15D2F84424C3F844
:103CBC00702504F027FF48B14FF08053D3F85832E9
:103CCC0003F04F034FF08042C2F8E43E04F02CFFA7
:103CDC0060B14FF08043D3F8003413F0010F05D0DE
:103CEC004FF080436FF00102C3F8002404F02EFF64
:103CFC0030B11A4AD2F83C3743F48063C2F83C37EF
:103D0C0004F04CFF4FF01023D3F80032002B06DBED
:103D1C004FF01023D3F80432002B00DB38BD012008
:103D2C00FFF724FF4FF010241525C4F80052FFF7BD
:103D3C0015FFC4F80452FFF711FF0020FFF716FF20
:103D4C00FFF7FAFE0030014000C007400DF0ADBA9D
:103D5C0000ED00E00050004000C0004000100040AA
:103D6C0010B50468CCB1B4FA84F3C3F11F03DBB211
:103D7C0001229A4024EA0202BFF35B8F50E800CF85
:103D8C00A44504D140E8002EBEF1000FF6D1BFF3DC
:103D9C005B8FE6D10B70024810BD0248FCE700BFF8
:103DAC000000AD0B0200AD0B0368CB4013F0010F0C
:103DBC0015D100B5026801238B401343BFF35B8F11
:103DCC0050E800CF944504D140E8003EBEF1000F0E
:103DDC00F6D1BFF35B8FEDD102485DF804FB0248CE
:103DEC00704700BF0000AD0B0400AD0B0D4BD3F8BA
:103DFC00FC1041F08072C3F8FC20A3F55D431868F9
:103E0C0040F001021A605A68074B5B689B1AB3F5C5
:103E1C000A5FF9D3044B186003F55D43C3F8FC103B
:103E2C00704700BF00ED00E0001000E070B582B0FC
:103E3C000646C0B1012832D104224FF4807301210F
:103E4C004FF08040C0F80813024401211160034474
:103E5C0000221A601B688DF807108E4208D00025CE
:103E6C0042F210740CE00C224FF482730221E7E74B
:103E7C000DF10705F4E7012004F0A0FE013C0CD085
:103E8C002A4631464FF0804004F09CFE28B1002DAC
:103E9C00F1D09DF80730012BEDD0012E01D002B0EE
:103EAC0070BD024B00225A71F9E700BF440C002090
:103EBC00064B1B793BB9054B186001221A71002285
:103ECC005A71034870470348704700BF440C0020E8
:103EDC000000AD0B0C00AD0B08B5064B1B680BB10D
:103EEC0004F08EFE04F08AFE4FF08043C3F81805F0
:103EFC0008BD00BF440C002070B582B018B1012879
:103F0C0048D002B070BD4FF08043D3F81824D3F8DA
:103F1C00183403F00303019312F4803F13D14FF0D4
:103F2C008043D3F8143413F0010F10D104F066FE63
:103F3C000190019A4FF08043C3F8182508254FF4DF
:103F4C00827302262AE001A804F063FEF1E74FF029
:103F5C008043D3F81C3403F00303019301A804F04D
:103F6C0058FE0028E5D01C4B1B682BB14FF080434A
:103F7C000222C3F80423C4E74FF08043D3F8043182
:103F8C00002BF9D04FF080430022C3F80421D3F862
:103F9C000431B6E700254FF48073012603F1804409
:103FAC00002222602268B3F5827F0BD005F1804598
:103FBC0001232B60084B1B683BB14FF08043C3F8C7
:103FCC0004639EE7FFF712FFF0E72368002BFCD099
:103FDC0000232360236894E7440C002010B54FF0B5
:103FEC008043D3F8044308E01D4B5B792BB91C4B81
:103FFC0001225A711A4B1B68984784B3B4FA84F0A7
:10400C00C0F11F000122824083009BB203F5807334
:10401C009BB2C0B2D2B224EA020403F18043196805
:10402C000029EAD0002119601B684FF08043C3F8C7
:10403C000823012AD8D0022ADCD14FF08043D3F8D0
:10404C001814D3F8183413F0030FD3D14FF0804366
:10405C000121C3F81815C3F804239960CDE710BDEE
:10406C00440C002000F01F0240090CD14FF0A0417D
:10407C0002F5E07251F82200044B034043F00203B6
:10408C0041F8223070470021F2E700BFF0F8FCFF46
:10409C0000487047C40500202DE9F04184B0054666
:1040AC000C4616461F46084604F09FFE804656B343
:1040BC002146284604F0EAFE28B12146284604F0A1
:1040CC00A5FE002841D12146284604F0AEFE10B1D1
:1040DC007378012B39D001238DF80F300023019315
:1040EC000096B31C721C0DF10F01204604F01EFE4D
:1040FC002879FFF7CDFF08F1080230F8123043F0B1
:10410C00030320F81230002F39D02146284604F042
:10411C00BDFE002835D13E782B6806F5A272002131
:10412C0043F822102879FFF7B3FF08F1080230F8A2
:10413C00123023F02003DB04DB0C20F812307B78E8
:10414C002BB9114804B0BDE8F0811048FAE7BA78F1
:10415C00009222463146286804F08EFD2879FFF73C
:10416C0097FF024608F1080032F810307603B6B219
:10417C00334343F0200322F810300348E2E70248AF
:10418C00E0E70248DEE700BF0000AD0B0400AD0B1A
:10419C0070B506460D46144604F038FE68B1307909
:1041AC00FFF776FF0646284604F01FFE083036F867
:1041BC0010305B0B2370024870BD0248FCE700BF57
:1041CC000000AD0B0400AD0B2DE9F04182B00546AB
:1041DC00884616461F4604F0F4FFAEB33A46314605
:1041EC00284604F0C1FE041E20DB2879FFF750FF9F
:1041FC0040F834602879FFF74BFF00EBC4004760B0
:10420C002879FFF745FF0546404604F0EEFD0830DF
:10421C0035F81030E4B26402A4B2234343F4807343
:10422C0025F81030094802B0BDE8F0812879FFF775
:10423C002FFF0DF107015830FFF792FD034B984209
:10424C00F1D19DF80740D0E70048ECE70000AD0B3A
:10425C002DE9F04385B004460D461746084604F098
:10426C00C4FD0646D7F80080B8F1000F28D02946C7
:10427C00204604F0FAFD00284FD100238DF80E30B3
:10428C008DF80F300193009343460DF10F020DF1A1
:10429C000E01284604F04AFD2079FFF7F9FE06F1DD
:1042AC00080830F8183023F0020320F81830207971
:1042BC00FFF7EEFE30F8183043F0010320F8183009
:1042CC007B68F3B193F80080D3F80490294620461C
:1042DC0004F0BCFD18B3B9F1000F65D12079FFF7DC
:1042EC00D7FE083630F8163023F01C0320F81630B1
:1042FC002079FFF7CDFE30F8163043EA880320F81A
:10430C001630BA68002A53D05368126829462046E2
:10431C00FFF75AFF05B0BDE8F0832648FAE720798D
:10432C00FFF7B6FE06F1080230F8123023F0200336
:10433C00DB04DB0C20F81230B9F1000FCED0B8F151
:10434C00030F33D87B685B6893F80090B8F1000FCB
:10435C0006D1236809F5A279002243F82920BDE78C
:10436C00404604F09BFD0346216809F5A27C51F8F8
:10437C002C2022F0030241F82C202A4649462068C2
:10438C0004F061FC2079FFF783FE06F1080230F897
:10439C0012304FEA49391FFA89F943EA090343F00D
:1043AC00200320F8123099E70248B3E70148B1E73F
:1043BC000148AFE70400AD0B0000AD0B38B5054666
:1043CC000C4604F014FD08B9074838BD21462846B0
:1043DC0004F095FD2146284604F01EFF2046FFF709
:1043EC0041FE0248F1E700BF0400AD0B0000AD0B2D
:1043FC0070B582B005460E460079FFF749FE90F87D
:10440C00603013B10B4802B070BD0446402200214D
:10441C00103005F043FC236D0093002332464FF01F
:10442C000041286804F022FF012384F86030A36562
:10443C000148E8E70C00AD0B0000AD0B08B50249D4
:10444C00024804F0B9FF08BDC4050020006000401C
:10445C0030B500F01F0C400917D14FF0A04E0CF5F1
:10446C00E0705EF820500A4C2C4041EA420141EACF
:10447C0083039DF80C2043EA02239DF8102043EAA5
:10448C00024323434EF8203030BD4FF0000EE6E7D8
:10449C00F0F8FCFF00F01F0240090CD14FF0A041D6
:1044AC0002F5E07251F82200044B034043F0030381
:1044BC0041F8223070470021F2E700BFF0F8FCFF12
:1044CC0000F01F0240090CD14FF0A04102F5E07240
:1044DC0051F82200044B034043F0020341F8223010
:1044EC0070470021F2E700BFF0F8FCFFC37B002B04
:1044FC005ED110B50446037B012B3FD9037803F042
:10450C001F025B0948D14FF0A04101239340C1F831
:10451C000835237803F01F025B093FD14FF0A0410F
:10452C0002F5E07251F82200224B034043F00103E4
:10453C0041F822306378FF2B0CD003F01F025B098B
:10454C002ED14FF0A04101239340C1F80C35607877
:10455C00FFF7A0FFA078FF2824D1E378FF2B0CD025
:10456C0003F01F025B0921D14FF0A04101239340BE
:10457C00C1F80835E078FFF78DFF10BD037803F024
:10458C001F025B0906D14FF0A04101239340C1F8F3
:10459C000C35BEE70021F8E70021B6E70021BFE7A4
:1045AC000021D0E7A17B04F066FFD6E70021DDE710
:1045BC00704700BFF0F8FCFF38B505460C460846BE
:1045CC00FFF794FF2B79E17803EB83031B4A02EB93
:1045DC00C3039977237C73B96378FF2B28D01A46D1
:1045EC00A378FF2B27D029682078C1F80805C1F8DB
:1045FC000C25C1F810352B68A268C3F82425627B02
:10460C00217B286804F022FF2B7961790B4A03EB9C
:10461C00830302EBC303D9772B7903EB830352F8A3
:10462C00333023B1286840F3073003F086FB38BDE4
:10463C004FF0FF32D4E74FF0FF33D4E74C0C00209F
:10464C0038B50546047904EB840C144800EBCC0017
:10465C00007F08BB114800EBCC0E40F83C20CEF894
:10466C00043059B1C87B8EF82500CA788EF81E200C
:10467C004A798EF81F202846FFF79EFF2B680121F0
:10468C00C3F80015054B04EB840203EBC2020020B7
:10469C0050771177024838BD0248FCE74C0C0020DB
:1046AC000000AD0B0C00AD0B38B50479056804EBBC
:1046BC0084021E4B53F8323033B145F3073003F00C
:1046CC0041FB0423C5F808330023C5F8003504EB7F
:1046DC008402164B03EBC20393F825303BB104EB79
:1046EC008404124B03EBC40300221A7738BDD5F8AF
:1046FC000805FFF7E5FED5F81005B0F1FF3F0FD127
:10470C00D5F80C05B0F1FF3F0DD104EB8402074B3B
:10471C0003EBC203987FFF28E1D0FFF7D1FEDEE761
:10472C00FFF7CEFEECE7FFF7CBFEEEE74C0C0020DC
:10473C002DE9F04190F804C00CEB8C03204D05EBF7
:10474C00C3056B7F002B39D104468E4617460CEB04
:10475C008C031B4A52F833300BB101226A770CEBF5
:10476C008C03174E06EBC30606F10C089EE80F00EF
:10477C0088E80F00002386F82430B37FFF2B09D084
:10478C0003F01F015B0910D14FF0A04201238B40B5
:10479C00C2F80C355FB10CEB8C0C094B03EBCC0362
:1047AC0000225A770748BDE8F0810022EEE77246F6
:1047BC002946206804F0C0FE0348F4E70348F2E7FA
:1047CC004C0C00200300AD0B0000AD0B0B00AD0B2F
:1047DC0008B503494FF0402004F0F5FE08BD00BFBA
:1047EC004C0C002010B5134CA8220021204605F0DB
:1047FC0055FA0323236163610F4AA2610F4BE361F6
:10480C004FF4806323620023A3626362E362226637
:10481C000B4A62661022A2662367E366636706E0B2
:10482C00C3F10F020749895C024AD15401330F2BA3
:10483C00F6D910BD10040020F0AA000010000020D2
:10484C0000000020FCAA000008B500230F2B0AD89A
:10485C00094AD25CD2B2C3F10F010848415C8A42CA
:10486C0004D10133F2E7002313B908BD0123FBE7A0
:10487C00FFF7B8FFF9E700BF10040020FCAA000006
:10488C002DE9F84304460E461546304B00EB40002C
:10489C0003EBC000826A476A601C00EB400003EB2C
:1048AC00C00358683844BA423CD804EB4401274B47
:1048BC0003EBC103D3F82080A8EB070909F1FF3300
:1048CC009D4204D913449D420ED900202FE02A4664
:1048DC00314605F0D5F92F4404EB44041B4B03EB94
:1048EC00C4035F62012022E04A46314605F0C8F954
:1048FC00A7EB080818EB050507D104EB4404134B90
:10490C0003EBC4035D62012011E0631C03EB430362
:10491C000E4A02EBC3032A4606EB0901586805F060
:10492C00AFF9EAE7D21B013AAA4202D20020BDE855
:10493C00F8832A4605F0A4F92F4404EB4404034BF6
:10494C0003EBC4035F620120F1E700BF10040020F9
:10495C00064B00EB400203EBC202926A00EB4000F4
:10496C0003EBC003586A801A704700BF1004002084
:10497C00034B00E01833034A9342FBD3704700BF4C
:10498C00FC9D0000449E000004280CD8DFE800F0D9
:10499C00030D05070900064870470648704706488E
:1049AC00704706487047064870470648704700BF76
:1049BC0010AB000034AB000044AB000050AB000067
:1049CC0060AB000020AB000030B108B504F03EFF36
:1049DC0020B1037823B108BD024870470148FAE7BB
:1049EC000048F8E770AB000010B584B00446FCF743
:1049FC00CFFB064B0293002001900090034601224E
:104A0C00034904F00EFE204604F01AFE78AB0000B9
:104A1C0028A000002DE9F04186B005460C46EFF3C6
:104A2C001188202383F31288BFF36F8F1F4FBE684A
:104A3C00FFF7AAFF3B7C0593049003951C4B029354
:104A4C00002001900090034601221A4904F0E9FD70
:104A5C001CB1E369C3F30803E3B93046FFF7B4FFB5
:104A6C0004900396144B029300200190009003468F
:104A7C000122104904F0D5FD21462846FFF7B4FF6A
:104A8C0088F31188BFF36F8F3046FDF755FC06B0E5
:104A9C00BDE8F081094B0293002001900090034681
:104AAC000122044904F0BDFDD7E700BF740C0020BF
:104ABC0088AB000028A00000D4AB0000B0AB000015
:104ACC0038B505460A4B53F8204002E02368984756
:104ADC0008346B1C064A52F82330A34206D963688B
:104AEC00002BF3D0204604F0B3FDF1E738BD00BF36
:104AFC00FCAB0000F0B587B0044600EB4006114D4E
:104B0C0005EB861600EB400004EB84020E4B03EB26
:104B1C0082030E4A0592012204920F220392002274
:104B2C000292019200930A4B4FF4A072094901EBD7
:104B3C00C011304600F040FB737B23F00403737309
:104B4C0007B0F0BD68070020740C0020ECAB00002F
:104B5C00AD9600004025002008B553EA020102D1B1
:104B6C0000F0B8FE08BD0249183001F095F8F9E7DD
:104B7C00319A000010B586B0184C14E0636A0593A6
:104B8C00236A0493E3690393A36902936369019312
:104B9C0023690093E368A2686168206800F00CFB4D
:104BAC0023685C6530340E4B9C42E7D300F066FD05
:104BBC000A4C00E030340A4B9C420BD2A26AE36AE6
:104BCC00B3F1FF3F08BFB2F1FF3FF3D02068FFF70E
:104BDC00C3FFEFE700F06AFD06B010BD809F000038
:104BEC00B09F000008B50B4B01221A700320FFF791
:104BFC0067FFFCF713FF04F052FD0420FFF760FF82
:104C0C00FFF7B8FFFBF7D6FC034A137B23F0010335
:104C1C00137308BDBB0C00202808002008B5014602
:104C2C00014A0248FDF78CFCF14B000028080020DB
:104C3C0008B50348034A121A002104F028FD08BDE8
:104C4C0088060020BC0C002010B50446FFF752FF6C
:104C5C0004EB44030B4901EB83110B4A04EB840373
:104C6C0002EB8303D9601C7404EB4411074B03EB78
:104C7C00811303F5046304EB840402EB8402536098
:104C8C0010BD00BF68070020740C0020001D002020
:104C9C0070B586B000F042FD104D114B5D61114BAB
:104CAC00059301230493002403940294019400942B
:104CBC000D4B4FF480620D49284600F07DFA0646F4
:104CCC006B7B23F004036B73284604F056FE2046DE
:104CDC00FFF7BAFF304606B070BD00BF28080020B1
:104CEC00740C0020F4AB0000F14B0000C026002037
:104CFC0008B50020FFF7E4FE1E4B83F308881E4C1A
:104D0C00636943F400736361E02384F82230002567
:104D1C00E57725766576A57684F82050636A43F4AA
:104D2C00E023636284F82350FDF782FAFDF728FC38
:104D3C004FF0FF33A362E362FDF720FDFDF750FC5B
:104D4C00FCF710FA0D4B01245C731C73C3F8A450D0
:104D5C00C3F8A850C3F8B050094A9360FFF708FE97
:104D6C002046FFF7ADFE0220FFF7AAFEFFF790FFEB
:104D7C00FFF754FF4025002000ED00E0E80800207C
:104D8C00740C0020F8B50446EFF31187202383F34D
:104D9C001288BFF36F8F0568A84212D02E1E18BF61
:104DAC00012685B906BBA368E268934224D0012290
:104DBC001344A36000230BBB87F31188BFF36F8FE1
:104DCC00F8BD0025EAE76A682B6813605A60002377
:104DDC002B606B606A7B22F002026A73AB6005F198
:104DEC00180004F0F7FEDDE70023C5F8BC302846B8
:104DFC0004F0C3FD0123DEE70022D9E7394602485F
:104E0C0000F010FCDCE700BF980C002010B582B05D
:104E1C00EFF31181202484F31288BFF36F8F846821
:104E2C0044B1013C846081F31188BFF36F8F002083
:104E3C0002B010BD53EA020406D000920193024660
:104E4C00054800F0D3FBF3E781F31188BFF36F8FB4
:104E5C006FF00F00ECE700BF980C002070B5054612
:104E6C00EFF31186202383F31288BFF36F8F18E0C2
:104E7C00002419E06268236813605A6000232360E1
:104E8C006360627B22F002026273A36004F118007B
:104E9C0004F0A0FE6FF00A03C4F8BC30204604F006
:104EAC006CFD2C68A542E3D0002CE3D1002CF1D191
:104EBC000023AB603146024800F0B4FB70BD00BF6C
:104ECC00980C002070B338B50D4604461B4B9B68FC
:104EDC0083421BD000231A46D4F8D830C3F3800188
:104EEC00C3F3C00013F0010F1FD001B102B300B126
:104EFC0009B300232B60D4F8C43073B11D60C4F81F
:104F0C00C450204604F0ECFB012038BD04F098FCA2
:104F1C0008B90123DFE70023DDE7C4F8C450C4F867
:104F2C00C050EEE76FF0150070476FF01200ECE721
:104F3C006FF00F00E9E76FF00F00E6E7740C00204C
:104F4C0010B5C36823F00203C360134B1C687CB11B
:104F5C00236803B10CB100210FE02346FBE7224686
:104F6C000D4804F0AAFB04F10800FFF70BFF10BD7D
:104F7C002346F0E71A461C461346002CF7D062680D
:104F8C008242ECD02146002BF4D01A68002AF2D0D1
:104F9C00002BF0D11A46EEE7980C002070B584B0C7
:104FAC000546EFF31186202383F31288BFF36F8F2E
:104FBC00D5F8C040002C3FD02368C5F8C030D5F8D8
:104FCC00C42094424DD0D5F8D83043F00203C5F834
:104FDC00D830E36843F00102E26023F0040343F0AD
:104FEC000103E360636886F31188BFF36F8F20467B
:104FFC009847EFF31186202383F31288BFF36F8F4A
:10500C00E36823F00103E36013F0100F44D1E3686D
:10501C0013F0020F44D1D5F8D83023F00203C5F8B1
:10502C00D830C3F3002386F31188BFF36F8F002BA6
:10503C00B7D100F07BFBB4E7D5F8D83023F00402ED
:10504C00C5F8D82013F0040F0ED112F0100F14D0A5
:10505C000023C5F8D83086F31188BFF36F8F04B0E6
:10506C0070BDC5F8C430AEE705F1D00400220121B3
:10507C00204604F016FD0028F8D1002302934FF0CF
:10508C00FF324FF0FF33CDE9002305F1C802314662
:10509C00054800F0F9FC84E7204604F07DFBB6E7F8
:1050AC002046FFF74DFFB6E7A00C002008B584465C
:1050BC00084653EA02010CD0C16841F00801C160F6
:1050CC00DCF8001081620549103000F0E5FD01208C
:1050DC0008BD614604F00EFBFAE700BF61970000C3
:1050EC00F0B589B004460E9D0020C4F8C000C4F889
:1050FC00C40004F1C800C4F8C800C4F8CC0004F122
:10510C00D000C4F8D000C4F8D4002DB3287928BB43
:10511C000120C4F8D8004FF0FF364FF0FF37CDE92F
:10512C0006670020049003930290019000940D4BAD
:10513C00204604F098FB55B1296811B1204600F0C7
:10514C0029F86B791BB1237B43F0010323732046B1
:10515C0000F0C0FB09B0F0BD0120DAE740F201100D
:10516C00D7E700BFA94F000008B50146014804F07D
:10517C0028FB08BDC809002008B553EA020102D17A
:10518C0000F0A8FB08BD0249183000F085FDF9E7D6
:10519C00319A000010B5044640B11F2204F184007E
:1051AC0004F084FD002084F8A30010BD014B9C6822
:1051BC00F3E700BF740C00202DE9F04F85B00446D6
:1051CC000F4615461E46DDF838A0DDF83C90DDF89C
:1051DC004080DDF84CB000F158038365C365129B29
:1051EC000422119904F034FB2A463946204604F077
:1051FC0001FB0546CDF80880CDF80490CDF800A051
:10520C003346024639462046FDF754F900236365C0
:10521C0084F86C302667C4F874A0C4F87890C4F88D
:10522C007C80EFF31182202383F31288BFF36F8FFE
:10523C00134B196AC4F880101C6282F31188BFF3F7
:10524C006F8FBBF1000F13D01F22594604F184005D
:10525C0004F02CFD002384F8A330094B9B685BB150
:10526C00D3F8B030C4F8B030284605B0BDE8F08FA4
:10527C00002384F88430F0E7C4F8B030F4E700BFC2
:10528C00740C00200A4A9368C3F8B8006FF00A0146
:10529C00C3F8BC1007494B6843F080534B600023A4
:1052AC0083F31188BFF36F8F9368D3F8BC007047FA
:1052BC00740C002000ED00E0427B90F90D30002BC7
:1052CC0004DB12F01F0F01D1816901B1704710B5D9
:1052DC0062F07F024273264A52F8183F93420ED175
:1052EC000B460CE05A6842600360106058601FE087
:1052FC001A461F4CE469A24210D01B6883B17BB1E3
:10530C0090F90EC093F90E209445F1D0A2EB0C024B
:10531C00002AE7DC1A46002BEBD1EFE70B46EDE752
:10532C00134BDA6903F11801016042601060D86117
:10533C000F4B53F8184F9C420ED06CB10C4B9B6822
:10534C005A7B12F01F0F0AD1DA897F2A07D9A2697A
:10535C002AB9074A536109E0054BDC68EEE7A34222
:10536C0002D0204600F0DAFB014B5C6110BD00BF9F
:10537C00740C002010B5437B90F90D20002A14DB2F
:10538C00154B9A6853F8184F9C4219D0C4B18242FD
:10539C0019D0537B13F01F0F15D1D3897F2B12D942
:1053AC00A36983B90C4B5A6114E003F07F03437378
:1053BC004268036813605A60002303604360DFE7B0
:1053CC00054BDC68E3E7A24202D0204600F0A6FBC6
:1053DC00014B5C6110BD00BF740C00202DE9F8433B
:1053EC0005460C46454B9E68737B13F0600F28D026
:1053FC0013F0200F2AD008271F4222D13B4373738E
:10540C0013F0800F24D1082F2DD04FF000093B4B07
:10541C0053F8188F98454BD0B8F1000F48D0374B44
:10542C009B68434502D0404600F078FB334BC3F8F1
:10543C001480102F05D0304600F0D0FBB9F1000FCE
:10544C003AD184F31188BFF36F8F50E01027D3E764
:10545C0003F07F0373737268336813605A60002320
:10546C0033607360CFE7B3685BB172683368136005
:10547C005A60002333607360727B22F002027273F5
:10548C00B360304604F045FA06F1580004F046FAD1
:10549C001A4B9B689E4202D04FF00009B7E7EFF31E
:1054AC00058313B94FF00009B1E74FF00109AEE7DE
:1054BC00124BD3F80C80B2E7114B01225A731A73BA
:1054CC000022C3F8A420C3F8A820C3F8B0200B4ACC
:1054DC009360B6E7EFF31184202383F31288BFF3B4
:1054EC006F8F04F0E8F884F31188BFF36F8F6B7B38
:1054FC0013F0600FEED1BDE8F88300BF740C0020F0
:10550C00E8080020B3F1FF3F08BFB2F1FF3F00D124
:10551C00704708B50249183000F0BEFB08BD00BF4B
:10552C00319A000010B5437B90F90D20002A0ADB5C
:10553C00437B63F07F0343732B4A52F8183F93422B
:10554C0019D1002317E003F07F034373426803680B
:10555C0013605A60002303604360E9E75A684260B5
:10556C000360106058601EE01A461F49C9698A42E0
:10557C000FD01B687BB173B190F90E1093F90E200C
:10558C009142F1D0521A002AE8DC1A46002BECD1D9
:10559C00F0E70023EEE7144BDA6903F11801016020
:1055AC0042601060D861104B9A6853F8184F9C42B7
:1055BC000ED06CB182420ED0537B13F01F0F0AD168
:1055CC00D3897F2B07D9A3692BB9074B5A6109E003
:1055DC00054BDC68EEE7A24202D0204600F09EFAB2
:1055EC00014B5C6110BD00BF740C002010B50C4663
:1055FC0011460A4882680A4B1A60EFF31183202384
:10560C0083F31288BFF36F8FDDE90223806804F007
:10561C00A8F92046FFF736FE10BD00BF740C002021
:10562C00A00C002008B50B4659B9EFF3058242B91E
:10563C00064A50699268904203D00846FFF722FE52
:10564C0003E083F31188BFF36F8F08BD740C002047
:10565C0008B5034650B9EFF305823AB9064A5169C9
:10566C009268914202D0FFF70DFE03E083F311889C
:10567C00BFF36F8F08BD00BF740C00200023EFF345
:10568C001181202282F31288BFF36F8F09E0064B41
:10569C009A68D37B013BD37381F31188BFF36F8F6F
:1056AC000123002BF3D07047740C002038B5002375
:1056BC00EFF31185202282F31288BFF36F8F0EE077
:1056CC00154BDC6817E0A24202D0204600F026FA07
:1056DC00114B5C6185F31188BFF36F8F0123BBB94C
:1056EC000D4B9A68D17B0131D17353F8184F9C4202
:1056FC00E6D0002CE4D0537B13F01F0FE3D1D389F9
:10570C007F2BE0D9A369002BDDD1034B5A61E1E774
:10571C0004F08EF938BD00BF740C002008B50248A7
:10572C0004F091F908BD00BF880C002038B5EFF3E8
:10573C001184202383F31288BFF36F8F224B9A6856
:10574C00DB699A4205D01368516812680A6051608F
:10575C0006E00023F8E71C4AD269934212D01B687A
:10576C0093B1194A906890F90E1093F90E2091425A
:10577C00F1D0521A002AEEDD5A68426003601060C4
:10578C0058600AE00023EBE70F4B9A68D96903F1E4
:10579C001800106051600A60DA610B4B53F8185F07
:1057AC009D420DD065B1084B9B689D4202D02846A6
:1057BC0000F0B4F9044B5D612046FFF763FD38BD82
:1057CC00014BDD68EFE700BF740C00202DE9F041C0
:1057DC0050EA010333D004460D466FF001031B1A47
:1057EC004FF0FF3262EB0102012B72F100022ADB57
:1057FC006FF00106361AEFF31188202383F3128819
:10580C00BFF36F8F124FB868124B1860FFF7B2FDE1
:10581C00B86822462B461049183000F03DFABA6899
:10582C00537B43F0040353734046FFF72BFD04F006
:10583C00F9F9301A002800DC0020BDE8F081FFF7F0
:10584C0075FF0020F9E704F0EDF90619D3E700BF66
:10585C00740C0020A00C0020319A000008B5C11770
:10586C00C90341EA5041C003184BC018184A4FF005
:10587C00000341F10001FAF72BFCC117FFF7A6FF5B
:10588C004FEAE07C4FEA4C1343EAD0634201121A10
:10589C0063EB0C035B0243EAD253520212184CEB3B
:1058AC0003014FEA811E4EEA926E93019B1A6EEB36
:1058BC00010E18184CEB0E0C47F6FF73C0184CF188
:1058CC00000CC00B40EA4C4008BD00BF3F420F002B
:1058DC0040420F0038B50446183004F07BF9EFF362
:1058EC001185202383F31288BFF36F8F637B13F032
:1058FC00040F04D185F31188BFF36F8F38BD23F0EB
:10590C00040363732046FFF7D7FCEFF3058323B141
:10591C0085F31188BFF36F8FF0E729460148FFF735
:10592C0081FEEBE7A00C0020014B9868704700BF8C
:10593C00740C00202DE9F041EFF31186202383F342
:10594C001288BFF36F8F037B13F0010F15D1044640
:10595C00457B15F0080F1ED1B04600F1580703F037
:10596C00A4FF30B345F020056573EFF30583BBB19D
:10597C0031462046FFF732FD0BE086F31188BFF36A
:10598C006F8F002383F31188BFF36F8F04231846A6
:10599C0002DFBDE8F08186F31188BFF36F8FF8E763
:1059AC003946374B986803F082FF3046FFF76AFCA4
:1059BC00EFE745F00803637313F0800F33D1A3684E
:1059CC005BB16268236813605A60002323606360D4
:1059DC00627B22F002026273A36004F1180004F0EF
:1059EC00F9F8384603F09AFF254B9A68944227D071
:1059FC000027234B53F8185F9D4228D03DB3AA4291
:105A0C0002D0284600F08AF81D4B5D61204600F05C
:105A1C00E5F8FFB91A4B9B689C4229D088F3118892
:105A2C00BFF36F8FB5E705F07F0545F0080565738B
:105A3C006268236813605A60002323606360BEE7CA
:105A4C00EFF305830BB90027D3E70127D1E70C4B04
:105A5C00DD68D4E70B4B01225A731A730022C3F88A
:105A6C00A420C3F8A820C3F8B020054A9360D1E75E
:105A7C00EFF30583002BD1D13046FFF703FC88E709
:105A8C00740C0020E80800202DE9104883B0089C15
:105A9C00DDE906BCCDE900BCFFF7A8FD1CB1034B4A
:105AAC009B685B69236003B0BDE81088740C002010
:105ABC00044BC01AC010044B03FB00F0034B012233
:105ACC001A547047A8090020ABAAAAAAA40C00205B
:105ADC00C3897F2B11D80E4B1B687BB190F90E201C
:105AEC000C4B1B689A420CDB437B13F01F0F0AD143
:105AFC00094B984209D0012300E0002303F0010078
:105B0C0070470023FAE70023F8E70023F6E700BF0D
:105B1C00AC0C0020A80C00206807002070B50546CE
:105B2C000D4B1E7C06EB46030C4C04EBC3042046C9
:105B3C0004F050F80A4B00229A552846FFF7C8FF8C
:105B4C0000B970BD074B1A68013AD31706492046B5
:105B5C0000F0A2F8F5E700BF740C0020A8090020A3
:105B6C00A40C0020AC0C0020BD5A000038B5EFF39B
:105B7C001185202383F31288BFF36F8F144B9C681D
:105B8C00144B1B68A34217D0124B00221A60104B07
:105B9C001B7C114AD35C53B12046FFF799FF30B1FF
:105BAC00637B13F01F0F0FD02046FFF7B7FF85F371
:105BBC001188BFF36F8F38BD2046FFF7AFFF85F319
:105BCC001188BFF36F8FF6E72046FFF7ABFCEBE7CE
:105BDC00740C0020A00C0020A40C0020EFF3118109
:105BEC00202383F31288BFF36F8F0C4B1B6A834205
:105BFC0005D1D3F88020094B1A620AE013461BB179
:105C0C00D3F880208242F9D11BB1D0F88020C3F8A0
:105C1C00802081F31188BFF36F8F7047740C0020C4
:105C2C0008B50648064A121A064903F034FD064820
:105C3C00064A121A064903F02EFD08BDC0040020C6
:105C4C00840600203CAD0000B8040020C0040020F5
:105C5C0034AD0000034B1868984200D07047002008
:105C6C00FCE700BF2806002030B1044A526890427D
:105C7C0001D0006870470020704700BF2806002044
:105C8C0008B5044B1B680BB1002008BDFDF74AFF9B
:105C9C00FBE700BFB00C0020B3F1FF3F08BFB2F12F
:105CAC00FF3F77D02DE9F047044692461D468160B0
:105CBC000023EFF31187202282F31288BFF36F8F3A
:105CCC0026E01AF1010845F10009FFF7D9FF18EB9E
:105CDC00000349EBE070236160613BE0521A66EB14
:105CEC000303026143614368636020601C6044608D
:105CFC0005E0294B5A682360626014605C60FFF712
:105D0C00A9FF84423AD087F31188BFF36F8F012328
:105D1C00002B3DD153466FF00101B1EB0A014FF05E
:105D2C00FF3060EB0502002ACBDB1C4A116852687D
:105D3C005B1842EB05026FF00101C91A60EB02031C
:105D4C0008461A46012973F1000301DA01200022EA
:105D5C0020616261FFF77EFF0028CAD002694669A4
:105D6C0021696369914273EB060EB7DB891A63EB09
:105D7C00060321616361FFF777FFEDE7084B1B68B2
:105D8C00002BC0D103F009FF0021FDF791FEBAE70B
:105D9C00BDE8F087704700BF28060020C00900202E
:105DAC00B00C002070B5EFF31186202383F312881A
:105DBC00BFF36F8F2A4B1860FFF74CFF044623E0AC
:105DCC00284A136851685B1941EBE5711360516007
:105DDC0000220023C4E90423204603F0C7FE86F307
:105DEC001188BFF36F8FA36820469847EFF3118695
:105DFC00202383F31288BFF36F8F194A13685B1B40
:105E0C001360FFF727FF04463CB125696169144B09
:105E1C001A68D317AA428B41D2DA44B1236962695A
:105E2C000F4909685B1A62EBE172236162610D4AEA
:105E3C000B4D2868136851681B1841EBE071136017
:105E4C00516000242C6003F0A8FE2146FDF730FEC3
:105E5C0086F31188BFF36F8FFFF788FE70BD00BF0C
:105E6C00B00C0020C009002010B50022EFF3118403
:105E7C00202383F31288BFF36F8F134611460CE077
:105E8C00FFF7FEFE074A13685168C31841EBE07137
:105E9C0084F31188BFF36F8F0122002AF0D01846CB
:105EAC0010BD00BFC00900202DE9F04182B00024D4
:105EBC00009400F10C07EFF31188202484F312886E
:105ECC00BFF36F8F856805EA0206694011404D40AB
:105EDC00856001956A460B4903F019FE009C4CB194
:105EEC000021C4F8BC1065662046246E03F060FDEA
:105EFC00002CF5D141463846FFF794FB304602B0F2
:105F0C00BDE8F081519C000000B585B0094A02AB98
:105F1C0092E8030083E8030000934FF0FF334FF443
:105F2C00806205490548FFF7DBF8002005B05DF8F5
:105F3C0004FB00BFA8A00000002B0020C809002013
:105F4C002DE9F04F8DB043680293837815469A077C
:105F5C00804640F10D8100240E78002E00F00A815D
:105F6C00252E0BD04B1C03930134029B414630462B
:105F7C0098470028C0F2F6800399EDE74E788B1C09
:105F8C00252E0393F0D00027B946BB46BBF11F0F5B
:105F9C0038D8A6F12003102B0AD8DFE803F02A0921
:105FAC0009300909092109090928092D09091F00C6
:105FBC00A6F13003092B33D92A2E37D11BF0400F11
:105FCC0055F8043B40F08280002BA7BF4BF0200B10
:105FDC009946C3F100094BF0280B01E04BF0010B83
:105FEC00039B13F8016B0393002ECFD130E04BF0E1
:105FFC00020B4BF0040BF3E74BF0080BF0E74BF004
:10600C00100BEDE7BBF17F0F19D8A6F13003092B6C
:10601C00D2D81BF0400F03D00A2101FB0737DFE772
:10602C000A2101FB09394BF0200BD9E72E2E06D1A2
:10603C001BF0400F40F09E804BF0400BD0E76C2ED5
:10604C0031D02BD8682E36D06A2E3CD04C2E3AD07C
:10605C00002F46F02003B8BF2BF04002A3F16501DE
:10606C00BCBF1FFA82FB0027022901D9612B2FD15B
:10607C00073525F00705DFF8ACA2083507271BF01C
:10608C00080F66D00AEB070B56465E4563D1A4EBAE
:10609C000A0A06EB0A02A9EB07096FE1742E9FD0DE
:1060AC007A2E9DD0D4E71BF0800F18BF4BF4007BE9
:1060BC004BF0800B94E71BF4807F18BF4BF4007BF4
:1060CC004BF4807B8CE74BF4207B89E71F4687E7FA
:1060DC00A6F16301122900F2F080DFE811F0130041
:1060EC004F00EE00EE00EE00EE004F00EE00EE0072
:1060FC00EE00EE00EE00FE00E900EE00EE001B00EC
:10610C00EE00AF0055F8043B8DF8183001270DF167
:10611C00180AB4E755F804AB834BBAF1000F08BF6B
:10612C009A461BF0400F14BF39464FF0FF315046D2
:10613C0003F0CCFD0746A2E7029B4146202098477E
:10614C0000280FDB013EB742F6D34C44A41BB146EA
:10615C0098E74E46F7E716F8010B029B4146984725
:10616C00002892DA98F8023043F0040388F80230E1
:10617C004FF0FF3420460DB0BDE8F08F1BF0800FC0
:10618C0034D01BF4007F2CD0073525F00705AA4628
:10619C0069685AF8080B2BF010050029ADB237DAF4
:1061AC00404261EB410145F480650DF1180B0A2367
:1061BC005A4603F097FDA0EB0B0301936B0662D5D7
:1061CC00019B25F001019F4289B240F3A180002E72
:1061DC0000F0998015F0100240F09C80BB460D46F3
:1061EC0023E0AA465AF8040BC117D4E7AA461BF4BD
:1061FC00807F5AF8041B01D10846F5E71BF4007F99
:10620C0015BF48B208B241F3C01141F3C031C2E727
:10621C0050EA0103C9D11BF0400FC6D0002FC4D1E6
:10622C002BF0110295B2BB46019740F2064115EADC
:10623C0001021CBF0BF1010B00222CE02BF0100211
:10624C001FFA82FB0A231BF0800C49D01BF400714F
:10625C001DBF073525F00705AA46AA461ABF5AF8EE
:10626C00080B69685AF8040B50EA010545D12BF06C
:10627C0016051BF0400FADB242D0002F40D12BF0D1
:10628C00170295B2019715F0100248D0019B002E11
:10629C0042D103F1010B29075AD4EB0706D5D94596
:1062AC006FDD0199A9EB0B035F18CB465B4649E008
:1062BC004BF0100B10237826C5E7782B04D1C6F1D0
:1062CC00780343F01003BEE7029B41462520984714
:1062DC000028FFF647AF023447E608230026B2E752
:1062EC00AA461BF480715AF8040BBDD01BF4007144
:1062FC001ABFC0B2614680B2B6E72BF0060295B267
:10630C000DF1180B54E725F01105ADB2BB468CE727
:10631C000D46B8E73B460D4603F1020BBBE7DDF833
:10632C0004B082E729AD000022AD0000CDE90432B3
:10633C004146029B202098470028FFF613AF049B90
:10634C00059A01339945F1DCA4EB0B01CC189B4663
:10635C000AB3029B4146302098470028FFF602AF53
:10636C008EB901342744019B391B994224DC1D460C
:10637C005DBB019AA9EB0B09224455461446914486
:10638C0035E0019F92E7023441463046029B984724
:10639C000028E7DAE6E640F206410D42E2D015F0BD
:1063AC00020F14BF2B20202015F4806F04F1010480
:1063BC00414618BF2D20E9E7029B41463020984703
:1063CC00002804F10104CEDACCE606AB013D4146CF
:1063DC00585D029B98470028CADAC3E6029B4146E7
:1063EC0020209847002804F10104FFF6BBAEA9EB6E
:1063FC000403002BF2DCBFE5704738B51346856803
:10640C00046912F4801F07D012F4402F04D012F04C
:10641C00010F01D082F4402323F4801213F0010FFA
:10642C000AD023684FF0010C0CFA01FC43EA0C0370
:10643C0023602B68984738BD23684FF0010C0CFA89
:10644C0001FC23EA0C032360F3E708B503468C46F2
:10645C0000681979DA8842EA0C02FFF7CEFF08BD12
:10646C0008B58368DB6913B10122984708BD6FF04A
:10647C005700FBE710B58C461346014651F8040B48
:10648C00826814686246A04710BD10B50A460146E2
:10649C0051F8040B83681C680023A04710BD08B595
:1064AC00FFF7DCF908BD10B586B00BAC059403946E
:1064BC000A9C0294099C0194089C0094FAF7EEFE45
:1064CC0006B010BD10B50446006803F09AF80346F8
:1064DC0020B1E06810B103F094F80346184610BDE3
:1064EC0050B1C2685AB1026962B143680BB1002065
:1064FC0070474FF0FF3070474FF0FF3070474FF050
:10650C00FF3070474FF0FF30704701390A291BD814
:10651C00DFE811F00B002E0050009400B700DA00F9
:10652C00FD002001410162017200012A0DD0022AF6
:10653C0010D03AB9037803F07F030370437803F06B
:10654C007F034370032A0AD07047037843F080031B
:10655C000370ECE7437843F080034370E9E703787A
:10656C0043F080030370437843F08003437070471B
:10657C00012A15D0022A18D03AB9037803F0BF03C8
:10658C000370437803F0BF034370032ADCD1037814
:10659C0043F040030370437843F04003437070476B
:1065AC00037843F040030370E4E7437843F040037F
:1065BC004370E1E7012A15D0022A18D03AB90378C2
:1065CC0003F0DF030370437803F0DF034370032A07
:1065DC00BAD1037843F020030370437843F02003CF
:1065EC0043707047037843F020030370E4E743786B
:1065FC0043F020034370E1E7012A15D0022A18D09A
:10660C003AB9037803F0EF030370437803F0EF0318
:10661C004370032A98D1037843F010030370437836
:10662C0043F0100343707047037843F0100303707A
:10663C00E4E7437843F010034370E1E7012A16D0F6
:10664C00022A19D03AB9037803F0F70303704378A0
:10665C0003F0F7034370032A7FF476AF037843F01B
:10666C0008030370437843F00803437070470378C2
:10667C0043F008030370E3E7437843F008034370E7
:10668C00E0E7012A16D0022A19D03AB9037803F0B0
:10669C00FB030370437803F0FB034370032A7FF47E
:1066AC0053AF037843F004030370437843F00403BF
:1066BC0043707047037843F004030370E3E74378B7
:1066CC0043F004034370E0E7012A16D0022A19D0E4
:1066DC003AB9037803F0FD030370437803F0FD032C
:1066EC004370032A7FF430AF037843F00203037046
:1066FC00437843F0020343707047037843F002037E
:10670C000370E3E7437843F002034370E0E7012AA8
:10671C0016D0022A19D03AB9037803F0FE0303709D
:10672C00437803F0FE034370032A7FF40DAF037824
:10673C0043F001030370437843F001034370704747
:10674C00037843F001030370E3E7437843F001035C
:10675C004370E0E7012A14D0022A17D032B98378AB
:10676C0003F0F701817003F077038370032A7FF441
:10677C00EBAE837843F00802827043F08803837099
:10678C007047837843F008038370E5E7837843F020
:10679C0080038370E2E7012A14D0022A17D032B9A1
:1067AC00837803F0FB01817003F0BB038370032A31
:1067BC007FF4CAAE837843F00402827043F0440342
:1067CC0083707047837843F004038370E5E7837824
:1067DC0043F040038370E2E7012A14D0022A17D059
:1067EC0032B9837803F0FE01817003F0EE038370FD
:1067FC00032A7FF4A9AE837843F00102827043F040
:10680C0011038370A0E6837843F001038370E5E7FE
:10681C00837843F010038370E2E7012809D008B9AC
:10682C0001290BD001280CD010B909B90023137021
:10683C0070470029F3D101231370F0E70223137082
:10684C00F0E70129F0D103231370EDE708B5013906
:10685C000A290DD8DFE801F0060D161F28313A433E
:10686C004A525A0003784178C909D809FFF7D5FF75
:10687C0008BD03784178C1F38011C3F38010FFF792
:10688C00CCFFF5E703784178C1F34011C3F3401016
:10689C00FFF7C3FFECE703784178C1F3C001C3F302
:1068AC00C000FFF7BAFFE3E703784178C1F380013A
:1068BC00C3F38000FFF7B1FFDAE703784178C1F347
:1068CC004001C3F34000FFF7A8FFD1E703784178FC
:1068DC0001F0010103F00100FFF79FFFC8E780788A
:1068EC00C109C0F3C000FFF798FFC1E78078C0F37F
:1068FC008011C0F38000FFF790FFB9E78078C0F3F8
:10690C00001100F00100FFF788FFB1E70378417830
:10691C00C1F30011C3F30010FFF77FFFA8E72DE9C7
:10692C00F8430546894617461E461846FFF7D8FD1C
:10693C0060BB8046B9F1000F2DD0012F03D0012F81
:10694C0026D900240DE0346973683A464946284636
:10695C00A04730770028F2D06FF00108EFE7013440
:10696C00E4B22146BC4213D2B8F1000F10D17368C7
:10697C00012249442846D6F810C0E047307701354B
:10698C00EDB20028EBD06FF00108E8E74FF0FF38CC
:10699C004046BDE8F8834FF0FF38F9E700B583B007
:1069AC000B460022ADF8042002788DF804204278C2
:1069BC005201D2B28DF8052090F802C04FEA0C1C9F
:1069CC000CF0100C42EA0C028DF80520C07800F097
:1069DC000F0002438DF80520022201A95520FFF774
:1069EC009EFF03B05DF804FB10B584B00B4600228B
:1069FC0001920292CDF80B2002795201D2B28DF89D
:106A0C00042090F805C04FEA0C1C0CF0100C42EA64
:106A1C000C028DF80420047AA10001F00C010A4349
:106A2C008DF80420417A01F003010A438DF804200B
:106A3C008279520002F002028DF80520C17901F032
:106A4C0001010A438DF8052002788DF80620428852
:106A5C00110A8DF807108DF80820C4B942898DF8F9
:106A6C000920120A8DF80A2082898DF80B20120A4F
:106A7C008DF80C20C2898DF80D20120A8DF80E208D
:106A8C000B2201A93F20FFF74AFF04B010BD0522DD
:106A9C0001A93F20FFF743FFF7E710B584B00B4681
:106AAC00002201920292CDF80B2002795201D2B24F
:106ABC008DF8042090F805C04FEA0C1C0CF0100C5B
:106ACC0042EA0C028DF80420047AA10001F00C01BA
:106ADC000A438DF80420417A01F003010A438DF832
:106AEC0004208279520002F002028DF80520C1794F
:106AFC0001F001010A438DF8052002788DF806207B
:106B0C004288110A8DF807108DF80820C4B9428903
:106B1C008DF80920120A8DF80A2082898DF80B2035
:106B2C00120A8DF80C20C2898DF80D20120A8DF8EE
:106B3C000E200B2201A94A20FFF7F1FE04B010BD74
:106B4C00052201A94A20FFF7EAFEF7E710B584B049
:106B5C000B46002201920292ADF80C2002785201F1
:106B6C00D2B28DF8042090F801C04FEA0C1C0CF046
:106B7C00100C42EA0C028DF804208478A10001F07C
:106B8C000C010A438DF80420C2788DF80520027997
:106B9C008DF8062042798DF80720C4B9C2888DF88B
:106BAC000820120A8DF8092002898DF80A20120A91
:106BBC008DF80B2042898DF80C20120A8DF80D20CF
:106BCC000A2201A93520FFF7AAFE04B010BD042249
:106BDC000DEB02013520FFF7A2FEF6E72DE9F0419F
:106BEC00A0B080460E4615461C461846FFF778FCAA
:106BFC0038BB074646B36378012B01D048F08008B8
:106C0C00227A63682A4469464046D4F80CC0E047AF
:106C1C00207708B900200EE06FF001070DE094F822
:106C2C0008C084440CF180030DEB030C1CF8803C71
:106C3C003354013080B2A842F1D3384620B0BDE8BD
:106C4C00F0814FF0FF37F8E74FF0FF37F5E730B53D
:106C5C0083B0044600238DF80730FFF741FC05464E
:106C6C0048B96369616841F28830984763782BB101
:106C7C000023237265B1284603B030BD0122227275
:106C8C0023460DF107010020FFF7A8FF0546F1E7A9
:106C9C00234601220DF107010020FFF79FFF054657
:106CAC000028E8D19DF80730902B01D12370E2E742
:106CBC006FF00205DFE730B585B00C4613460021B6
:106CCC00019102918DF80C100546002839D001284D
:106CDC004BD1092201A90420FFF780FF78BB9DF856
:106CEC0004309DF8052003EB02239AB21BB22380DB
:106CFC00B3F5006F02DBA2F5805222809DF80630BE
:106D0C009DF8072043EA02231BB26380B3F5006FA2
:106D1C0003DB9BB2A3F5805363809DF808309DF88C
:106D2C00092043EA02231BB2A380B3F5006F03DBF7
:106D3C009BB2A3F58053A3804DB90023A36005B08B
:106D4C0030BD062201A90420FFF748FFC6E7012D3C
:106D5C00F5D19DF80A209DF80B109DF80C301B0402
:106D6C0003EB01231344A360E9E76FF00300E6E7AC
:106D7C0030B583B005460C460023ADF804300B4605
:106D8C00022201A95720FFF729FF08B103B030BD3B
:106D9C009DF804302A78D20002F0180223F0180370
:106DAC0013438DF804306A7823F0070302F00702CE
:106DBC0013438DF804309DF805202B791B0103F04B
:106DCC00300322F030021A438DF80520EB789B003B
:106DDC0003F00C0322F00C021A438DF80520AB785B
:106DEC0022F0030203F003031A438DF80520234617
:106DFC00022201A95720FFF792FDC7E72DE9F041C8
:106E0C0007460C4616460B78DBB1002211466FF094
:106E1C0003052378012B1CD02378022B21D0237857
:106E2C00032B26D094F80080B8F1040F29D02378D6
:106E3C00052B2ED02378062B33D0B5B32846BDE8CE
:106E4C00F0811146A01CF9F70DFC0546227A0121B0
:106E5C00DFE73146A01CFFF78BFF0546E2790921DD
:106E6C00DAE73146A01CFFF799FD0546A279082107
:106E7C00D5E73146A01CFFF7B7FD0546A27C0521DE
:106E8C00D0E73146A01CFFF708FE0546A27C414620
:106E9C00CDE73146A01CFFF759FE0546A27B062123
:106EAC00C8E7A2780A210025C7E73846FFF72DFB73
:106EBC00C4E710B582B004460B46032201A9192081
:106ECC00FFF78CFEA8B99DF80430DA096271C3F3A0
:106EDC00411323719DF805309A096270C3F30112B6
:106EEC00E27003F00F0323709DF80630C3F38103A7
:106EFC00A37002B010BD10B582B004460B4602223E
:106F0C0001A95720FFF76AFE90B99DF80430C3F32E
:106F1C00C102227003F0070363709DF80530C3F3C0
:106F2C0001122271C3F38102E27003F00303A37018
:106F3C0002B010BD10B582B004460B46022201A966
:106F4C005520FFF74BFE60B99DF8043023709DF877
:106F5C0005305A096270C3F30012A27003F00F03DC
:106F6C00E37002B010BD10B584B004460B460B2282
:106F7C0001A93F20FFF732FE00283FD19DF80430D5
:106F8C005A092271C3F300126271C3F38102227297
:106F9C0003F0030363729DF8053003F00102E27104
:106FAC00C3F34003A3719DF8063023709DF80720AE
:106FBC009DF8083043EA022363809DF80A3003F001
:106FCC000F038DF80A309DF8092042EA03236381F0
:106FDC009DF80C3003F00F038DF80C309DF80B204E
:106FEC0042EA0323A3819DF80E3003F00F038DF8C2
:106FFC000E309DF80D2042EA0323E38104B010BD4E
:10700C0010B584B004460B460B2201A94A20FFF7A9
:10701C00E5FD00283FD19DF804305A092271C3F3D5
:10702C0000126271C3F38102227203F003036372D4
:10703C009DF8053003F00102E271C3F34003A37124
:10704C009DF8063023709DF807209DF8083043EA20
:10705C00022363809DF80A3003F00F038DF80A3089
:10706C009DF8092042EA032363819DF80C3003F05C
:10707C000F038DF80C309DF80B2042EA0323A381FB
:10708C009DF80E3003F00F038DF80E309DF80D2097
:10709C0042EA0323E38104B010BD10B584B004466A
:1070AC000B460A2201A93520FFF798FD98BB9DF8E5
:1070BC0004305A092270C3F300126270C3F38103C7
:1070CC00A3709DF80530E3709DF8063023719DF890
:1070DC00073063719DF8093003F00F038DF8093008
:1070EC009DF8082042EA0323E3809DF80B2002F070
:1070FC000F038DF809309DF80A3043EA02232381EF
:10710C009DF80D2002F00F038DF809309DF80C301E
:10711C0043EA0223638104B010BD2DE9F04182B033
:10712C0007460C46164600238DF807300B78CBB17A
:10713C0000216FF003052378012B1DD02378022B3F
:10714C0024D02378032B2BD094F80080B8F1040FB3
:10715C0030D02378052B37D02378062B3ED0002D4A
:10716C0046D140E01146A01CFFF7A3FE0546237A4A
:10717C008DF807300121DEE73146A01CFFF7BBFE7E
:10718C000546E3798DF807300921D7E73146A01C75
:10719C00FFF7D0FE0546A3798DF807300821D0E71C
:1071AC003146A01CFFF7DFFE0546A37C8DF80730A7
:1071BC000521C9E73146A01CFFF722FF0546A37C39
:1071CC008DF807304146C4E73146A01CFFF765FF38
:1071DC000546A37B8DF807300621BDE7A3788DF813
:1071EC0007300A2100250DF107023846FFF72EFB68
:1071FC00284602B0BDE8F08130B583B004460D4698
:10720C000B4601220DF107012D20FFF7E7FC08B119
:10721C0003B030BD9DF80730600000F0020023F091
:10722C00020303438DF807302B4601220DF10701B1
:10723C002D20FFF774FBEBE770B582B006460C46C9
:10724C0000238DF807300846FFF74AF9054610B1C0
:10725C00284602B070BD234601220DF1070119200A
:10726C00FFF7BCFC05460028F2D19DF8072006F07C
:10727C00030322F0030213438DF807302346012247
:10728C000DF107011920FFF74AFB0546012E05D029
:10729C006369616842F210709847D9E76369616865
:1072AC0049F640409847D3E770B506460D4614465C
:1072BC001046FFF715F930B945B12246294630463C
:1072CC00FFF7F9FC70BD4FF0FF30FBE74FF0FF30DC
:1072DC00F8E700EBC1018368B3F5004F0AD322B184
:1072EC004B6843F001034B6070474B6823F001037C
:1072FC004B60704722B14B8843F001034B807047C1
:10730C004B8823F001034B807047131D50F823303A
:10731C00DBB9C3684FF0010C0CFA02FC43EA0C0316
:10732C00C360043240F8221000EBC1038268B2F54E
:10733C00004F06D399608268B2F5004F03D3D96031
:10734C0070479980F7E7D980704710B500EBC30CF4
:10735C008468B4F5004F1CD3DCF8082000EBC10E98
:10736C00B4F5004F18D3CEF808208468B4F5004F5C
:10737C0015D3CEF80C3000EBC2028368B3F5004F86
:10738C0010D3D1608368B3F5004F0DD3CCF808103F
:10739C0010BDBCF80420E1E7AEF80420E5E7AEF838
:1073AC000630E8E7D180EDE7ACF80410F0E708B55B
:1073BC008368B3F5004F07D300EBC1025268520843
:1073CC00012A02D0002200E00022A2B900EBC10287
:1073DC00B3F5004F10D352685208B3F5004F0DD3DC
:1073EC0008230833A2EBD3020132B2FA82F2C2F1C3
:1073FC001F02FFF78AFF08BD5288EDE70423F0E770
:10740C00F8B5B2F5802F23D30823D21ACC1D24F063
:10741C00070401EB020C2CF0070CACEB040C4FEA4C
:10742C00DC010460A1600023E360BCF5802F11D364
:10743C0008230833A1EBD3030133B3FA83F3C3F16D
:10744C00200EC3F124039B00DE1DF508002308E089
:10745C000423DAE70423ECE71A1D002044F8220089
:10746C0001337345F8DB6B00BCF5802F32D36360BE
:10747C00BCF5802F30D300232360BCF5802F2ED396
:10748C00636843F0010363604A1B570026F007034F
:10749C00E018BCF5802F27D34760A068B0F5004FEB
:1074AC0024D3E5502CF00703A444A068B0F5004F9A
:1074BC001ED30020CCF80400A068B0F5004F1BD3FD
:1074CC00E25001222046FFF704FF29462046FFF731
:1074DC006EFFF8BD6380CBE700232380CDE7638884
:1074EC0043F001036380CFE74780D6E7E552D9E745
:1074FC000020ACF80200DFE7E252E2E710B50C46E0
:10750C0011461A46029BA04710BD5BB32DE9F0470C
:10751C0082B00746884691461D461A785E789C785C
:10752C00DB7804EB820404EB43042C444FF0000A98
:10753C000AE014F8013B45F823402046F8F7E2FD39
:10754C00013004440AF1010AB245F2D305F10803F3
:10755C0000936B684A4641463846FFF7CFFF02B0AE
:10756C00BDE8F0876FF01500704708B500F0BBF967
:10757C0008BD0FB400B583B004A951F8040B0191F8
:10758C00FFF7F3FF03B05DF804EB04B0704701F0B4
:10759C000701038B23F007030B43038370472DE98B
:1075AC00F04106460F469046816821B10C683CB10B
:1075BC0031B90C4604E00C4602E0234621461C4639
:1075CC0069B14D6843463A463046A847002CF4D082
:1075DC002368002BF2D0002CF0D12346EEE7BDE857
:1075EC00F081038B13F0070303D102680AB1032067
:1075FC007047022B03D0012B06D000207047428B22
:10760C00002AF8D10420704703680BB1052070479D
:10761C000020704710B504468C46038B002A07DB0C
:10762C0003F007035A1F012A0ED9042B36D010BDC4
:10763C00D0E900018CE80300002323606360012182
:10764C002046FFF7A4FFF2E7D0E900018CE8030025
:10765C00002222606260062B1BD1DCF8003053B193
:10766C00628B013262831A461B68002BF7D0002A0A
:10767C00F5D11346F3E702212046FFF788FF204699
:10768C00FFF7AFFF0028D2D0238B43F020032383D6
:10769C00CDE700212046FFF77AFFF0E70021FFF746
:1076AC0076FF2046FFF79DFF0028C0D0238B43F0C8
:1076BC0020032383BBE750B110B50C4651B1081D14
:1076CC0000F0C2F810B9A368032B06D810BD6FF0F8
:1076DC00150070476FF01500F8E76FF01500F5E72F
:1076EC002DE9F04107460C4616461D461946201D4D
:1076FC0000F0C1F828B180462B4632462146384668
:10770C00C047BDE8F0812DE9F04180460C46174694
:10771C001E4604E033463A464046FFF7E1FF216837
:10772C0031B10D68256063688B42F3D16560F1E778
:10773C00BDE8F08108B5EFF311824FF0200C8CF30B
:10774C001288BFF36F8F41610121F9F7A1FB08BDCE
:10775C00034670B181B10A688AB14A6892B10020BF
:10776C00186058609860D860186158619861196108
:10777C0070476FF0150070476FF0150070476FF091
:10778C00150070476FF01500704770B505460E4632
:10779C00FFF791FF041E2EDBEFF31182202383F3FE
:1077AC001288BFF36F8FB5F818C00CF0070C6B8BF9
:1077BC004FF6FF718B422CD06446BCF1020F08D0FF
:1077CC00BCF1060F19D8DFE80CF01E1818181E2A89
:1077DC001E0001336B8301230021084628B10020D1
:1077EC003060686808B306606E6009BB82F311886C
:1077FC00BFF36F8F0BBB204670BD6FF004040023EA
:10780C0019461846EAE7BCFA8CF149090023012015
:10781C00E4E76FF00A04002319461846DEE76FF020
:10782C008504002319461846D8E76E602E60DCE705
:10783C0002212846F9F72CFBDDE70023624631468E
:10784C002846FFF74DFFD6E7024658B1436803F0D0
:10785C000303012B03D0032B07D1036843B1002092
:10786C00906070476FF0150070476FF0150070470F
:10787C006FF0150070470346426802F00302816006
:10788C00032A03D1006800225A6070470020FAE7EF
:10789C007047002070470120704708B50846F9F77B
:1078AC00ADFB08BD08B501F079F808BD08B520EAB4
:1078BC00E070C117C90341EA5041C00340F2E733FD
:1078CC00C0184FF47A724FF0000341F10001F8F741
:1078DC00FFFB02F0BCF808BD08B500210846F9F71B
:1078EC00DDFB002008BD00B585B00391029000209F
:1078FC0001900090034602460146F9F7CFFC05B013
:10790C005DF804FB0020704770B588B10E46144634
:10791C001946054633B11030C2F34A23120D1844F0
:10792C0002F0AEF92C606E602846F9F779FC70BD58
:10793C00F9F756FCFBE710B586B00BAC0594039435
:10794C000A9C0294099C0194089C0094F9F7A6FCEB
:10795C0006B010BD2DE9F041804607688568436884
:10796C001C685E6805E0324621462846B847241A52
:10797C000544002CF7D1D8F8043000221A60BDE879
:10798C00F08100B583B08DF807000B684A68526827
:10799C0001210DF107009847002003B05DF804FBAE
:1079AC0038B504460D460A2805D029462046FFF76F
:1079BC00E8FF002038BD0D20FFF7E3FFF5E708B521
:1079CC0013460122F9F72CFD08BD08B51346002219
:1079DC00F9F726FD08BD38B505460C4601F0010146
:1079EC00FFF7F3FF21462846F9F7ACFD38BD2DE92A
:1079FC00F04383B080460E4615461F46DDF82890AE
:107A0C002C46102D28BF1024CDF800903B46224662
:107A1C0031464046F9F7AAFD26442D1BF0D103B0A0
:107A2C00BDE8F0832DE9F04387B006460C4690463E
:107A3C00D1F808900F88C7F382170878C0F3C205F5
:107A4C000846F9F789FC011E1ADA0023214651F881
:107A5C00105BC5F34A256288C2F30B12481905B9AD
:107A6C000021CDF81480049203900291019700221A
:107A7C00009249463046F9F7DBFD07B0BDE8F083CC
:107A8C002846F9F7E7FB0346E0E72DE9F04180468D
:107A9C000768856843681C685E6805E032462146C5
:107AAC002846B847241A0544002CF7D1D8F80430DE
:107ABC0000221A60BDE8F0814B09BFF35B8F50F8D0
:107ACC002300BFF35B8F01F01F01084100F00100A0
:107ADC007047406920B108B50021FFF7EDFF08BDE4
:107AEC000020704738B503464469256815F020001E
:107AFC001CD0E268B2B1013AE260B2B9A2680021CE
:107B0C0018469047002811DB0123237115F0040F50
:107B1C000CD0206943691B6813F4807F07D0FFF7F2
:107B2C00E1FF03E06FF0770000E0002038BD6FF05C
:107B3C000A00FBE738B54469EFF31185202383F382
:107B4C001288BFF36F8F23793BB9A3680021984744
:107B5C00002809DB0123237100E00020236843F097
:107B6C00200323600023E36085F31188BFF36F8F3C
:107B7C0038BD4B09BFF35B8F50F82300BFF35B8F0D
:107B8C0001F01F01084100F00100704710B586B0EC
:107B9C000BAC059403940A9C0294099C0194089CD8
:107BAC000094F9F77BFB06B010BD70B50446406934
:107BBC0048B30821FFF7DDFF80B1EFF311862023D6
:107BCC0083F31288BFF36F8F2046FFF78BFF0546B8
:107BDC0086F31188BFF36F8F284670BD00220023F7
:107BEC0000212046F9F758FE05460028F4D1022161
:107BFC006069FFF7BEFF0028EED063691869FFF7D4
:107C0C00D4FF0546E8E70025E6E770B5044650F8D2
:107C1C00303C002150F8240C98470546A4F120066E
:107C2C004FF0FF324FF0FF333046FDF7EFF8002DE9
:107C3C000FDB012304F8343CA4F1100014F8343C9D
:107C4C000121994002F016F83046FDF79BF84DB132
:107C5C0070BD54F82C3C013344F82C3C002304F840
:107C6C00343CE9E70221A4F13800FFF782FF002839
:107C7C00EED054F8280CFFF798FFE9E710B504464E
:107C8C00406918B10721FFF774FF08B9002010BD37
:107C9C002046F9F765FEFAE710B586B00BAC0594F3
:107CAC0003940A9C0294099C0194089C0094F9F793
:107CBC00F5FA06B010BD08B501460068F9F704FFE7
:107CCC0008BD08B5F9F724FFF9F74EFF08BD0020F1
:107CDC00704710B586B00BAC059403940A9C0294C3
:107CEC00099C0194089C0094F9F7D8FA06B010BDD1
:107CFC0008B500231370CB1E092B1AD8DFE803F04C
:107D0C0005090D111919191919141146FAF7C8F9A1
:107D1C0008BD0021FAF7FAF8FAE70021F9F780FF1D
:107D2C00F6E7FAF72FF8F3E71146FAF7BBF800205D
:107D3C00EEE7FAF7CBF80020EAE708B540B2FAF71D
:107D4C005BFB08BD08B540B2FAF764FB08BD08B58B
:107D5C00013140B2FAF770FB08BD08B500210120D3
:107D6C00F9F7B2FE08BD61B662B680F31188BFF3B5
:107D7C006F8F704772B6002383F31188BFF36F8F38
:107D8C00BFF34F8F30BF62B6BFF36F8F704772B6C1
:107D9C00002383F31188BFF36F8FBFF34F8F20BF86
:107DAC0080F31188BFF36F8F62B6704743685A1E19
:107DBC00134206D11F2B06D903681A4205D00020A6
:107DCC00704700207047002070470120704710B5A5
:107DDC0086B00BAC059403940A9C0294099C019404
:107DEC00089C0094F9F75AFA06B010BD00B585B09E
:107DFC000B6801934B688A68202B12D9B3F1004FA2
:107E0C0011D8013BB3FA83F3C3F11F035B0003F0FA
:107E1C003E031343039301A9FAF716FC05B05DF872
:107E2C0004FB0823F5E73E23F3E7F0B585B00546E0
:107E3C0003A8F9F7D7FC0646002424E0B3F5801F0D
:107E4C0020D1576809589368202B64D9B3F1004F9F
:107E5C0063D8013BB3FA83F3C3F11F035B0003F058
:107E6C003E0343F0885343F430230097019102936F
:107E7C0069462878FAF7E8FB0028C0F2A8802B782E
:107E8C0001332B700134B44280F0A480200103999B
:107E9C0001EB0412D3681B0D1B05B3F5000F5ED06C
:107EAC001DD8B3F5001F3AD0B3F5800FC6D1576873
:107EBC0009589368202B4ED9B3F1004F4DD8013B94
:107ECC00B3FA83F3C3F11F035B0003F03E0343F0EB
:107EDC00E06343F40033009701910293C8E7B3F1D8
:107EEC00807F56D0B3F1007FCCD157680958936886
:107EFC00202B68D9B3F1004F67D8013BB3FA83F359
:107F0C00C3F11F035B0003F03E0343F4802300978F
:107F1C0001910293ACE70823A3E73E23A1E757683E
:107F2C0009589368202B12D9B3F1004F11D8013B9B
:107F3C00B3FA83F3C3F11F035B0003F03E0343F07A
:107F4C00885343F4002300970191029390E7082390
:107F5C00F5E73E23F3E70823B9E73E23B7E7576875
:107F6C0009589368202B10D9B3F1004F0FD8013B5F
:107F7C00B3FA83F3C3F11F035B0003F03E0343F03A
:107F8C00827300970191029372E70823F7E73E236F
:107F9C00F5E7576809589368202B10D9B3F1004FB7
:107FAC000FD8013BB3FA83F3C3F11F035B0003F05B
:107FBC003E0343F0887300970191029358E708231E
:107FCC00F7E73E23F5E708239FE73E239DE76FF095
:107FDC00150000E0002005B0F0BD08B5FAF790FBE5
:107FEC0008BD08B5FAF796FB08BD08B50B694969D9
:107FFC009847002008BD034619B101290CD0002078
:10800C007047D3F81804C0F300407AB1D3F8183491
:10801C0003F0030313607047D3F80C04C0F3004063
:10802C0022B1D3F80C3403F00103137070470069CC
:10803C0001EB41018900383108447047406801EB7D
:10804C00410100EB810070470069C1EBC10100EBFD
:10805C008100704708B5C9B2FFF7E9FF806800F0EE
:10806C00070008BDEFF31182202383F31288BFF3BE
:10807C006F8F036813F0C00301D08B4207D101232B
:10808C000360002082F31188BFF36F8F70474FF0AD
:10809C00FF30F7E7EFF31182202383F31288BFF34D
:1080AC006F8F036803F0C00C03F00703012B08D09B
:1080BC008C4509D04FF0FF3082F31188BFF36F8FDE
:1080CC00704701600020F7E76FF07700F4E7EFF3FB
:1080DC001182202383F31288BFF36F8F036803F0A0
:1080EC00C00343F00203036082F31188BFF36F8F68
:1080FC007047F8B506460C46FFF799FF05684768C8
:10810C00002340F8083BFFF7E2FF1DB13A46214639
:10811C003046A847F8BD70B506461546CCB2214688
:10812C00FFF785FF29460830FFF79CFF002806DB88
:10813C0021463046FFF782FF43689847002070BD08
:10814C0008B58022FFF7E7FF08BD2DE9F041064690
:10815C0090461F46CDB22946FFF769FF04460699A3
:10816C000830FFF797FF002809DBC4F80080676030
:10817C0029463046FFF762FF036898470020BDE8A8
:10818C00F08110B582B080240094FFF7DEFF02B0BE
:10819C0010BD10B51446C9B2FFF756FF0021A04719
:1081AC0010BD08B50120FBF7A7FE08BD08B50120DE
:1081BC0000F045FD08BD08B5002000F040FD08BDED
:1081CC0008B520EAE070C117C90341EA5041C00369
:1081DC0040F2E733C0184FF47A724FF0000341F1CC
:1081EC000001F7F775FF01F032FC08BD08B5104629
:1081FC00FCF7C8FD08BD08B5FAF76CFC0020FBF7CE
:10820C007BFE08BD0B4639B11168196041688A4282
:10821C0009D00023136070471368036041688A42D9
:10822C00F7D14360F5E74360F3E708B50A46036806
:10823C00002101E019461B682BB19342FAD1FFF7DC
:10824C00E1FF012000E0002008BDF0B51C46059EB2
:10825C00069D00F01F0C40092FD14FF0A04E0CF5DD
:10826C00E0735EF8233059B301205AB30227384328
:10827C0054B30C2738434EB34FF4E06738433DB347
:10828C004FF44037384323EA000019B30B781AB384
:10829C001278520013430CB3227892001343FEB1B0
:1082AC00327812021343EDB12A78120413430343BC
:1082BC000CF5E07C4EF82C30F0BD4FF0000ECEE704
:1082CC000020D2E70027D2E70027D3E70027D5E725
:1082DC000027D7E70023DAE70022DBE70022DDE7FF
:1082EC000022DFE70022E1E770B504460D46164692
:1082FC00036833B1FFF799FF70B91EB96FF0150021
:10830C0006E032B123682B602560636843B100201E
:10831C0070BD6FF01500FBE7002EF3D10020F7E7DE
:10832C0065600020F4E770B50E461546016821B172
:10833C000C683CB131B90C4604E00C4602E0234613
:10834C0021461C4671B18A682A4002D04B683046DF
:10835C009847002CF3D02368002BF1D0002CEFD1E0
:10836C002346EDE770BD0069003818BF0120704747
:10837C0010F0100F04D110F0200F03D10020704723
:10838C000320704701207047002070470020704781
:10839C0043685B68D3F810350B60002070472DE9FB
:1083AC00F04105460C4643685F6802EA010821EA81
:1083BC000206FFF7EBFF002809DBC7F80885C7F8B2
:1083CC000C654FF4003221462846FFF7DDFFBDE86F
:1083DC00F08170B504460D4643685E68FFF7D6FF22
:1083EC00002807DBC6F808554FF400322946204612
:1083FC00FFF7CAFF70BD70B504460D4643685E6852
:10840C00FFF7C4FF002807DBC6F80C554FF4003209
:10841C0029462046FFF7B8FF70BD2DE9F04105460F
:10842C000C4643685F68D7F8046521EA06080E40DD
:10843C00FFF7ACFF002809DBC7F80885C7F80C6507
:10844C004FF4003221462846FFF79EFFBDE8F0812D
:10845C00B0F5800F07D0B1F1C06F0DD0B1F1007F36
:10846C0008D001207047B1F1007F01D00520704782
:10847C0004207047022070470320704708B500693C
:10848C000430FFF731FF08BD10B500F01F044009A0
:10849C00FAF78AFB30B1014600690122A240043090
:1084AC00FFF741FF10BD00B54368136001E00833CE
:1084BC001360136890F808C0D0F804E00EEBCC0CF5
:1084CC00634505D293F805C08C45F0D1002001E03E
:1084DC006FF001005DF804FB61B900F01F01400969
:1084EC0006D14FF0A04201238B40C2F80C357047E7
:1084FC000022F8E700F01F01400906D14FF0A0421E
:10850C0001238B40C2F8083570470022F8E738B5D4
:10851C0013468568046912F4801F07D012F4402FAB
:10852C0004D012F0010F01D082F4402323F4801206
:10853C0013F0010F0AD023684FF0010C0CFA01FC68
:10854C0043EA0C0323602B68984738BD23684FF02F
:10855C00010C0CFA01FC23EA0C032360F3E708B5C9
:10856C0003468C4600681979DA8842EA0C02FFF758
:10857C00CEFF08BD08B532B1012303FA01F18368BF
:10858C00DB68984708BD012303FA01F183681B6976
:10859C009847F7E710B503691C6801238B401C4210
:1085AC0002D0B2FA82F25209FFF7E4FF10BD61B9B2
:1085BC0000F01F01400906D14FF0A04201238B406F
:1085CC00C2F80C3570470022F8E700F01F01400993
:1085DC0006D14FF0A04201238B40C2F808357047FA
:1085EC000022F8E730B404E0083404600C68013C65
:1085FC000C600C684CB1046865689D42F4D3B5FB03
:10860C00F3F515600368186801E00020106030BCB9
:10861C00704770B5044615461E460A4609B30B68EA
:10862C00636303B35368A363334604F1480204F154
:10863C00380104F13400FFF7D5FF6064ADB12B684D
:10864C00E363A3B16B682364334604F1500204F175
:10865C00400104F13C00FFF7C5FFE06400232363F5
:10866C0070BD0B46DCE70023DDE72B46E8E7002373
:10867C00E9E70368E3B110B50446986870B171B9C5
:10868C001AB99A8812F4805F08D1186900F0B3FF08
:10869C0023680022197B9868FFF77CFF10BD01222C
:1086AC00197BFFF777FF2368186900F0A4FFF5E743
:1086BC00704710B5044601220021FFF7DAFFA369C9
:1086CC0003B110BD636004F11000FCF75BFBF8E72D
:1086DC0008B5006903688B4206D190F85C3033B959
:1086EC00FFF7E7FF002008BD6FF01500FBE76FF008
:1086FC000F00F8E710B50469216304F12000FCF7C2
:10870C0041FB002384F85C3010BD08B503689B88DE
:10871C0013F4005F00D008BD002343601030FCF759
:10872C0031FBF8E738B50446049DAB8813F4005FC1
:10873C0008D083694BB94368AB4201D0002302E0F7
:10874C00012300E0002313B138BD0023FBE704F143
:10875C0010004FF0FF324FF0FF33FCF757FB656012
:10876C00F2E710B586B00BAC059403940A9C029406
:10877C00099C0194089C0094F8F790FD06B010BD7C
:10878C0010B584B00024029401940094FAF718FEFA
:10879C0004B010BD10B582B0044601AAFFF783FEE9
:1087AC00002805DB019B226819791868FAF7AAFBE7
:1087BC0002B010BD38B50569446831B1012913D137
:1087CC000021206AFFF7E6FF10E095F85D3023B931
:1087DC000121206AFFF7DEFF08E02046FBF764FF6B
:1087EC00002385F85D30F3E76FF0850038BD08B5E0
:1087FC00002201210420FFF7AAFA08BD00B583B0BE
:10880C000B460021019100910A46FAF7B9FE03B01C
:10881C005DF804FBF8B504460F4600F013FE054660
:10882C0000223946204600F005FE03213846FFF7AA
:10883C00E5FF00F0B3F8064623685B593BB900F03E
:10884C00ADF8831B062BF7D96FF0730500E00025FC
:10885C003946204600F0F2FD01213846FFF7CEFFE5
:10886C002846F8BD00B5A2F5807E4FEA9E0E4FF06B
:10887C00010C0CFA0EFC1CEA010F0DD0815809B941
:10888C0000200AE00021815082581BB11A684CEA82
:10889C0002021A60012000E000205DF804FB70B5B4
:1088AC0082B006460D460024019409E0A20001ABFB
:1088BC0002F5A07229463046FFF7D4FF0134E4B22A
:1088CC00032CF3D915F0010F02D0D6F8003143B9BF
:1088DC0015F0020F02D0D6F8043163B9019802B03A
:1088EC0070BD0023C6F80031D6F80031019B43F06F
:1088FC0001030193ECE70023C6F80431D6F80431E8
:10890C00019B43F002030193E8E7401A20F07F40FB
:10891C00704700F150039B009BB203F1804303F5B9
:10892C0088331868003818BF0120704700F15003D5
:10893C009B009BB203F1804303F5883300221A603D
:10894C001B68704720F07F407047EFF311802023A5
:10895C0083F31288BFF36F8F704780F31188BFF3D6
:10896C006F8F7047F0B585B0044617461D46FAF771
:10897C00CFFE06469DF8303002930B9B01930A9B69
:10898C0000933A462B462046FAF790FF05463146AF
:10899C002046FAF713FF284605B0F0BD08B5FAF7E4
:1089AC0065FF08BD4FF08053D3F83031B3F1FF3F72
:1089BC0003D0062B06D0002070474FF0704393F87D
:1089CC00E03FF6E7012070474FF0704393F8E02F3B
:1089DC00D3F8E83FC3F30313062A01D000207047F5
:1089EC00033B002B04D8DFE803F0010001207047A3
:1089FC00002070474FF08053D3F83031B3F1FF3F74
:108A0C0003D0062B06D0002070474FF0704393F82C
:108A1C00E03FF6E7012070474FF0704393F8E02FEA
:108A2C00D3F8E83FC3F30313062A01D000207047A4
:108A3C00033B002B04D8DFE803F001000120704752
:108A4C00002070474FF08053D3F83031B3F1FF3F23
:108A5C0003D0062B06D0002070474FF0704393F8DC
:108A6C00E03FF6E7012070474FF0704393F8E02F9A
:108A7C00D3F8E83FC3F30313062A01D00020704754
:108A8C00033B002B04D8DFE803F001000120704702
:108A9C00002070474FF0704393F8E02FD3F8E83F75
:108AAC00C3F30313062A01D000207047033B002BAD
:108ABC0004D8DFE803F00100012070470020704764
:108ACC004FF08053D3F83031B3F1FF3F07D04FF064
:108ADC008052D2F83421062B0AD0002070474FF078
:108AEC00704292F8E03FD2F8E82FC2F30312F2E79B
:108AFC00033A012A04D8DFE802F001010020704794
:108B0C00012070474FF08053D3F83031B3F1FF3F61
:108B1C0003D0062B06D0002070474FF0704393F81B
:108B2C00E03FF6E7012070474FF08053D3F8303127
:108B3C00B3F1FF3F03D0062B06D0002070474FF057
:108B4C00704393F8E03FF6E7012070474FF08053F5
:108B5C00D3F83021D3F83431062A01D000207047E5
:108B6C00052B03D8032B03D300207047012070473B
:108B7C00012070474FF08053D3F83021D3F83431B3
:108B8C00062A01D000207047062B03D8032B03D3F1
:108B9C0000207047012070470120704708B5FFF78F
:108BAC00E9FF38B14FF01023D3F808224FF080437F
:108BBC00C3F8582508BD08B5804708BD08B500F0B6
:108BCC001AFD08BD034619B101290CD000207047CD
:108BDC00D3F81804C0F300407AB1D3F8183403F07A
:108BEC00030313607047D3F80C04C0F3004022B1A8
:108BFC00D3F80C3403F00103137070470020704756
:108C0C0008B50020F9F72CFC00B108BDFFF795F86A
:108C1C00FBE738B504460368012B02D033B90123B6
:108C2C0000E001231D461BB1284638BD0023F9E79F
:108C3C000020FBF7FBF8FFF7E1FF2060F4E708B535
:108C4C00FBF7F4F808BD10B401F5A27150F82140FF
:108C5C0024F4473424F4407440F8214050F8214067
:108C6C00120202F4F8521B0403F440331A43144367
:108C7C0040F8214010BC704710B401F5A27150F8B7
:108C8C00214024F4981424F4F85440F8214050F86E
:108C9C002140120202F4F8521B0403F440331A432D
:108CAC009DF804301B0503F480131A43144340F859
:108CBC00214010BC704700B5A2F5807E4FEA9E0E95
:108CCC004FF0010C0CFA0EFC1CEA010F0DD0815870
:108CDC0009B900200AE00021815082581BB11A68A2
:108CEC004CEA02021A60012000E000205DF804FB4F
:108CFC00F0B583B005460E4617460024019409E0F2
:108D0C00E2B2920001AB02F5807231462846FFF7C1
:108D1C00D2FF0134BC42F3D301AB4FF4BE723146E7
:108D2C002846FFF7C8FF019803B0F0BDF0B51C460C
:108D3C00059E069D00F01F0C40092FD14FF0A04E50
:108D4C000CF5E0735EF8233059B301205AB30227B7
:108D5C00384354B30C2738434EB34FF4E0673843D1
:108D6C003DB34FF44037384323EA000019B30B7876
:108D7C001AB31278520013430CB3227892001343A7
:108D8C00FEB1327812021343EDB12A781204134368
:108D9C0003430CF5E07C4EF82C30F0BD4FF0000E88
:108DAC00CEE70020D2E70027D2E70027D3E7002741
:108DBC00D5E70027D7E70023DAE70022DBE700221C
:108DCC00DDE70022DFE70022E1E700B585B08DF892
:108DDC000F100DF10F030193002100910B460A4671
:108DEC00FFF7A4FF05B05DF804FBC0B2704738B5BF
:108DFC000D460079FBF74CF904462846FFF7F5FFC2
:108E0C00083034F8100000F0010038BD38B50D46BC
:108E1C000079FBF73DF904462846FFF7E6FF0830DA
:108E2C0034F81000C0F3401038BD38B50D46007949
:108E3C00FBF72EF904462846FFF7D7FF083034F825
:108E4C00100010F01C0018BF012038BD38B50D46BD
:108E5C000079FBF71DF904462846FFF7C6FF0830DA
:108E6C0034F81000C0F3400038BD38B504460D4648
:108E7C00FFF7ECFF30B129462046FFF7C7FF18B1CA
:108E8C00012000E0002038BD0020FCE708B5FFF70A
:108E9C00DDFF80F00100C0B208BD7047704738B5E7
:108EAC000D460079FBF7F4F804462846FFF79DFFC2
:108EBC00083034F81000400B38BD032894BF002054
:108ECC000120704770B506460D46002404E04FF0B3
:108EDC00FF33AB4211D001341F2C0CD83079FBF787
:108EEC00D7F804F1080330F8133013F4807FEED078
:108EFC00C3F34323EDE7002000E0012070BD38B53B
:108F0C0004460D46FFF782FFB8B129462046FFF70D
:108F1C00BDFF90B129462046FFF7C1FF226801230F
:108F2C008340C2F80833226800F5A27052F8203052
:108F3C0023F0030342F8203003E000212846FFF71A
:108F4C0044FF38BD38B504460D46FFF75FFF10B936
:108F5C004FF4BE7038BD29462046FFF7A0FF8000B5
:108F6C0000F5807080B2F5E7F8B506460F46154659
:108F7C000024002C03DD4FF0FF342046F8BD30797F
:108F8C00FBF786F850F83430BB4201D00134F0E7DF
:108F9C0000EBC4035B68AB42F8D1EEE738B50C4686
:108FAC000079FBF775F805462046FFF71EFF0830E1
:108FBC0035F81030C3F38203042B11D0052B11D0DC
:108FCC0004F01F02640909D14FF0A043D3F8103507
:108FDC00D34013F0010F07D0032002E00023F5E784
:108FEC00032038BD0220FCE70220FAE710B5044646
:108FFC000846FFF7FAFE083034F8103013F4807F7F
:10900C0004D0C3F3432304EBC30010BD0020FCE7E2
:10901C0070B504460E4615460079FBF739F88660A4
:10902C002079FBF735F8C56070BD08B50079FBF702
:10903C002FF890F86000003818BF012008BD70B5FB
:10904C0004460D4616460368D3F80423002A03DBB6
:10905C004FF00042C3F8042329462046FFF7D6FE02
:10906C0000B329462046FFF711FFD8B12946204608
:10907C00FFF715FF2268830003F580739BB2002174
:10908C0099509B58226800F5A27152F8213043F098
:10909C00010342F821306EB1226801238340C2F8EB
:1090AC00043307E029462046FFF778FF014628469F
:1090BC00FFF78BFE70BDF8B504460D461646FFF75C
:1090CC0095FF20B10768426831462846B847A36827
:1090DC001BB1E268314628469847F8BDF8B50746FB
:1090EC000E4614461D461046FFF7E7FE60B9022DEA
:1090FC0028D002213046FFF768FE032C26D0022D23
:10910C0022D0032D28D0F8BD224631463846FFF731
:10911C00D2FF06F01F03720912D14FF0A04203F5E3
:10912C00E07352F82330C3F301439D42EBD100218D
:10913C003046FFF74AFE29463046FFF746FEE2E787
:10914C000022ECE70321D5E7012CDAD12246314687
:10915C003846FFF7B0FFD6E7022CD4D1F6E7002350
:10916C00D3B10020704711F0010F0ED01AE04FF070
:10917C00A04CDCF820454EF8044BCCF820450132CD
:10918C005C1CA242F3D3425922B90133002BEAD022
:10919C00002030BD0120FCE711F0010F01D101339B
:1091AC00DEE730B59D001A4600EB830EE8E710B5FC
:1091BC000C460079FAF76CFF21465430FAF7D0FDD3
:1091CC0010BD70B505460846FFF70FFE044628791A
:1091DC00FAF75EFF04F1080330F8133013F4807FC4
:1091EC000BD0C3F34326083423F4F85320F814307F
:1091FC0031462846FFF766FE00B170BD2879FAF7B4
:10920C0047FF002340F836302879FAF741FF314602
:10921C005830FAF7C9FDF0E770B504460D46FFF774
:10922C00F5FD48B1266829462046FFF738FE00F5C3
:10923C00A270002346F8203029462046FFF7C1FFD4
:10924C002079FAF725FF04462846FFF7CEFD0830B3
:10925C00002324F8103070BD10B50C460079FAF7D5
:10926C0017FF21465430FAF79FFD10BD70B5044628
:10927C000D461E4604984FF0000C01E00CF1010C59
:10928C0084450ED25FFA8CF2920002F5807192083E
:10929C00012303FA02F21542F0D000236350635805
:1092AC00ECE7002D04DA0023C4F87C31D4F87C31CF
:1092BC0044F30730FEF741FD0EB1C4F8045370BD02
:1092CC002DE9F04182B080460F4600230193C96D11
:1092DC0001A8FFF744FF002676B13A6D4FF000412C
:1092EC004046FFF705FDF96D01A8FFF738FF002890
:1092FC00F1D102B0BDE8F08197F85C3013F0010FAA
:10930C0010D10136E8E7002405F5E07354F823305A
:10931C00C3F3014329463846FFF7E0FE0123AB4077
:10932C00C4F8203502AB03EB860353F8044C002C35
:10933C00E7D094FAA4F4B4FA84F404F01F05284698
:10934C00FFF753FD083037F81020C2F3820201AB4F
:10935C0003EB86034FEAD40C04F0070413F80C104B
:10936C000120A04021EA000103F80C106B09CAD1BE
:10937C004FF0A044C8E7F8B506460F46144618E06F
:10938C0094FAA4F3B3FA83F301229A4024EA020478
:10939C0003F5A27356F82350C5F3042556F82300A1
:1093AC00C0F30140FFF779FD024629463846FFF726
:1093BC0082FE002CE4D1F8BD70B505460E46D0F8FF
:1093CC000413C9B2326D41F00041FFF791FC041E49
:1093DC0005DB224631462846FFF7CDFF70BD3146EE
:1093EC002846FFF76DFF24F00044F2E708B5FAF7C2
:1093FC002FFF08BD08B5FAF74FFE08BD08B5FFF7FB
:10940C0007FE08BD08B5FAF7C3FE08BD08B5FAF7A4
:10941C00EFFF08BD08B5FFF708FE08BD08B5FAF761
:10942C00CDFF08BD08B5FFF717FF08BD08B5FFF75E
:10943C00BEFE08BD08B5FFF702FE08BD08B5FFF774
:10944C005EFD08BD08B5FFF77DFD08BD003A18BFED
:10945C000122022909D003290AD0012902D0C0F81F
:10946C005425704742F00202F9E742F00402F6E795
:10947C0042F00602F3E700B583B00B4600210191E0
:10948C0000910A46FAF7E4FF03B05DF804FB08B557
:10949C000346827FFF2A09D002F01F0152090ED128
:1094AC004FF0A04001228A40C0F8082500225A77CC
:1094BC001A72184650F8082B5968904708BD0020BE
:1094CC00F0E730B482B0D0F81835DBB28DF8073045
:1094DC000B6A8A69934203D24A699DF80740D454B7
:1094EC000B6A5A1C0A62023391F824403CB10C6995
:1094FC009C4200D90B618C699C4200D98B610C6930
:10950C009C4208D88D699D420DD8A24210D3AA4224
:10951C0010D2012004E0CA68D35CC0F81C350120CD
:10952C0002B030BC7047CB7FC0F81C350120F7E788
:10953C000120F5E70020F3E738B504460D4600237B
:10954C000B620421C0F80813C0F80831D0F80831B8
:10955C00536883B113681B78C4F81C355368012B0E
:10956C000BD913685B78C4F81C352B6863B10423E2
:10957C00C4F8043338BDEB7FEEE7D368012BF4D984
:10958C00EB7FC4F81C35F0E7D4F80831002BFBD086
:10959C000023C4F80831D4F8083129462046FFF7D7
:1095AC0090FF0028F0D1AB7FFF2BE3D003F01F021C
:1095BC005B0906D14FF0A04101239340C1F8083557
:1095CC00D8E70021F8E710B50C460022C0F80821B6
:1095DC00D0F80831FFF775FF00B110BD2046FFF73A
:1095EC0056FFFAE708B5FBF72FF908BD08B5FFF7EA
:1095FC00F9FF002008BD00B9704708B5F9F736F936
:10960C0008BD60B1C3685A7812F0010F03D01B7803
:10961C001BB10020704700207047012070470020CC
:10962C00704710B586B00BAC059403940A9C029459
:10963C00099C0194089C0094F7F730FE06B010BD0D
:10964C00EFF31183202383F31288BFF36F8FFEE7B0
:10965C0038B545680368A3B128469847044630B12D
:10966C0000280CDBFF2C00DDFF24EB681C70EA6883
:10967C00537843F0010353702CB1204638BD44425B
:10968C00F0E70024F3E72846FEF7F8FAF5E708B50B
:10969C0000F004FB08BD08B500F0F2FA08BD7047F5
:1096AC0008B5EFF31183202383F31288BFF36F8F78
:1096BC00FEF760FBF5E700BF70470B4639B1116848
:1096CC00196041688A4209D00023136070471368FF
:1096DC00036041688A42F7D14360F5E74360F3E7E2
:1096EC0030B108B500221146C83000F0DAF908BDD7
:1096FC000020704770B50D46C36813F0020F22D1DD
:10970C00044613F0040F23D10B68ABB1E36813F0DC
:10971C00010F14D0A3682B60022621462868FBF7A2
:10972C00D1FB002811DBE36843F00403E3602B68F2
:10973C00A36036B130460AE083680B60E6E7012689
:10974C00EBE7304601E06FF00F0000232B6070BD9B
:10975C000020FAE710B582B00346EFF31184202203
:10976C0082F31288BFF36F8F0022019250F8042C01
:10977C0022F0080140F8041C12F0080F05D184F304
:10978C001188BFF36F8F02B010BD10389B69019325
:10979C0001A9FFF7AFFFF2E708B5C36823F0100388
:1097AC00C3601030FBF7EEFA08BD38B504460D4621
:1097BC003022002100F072FA65604FF48073E36090
:1097CC0038BD10B582B00190EFF31184202080F3E6
:1097DC001288BFF36F8FC86810F01E0F06D00020E0
:1097EC0084F31188BFF36F8F02B010BD01A8FBF793
:1097FC005DFCF5E7F8B50546D31D23F007037F3371
:10980C0023F03F0301F14007A3F140063F2B07D89B
:10981C00002282F31188BFF36F8F0422104602DFFF
:10982C00CC1821462846F8F78BF9073020F00700B2
:10983C00C5F8A470C5F8A860C5F8AC00201AF8BD2E
:10984C00EFF30580003818BF012070478430704753
:10985C0010B400248460037342738173C4738461F5
:10986C00C46110BC7047F0B587B00446129E139DBE
:10987C0000270597109F04970F9F03970E9F029741
:10988C000D9F01970C9F0097FBF796FCB5F1FF3FDE
:10989C0008BFB6F1FF3F02D1204607B0F0BD3246FB
:1098AC002B462046FBF768FCF6E70020704738B5DE
:1098BC0004460D46FBF75EFD637B43F002036373C6
:1098CC0035B3A5602B689D420DD100230BE05A687F
:1098DC006260236014605C601AE01A4669688A4210
:1098EC000FD01B687BB173B194F90E1093F90E2055
:1098FC009142F2D0521A002AE9DC1A46002BEDD123
:10990C00F0E70023EEE76B68256063601C606C6019
:10991C0038BD08B5183000F05DF908BD70B50646C5
:10992C00046884421AD0DCB16268236813605A6000
:10993C00002525606560637B23F002036373A560DB
:10994C0004F1180000F046F9C4F8BC502046FBF7AF
:10995C00B3FC3468A642E6D10024E4E70024E2E735
:10996C0070BD70B5044616461D46FFF7A0FF324683
:10997C002B462046FBF7C6FD70BD38B504460023C8
:10998C00EFF31185202282F31288BFF36F8F04E06E
:10999C0085F31188BFF36F8F012343B92046FFF77E
:1099AC0084FF0028F4D12046FBF786FCF0E738BD95
:1099BC0070B504460E460023EFF31185202282F386
:1099CC001288BFF36F8F0BE0637B23F00403637388
:1099DC002046FBF771FC85F31188BFF36F8F0123D1
:1099EC001A46F3B9637B03F0280394F86C1009B1A1
:1099FC0006B10122002084F86C0012F0010FEAD1AC
:109A0C00002BE8D1A368002BDED0626823681360BA
:109A1C005A6020606060627B22F002026273A06078
:109A2C00D2E770BD08B501211838FFF7C1FF08BD9A
:109A3C0008B5EFF31180202383F31288BFF36F8FE7
:109A4C00FBF706FE08BD031D43608360704738B505
:109A5C0005460C46FBF7BAFEB4F1FF3F08BFB5F163
:109A6C00FF3F1BD0C217510141EAD06143011B1AC1
:109A7C0061EB0201890041EA93719B001B1842EBD8
:109A8C000102D20042EA5372DB0047F6FF7158180C
:109A9C0042F10002C00B40EA424038BD4FF0FF30AB
:109AAC00FBE72DE9F0410546884617460023EFF306
:109ABC001186202282F31288BFF36F8F184604E0C0
:109ACC0086F31188BFF36F8F0123F3B92C68A5427D
:109ADC00F6D0002CF4D0C4F8BC80676162682368AF
:109AEC0013605A6000232360636094F80DC02CF05F
:109AFC00020C84F80DC0A36004F1180000F06AF8A1
:109B0C002046FBF7D9FB0120DAE7BDE8F0812DE90F
:109B1C00F04105460F4616460023EFF3118820222C
:109B2C0082F31288BFF36F8F194616E000247CB1C4
:109B3C0031462046B847014650B922466B689C42D4
:109B4C00F4D02468002CF2D0002AF0D11446EEE7B1
:109B5C0088F31188BFF36F8F012323B92C68A542BA
:109B6C00E5D10024E3E70846BDE8F08110B50446D2
:109B7C00FCF77AF848B102460369416920691B1861
:109B8C00606941EB000113615161626823681360E5
:109B9C005A6000232360636010BD10B5FCF75AF8BF
:109BAC000446FCF76DF87CB1236962691B1A62EB01
:109BBC00E072B3F1004F72F1000108DA002A01DB08
:109BCC00184610BD0023FBE76FF00040F9E76FF07B
:109BDC000040F6E7F8B504460023EFF31187202286
:109BEC0082F31288BFF36F8F6FF015000AE0FFF756
:109BFC00D4FF0021F9F75CFF304687F31188BFF3DF
:109C0C006F8F01231E4663B92368002BF5D0FCF738
:109C1C0021F805462046FFF7A9FFA542E7D03046BC
:109C2C00EBE7F8BD08B5FCF71FF908BD0140012AA8
:109C3C0003D0081E18BF01207047884214BF0020B3
:109C4C000120704738B504460D46826E02F00102C1
:109C5C004968406EFFF7EAFF08B9002038BD0123C0
:109C6C0084F86C302B6823662C6004F11800FFF725
:109C7C00B1FFF2E708B54FF0FF32FCF715F908BD5C
:109C8C000A44914200F1FF3300D1704710B511F82E
:109C9C00014B03F8014F9142F9D110BD0244034628
:109CAC00934200D1704703F8011BF9E710B5013955
:109CBC00044632B111F8013F00F8013B013A002B88
:109CCC00F7D10021FFF7EAFF204610BD10B5024680
:109CDC0001448A42134603D01C780132002CF8D17F
:109CEC00181A10BDF0B5C3F137070446FFB203F0E4
:109CFC001F031046082BE6B233D0102B3ED065085C
:109D0C00A40844EA817445EAC1752D194FEA910201
:109D1C0042EB5102290941EA02716D1842EB121211
:109D2C00290A41EA02616D1842EB1222290C41EA20
:109D3C0002416D1842EB1242AD1842F10002EC08E0
:109D4C0044EA4274D10804EB8402A6EB4205EDB25E
:109D5C00092D0CD90134A5F10A0541F10001EDB230
:109D6C0012E0E40844EA417406F00705C9083035EE
:109D7C0054EA010200F8015BBCD1F0BD240944EAAD
:109D8C00017406F00F050909092D84BFED19EDB218
:109D9C00EDE700000148006870470000A80B0020A8
:089DAC006463FF7F0100000069
:109DB4006128000000000000012B0000FC9D000051
:109DC400F995000000000000792E0000149E0000A8
:109DD4006539000000000000E57800000000000084
:109DE4003D28000000000000155F00000000000096
:089DF400053500002C9E000063
:109DFC001CA800004CA80000DC9F000031060020CD
:109E0C00D80B00200000000064A8000074A800001B
:109E1C00B09F0000330600202C0C00200000000036
:109E2C0064AA000084AA0000D49F0000350600201C
:089E3C0064050020C0040020B1
:109E4400E93F0000C38B000000000000677D0000B4
:109E540000000000677D000000000000677D000036
:109E6400DD470000C38B000000000000677D000098
:109E740049440000C38B000000000000677D00001F
:109E840000000000677D000000000000677D000006
:109E940000000000677D000000000000677D0000F6
:109EA40000000000677D000000000000677D0000E6
:109EB40000000000677D000000000000677D0000D6
:109EC40000000000677D0000000000007D3A0000F3
:109ED40000000000677D000000000000677D0000B6
:109EE40000000000677D000000000000677D0000A6
:109EF40000000000677D000000000000677D000096
:109F040000000000677D000000000000677D000085
:109F140000000000677D000000000000677D000075
:109F240000000000677D000000000000677D000065
:109F340000000000677D000000000000677D000055
:109F440000000000677D000000000000677D000045
:109F540000000000677D000000000000677D000035
:109F640000000000677D000000000000677D000025
:089F740000000000677D000001
:109F800088060020C00C002000100000050400001E
:109F900000000000000000000000000007000000BA
:109FA0000000000054A100000000000000000000BC
:109FB000B92C00009D830000AB830000DF8300000C
:109FC0000384000027840000C52B00008984000062
:049FD000000000008D
:089FD4008D870000DD8600000E
:109FDC00A92A00004D8100008F81000000000000C4
:0C9FEC0061800000000000000000000088
:109FF8006CA100000400000078A10000030000002C
:10A008003CA80000030000009CA100000300000021
:10A01800A0A10000030000008CA7000003000000BE
:10A0280014AC000003000000D8A2000003000000E8
:10A038000CA800000300000074AA00000300000040
:10A04800A4A20000700B002094A2000001000000F0
:10A05800040000000F0000000100000008000000DC
:10A068002000000070000000800000000D000000CB
:10A078000C0000000E0000005000000084000000EA
:10A08800B8000000FFFFFFFFFFFFFFFFFFFFFFFF1C
:04A09800FFFFFFFFC8
:10A0A0000000E0000000000018AC0000000100000B
:10A0B0000338FDD870470000496E2074686520722F
:10A0C000656164207468726561640000583A2025F7
:10A0D000642C20593A2025642C205A3A202564000B
:10A0E0007370695F7472616E7363656976655F64CE
:10A0F000742829206661696C65642C206572723A47
:10A100002025642C20307825303258007370695F28
:10A1100077726974655F64742829206661696C656B
:10A12000642C206572722025640000004572726FF5
:10A13000723A2053504920646576696365206973DB
:10A14000206E6F742072656164792C206572723A9A
:10A15000202564007468726561645F726561645F84
:10A16000626D613430305F696400000061707000BE
:10A17000149E00000400200063627072696E7466B1
:10A180005F7061636B61676500000000317A0000F9
:10A190000000000000000000000000006C6F67007D
:10A1A0006C6F675F6D676D74000000004D657373C1
:10A1B0006167652064726F707065642062656361B9
:10A1C00075736520697420657863656564732073B1
:10A1D000697A65206C696D69746174696F6E202895
:10A1E000257529005B2530386C755D200000000066
:10A1F0005B253032753A253032753A253032752E6E
:10A20000253033752C253033755D20001B5B306D98
:10A21000000000002573000025732E0025733A20EE
:10A22000000000003C25733E2000000025732F0035
:10A23000257320000D0A0000253032782000000030
:10A24000202020007C000000256300001B5B313BC8
:10A2500033316D001B5B313B33336D00657272002F
:10A2600077726E00696E660064626700000000002D
:10A270004CA2000054A200000000000000000000FA
:10A28000000000005CA2000060A2000064A20000C8
:10A2900068A200006C6F675F6261636B656E645FEC
:10A2A00072747400D1170000000000000D17000048
:10A2B000F11600000000000025170000000000005B
:10A2C00085170000780B0020880B0020010000009B
:10A2D0000001010301000301706D5F64657669632D
:10A2E00065000000556E62616C616E636564207389
:10A2F000757370656E6400002A2A2A20426F6F749D
:10A30000696E67206E524620436F6E6E65637420DF
:10A3100053444B2076332E302E312D39656235363D
:10A3200031356461363662202A2A2A0A000000008C
:10A330002A2A2A205573696E67205A6570687972D7
:10A34000204F532076342E302E39392D373766384A
:10A350003635623866386430202A2A2A0A0000001E
:10A3600072302F61313A2020307825303878202023
:10A3700072312F61323A2020307825303878202011
:10A3800072322F61333A202030782530387800003F
:10A3900072332F61343A202030782530387820729B
:10A3A00031322F69703A2020307825303878207289
:10A3B00031342F6C723A2020307825303878000004
:10A3C00020787073723A2020307825303878000079
:10A3D0004661756C74696E6720696E73747275631B
:10A3E00074696F6E206164647265737320287231C2
:10A3F000352F7063293A20307825303878000000F6
:10A40000556E68616E646C6564204952516E3A20E5
:10A4100025640000535053454C20696E20746872C7
:10A42000656164206D6F646520646F6573206E6F75
:10A430007420696E64696361746520505350000034
:10A440002A2A2A2A2A20425553204641554C542074
:10A450002A2A2A2A2A0000002020537461636B698B
:10A460006E67206572726F72000000002020556ECA
:10A47000737461636B696E67206572726F7200003E
:10A480002020507265636973652064617461206285
:10A490007573206572726F720000000020204246C2
:10A4A000415220416464726573733A203078257894
:10A4B000000000002020496D70726563697365209B
:10A4C0006461746120627573206572726F7200003E
:10A4D0002020496E737472756374696F6E206275A3
:10A4E00073206572726F72002020466C6F61746910
:10A4F0006E672D706F696E74206C617A7920737449
:10A5000061746520707265736572766174696F6ECF
:10A51000206572726F7200002A2A2A2A2A20555357
:10A52000414745204641554C54202A2A2A2A2A00D0
:10A5300020204469766973696F6E206279207A659C
:10A54000726F00002020556E616C69676E65642033
:10A550006D656D6F727920616363657373000000D0
:10A5600020204E6F20636F70726F636573736F721C
:10A5700020696E737472756374696F6E7300000086
:10A580002020496C6C6567616C206C6F6164206F82
:10A5900066204558435F52455455524E20696E74AB
:10A5A0006F205043000000002020496C6C656761FB
:10A5B0006C20757365206F66207468652045505364
:10A5C000520000002020417474656D707420746F17
:10A5D000206578656375746520756E646566696E5F
:10A5E000656420696E737472756374696F6E0000C0
:10A5F0002A2A2A2A2A204465627567206D6F6E69AF
:10A60000746F7220657863657074696F6E202A2A92
:10A610002A2A2A005265736572766564204578633C
:10A62000657074696F6E20280000000053707572A9
:10A63000696F757320696E74657272757074202805
:10A6400049525120000000002A2A2A2A2A20257374
:10A6500020256429202A2A2A2A2A00002A2A2A2A8E
:10A660002A204D5055204641554C54202A2A2A2A4A
:10A670002A0000002020537461636B696E672065B7
:10A6800072726F722028636F6E74657874206172C5
:10A690006561206D69676874206265206E6F742043
:10A6A00076616C6964290000202044617461204156
:10A6B00063636573732056696F6C6174696F6E00B4
:10A6C00020204D4D46415220416464726573733AB7
:10A6D00020307825780000002020496E7374727550
:10A6E0006374696F6E204163636573732056696F8D
:10A6F0006C6174696F6E00002A2A2A2A2A20484158
:10A700005244204641554C54202A2A2A2A2A000025
:10A710002020427573206661756C74206F6E207600
:10A720006563746F72207461626C65207265616428
:10A730000000000020204465627567206576656E24
:10A740007400000020204661756C7420657363619D
:10A750006C6174696F6E20287365652062656C6F2B
:10A7600077290000415243485F45584345505420E3
:10A770007769746820726561736F6E2025780A00AE
:10A78000C00400200000000000000B066D70750082
:10A790004661696C656420746F20616C6C6F6361E5
:10A7A0007465206E6577204D505520726567696F1E
:10A7B0006E2025750A000000506172746974696F1B
:10A7C0006E2025753A2073616E697479206368651F
:10A7D000636B206661696C65642E000002000000F6
:10A7E000F4A70000464C4153485F30005352414D9E
:10A7F0005F30000000000000E4A700002400020712
:10A8000000000020ECA700001E000B11736F630016
:10A81000D1280000B128000000000000636C6F63C5
:10A820006B40343030303030303000006866636C5C
:10A830006B0000006C66636C6B000000636C6F6300
:10A840006B5F636F6E74726F6C00000039290000DB
:10A85000A92900002CA8000003820000C381000089
:10A8600034A800006770696F4035303030303030C8
:10A8700030000000FFFFFFFF00000050FFFFFFFF60
:10A880000000000000600040000000000001020322
:10A890000405060748616C662D6475706C65782048
:10A8A0006E6F7420737570706F7274656400000051
:10A8B000536C617665206D6F6465206973206E6FDF
:10A8C0007420737570706F72746564206F6E2025CC
:10A8D000730000004C6F6F706261636B206D6F647A
:10A8E00065206973206E6F7420737570706F727459
:10A8F00065640000576F72642073697A6573206F16
:10A9000074686572207468616E203820626974739F
:10A9100020617265206E6F7420737570706F727431
:10A92000656400004672657175656E6369657320C4
:10A930006C6F776572207468616E20313235206BE0
:10A94000487A20617265206E6F7420737570706F25
:10A9500072746564000000004661696C656420746F
:10A960006F20696E697469616C697A65206E7266C0
:10A9700078206472697665723A2025303878000054
:10A9800054696D656F75742077616974696E6720AD
:10A99000666F72207472616E7366657220636F6D8C
:10A9A000706C6574650000005570646174652065A5
:10A9B0007863656564732063757272656E74206276
:10A9C000756666657200000057616974696E67207C
:10A9D000666F722057414B452061636B6E6F776CD9
:10A9E0006564676D656E742074696D6564206F754C
:10A9F000740000004353204750494F20706F727419
:10AA00002025732070696E202564206973206E6F85
:10AA100074207265616479004661696C65642074B4
:10AA20006F20616C6C6F63617465204750494F54AF
:10AA300045206368616E6E656C20666F72205741B9
:10AA40004B4500004661696C656420746F20636F3C
:10AA50006E6669677572652057414B452070696E57
:10AA600000000000737069403430303034303030D2
:10AA7000000000007370695F6E7266785F737069C2
:10AA8000000000000040004000000000000000FF47
:10AA900000FF0000000000000000000101000000B5
:10AAA000FB870000B4AA0000FFFFFFFF00000000CA
:10AAB0000000000000400040C0AA000002000000AA
:10AAC000DCAA000003000000D0AA0000030100007F
:10AAD00007800004058000050680000607000004CA
:10AAE0000500000506000006149E00000800010095
:10AAF0005465726D696E616C00000000000000001A
:10AB0000000054545220524547474553000000006E
:10AB100043505520657863657074696F6E0000005E
:10AB2000556E68616E646C656420696E74657272DE
:10AB300075707400537461636B206F766572666C18
:10AB40006F7700004B65726E656C206F6F707300DD
:10AB50004B65726E656C2070616E69630000000069
:10AB6000556E6B6E6F776E206572726F72000000AB
:10AB7000756E6B6E6F776E0048616C74696E6720DE
:10AB800073797374656D00003E3E3E205A4550480F
:10AB9000595220464154414C204552524F52202593
:10ABA000643A202573206F6E2043505520256400A1
:10ABB0004661756C7420647572696E6720696E7485
:10ABC0006572727570742068616E646C696E670A74
:10ABD0000000000043757272656E742074687265BF
:10ABE00061643A20257020282573290069646C650A
:10ABF000000000006D61696E00000000B49D00005F
:10AC0000B49D0000D49D0000DC9D0000FC9D000070
:10AC1000FC9D00006F730000737973776F726B7126
:10AC2000000020202020202020202028282828283C
:10AC30002020202020202020202020202020202014
:10AC4000202088101010101010101010101010106C
:10AC5000101004040404040404040404101010106C
:10AC60001010104141414141410101010101010127
:10AC70000101010101010101010101010110101097
:10AC800010101042424242424202020202020202FA
:10AC9000020202020202020202020202021010106A
:10ACA0001020000000000000000000000000000074
:10ACB0000000000000000000000000000000000094
:10ACC0000000000000000000000000000000000084
:10ACD0000000000000000000000000000000000074
:10ACE0000000000000000000000000000000000064
:10ACF0000000000000000000000000000000000054
:10AD00000000000000000000000000000000000043
:10AD10000000000000000000000000000000000033
:10AD20000000286E756C6C29002A666C6F61742AAD
:04AD3000000000001F
:10AD3C000000000000000000C187000000000000BF
:10AD4C000000000000000000D8040020D8040020FF
:10AD5C000100000001000000E8040020E8040020CD
:10AD6C0000000000000000000000000000000000D7
:10AD7C0000000000000000000000000000000000C7
:10AD8C0000000000000000000000000000000000B7
:10AD9C000000000000000000000000003006002051
:10ADAC00000000009104000015050000AB640000D9
:10ADBC0000000800000000002C9E000040420F0024
:10ADCC0000010000149E00000800010000000000BB
:10ADDC009F7800000000000000000000E8AA0000BE
:10ADEC000100000074050020740500200000000024
:10ADFC0001000000840500208405002000000000F4
:10AE0C000100000000000000000000000000000035
:10AE1C000000000000000000000000000000000026
:10AE2C0000000000000000002C9E0000000000004C
:10AE3C000000000000000000000000000000000006
:10AE4C0000000000000000000000000000000000F6
:10AE5C0000000000000000000000000000000000E6
:10AE6C0000000000000000000000000000000000D6
:10AE7C0000000000000000000000000000000000C6
:10AE8C000000000008000000FF00000000000000AF
:10AE9C000100000000000000280600202806002009
:01AEAC001F86
:06AEAD000000000000009F
:10AEB400000000000000000000000000000000008E
:10AEC400000000000000000000000000000000007E
:10AED400000000000000000000000000000000006E
:08AEE400000000000000000066
:04AEEC000000000062
:10AEF000740600207406002000000000010000001D
:04AF000015E015E063
:04000003000022696E
:00000001FF
