:020000040000FA
:10000000C06400202DD001003788020019D0010003
:1000100019D0010019D0010019D001000000000022
:1000200000000000000000000000000099D1010065
:1000300019D001000000000035D1010019D00100E5
:100040004DD3010069A202004DD301004DD3010040
:100050004DD301004DD301004DD301004DD301001C
:100060001FA202004DD301004DD3010053A2020094
:100070004DD301004DD301004DD301004DD30100FC
:100080004DD301004DD301004DD301004DD30100EC
:100090004DD301004DD301004DD301004DD30100DC
:1000A0004DD301004DD301004DD301004DD30100CC
:1000B0004DD301004DD301004DD301004DD30100BC
:1000C0004DD301004DD301004DD301004DD30100AC
:1000D0004DD301004DD301004DD30100074B1B78D8
:1000E000002B4FF0000383600360054B436014BF97
:1000F00002220122FF23C2710372704728110020DF
:1001000028010800064B074A9B7802604FF41272E0
:100110008280C3710822002382710372704700BF7E
:100120002811002079A90100064B074ADB780260FC
:100130004FF432728280C3710822002382710372ED
:10014000704700BF281100208FA70100064B074A07
:100150001B7902604FF4B4728280C3710822FF23BE
:1001600082710372704700BF2811002039A301007B
:100170002DE9F341C41D002824F00704064614BFEE
:100180002046002000F016FD071E04DA6FF00B0079
:1001900002B0BDE8F0810EB9FC42F7D4364D698952
:1001A00028896B7B2A7B0331033089B280B216F039
:1001B000BAFF0028EADBA978EB783C440334002E30
:1001C000194424F0030400FB01F114BF2046002071
:1001D00000F07CFE20440EB90028D7DB2B790446C2
:1001E000B3B1697D19446B791944FF29CEDC033022
:1001F000002E20F0030414BF204600202A8AC9B232
:1002000000F0D4FE0028C1DB04440EB9002CBDDB95
:10021000012000F0C5FCC8B1A97BB9B195F82C301C
:100220000734002B15BF402325234FF48172282269
:1002300024F00704002E14BF2046002006F040FDE5
:100240000028A3DB04440EB9002C9FDBAB7CE3B198
:100250002B799BB10734002E24F0070414BF2046ED
:100260000020A97C0CF050FE00288FDB044466B906
:10027000002C0ADA8AE700BF28110020012000F0D4
:100280008FFC10B1AB7B002BE4D1724B1B6893B198
:10029000A97981B10334002E24F0030414BF204651
:1002A0000020EA7C98470028FFF670AF044416B996
:1002B000002CFFF66BAF684B1B688BB1297D79B1C1
:1002C0000334002E24F0030414BF20460020984776
:1002D0000028FFF65BAF044416B9002CFFF656AFBA
:1002E0005E4B1F68AFB1697D99B10334002E2B7E40
:1002F000009324F0030414BF20460020EB7DAA7D68
:10030000B8470028FFF642AF044416B9002CFFF6A8
:100310003DAF072000F044FC98B1A97989B10334BE
:10032000002E24F0030414BF20460020AA7E00F013
:100330002BFF0028FFF62AAF044416B9002CFFF665
:1003400025AF95F82500B6FA86F77F09A0B1EB7FB7
:10035000297F033424F00704194444F004043B4685
:100360002246C9B200F052FF0028FFF60FAF044446
:1003700016B9002CFFF60AAF95F82610002959D0BF
:100380000734002E24F0070814BF404600202A8DB1
:1003900016F0DEFE041EFFF6F9AE444416B9002C3A
:1003A000FFF6F4AE1EB1298D404612F06DF995F8B6
:1003B0002010002940D095F82430002B3CD06A8CC6
:1003C0000734002E24F0070802F1240214BF40462F
:1003D000002092B216F0BCFE041EFFF6D7AE4444D5
:1003E00016B9002CFFF6D2AEAB7F297F95F824001A
:1003F000033424F00704194444F004043B46224625
:10040000C9B200F0F5FE0028FFF6C0AE044416B9EC
:10041000002CFFF6BBAE3EB16A8C95F82010083276
:1004200092B2404612F036F92B6B5BB176B12C6379
:100430000020ADE68846B5E7002EF5D00022114633
:100440001046EFE7002EF3D12046A1E62834FBD575
:100450009CE600BF1C05002024050020200500208C
:100460001FB572B6184B5D6BE5B9BFF34F8F1749D7
:10047000174BCA6802F4E0621343CB60BFF34F8F9F
:1004800000BFFDE7B2FBF6F2DCB20133002AF9D17E
:1004900004F110036B4403F80C2C0A2234B901A8B0
:1004A000A847E2E7024600230A26EDE7631E04AEF2
:1004B000DCB256FA83F3B0FBF2F602FB16003030E2
:1004C00003F80C0C3046E9E72811002000ED00E0AD
:1004D0000400FA0513B5114C637B8DF80130237BC2
:1004E0008DF800306389ADF8043068462389ADF893
:1004F00002300AF0F9FB18B1DB210320FFF7B0FF4F
:10050000207E0AF055FC08B1DE21F6E7E07D0AF016
:1005100049FC08B1DF21F0E702B010BD281100202E
:1005200038B5054600283ED015F086FA10B94FF0D0
:10053000FF3038BD12F0DAFCB0F5FA7FF7D81C4C6A
:100540001C486563002500F0A5FA2A222946A01C54
:1005500084F83850257084F82C50256315F02CFE53
:100560001B222281628140F2032240F20113A28108
:1005700003226380A27301231F2223712282A376A8
:100580004FF40272F7236282638444F60112FB2364
:10059000E2822385EFF3108472B600F047FE2CB997
:1005A00062B62046C5E76FF01500C2E72846C0E7EF
:1005B00028110020D504000038B51446002840F06A
:1005C000B9805E4D95F83830032B00F0B080B1B1A2
:1005D00012B96FF0150038BD0139142900F2AA8054
:1005E000DFE801F00B1C1F345E67853A6A6D7F40BF
:1005F0004654598B8E9C9FA294001378AB700020B8
:10060000FFF7B6FD0028B7BF0123022385F8383075
:100610006FF00B00A8BF85F83830DCE71378EB707B
:10062000EDE71379002BD4D05379002BD1D0128869
:10063000FB2ACED81A2A6388CBD91B3BE02BC8D81B
:100640002368AB603E4BA2889A80D8E713786A791A
:100650009342BED32B71D2E713782A799342B8D84C
:100660006B71CCE713782A799342B2D86B75C6E7E1
:100670001378002BADD05378013BDBB2F82BA8D810
:100680001388EB822F4B92789A70B8E710786876CF
:1006900010F04EF8B3E71378002B9AD0AB76AEE7A4
:1006A000012000F07DFA237808B1012B91D9AB73BA
:1006B000A5E713882B82A2E71378AB719FE7072089
:1006C00000F06EFA10B92378012B82D9072000F0D0
:1006D00067FA18B12378002B3FF47BAF2378EB74D3
:1006E0008DE71378082B3FF674AF2B7587E71388D7
:1006F000FF2B3FF66EAFAB7481E71378EB767EE7A6
:1007000013780E2B3FF665AF2B7778E723680E4AF8
:100710002B62636853602389138170E713786B77CA
:100720006DE71378EB776AE71378AB7767E74FF0FD
:10073000FF3050E76FF02C004DE700BF281100207C
:10074000301100203E11002048110020F8B50D4660
:10075000064630B329B311F0070422D1124F97F89F
:100760003830012B02D16FF00B00F8BD032B02D102
:100770004FF0FF30F9E700F0BDF80028F8D0284628
:10078000FFF7F6FC0028EEDB1AF0CBF93046396BA8
:100790000AF0CAFBFFF79EFE032387F83830204695
:1007A000E3E76FF01500E0E72811002010B5074CD3
:1007B00094F83830032B03D10AF0D2FB0BF008FC7D
:1007C00016F00EFE002084F8380010BD281100201D
:1007D00050B1074B03F1140253F8041B40F8041BFB
:1007E0009342F9D1002070476FF01500704700BFA9
:1007F00059DB020010B5074B93F838403CB90AF0BA
:1008000025FB0320044900F0C3F9204610BD4FF03A
:10081000FF30FBE7281100204D01000010B5074B09
:1008200093F838403CB90AF025FB0220044900F057
:10083000AFF9204610BD4FF0FF30FBE72811002034
:100840002901000008B50C4B93F838208AB993F8B9
:100850002C305BB10AF04CFB0849012000F098F9FC
:100860000020074900F094F9002008BD0AF024FB9D
:10087000F2E74FF0FF30F8E728110020DD0000001C
:100880000501000010B5054B93F838401CB917F06E
:1008900022FD204610BD4FF0FF30FBE7281100205D
:1008A00010B5054B93F838401CB917F017FD2046DA
:1008B00010BD4FF0FF30FBE72811002010B5054BAD
:1008C00093F838401CB917F00BFD204610BD4FF0CF
:1008D000FF30FBE728110020024B02681A6000205D
:1008E000704700BF64110020014B1B68184700BF10
:1008F00064110020024B1868003818BF01207047AF
:1009000064110020F7B52E4E0446071D2C483760B1
:100910000BF07EFB0228054606D12949204615F03A
:10092000C0FD284603B0F0BD042842D13378092B1E
:100930000AD0262B1ED03146204615F017FEB0F502
:10094000817F2DD3722112E005213E2015F07CFD20
:100950000028F0D1F378327901A943EA02236846EE
:10096000ADF8003016F0B5F90028CFD0532108209B
:10097000FFF776FD1A213E2015F066FD0028DAD13A
:100980007368C3F30F23ADF804306946112301A83F
:100990008DF8063016F0A9F90028B7D06521E6E7F2
:1009A0000028B3D0A178207815F04EFD0028B8D1EA
:1009B000ACE70828B5D10249204615F0A1FDB0E703
:1009C00068110020074B4FF0FF3141F6FF72C3E979
:1009D000001205490022C1E900221F21C3E90212C9
:1009E000704700BFC00400206C1200203F280CD8C4
:1009F00001380B4BC0F3421200F01F0053F82230B5
:100A000023FA00F000F001007047FF2806D04038BC
:100A1000C0F34212034B00F01F00EFE701207047C4
:100A2000C00400206C1200200146074B0068496892
:100A30001A4603C240F48C221A6041F0107242F44C
:100A4000FF625A60704700BFC00400200246024B9C
:100A50000068516803C370476C1200200246024BC5
:100A60000068516803C37047C8040020FD281ABFFE
:100A700000F1FF30C0B23F20054B420903EB820377
:100A800000F01F009B6823FA00F000F0010070479F
:100A9000C0040020014B1860704700BF7412002092
:100AA00010B5FFF78FFF16F000FF034B1B680446DD
:100AB00003B19847204610BD741200200B880288AD
:100AC000F0B5C3F30E049EB204F11803C57CC35AFB
:100AD00002352A442B4497B213FA82F3013B428831
:100AE000B3FBF7F313FB07439BB29A42044A93BF4D
:100AF00022EA0603324013439BB20B80F0BD00BFD5
:100B00000080FFFF4A1E062A08B50346084604D89F
:100B10004FF4D1711520FFF7A3FC094A914202D985
:100B200040F2A311F6E711B903B1196008BD2BB16A
:100B30001B680022C3E901211A1D1A600430F5E781
:100B4000FAFFFF7F10B5114B00EB41041A7863895F
:100B5000B3FBF2F303FB0223013A1A44B2F5706FC0
:100B6000027928BF00231A448378B2FBF3F01944BA
:100B700003FB1020091AB1FBF3F003FB101313441D
:100B80006FEA43436FEA5343638110BD781200203C
:100B9000024B03EB80035960704700BF78120020BE
:100BA000034B03EB80035868003818BF01207047DF
:100BB000781200202DE9F04F10F0070A85B00546A5
:100BC00004D040F261111720FFF74AFC554F07F19E
:100BD0004006B1460446B0464FF0010B57F8043BBF
:100BE0008DF80BA03BB101A898479DF80A30082B5F
:100BF00001D9E821E7E79DF80B1081BB05B1316011
:100C0000B94506F10406E9D12DB3DFF81CE1002354
:100C10008EF800301E460F2258F82200013A60B1CB
:100C200090F804A08178BAF1FF0F66D14FF0000769
:100C30008E4207713CBFCEB20123511CECD10BB1E7
:100C40008EF800600F2640F6FF6A58F82670002FD5
:100C500065D1013EF9D2601B05B0BDE8F08F9DF86B
:100C60000AC0BCF1020FE64601F1050238BF4FF0A1
:100C7000020E0EF1FF3004EB42040444CEF10000FA
:100C80002040BDF808406444013CCCF1000C04EA6B
:100C90000C04B4F5803F4FEA420301D3F82192E7F8
:100CA00075B1C31A336099701C8083F803B09DF846
:100CB0000C201A71019A1A814FEA124CA3F806C04F
:100CC00004FB01049CE758F82C90B9F1000F06D002
:100CD00099F804B0D34504BF99F802904F440CF141
:100CE000FF3CBCF1000FEEDA3944FF29A0D90BB16B
:100CF0008EF8006040F2271165E794460027F0E780
:100D000007EB41033846A3F80AA0FFF71BFF09F1E0
:100D10000109BB785FFA89F18B42F1D899E74FF06E
:100D20000009F6E77C12002078120020F8B54FF693
:100D3000FF730380184B03EB81030546586CB8B171
:100D400086780379B3FBF6F206FB1233DBB2194661
:100D50000A1D00EB4202B2F902705488002F09DB31
:100D60000131B1FBF6F206FB1211C9B28B42EFD191
:100D70000020F8BDFF29FBD0C4F30E03C4782B80FC
:100D800024B94FF4D5711720FFF76AFB5380BDE8F3
:100D9000F84016F0A7B900BF781200201D4B03EBF6
:100DA000810370B55C6C054644B3030404D54FF46D
:100DB000DC711720FFF754FB0146204616F074F94A
:100DC000FF28014604D02046BDE8704016F08AB9DD
:100DD000A078B5FBF0F300FB1353DBB219460A1DF4
:100DE00004EB4206B6F90260002E09DB0131B1FBCB
:100DF000F0F200FB1211C9B28B42F0D1002070BD9D
:100E0000FF29FBD08B4204EB42021CBF0023E3709E
:100E10005580D8E778120020094B03EB810310B509
:100E20005C6C0146204616F03FF9FF28014604D0CD
:100E30002046BDE8104016F055B9002010BD00BF97
:100E400078120020F8B5104B03EB810307465C6C69
:100E50000146204616F028F9FF28054611D0E688FD
:100E6000238953EA064606D00146204616F03AF991
:100E700001463846B04720462946FFF763FE00206A
:100E8000F8BD0520FCE700BF7812002038B50E4BF6
:100E9000827903EB82030446586C08B9052038BDFB
:100EA0008278E1799142F9D24B1CE37100EB410366
:100EB0005D89B3F90A30002BF3DBA58016F012F937
:100EC00020600020EBE700BF7812002070B50446D8
:100ED00010F003000E4603D04F211820FFF7C0FA90
:100EE000FFF710FE054624B1034831460460FFF7C2
:100EF00009FE284670BD00BFFC1200202DE9F14F0D
:100F0000DFF870B09DF828A09DF82C901E46DBF805
:100F1000003007460D4690461BB961211820FFF7A7
:100F20009FFA52460921404615F02EFF4A4684B2E8
:100F30000921304615F028FF14FA80F1DBF8000093
:100F400016F087F8386018B9286001B0BDE8F08F56
:100F500004442C60386853464146092215F0CDFE02
:100F600028684B460922314601B0BDE8F04F15F024
:100F7000C4BE00BFFC12002070B50E46044615F03A
:100F800016FF0546304615F012FF044B2A1821467D
:100F90001868BDE8704016F080B800BFFC12002051
:100FA000014B186816F049B8FC1200201F2AF8B54A
:100FB000044613460ED89200033222F00303B3F521
:100FC000803F2DD2184DACB1A00710D05F21092071
:100FD000FFF746FAFF2B4FEA420204D9FF339A4249
:100FE000A8BF1A46E8E77C2AB8BF7C22E4E729704C
:100FF0006C602B8122F0030201EB81031204D80004
:1010000001276B68120C0025EEB28E4200D3F8BDAA
:1010100014B126181F705E60104401352833F3E7C1
:101020004FF0FF30F3E700BF0013002038B5144A3B
:10103000147853680021C8B2844203D8AB21092038
:10104000FFF70EFA1846013105782833002DF2D04B
:101050000021817001241289447044688161C1615A
:10106000920800F12001051D21F8022B994245F854
:10107000044B1444F8D100234361037038BD00BF12
:10108000001300200A4B1B89B3F5FF7F4FEA930042
:1010900006D25A089B1A9BB2984238BF184670472E
:1010A000B3F5EE6F01D8FF22F4E740F27263F3E785
:1010B000001300202DE9F8434B7880460C4602F0DF
:1010C000040602F0FB07D3B1DFB12E4BD4F8049035
:1010D0001D89B7BB01236370AD08A761E76104F107
:1010E00020034A46211D04F1280023F8025B9842A0
:1010F00041F8042B2A44F8D10023636101E0002F5A
:10110000E3D0FF23A370002E18BF0226A3191B7D76
:10111000032B03D1022F1CBF0136F6B2A319012203
:101120001A7506F10C0204EB8606002324F812302F
:101130007268A370C8F80020A8F804304046BDE8E3
:10114000F883002114226170A01815F035F8B5F568
:10115000FF7F0FD26B08ED1AADB209EB0502C4F8A0
:1011600004902584A2606384C4F80C90A584226155
:10117000E384C6E7B5F5EE6F4FF0FF03EBD940F21D
:101180007265EAE7001300202DE9F84305460C4696
:10119000F7200521914615F0F7FD061E22DB1DB94B
:1011A00014FB06F0BDE8F88315F0030703D098217F
:1011B0001920FFF755F9DFF83480C8F81050A8F867
:1011C0001460A5B2BBB29D42EAD9B8F814C0D8F8F1
:1011D00010004B4607FB0C000522F72115F08DFD92
:1011E0000137EFE74FF0FF30DCE700BF14130020BA
:1011F00007B5CDE900230B4603490246081D16F04A
:10120000C9F803B05DF804FB2C13002013B5064C9D
:10121000CDE900230B46024604F1080104F10C005D
:1012200016F0B8F802B010BD2C130020134B0122A9
:1012300000214FF0FF309A60C3F80012C3F8080392
:10124000C3F80015C3F804259A60C3F80803C3F86F
:101250000015C3F804250A490A4A03F580334FF400
:101260000040C3F80825C1F88000BFF34F8FBFF3DB
:101270006F8FC1F88001C3F80825704700F0004067
:1012800000E100E00000F63F8C46322300B50CF888
:10129000033B054B8E4607CBCEF80300CCF8041079
:1012A000CCF808205DF804FB4813002010B5154C5D
:1012B00010F000FB0FF0E0FB636A608C00219847A0
:1012C000237E9BB9104B628C93E803000BF0A6FEC3
:1012D000E36A18880BF0CCFD636B94F8301094F837
:1012E00031009847002384F8383010BD94E8070097
:1012F00004F10C0383E80700044904F1190018F015
:10130000D0F8DFE73C1300206413002089120000AE
:10131000034B93F8383003B97047FFF7C7BF00BFDE
:101320003C13002008B540F267410620FFF798F80B
:1013300008B5094B93F83820022A07D1DA7A42F02F
:101340000102DA72BDE80840FFF7B0BF40F22D217C
:101350002720FFF785F800BF3C13002070B5364EFC
:1013600096F8283005460BB1012825D001292AD846
:10137000336C28469847044628B396F8303013BBA0
:1013800096F8283013B31DBB96F84420D106C2F35B
:1013900000152DD4F26C316D1278C2F3001201B336
:1013A00082F00104BBB1738F9A0715D5F36BDC781B
:1013B000023C18BF012407E0738F1807D6D5F36BE2
:1013C000DB78022BD2D10124204670BD012DDBD069
:1013D0000024204670BD738F002BF4D1002DF3D074
:1013E000F6E7B6F854100029DAD0002BF3D0DAE78C
:1013F000F16B0A7802F00302032A02D1CA78022AAA
:1014000018D0B06C15F05CFD48B9F36B1B7803F095
:101410000303032B06D196F828300546BAE796F861
:101420002830B7E709F0BAFF80F0010596F82830B8
:10143000EDB2AFE70025ADE73C13002070B5264CB8
:10144000E56AE26C95F88C30A265064694F85C007B
:101450000BB10430C0B295F86D100EB9FF2831D031
:101460000FF05EFF95F88C3033B3206E10F03CFB2C
:1014700094F82830D5F8E820216EA06D6267003B13
:1014800018BF012384F87C30D5F8EC30A3670FF047
:1014900097FA46B995F86D30033B012B94BF28208D
:1014A000002010F0CBFB95F86C10002010F02EFC03
:1014B000022384F8383070BDA06D10F015FB0FF0DA
:1014C000DBFAE6E795F86C208A42CDD00FF028FFD2
:1014D00095F88C30C8E700BF3C1300202DE9F0419F
:1014E0003C4C94F83830E56A012B82B06BD15FFA3E
:1014F00083F895F87C3006460F4673B1638F002160
:1015000043F00403638785F87C10636A04209847DE
:1015100094F828300BB185F87E80E16B0B7803F0EE
:101520000303032B30D04B7853B3022385F882306A
:1015300095F88C30EBB1E36A94F8282093F86D307D
:10154000003A18BF0122013BDBB284F87C20D5F8B9
:10155000E8206267032BD5F8EC20A26794F85C20A2
:1015600036D81D490020CB5C00901C4901200FF0AB
:10157000AFF906B9E7B902B0BDE8F041FFF796BE92
:10158000012385F88230D3E795F8823063B9638F01
:1015900043F0020363870220636A9847E16B0B788C
:1015A00003F00303032BBED1032385F88230BFE78A
:1015B00031463046FFF7D2FE0028DCD102B0BDE84C
:1015C000F041FFF73BBF40F29D412720FEF748FF67
:1015D000FFF7A8FE3C130020C0B20200A0130020B9
:1015E00070B5824CE56A94F85C3095F88C2082B036
:1015F00000218DF805100AB10433DBB295F86C10A8
:1016000010B9FF2B00F0B180FF200FF089FE95F894
:101610008230032B00F2E580DFE803F0021C8070CB
:1016200094F8BA30ADF806307148A5F85C3009F08E
:101630008FFE002840F09F80A06C0DF105020DF197
:10164000060115F0DCFBE06320B195F8C730002BF4
:1016500000F0A9806748E06395F883200378D20002
:1016600002F0080203F0F303134395F8842092007C
:1016700002F00402134303F0EF0203F00303032B11
:10168000027002D1C378022B11D0A06C15F018FCA7
:1016900048B9E06B027802F00303032B07D009F08E
:1016A0007DFE002878D1E06B027842F010020270D3
:1016B00095F88B3013B14378002B41D110F014FA18
:1016C0000FF0DAF9E66B0AF08BFD20B1337803F006
:1016D0000303032B63D095F86D10012010F016FB67
:1016E000E36B454A18889978A4F84400012384F8EC
:1016F000BC30917084F8383002B070BD3C4809F0BD
:1017000027FE002863D0E06BC3781B2B14D1012186
:1017100005F110000FF036FEE06B0DE0B5F85C301F
:10172000A06CADF806300DF105020DF1060115F0C3
:1017300066FBE06300284FD0012384F8BB308BE7C1
:10174000206E10F0D1F994F82830D5F8E010D5F8D3
:10175000E4206167B3FA83F35B09E16B206E84F8E0
:101760007C30A2670FF02CF9ACE795F86D308B4216
:101770007FF44AAF4BE7638FE16B626A43F4807397
:101780004FF4807063879047E06B012185F87D10EE
:10179000C3781B2BD0D1BBE7E06B027887E7012031
:1017A00011F020FD97E79DF8053043B1BDF8061014
:1017B00017F01EFE0123E06B84F8BB304CE703807A
:1017C0008370E06B012117F01CFDE06BEEE740F247
:1017D000D7212720FEF744FE40F2CD212720FEF737
:1017E0003FFE40F2E5212720FEF73AFE3C130020A1
:1017F00078130020C4130020801300202DE9F04F3F
:10180000B84C94F83830E76A87B00022022B049273
:1018100040F01482638C0D4613F04001804606D1DF
:10182000636A40209847638C43F040036384B8F1B7
:10183000000F5CD097F88C30002B40F05B81D4F81F
:1018400058A09AF8013099B2A4F85410002940F039
:101850006781002323659AF80060638C97F88310F2
:10186000C6F3800243F400739142638400F0F78072
:10187000D4F82C9099F88220FAB1022A00F0B881AD
:1018800094F82830002189F8821023B199F87E302D
:10189000002B40F0A38199F87D30002B40F080812F
:1018A00099F88330D4F858A0012B0CBF00230123F2
:1018B00089F883309AF80060638C97F88410C6F337
:1018C000C00243F40063914263844FF0000900F0CA
:1018D000CE8000260AF084FC30B39AF8003003F082
:1018E0000303032B20D1012011F07CFC1CE097F8AE
:1018F0008C20002A40F01C8143F48063638497F8B5
:101900006D3094F8C620033B0132012B84F8C620C9
:1019100005D90AF065FC8146002800F0D680012038
:1019200011F060FC0026B14697F88B3013B394F8A1
:10193000283097F87620B3FA83F35B0984F87C307B
:1019400097F86C30013B002ADBB2D7F8E0206267E1
:1019500018BF0420D7F8E420A26708BF0020032B9B
:1019600000F27181604A6149D35C00220092FB223F
:101970000EF0AEFF45B994F8C6100120FFF7EEFC5B
:101980000546002800F0D88010F014FA0125002E3A
:101990003BD1B9F1000F09D094F82830002B40F06A
:1019A0009680B4F809300133A4F80930B8F1000F7B
:1019B0004AD0B4F8053000220133A4F8053084F889
:1019C000C6204B480BF042FA049830B115F015FBD5
:1019D000E16A002202720AF05FFB36B1E16A00237D
:1019E00033720C2230460AF025FB002D32D1638C75
:1019F0001B0607D4636A294680209847638C43F00E
:101A00008003638407B0BDE8F08FA16D236D4E782D
:101A1000002B00F01A81B4F854201846033214F059
:101A200037FC0DF10E0205A9A065D4F8C00015F031
:101A3000FAFA059815F0E1FA314601220646D4F883
:101A4000C00015F087FAA4E7B4F807300133A4F812
:101A50000730B6E7FFF72AFC07B0BDE8F08F97F82C
:101A60008410C6F3C0029142C1467FF432AF06F043
:101A70000306032ED4F82CB064D143F4805363845E
:101A8000638F012043F00103514663878BF87C008C
:101A9000636A9847D4F858A000269BF88430013B2D
:101AA00018BF01238BF884309AF80130002B3FF4E3
:101AB00011AFDBF8E8300133CBF8E830DBF8EC307D
:101AC00043F10003CBF8EC3004E706462CE7B4F80A
:101AD0000530B4F80710B7F880200B4313433FF4E8
:101AE00065AF5EE73C130020C0B20200A0130020E7
:101AF000641300200EF0DCFFD4F858A09AF80130EF
:101B000000287FF4A0AE002B65D09AF8002097F84B
:101B10008410C2F3C00291427BD099B2A4F8541051
:101B2000D4F8C00015F0EDF9D4F858A0206592E67D
:101B30000EF0FEFF638CDFE6FFF752FD002E3FF450
:101B400028AF62E7002EA8D09AF80160002EA4D03A
:101B500043F4805363849BF88C600FF06DFB042882
:101B600094F8C43006D1002E14BF1B221F229342CA
:101B700028BF1346D4F858A09AF801209A424ED8AC
:101B8000266D002E3FF4A6AE94F8C530002B53D03E
:101B9000636A0021202098470026D4F858A099E6CF
:101BA000002689F87D6009F0E3FB002852D0638F9E
:101BB00043F0080363873146636A08209847D9F8E1
:101BC000E0300133C9F8E030D9F8E43043F10003E4
:101BD000C9F8E43064E6A4F854303AE6638F89F833
:101BE0007E1043F0100363871020636A984752E623
:101BF000A06C04A915F026F988B3D9F8E0300133B8
:101C0000C9F8E030D9F8E43043F10003C9F8E43012
:101C100036E6012384F83130FFF748FBF2E694F80A
:101C20003030012043F0100384F83030002611F0EA
:101C3000D9FAD4F858A04DE646462EE740F21151A5
:101C40002720FEF70DFCFFF76DFB40F28E412720A9
:101C5000FEF706FC40F21C412720FEF701FC40F293
:101C600005412720FEF7FCFB70B50D4B0D4C0E4ACD
:101C70001A6094F838301BB1DE212720FEF7F0FB04
:101C800003F0FF0206460D4622760BF0BFF9012154
:101C900004F1880017F0B5FAE664256670BD00BF50
:101CA000280500203C1300205421000010B5074AED
:101CB00092F8383013B10C24204610BD03F0FF0415
:101CC00014760BF0A3F9204610BD00BF3C13002092
:101CD000024B012283F8C520704700BF3C1300204F
:101CE000F0B5C24C85B002AD85E8030094F8380029
:101CF0000A9E002840F09781002A00F09481002B72
:101D000000F09181002E00F08E8100F0FF0184F838
:101D1000C51084F8301084F8C61084F8311084F8A7
:101D2000BC1084F8BB106187618495E803002364CC
:101D300004F1280383E80300E56A626266630FF03A
:101D400081FB0EF099FE95F974000FF075FCA86AFE
:101D50000FF0AEFE286A0FF075FC95F89C000FF0AE
:101D60007BFC95F87630002B40F0B38096200FF086
:101D70004DFA94F82800002800F0B380E36A93F845
:101D8000B831002B40F0028195F86D209D21012093
:101D90000FF038FD964B974E18680FF08FFE6B6969
:101DA000D5F8F410D5F8F820D5F8F000A364D5F8EC
:101DB000FC30AF69C4F8C0700FC6E36AD5F80011F3
:101DC00093F88620C4F87D10D5F80411C6F80D10DC
:101DD000A2F12601012940F2948093F88710262968
:101DE00000F08F80213A012A40F2F080242900F08F
:101DF000D08093F86C60032E08BF042605F13407E9
:101E00003146384617F0B9FB314616F06DFEB5F88D
:101E1000403095F86D100246934228BF134638466D
:101E200084F8BA3017F076FB95F86D1095F88C7041
:101E3000B5F84860042908BF032116F055FE0FB914
:101E4000043080B2B04228BF3046C6B284F8C460C5
:101E50000AF0C6F9002840F08B8094F8280084F836
:101E60005C60002866D195F88B30EBB195F86C304A
:101E700095F87610D5F8E0206267013B0029DBB2C7
:101E8000D5F8E420A2674FF0010118BF0420032B0E
:101E900084F87C1000F2CC80574A0021D35C00917A
:101EA000FB2254490EF014FD0120FFF799FB00239B
:101EB000C4E90033A3602B6F2988B5F8800095F83A
:101EC0009C206080218022710BB101221A6005B034
:101ED000F0BD4D200FF09AF994F8280000287FF407
:101EE0004DAF95F86C20444B03EB42039988434B6C
:101EF00001F5FA71A3FB013189096E310FF082FC03
:101F000048E794F82820002A39D193F8FA2193F869
:101F10006C60002A3FF472AFF31E012B63D9D31E0D
:101F2000012B60D9012E3FF469AF012A14BF0226AC
:101F3000012663E795F88C30B3B195F86D30D5F88C
:101F4000E820D5F8EC10A167013BDBB20120032BA0
:101F5000626784F87C006BD82749CB5C0021009134
:101F6000324624490EF0B4FC0120FFF767FA9EE7E1
:101F70000AF03CF9B04238BF3046C6B26DE793F87C
:101F8000922293F86C60002AC6D137E70FF048FA26
:101F9000FAE694F82820002A3FF42BAF93F8262184
:101FA00093F8651093F86C6002EA01035A071AD49B
:101FB00013F001022BD19B077FF520AFF31EDBB29C
:101FC000012B10D9012E18BF022617E72429E0D0D3
:101FD00094F82820002A3FF40CAF93F8262193F8B8
:101FE0006C6050070CD5042608E700BF3C130020A6
:101FF00028050020A0130020C0B20200D34D6210BB
:1020000012F0010309D191077FF5F8AED6E7033E40
:10201000012E8CBF16460426F0E6033E012E8CBF2F
:102020001E460426EAE640F26D112720FEF718FA54
:10203000FFF778F908B5124B93F8382092B193F86E
:10204000282022B993F83830012B14D108BD93F819
:102050003820022A0AD1DB6AD3F8D001BDE8084053
:102060000FF0B8BDBDE80840FFF720B940F20F21DE
:102070002720FEF7F5F940F20B212720FEF7F0F9B3
:102080003C130020FFF712B9014B1876704700BFD0
:102090003C130020014B93F8BC0070473C13002018
:1020A000034B93F8BB0010B9588CC0F30030704755
:1020B0003C130020024B588CC0F3C020704700BF77
:1020C0003C130020014B93F8C60070473C130020DE
:1020D0002DE9F0411E4F8207FE6A82B0044613D4F8
:1020E000E3070ED5D6E93A3296F88410013342F16F
:1020F00000020129C6E93A320CBF0023012386F809
:10210000843002B0BDE8F0813B6DE3B1B7F85420F4
:102110000D46B96D1846033291F8018014F0B8F8F5
:102120000DF1020201A9B865D7F8C00014F07BFFD9
:10213000019814F062FF012228604146D7F8C000E0
:1021400014F008FFCCE740F28E412720FEF788F913
:102150003C13002031130000FD170000DD140000C7
:102160001113000008B540F2F2310620FEF778F9AD
:102170002DE9F843002800F0E1800446072900F229
:10218000D380DFE801F0AB2424A7D11F9ECD014608
:10219000204618F0DBF8D4F8443100F1E5059D4203
:1021A00040F2C780E81A322838BF3220032113F0EA
:1021B000BDF8C4F844510646204618F08EF9002EAA
:1021C00000F09D802046BDE8F84318F087B918F06C
:1021D000FEF8D4F81421002305460E4684F8403159
:1021E00084F84931BAB150EA010314D0CA00C300DF
:1021F0001B1A42EA507262EB0102D4F830115B18EC
:10220000D4F8341142EB0102D4E95401834272EB59
:102210000103C0F09180022304F5A07784F84831CF
:10222000384612F0D5FA002800F08C8094F860311E
:1022300003F0FF01002B6BD1D4E956026FF000438D
:102240009A4208BFB0F1FF3F13D02046D4E954981A
:1022500018F07CF8D4F85831D4F85C21B3EB0903BA
:1022600000F1E50062EB08021B1A62F10002002A8D
:102270004BDB94F81001394612F09CFB00286BD020
:10228000D4E95401D4E94A32834272EB01071FD2E8
:1022900055EA06071CD0C01A61EB020133462A46F4
:1022A00013F0CCFE05FB01F3D4E94A2100FB06360E
:1022B000A5FB00535519334443EB0103C4E94A53CA
:1022C00006E090F8100112F05DFA002384F838312E
:1022D000BDE8F883BDE8F8430FF080BD0BF086FE43
:1022E000D4F84401CB3812F08FFF80B3204618F0A9
:1022F000ABF800283FF44BAF204618F0EEF8D4E9D5
:102300005423C4E94C23BDE8F88320460BF076FE45
:1023100094F8100112F036FA002384F83831AFE750
:10232000FD213020FEF79CF840F201113020FEF72D
:1023300097F8C4F84451DFE701236DE7E02130202E
:10234000FEF78EF84FF4D3613020FEF789F840F2A3
:102350005A213020FEF784F840F29C613020FEF7CD
:102360007FF800BF2DE9F04F04468BB04FF0000915
:10237000029390F86DB0CDF818900E46904616F086
:1023800083F894F8B9310B2B00F20684BF4F37F86D
:10239000135094F887302844442B85B215D094F814
:1023A0008620442A11D0A3F10E02B2FA82F2520919
:1023B0000392B8F1000F40F0BF8294F8FC21032A89
:1023C00000F010830123049307E0B8F1000F00F040
:1023D0008E800123CDF810900393B4F848A2B4F88E
:1023E0008090A6EB0A0A0FFA8AFAA6EB0909BAF15D
:1023F000000F0FFA89F904F50678C0F29382029B68
:10240000A34A127802F0FF005AB9074694F8FC215B
:10241000032A00F2DD83DFE812F041010101C60169
:102420007300059310F056FD059B0028EDD0B4F81D
:10243000E821012A40F2208394F8FC21022A00F0CE
:102440001B8394F81202002840F0168394F876203B
:10245000002ADAD194F8B9210B2A00F29D8337F8CB
:10246000125094F8FC2105F5C865012AADB240F080
:10247000598394F88A20032A40F08183D4F8F40128
:10248000E76A07442946059310F0E8FC02463846FF
:10249000D4F8F071C4F8F021D21BD4F8F8712946B1
:1024A00002FB07F710F0DAFCD4F80022C4F80002AF
:1024B000801A07442946E06910F0D0FC94F8762091
:1024C000059B02B10230B4F8D421D4F8F8114A4483
:1024D000C943A2EB0A020A44D4F80412C4F8040265
:1024E000401A00FB0277012284F812228EE794F84A
:1024F000FC31032B00F07C820123CDE903336CE730
:10250000E169029801FB0AF2002800F01882B4F891
:10251000D451002D40F0138284F81352D4F80402F1
:1025200000FB1A2A94F88620CDF818A0262A00F07D
:10253000A58294F88720262A00F0A082002B3AD0AA
:10254000CDBBD4E98C23D4F83812D4F83CC28A42EB
:1025500073EB0C0380F0318394F86D30DA1E012A9E
:1025600040F2D38218460FF09BFF4A4DD4F8381240
:1025700000F5234E0EF1A10EA5FB0E3ED4E98C23EF
:1025800094F86D008439A0F1030C8A1A9244BCF1CE
:10259000010FAAEB9E1A40F215830FF081FF00F2A3
:1025A000E731A5FB0131D4F80402B4F8D45189090C
:1025B00051441039069105EB090AABF1030300FB06
:1025C0000AFADBB20AF1300A012B4FEA4A0A40F25A
:1025D000998258460FF064FF2E4B00F52340A1303E
:1025E000A3FB00304FEA901958460FF051FF0AF153
:1025F0007405274B4D442844586094F87630002BDE
:1026000042D0254AE069514606AB16F0B2FA204B9B
:1026100084F81302069A5868E1692BE1D4F80402A1
:10262000E269B4F8D431D4F8F81194F86DB0258E7D
:10263000121A99440AFB02F2D4F800320692D4F836
:10264000F021303302FB0133C943894400FB0939CF
:10265000ABF10303012B4FEA490905F1740540F280
:10266000B68158460FF01CFF0A4B00F52340A130FD
:10267000A3FB00304FEA901A58460FF009FF4D4473
:10268000034B554428445860069A8AE0D0B20200B1
:1026900004140020D34D62100814002094F86D102B
:1026A00094F8CE0116F048FA8146E06A294648447B
:1026B00010F0D4FB2946C4F80002E06910F0CEFB0C
:1026C00094F87630002B40F0D581C4F8040207A9B5
:1026D00008A80FF077FB079B0093D4E99001DDE990
:1026E000082313F08DF894F86D30059305461846CD
:1026F0000FF0D6FE059BDFF8E4A2033B00F55F4038
:10270000012B00F1410094BF28210021AAFB0030D9
:1027100001EB90118031204616F092FFD4F84C3234
:10272000E26A94F86D00069305920FF0B9FE4AF242
:10273000A13B00EB0B03AAFB0331069B059AD4F8DF
:102740000002943B13441B1A4B445B1BA3EB9113F5
:10275000069394F86D30B4F83090DA1E00F130052D
:10276000012A4FEA450509F1960940F22D811846E4
:1027700005930FF095FE8344AAFB0B3A059B4FEAA5
:102780009A1A18460FF084FE4D44954B069A55440C
:1027900028445860D4F84C32D31AB3F5917FC0F076
:1027A0000282E16966E0E36AD4F8F401294618443C
:1027B00010F054FB2946C4F80002E06910F04EFB0B
:1027C00094F87630002B40F0538194F86D90C4F863
:1027D000040248460FF064FE804D00F55F40A9F109
:1027E0000309B9F1010F00F14100A5FB003094BFCE
:1027F0002821002101EB90118031204616F020FFA6
:10280000B4F8D431002B00F0A280D4F8F431E26A9D
:10281000D4F8000294F86DA013441B1AAAF1030126
:102820000693C9B2D4F8F031D4F8F821B4F8309056
:1028300002FB0305303501294FEA450509F174090A
:1028400040F2C88050460FF02BFE644B00F5234049
:10285000A130A3FB00304FEA901B50460FF018FE4A
:102860004D445F4B069AE1695D442844586001235A
:1028700084F8FC31D4F804526FF4AD734D1B1D4441
:10288000D21BD4F84072D4F844320692854228BF55
:102890000546BA1843F10003C4F82C320023C4F8EB
:1028A000D051C4F8282284F8183204F1340016F00C
:1028B0002FFED4E98A230544C4E99023C4F81C52AE
:1028C000A4F848620BF0C2FF20B1D4F81C321E33CA
:1028D000C4F81C32B4F8C011039A8E1B002336B220
:1028E0009E4284F82032C4BF022384F82032002A9A
:1028F00040F0D080029A002A40F0D08094F8FC3159
:10290000002B40F0EC8094F81402414612F052F88B
:10291000002800F04381049B84F8103200200BB0A3
:10292000BDE8F08FD4E98C01002384F81332C4E9A8
:102930009001CA46012363E5CDF810904DE594F867
:102940001302002800F0DB80254B586892E7029BB9
:10295000002B3FF45AAFD4F8F431E26A94F86D00DA
:1029600003EB020B0FF09CFD00F52340A130A5FB0B
:1029700000304FEA9019D4F80002D4F8382294F8C5
:102980006DA0ABF1940BABEB000B9344AAF10301E8
:10299000D4E98C23C9B20129ABEB020B40F2BE8013
:1029A00050460FF07DFD94F86DA000F2E732A5FBD4
:1029B0000235AAF10301D4F80002AD09C9B2ABEBAC
:1029C00009022A4406922DE74FF0650AD9E64FF036
:1029D000650A51E64FF0650B3FE700BFD34D62102B
:1029E000041400200E2B18BFCDF80C807FF4EAAC45
:1029F000B4F89032B3427FF47FADB4F8D421B4F888
:102A00004A321344C4F8F831D4F80432C4F8F0312F
:102A1000E369C4F8F43120460CF096FCD4F898220F
:102A200094F8A43241F64B5842458CBF4FF0000851
:102A30004FF00108002B40F08C80E3699A4204D0EB
:102A4000208818F04AF8D4F89832E361D4F8943228
:102A5000E362B4F892322386D4F89C326362022394
:102A600084F8FC310123CDE9033384F87680B4E4A3
:102A70000230AAE6023028E60027C7E4B4F8902224
:102A8000B21A12043FF55AAD94F89322002A18BFE7
:102A9000934653E5029A002A3FF435AFB4F8E82193
:102AA000D2B1B4F8EA0194F8EC1100FB01118A42AA
:102AB00000F101007FF727AF002B3FF424AF002384
:102AC00084F82032A4F8EA0109F096FB00F0070030
:102AD000013084F8EC0116E7A4F8EA2113E7E16974
:102AE000D4F804324046C91A15F0CDFF80B2002850
:102AF0003FF409AF149B9BB1188001200FE7B4F895
:102B0000D4510BE54FF065096EE5D4E98C23A1F1B2
:102B1000E90CACEB020C3C21E24449E53C254EE7D4
:102B20000120FCE6E0690593294610F097F994F836
:102B30007620059B02B10230B4F8D471D4F8042297
:102B4000C4F804024F44A7EB0A07801A00FB07F7FA
:102B5000C9E4208817F0BEFF50B3B4F89032B4F83F
:102B6000A02262864FF00008B4F8A2224381013B04
:102B700003828281D4F89832A0F80E8065E794F839
:102B80006D1094F8CE01E76A059315F0D5FF059B0B
:102B90000744D4F8F40175E4FFF7E4FA40F28751F2
:102BA0003020FDF75DFC40F2D2413020FDF758FCAB
:102BB00040F232713020FDF753FC40F226513020B4
:102BC000FDF74EFCB4F8D451D4F804023C21EFE4F4
:102BD00040F23E513020FDF743FC00BFF0B585B018
:102BE000002800F010810446072900F2F380DFE896
:102BF00011F09500080008007E00F10083008B00B2
:102C0000ED0018F026F8D4E98C23801A61EB03015B
:102C1000012871F10003C0F2FF806FF00102002370
:102C200082428B41C0F20181E3690BB1B0FBF3F347
:102C300094F88720442A00F09B800E2A94F886108E
:102C400000F096804339012940F29280B4F8801058
:102C5000B4F80E220B449BB2D11A090400F1C880CB
:102C6000531C9BB2A4F80E3294F81132B4F80E1231
:102C7000002B00F0B380B4F8BA00B4F880306D4F88
:102C8000B4F84A220344B4F8B800013B1B1A9EB2C0
:102C90003B680132A4F84A2202AD53B1013989B22E
:102CA000002220469847B4F80E12014489B2A4F8D5
:102CB0000E12731A1B0462D4002300951A46204694
:102CC000FFF750FB40B3012840F0A180B4F80E128A
:102CD000B4F8C031CA1A10046ED4BDF808301944D3
:102CE00089B23B68A4F80E12002BD7D1E1E705B0FA
:102CF000BDE8F0400FF072B8012010F073FA05B093
:102D0000BDE8F040FFF7BEB990F8FC31042B40F06D
:102D10008880002380F8FC3105B0F0BD90F81032B7
:102D2000D3B1B0F80E22B0F880309A4263D0D31AF3
:102D3000A0F8C631A0F88020D4E98A232046C4E94F
:102D40008C230CF021FA94F8CB31002BE4D005B0A1
:102D5000BDE8F04017F040BDB0F80C32B0F880107C
:102D6000B0F80C22A0F880205B1AA0F8C631E3E787
:102D7000B4F80E12013189B2A4F80E127BE794F870
:102D80008A200394002A0CBF3E220822012384F8E3
:102D9000A92028468DF8083009F0E8FD204617F0F4
:102DA0001DFD002384F8FC3194F8140211F0EAFCB4
:102DB000202384F81432AFE7BDF80820114489B20B
:102DC000721A12F4004F18BF19468AE7D421302036
:102DD000FDF746FBD8213020FDF742FBB4F8C431A3
:102DE0008B427FF448AF013189B2A4F80E1242E75A
:102DF00001339BB236E7B0F8C431A0F880309B1A9B
:102E0000A0F8C63198E7A8213020FDF729FB40F251
:102E10006A613020FDF724FB40F212613020FDF79B
:102E20001FFBCE213020FDF71BFB40F21361302049
:102E3000FDF716FB2C0500202DE9F043D0F81431E6
:102E40000026D0E9548983B080F8186105460F4602
:102E500083F8CE2180F838610121D0F8140108F000
:102E60009BFDD5F81441C4E98C8995F8103184F89C
:102E70001432C4E99089C4F84C7284F8FC61A4F857
:102E8000486233460096324631462046FFF76AFADA
:102E9000D0B9012384F8FC31C4F8F801C4F8F0017A
:102EA000A4F80E02A4F80C0284F81102B4F88030E1
:102EB000A4F84A02013BA4F880300EF0A3FD03B051
:102EC000BDE8F04311F0CEBA4FF4FE713020FDF7AB
:102ED000C7FA00BFD0F81401704700BF2DE9F043D6
:102EE00085B000230322CDE90033FF268DF80620AC
:102EF0006846FDF7CBFF044620BB009D95F83831AE
:102F0000002BF5D085F860610121284617F0E8FA1A
:102F100095F83831002BEBD095F8100111F0ACFF8B
:102F200095F8100112F02AFB95F8100111F02AFC17
:102F300000283CD085F838416846FDF7A7FF0446D5
:102F40000028DAD0DFF87C80012388F808300025DB
:102F500002264FF6FF771AE0029BE3B193F81422A2
:102F6000202A18D01888B8421BD00221FDF754FF40
:102F7000814608B390F8140212F000FB99F814028D
:102F800089F8FC4111F0FEFB202389F81432CDE9C9
:102F900002558DF80E6002A8FDF778FF0446002860
:102FA000DAD0002388F8083005B0BDE8F0834FF48C
:102FB000F4713020FDF754FA4FF49A713020FDF788
:102FC0004FFA00BF04140020054B0022012142F2F9
:102FD00010705A72588119701A72FFF77FBF00BFC4
:102FE000041400202DE9F84390F83831002B77D1F4
:102FF0000446884601465648154603F0FF0711F07F
:103000008DFB202806466BD05822394604F588707F
:1030100013F0D2F884F81061C4F81481FF2384F807
:103020003831B8F1000F06D009F0FEF800F00700C3
:10303000013088F8EC0102234FF00008A4F8483171
:1030400084F840810FF05CFF00F19E062046B6B286
:1030500017F0FAF9002847D015F016FA00F5CD61FF
:1030600089B228460FF0FAFE2844C4F8440117F04C
:10307000F0FD301841F100014FF00109C4F8500192
:10308000A4F82680C4F8541184F81891204617F04B
:10309000F1F9002846D04946204617F057F96FF459
:1030A0009C631D442D1AC4F81C514FF0FF326FF081
:1030B0000043C4E9562394F8100104F5A07111F0FF
:1030C00079FC00283FD0D4E954232046C4E94A23A0
:1030D000C4E94C23002117F003FA3846BDE8F88311
:1030E0000C273846BDE8F8830146204617F02EF934
:1030F000DFF86080E530C4F84401B8F80A0008B190
:10310000E08CB8B9064417F0A4FD361841F100016F
:10311000C4E95461002DC8D0AE1941F10001C4E9E1
:103120005661C8E7484617F080FAE53D2D1AC4F805
:103130001C51BAE709F078F8B8F80A30B0FBF3F29E
:1031400002FB1300DEE74FF4E5713020FDF788F94C
:10315000712100000414002090F838310BB90020D0
:10316000704710B50446FF2380F86031012117F045
:10317000B7F994F838310BB9002010BD94F810015C
:1031800011F07AFE94F8100112F0F8F994F8100199
:1031900011F0F8FA20B1002384F83831002010BD76
:1031A0004FF4F4713020FDF75BF900BF014B58720A
:1031B000704700BF0414002090F8602182B910B558
:1031C00002F0FF0490F8182112B90122104610BD38
:1031D000D0E947319942F9D90AF010FF2246F5E7C4
:1031E00000221046704700BF08B50EF04BF8044BA4
:1031F000DA6882422ABF187A002080F0010008BDF8
:103200000414002008B540F2FF1116F021FAB0F5C1
:10321000296F28BF4FF4296080B208BD90F8CB31E8
:10322000002B75D1F0B503F0FF0590F8FC31032BAE
:1032300085B0044601D005B0F0BD17F00AFDD4E911
:103240008C23801A61EB0301012871F10003F2DB8A
:103250006FF00103834275EB01035CDBE369B4F8B3
:103260008020002B55D0B0FBF3F080B2531C1844E3
:1032700080B2A4F80C02B4F80C22B4F8C4319B1A42
:103280001BB2002BD7DD94F8140211F0F5FD0028D5
:10329000D1D0FF2384F81132B4F88050B4F8BA20AA
:1032A000B4F8B830214F1544013DED1A3B68ADB27A
:1032B0000DF10E066BB1B4F80C12013989B200227F
:1032C00020469847B4F80C3210FA83F39BB2A4F866
:1032D0000C32B4F80C32EB1A1B04ACD4B4F80C1258
:1032E000009689B2002301222046FFF73BF8002810
:1032F000A1D0012814D1B4F80C32BDF80E2012FA76
:1033000083F39BB2A4F80C323B68002BD3D1E0E7E7
:1033100070471846AAE740F2BB513020FDF7A0F8ED
:1033200040F202613020FDF79BF800BF2C05002021
:103330002DE9F043044683B0062900F2FE80DFE861
:1033400001F0042512222B327600D0E98C23D0E93B
:103350008E0182428B41C0F093807A4B1B7A03F03E
:10336000FF02002B7DD0042384F8FC310EF04AFBD1
:1033700011F078F8B4F88020A4F80E220023A4F805
:103380004A3284F8113203B0BDE8F083032380F899
:10339000FC3103B0BDE8F0830DF0A2FFC4E98E015B
:1033A00003B0BDE8F08390F86D30DFF89891C569FF
:1033B000D0F80422033B40F26D1840F24511012B76
:1033C00088BF884699F8093095428CBFAD1A002510
:1033D0001BB9436B9D4228BF1D4604F13400D4F84D
:1033E000D07116F095F80744022011F04BFFED1B49
:1033F00025EAE575854228BF05460221284611F0D9
:1034000095FF00B92F4442463946204616F006F98A
:10341000E269D4F8D031C9F80C00D01811F0F4FEEC
:103420000028B0D140F27E313020FDF719F890F835
:103430006D5028460FF034F8033D434900F55F40D6
:10344000012D00F14100A1FB003094BF2821002193
:1034500001EB90118031204603B0BDE8F04316F037
:10346000EFB8B4F8C411009201232046FEF77AFFAA
:1034700000283FF47BAF4FF4DA613020FCF7F0FF17
:1034800094F81232002B3FF468AF94F8FC31032B10
:103490007FF463AF94F86D8014F0F6FF94F8B931BF
:1034A0000B2B48D8294AD4F8386232F81330D4F8B4
:1034B000D091C51803F5C8639FB2D4E98C23404668
:1034C000B61A0EF0E5FFA8F10302012AADB2A9EB8E
:1034D00000092ED940460EF0E3FF1B4B00F52342B6
:1034E000A132A3FB02239B09A9EB0303A3F17402FE
:1034F0005208D43B9D3205FB03F3B3FBF7F3603373
:10350000A2EB53018E424FEA530302D313449E426F
:1035100001D90FF0E5FCE06929460FF09FFC94F813
:10352000763003B102300023C4F8040284F812326A
:1035300013E76523D8E7FEF715FE40F284713020CB
:10354000FCF78EFF04140020D34D6210D0B20200AD
:10355000012A70B5064609D0022A14460D461ED02F
:103560004AB140F2AE713020FCF77AFF0DF08AFECE
:10357000C6F84C0270BD0DF085FE22460146284675
:10358000FFF75AFC0F4995F8100132460FF01AFE6A
:103590000028EFD140F297713020FCF761FFD0F89E
:1035A0004C1201222846FFF747FC064995F8100106
:1035B00032460FF007FE0028DCD14FF4F5613020D1
:1035C000FCF74EFFDD2B0000F8B5044651B1012990
:1035D0005BD1002380F818310EF014FABDE8F840F2
:1035E00010F040BFC58C002D47D12046D4E94A7663
:1035F00016F0EDFE401941F10001C01946EB010142
:1036000000220223C4E95401C4E94A0184F840219C
:10361000A4F8483194F8603103F0FF01002BDBD1AE
:10362000D4E956026FF000439A4208BFB0F1FF3F61
:103630000CD194F8100104F5A07111F0BBF9002829
:10364000CAD140F2EF613020FCF70AFF2046D4E9EE
:10365000545616F07BFED4F85831D4F85C215B1B2D
:1036600000F1E50062EB06021B1A62F10002002A7B
:10367000DFDA20460AF0C2FCAEE708F0BDFDE58CBB
:10368000B0FBF5F303FB1505AFE740F2BE71302048
:10369000FCF7E6FE90F83801003818BF01207047AB
:1036A000014B5881704700BF041400200B460622CE
:1036B00003F8032BB0F809C0C27AA1F803C09A70CE
:1036C000704700BF08B540F2C3213220FCF7C8FEA6
:1036D00010B582B090F8DE3073B903F0FF02ADF898
:1036E00004209DF804209DF80530002062F30700B7
:1036F00063F30F2002B010BD0C46363804F04EF9CB
:10370000182204232270ADF80430EAE770B50028CF
:1037100060D0437A0D460446002B3AD04089002100
:10372000FDF77AFB0646002859D0008807F0D0FD47
:1037300030880021FDF786FB002855D194F85460AD
:1037400094F8A6302BB194F8A7301E43002384F8D8
:10375000A630204604F022F9B3072BD12B461322C2
:1037600003F8032B04F109022934166850689168A4
:10377000D2F80CC0C3F80CC01032A2421E605860D0
:10378000996003F11003F0D1117819700022AA7129
:1037900070BD036DD0F80E20C3F80320428AA3F851
:1037A0000720427B036D12F0FD0F14BF012200229F
:1037B0009A70C3E7002226F0040684F8546011468C
:1037C000204604F071FF0028C8D14FF44B7132201D
:1037D000FCF746FE4FF443713220FCF741FE4FF4F4
:1037E00046713220FCF73CFE4FF447713220FCF763
:1037F00037FE00BF044B1B680022A3F8212183F889
:10380000232183F8702070471414002008B508F0B5
:103810008FF9034B18700EF04DF8032008BD00BF60
:10382000D004002008B508F083F9024B02461A7054
:10383000012008BDD00400202DE9F04106461546C0
:103840001C46A1B1B3681BB12DB12846BDE8F0817B
:103850000120BDE8F081002CF7D01749B27C09683F
:10386000BDE8F04191F84100423115F09DB8124F8A
:10387000396891F85A2091F87E0001F15B037831A4
:1038800015F092F87B683A685B79082B03D092F8C0
:103890004E1099420DD0002192F85630012BD1D014
:1038A00023B90028CED10029CCD1D2E70020BDE831
:1038B000F0810121F0E700BF1414002038B5114C4D
:1038C00020686C3003F06EFA656803F01BFA6368D9
:1038D0002860186858B103F043FA68B10EF004F993
:1038E00000200EF0ABF9636804221A7138BD40F273
:1038F000F7413220FCF7B4FD40F2F9413220FCF7E9
:10390000AFFD00BF1414002008B508F011F90449F8
:10391000044B024648681A7003F0B6FA012008BD4D
:1039200014140020D0040020F0B5524C236800226B
:103930001F6D5A72FA690E4639885981054641F25F
:103940007071A2F57A70884283B040F286804A494D
:10395000A1FB0212C2F38F221A84BA8C5A84FA8C09
:103960009A844FF47F42DA844FF6FF721A85002D55
:1039700069D00121304615F049FB3278D20923681D
:1039800093F8481009B1002A3DD1207B0021082876
:103990005961198343D003F10E0203F10D0107F0C1
:1039A00087FE002861D023685A7B42F002025A73D6
:1039B00003F11A07002D40D103F1780002683A6044
:1039C0008288BA8093F95810186D08F095F820682D
:1039D0002A4915F05DFD236829491A6D1088A3F85E
:1039E000330092F88E2083F8352003F12A0015F079
:1039F00058FD2068022105F007F820686C3003F0BC
:103A0000D1F903B0F0BD427902F0C002402ABCD126
:103A100002685A618288207B1A830828BBD193F8F8
:103A20007E00996F5873C3F80E10B3F87C0058826B
:103A30000021C3F81A10D983C4E70021304615F0DD
:103A4000E5FA2368BAE7A068694615F092F9A36819
:103A50001A786846C2F3801291E70A49A1FB021264
:103A6000920902F5506292B276E741F2EA313220D1
:103A7000FCF7F6FC141400205917B7D10D370000DD
:103A8000AD360000D34D621008B540F29D313220B2
:103A9000FCF7E6FC10B504788CB004F00F04224665
:103AA00002A903F08DFC08F043F8234A042C10709F
:103AB00002D003200CB010BD204C0399236891F86C
:103AC00000E093F878C0E645F3D191F801E093F86F
:103AD00079C0E645EDD191F802E093F87AC0E64569
:103AE000E7D191F803E093F87BC0E645E1D191F886
:103AF00004E093F87CC0E645DBD191F805C093F86B
:103B00007D108C45D5D193F87E309DF819109942DF
:103B1000CFD17F280DD000904FF07F0C606882F8E5
:103B200000C0237C227B02A903F0B6FB03200CB06B
:103B300010BDFFF7A9FF00BFD0040020141400201F
:103B40002DE9F04F044687B006290BD8DFE801F0D5
:103B5000B030100A0A0A0400AC4D68688379002B63
:103B600040F0BD800DF0A6FE032007B0BDE8F08F49
:103B70000DF0A0FEA54A136893F854108F07F3D0F8
:103B8000506881790029EFD0A14D95F900107F2967
:103B900000F0E6810291127B01922146FF227F24F0
:103BA0000092423302222C7003F0CEFA0320DCE7AD
:103BB000964DA27C2968686891F8483090F806A074
:103BC00090F80790012A83F0010B00F0B4800026E2
:103BD00091F8542012F0040300F0B78091F84D7072
:103BE000002F00F0B28091F84E70082F40F0AF80A7
:103BF00091F841704FF0000838467BB3626891F845
:103C00005BC092F800E0E64500F045810023059393
:103C10006A685279082A06D0059B91F84EC09445EF
:103C200008BF01230593B8F1000F40F0ED80BBF110
:103C3000000F40F02A814046B9F1000F09D02B68EF
:103C400093F85630012B02D01BB9059B0BB100280D
:103C500043D10DF02FFE2B6893F85420930783D0A7
:103C60000DF028FEBAF1000F3FF47EAF2968A3687B
:103C700091F84100A27C423114F096FE18B9B8F1D7
:103C8000000F00F04581624E96F900307F2B00F066
:103C9000678102932B7BCDE90073D5E90030214683
:103CA0007F2401224233347003F04EFA03205CE794
:103CB000564D2B68686893F85420570734D5C2795D
:103CC000002A57D0626893F85B1016788E4200F095
:103CD000B78093F85620012A1CD10A2045E72B68AB
:103CE00093F85420960773D5494A92F900107F291A
:103CF00000F03681029121462C7B0194FF24009430
:103D00007F2442331470062203F01EFA00232B7422
:103D100009202AE793F84E30082B02D042799A42C4
:103D2000DBD00DF0C7FD686883793BBBC379002BFE
:103D30007FF41AAF16E7A268567906F0C006A6F11E
:103D40004006B6FA86F6760942E747794DE73846E7
:103D500007F064FC002818BF8346002E40F0C680A0
:103D6000296891F8417091F85420B046384602F025
:103D7000040342E78379002B3FF4F4AE2B6893F8F9
:103D80005420960746D4D0077FF5EEAE510700F1D8
:103D9000E0801F4B93F900207F2A00F0E18002921F
:103DA0002A7B0192FF2200927F2018702B6868689E
:103DB00021464233002203F0C7F903206B68DA7909
:103DC000002A7FF4D2AE9B79002B7FF4CEAEC9E6F9
:103DD000D1077FF5C7AE530700F1B8800C4B93F9BC
:103DE00000207F2A00F0BC8002922A7B0192FF22F1
:103DF00000927F201870D5E9003021464233062218
:103E000003F0A2F90320B0E6012015E71414002006
:103E1000D0040020534A92F900107F2900F0A080BE
:103E2000029121462C7B0194FF2400947F2442338D
:103E30001470002203F088F901232B740920BDE7D8
:103E4000567893F85C108E427FF443AF967893F8DF
:103E50005D108E427FF43DAFD67893F85E108E42AF
:103E60007FF437AF167993F85F108E427FF431AF4D
:103E7000517993F8602091427FF42BAF617C93F8E5
:103E80005A2091427FF425AF27E7A368A27C4231F4
:103E900014F08AFDD0E692F801E091F85CC0E645A6
:103EA0007FF4B4AE92F802E091F85DC0E6457FF48D
:103EB000ADAE92F803E091F85EC0E6457FF4A6AEA1
:103EC00092F804E091F85FC0E6457FF49FAE92F867
:103ED00005C091F8602094457FF498AE637C91F81A
:103EE0005A209A1A53425341059391E6A1683846E5
:103EF00007F0CEFC2968804691F8542091F84100E3
:103F0000B8F1000F28D040F0020702F0040374E675
:103F10002B6893F85520023A012A3FF625AE002E71
:103F20003FF422AE0F4E96F900207F2A18D002925D
:103F30002A7B686801922146FE227F240092423348
:103F40000122347003F000F903200EE60DF0B2FCFC
:103F500044E70DF0AFFC1CE7074602F004034CE613
:103F6000FFF792FDD004002010B50E4A536819796E
:103F700002290DD9197908290FD81B79526903F143
:103F800080439268033BBDE8104052F82330184745
:103F900041F293413220FCF763FA41F2944132201E
:103FA000FCF75EFA1414002038B5194D6B681B79C4
:103FB000022B28D82B68027C83F8A420C16899665C
:103FC0001A44044692F8242183F820214268C3F859
:103FD0008820037A022B0ED00DF034FA0DF07CFE0F
:103FE0000CF0ECFB0B480DF069FD0B480DF060FD8B
:103FF0000A480DF027FB637C23B12B685B6E0BB185
:1040000001221A6038BD40F6EA013220FCF728FA96
:10401000141400204806002055555500D6BE898E40
:1040200070B53B4C63681A79032A064631D01A7979
:10403000042A2ED0226892F8542092072ED1A56827
:10404000002D42D0236893F85430002B42D03EB16B
:10405000284615F09FF830BB284615F0B6F810BB7F
:1040600063681A79022A3FD91A79082A41D81B793C
:10407000626903F180435269033B52F82330984749
:104080000C282CD86369DB68BDE8704053F82030F9
:104090001847186802F064FE0546D1E7186802F078
:1040A00061FE0546CCE763681A79022A26D91A7997
:1040B000082A28D81B79626903F180431269033BFF
:1040C000284652F823309847DAE741F29B313220F4
:1040D000FCF7C6F941F2A1313220FCF7C1F941F2F7
:1040E000B4313220FCF7BCF941F281313220FCF7C7
:1040F000B7F941F282313220FCF7B2F941F22131B5
:104100003220FCF7ADF941F222313220FCF7A8F958
:10411000141400202DE9F0471A4B93F90090B9F1DF
:104120007F0F84B02CD0184C67687F221A703B79BF
:10413000032B80460E461AD03B79062B0CBF4FF05E
:10414000030A4FF0010A236803F142050DF074F8E9
:104150002B46257B0090CDE9029A324641463846EF
:10416000019502F0E1FE28B904B0BDE8F0874FF0F8
:10417000000AE8E7606804B0BDE8F04702F044BE1A
:10418000FFF782FCD00400201414002038B5054647
:104190000C4606F02FFF420704D4A37803F0E00397
:1041A000402B0DD006F026FF830704D4A37803F03C
:1041B000E003202B04D0237803F03F03242B01D904
:1041C000002038BD0DF03EF894F9003094F802C09C
:1041D0006278002B0CF01F03ACBF1E214FF49671C8
:1041E00042EA032301FB03F31A1AB2F5877FE7D3F0
:1041F0009842E5D8054A23881068A0F8213180F854
:1042000023C12946BDE8384003F04EBC14140020F9
:104210002DE9F047344E7568AB7984B06BB3D6F8AE
:1042200000A09AF895300446894633B90378002BEC
:104230000CBF012302238AF8953028790628C3B2DF
:104240003ED0072B14BF4FF001084FF0020827485B
:1042500090F900707F2F45D07F2303700CF0ECFFA6
:10426000317B00900191CDE902780AF142034A4680
:104270002846214602F058FE20B90025284604B001
:10428000BDE8F087657815F010051CD0A169022003
:10429000FFF77CFF0546E8B13268002382F89630CC
:1042A0006369DBB15978C1F3031182F8971059782B
:1042B0001B7801F00F0143EA0123A2F89830DDE7F3
:1042C0004FF00308C3E7706802F09EFD284604B073
:1042D000BDE8F087706802F0D7FDCFE7FF2382F8D2
:1042E0009730CBE7FFF7D0FB14140020D004002058
:1042F00010B504468AB007F01BFC2378184A03F077
:104300000F03072B107002D001200AB010BD6946C0
:10431000204603F0EFF8684603F0D8F99DF8003026
:10432000002BF1D19DF80130DB07EDD50D4C019943
:1043300023689DF8110093F87E20783314F034FB45
:104340000028E1D020680121A03014F06CF8FF2192
:104350006846FFF75DFF0028D6D00220D5E700BFF2
:10436000D0040020141400202DE9F04304468BB043
:1043700007F0DEFB2378424A03F00F03082B10708E
:1043800004D0012528460BB0BDE8F08369462046DD
:1043900003F048F89DF80050002DF2D19DF801304F
:1043A00003F00303032BECD1364F3E6896F84D30F3
:1043B0006BB396F84E807B7B6BBB96F87E200199A1
:1043C0009DF8110006F1780314F0EEFA0028D8D019
:1043D00096F848203E6896F841904236002A3ED131
:1043E0009DF812000299012827D033464A4614F05E
:1043F000DBFA0028C5D038680121A03014F013F88A
:104400007B7BABBB21460120FFF78EFABAE77B68C6
:1044100093F80580CFE714F0FCFA08288146CCD049
:10442000387396F87E2001999DF8110006F1780303
:1044300014F0BAFAC145CBD0C8E74B7903F0C003FA
:10444000402BD2D133464A4614F0AEFA0028D2D1DE
:104450000299404607F01CFA0028CCD191E740466B
:1044600007F050FA00281CBF06464FF00109B7E7D5
:104470000DF032FC0CF0A2F900237B73C2E700BF01
:10448000D0040020141400202DE9F04FDFF8E8A03C
:10449000847C9346DAF8002092F84870012C83B0AF
:1044A00006468946984687F0010738D000249AF8D6
:1044B0000D502346E5B192F85410490721D4726893
:1044C000A2B3DAF804205579082D22D028460193AA
:1044D00007F0A4F8019B002818BF0746EBB19AF833
:1044E0000F307BB314F09FFA002305468AF80F3093
:1044F0008BF8005089F8004088F8007003B0BDE8E0
:10450000F08F92F84D100029D9D092F84E50082D16
:10451000DCD113B19AF80E10D1B10025E8E7836819
:104520005B7903F0C003402BC0D1C0E7DAF8042068
:104530000193106802F026FF019B0028C1D1002BD7
:10454000EBD0E7E72846B16807F0A2F90546CFE7C8
:10455000B068019107F0C4F805468AF80D000028FC
:10456000C6D014F056FA0828019903D0DAF80430BE
:104570005871BDE70D46BBE71414002008B5054B84
:10458000586802F041FC07F0D3FA034B02461A7058
:10459000012008BD14140020D00400202DE9F843A8
:1045A000764C0546A068D4F80080002303800F46AF
:1045B0000DF0D4FA064600283CD0032D4DD0052D31
:1045C00055D0A06808F1780114F0DAFB98F87E1055
:1045D000A06814F0E9FB236893F8482093F8418021
:1045E00003F1420792B9A068394614F0BBFBA068FA
:1045F000414614F0CCFB624BD3F80431002B40F061
:10460000B880052D1CD03046BDE8F88393F85420BF
:10461000520705D593F84D2012B193F84E0001E0F2
:104620006368587907F06EF900281CBF07464FF001
:104630000108D8E7032007F01DFD3046BDE8F883E8
:10464000236839681A6DC2F80A10B988D1811B6DC8
:1046500083F809803046BDE8F883A0680C234370D6
:10466000037823F00F0343F003030370AAE7D4F8A1
:104670000890226899F8001021F02F0141EA4711B3
:1046800041F00501222389F8001089F80130136DEB
:104690001B6AC9F80F30116D8B6A89F81330180A3C
:1046A0001B0C89F8140089F8153091F87630088EC3
:1046B000002B4BD1334FA7FB0030CB6AA7FB037312
:1046C000800AC3F38F2389F817301B0A89F8160074
:1046D00089F81830CB6941F27070A3F57A77874278
:1046E0003FD92848A0FB0303C3F38F2389F819306F
:1046F0001B0A89F81A308B8C89F81B301B0A89F841
:104700001C30CB8C89F81D301B0A89F81E30D1F87B
:104710008F30C9F81F3091F8933089F82330136D2A
:1047200099F8242093F89A3022F01F0203F01F0317
:10473000134389F8243006F083FC99F8243003F001
:104740001F0343EA401389F824303AE70E4FA7FBD2
:104750000030CB6AA7FB0373C0F34710C3F34F13BA
:10476000B1E70A48A0FB03039B0903F550639BB222
:10477000BCE740F23F613220FBF772FE14140020C8
:10478000001000405917B7D11F85EB51D34D62106F
:1047900038B5154C236893F854309B0718D1A56899
:1047A000E5B12368FF2093F820110CF0B9FD2846ED
:1047B0000DF09AF9236893F82031033B012B94BF45
:1047C000282000200DF03AFA636807221A7138BDDC
:1047D0006368186802F0C6FA0546E1E740F21E5128
:1047E0003220FBF73DFE00BF1414002038B51E4CEC
:1047F00023680E2093F820110CF092FD236893F8A3
:1048000054309B0724D1A56845B328460DF06CF9B8
:10481000236893F82031033B012B94BF282000200C
:104820000DF00CFA2368681D93F8205106F086FFFE
:10483000607348B1033D012D94BF552550250BF001
:104840009FFF28460DF03CFA636808221A7138BDB4
:104850006368186802F086FA0546D5E740F20B5106
:104860003220FBF7FDFD00BF1414002070B50D4D84
:10487000D5E9000302221A7103F03EFF00B170BDBA
:104880002E68044606F16C0002F0FEFAA6F82141FB
:1048900086F8234186F870402868BDE8704004F02F
:1048A00089B800BF1414002010B50A4C07F040F975
:1048B000094A637B10701BB90CF0FCFF032010BD8C
:1048C0000DF00AFA0BF07AFF002363730CF0F2FF8D
:1048D000032010BD14140020D004002070B52D4C0E
:1048E000236893F8232105465F2A93F821019CBF92
:1048F0005109294A00F03F0094BF565C00260CF095
:10490000ABFE236893F958000CF096FEEDB12368D6
:104910003246996E01200CF075FF236893F89630AB
:10492000022B0CBF4020FF2031460CF0F9FC23681D
:1049300093F8542092070ED193F89530A568A3B14F
:104940002846BDE870400DF0CFB8324673210120F3
:104950000CF058FFE1E76368186802F003FA236877
:1049600093F895300546002BEAD1681D06F0E6FE67
:1049700060730028E4D0033E012E94BF55245024D8
:104980000BF0FEFE20460DF09BF92846BDE8704076
:104990000DF0AAB814140020E8B20200F0B52E4CB5
:1049A000236893F823215F2A9EBF51092B4A575C45
:1049B0009A6E83B0064688BF0027002A40D1D3F8FC
:1049C00088000DF007F9256895F854309A0703D54B
:1049D00095F89620022A2AD05B0724D463681868C9
:1049E000CEB902F0CFFC63680646186802F0D0FC2E
:1049F000024605F19A00256895F8963095F8205101
:104A00000095314602F00AFE2268002382F82071E8
:104A1000A37303B0F0BD02F0C7FC014605F19A0094
:104A200002F0F2FDF0E795F89630012BD6D1FB1E8F
:104A3000012B0AD9394600200DF068F92568CDE729
:104A40000120FFF74BFF2368B9E795F85930012B98
:104A500014BF39460321EEE714140020E8B2020027
:104A600010B50B4C637B63B9A1680020FEF75CFFB7
:104A700023680022A3F8212183F8232183F87020E2
:104A800010BD0DF029F90BF099FE00236373EBE7DD
:104A90001414002010B50F4C637B9BB9D4E900308F
:104AA00000224FF0010C80F804C003F16C00A3F861
:104AB000212183F8232102F075F92068BDE8104018
:104AC00003F078BF0DF008F90BF078FE0023637354
:104AD000E4E700BF141400202DE9F04F0729044635
:104AE00087B040680D46904648D100287CD0637C52
:104AF000012B00F0BE80AC4E73685879082857D05F
:104B000004AA0DF10F0106F0D3FD002800F0568134
:104B10009DF80F0004A915F079F98146316891F8E4
:104B200054309F0740F0B28077684FF0000A87F852
:104B300006A091F8543013F0040376D1FB719B4B1F
:104B40001B6823B1414620469847387277686368EE
:104B500043B13268617C82F87E10196891679B8846
:104B6000A2F87C303B7A002B00F02D810123A06855
:104B700008B1072D2ED007B0BDE8F08F002800F057
:104B80009280637C012BB6D1437903F0C003402BA4
:104B9000B1D1854E737B002B75D0776813F039FF48
:104BA000736878715879307301230828B373A7D1DB
:104BB0006168607C15F02AF9726861688146053287
:104BC000607C06F053FD03460028A7D17768F88083
:104BD0003872CCE779790829CDD0002BCBD006F0FC
:104BE0009DFD0123F373C6E76F4E3168002A5DD047
:104BF00091F8543013F0030996D0776891F84CA0DF
:104C000097F806B08146BBF1000F75D06368002BA2
:104C100041D1386802F0B6FB002800F0BB804B465B
:104C20004FF00109D6E900173AE0062D91F84D3012
:104C300003D8002B82D14B4680E797F807A0082DB8
:104C400065D8B8F1000F00F09780BAF1000F5ED080
:104C50006268002AEDD13868019302F093FB18B91D
:104C6000019B002B00F0A6804FF0010977684B46AE
:104C700064E7437903F0C003402B7FF43CAF4A4E16
:104C8000737B002B45D17368587937E7062D91F86F
:104C90004CA077682ED8BAF1000F7FF448AF4B468E
:104CA000CA46994643E7404E814637E791F854306B
:104CB000706813F0030218BF012213F0040382711D
:104CC00005D02378A3F10103B3FA83F35B09C37121
:104CD00091F89430002B3FF44EAF3368D3F8900036
:104CE000503015F0C5FE00287FF445AF73680122EF
:104CF0001A7240E7082D1CD9002213F00403BA7180
:104D00003FF41CAF91F84D3097F807A097E70023C8
:104D100014E7B8F1000F7FF440AF336893F8201127
:104D200001297FF43AAF06F0DBFC70730028AAD0AB
:104D300033E797F806B0B8F1000F7FF464AF62680C
:104D4000002AA8D16278D0061CD50120B871580776
:104D5000DDD591F84D3097F807A00193D30627D4FD
:104D6000386802F00FFB019B00283FF47AAFBAF1DC
:104D7000000F3FF476AF77E76268002A7FF459AFFF
:104D80006278EAE7386802F0FDFA18B1BBF1000F6B
:104D90007FF445AFBAF1000F7FF441AF06F060FC3D
:104DA0004B4681463EE700BF14140020300500202A
:104DB0000123C3E606F054FC814657E740F69331E1
:104DC0003220FBF74DFBFB88003B18BF0123CEE6EA
:104DD00070B5194E8AB0054606F0AAFE3368174A28
:104DE00093F85430107013F0060F16D12C7804F09D
:104DF0000F0422462846694602F0E2FA21460022C4
:104E00006846FFF769FE21466846FEF799FE737B08
:104E1000044643B920460AB070BD01229621002005
:104E20000CF004FDE2E70CF057FF0BF0C7FC002389
:104E3000204673730AB070BD14140020D004002003
:104E400010B5114C06F074FE104A637B10709BB9CC
:104E5000D4E9003000224FF0010C80F804C003F1C7
:104E60006C00A3F8212183F8232101F09BFF206827
:104E7000BDE8104003F09EBD0CF02EFF0BF09EFC31
:104E800000236373E4E700BF14140020D004002063
:104E900010B5104C606801F0F7FF637B9BB9D4E953
:104EA000003000224FF0010C80F804C003F16C00C8
:104EB000A3F8212183F8232101F074FF2068BDE8C5
:104EC000104003F077BD0CF007FF0BF077FC0023D8
:104ED0006373E4E71414002010B5124C606801F00D
:104EE000D3FF06F025FE104A637B10709BB9D4E90E
:104EF000003000224FF0010C80F804C003F16C0078
:104F0000A3F8212183F8232101F04CFF2068BDE89C
:104F1000104003F04FBD0CF0DFFE0BF04FFC002300
:104F20006373E4E714140020D004002010B506F0E9
:104F3000FFFD134C134B024620681A700021A0306D
:104F400013F071FA637B9BB9D4E9003000224FF073
:104F5000010C80F804C003F16C00A3F8212183F850
:104F6000232101F01FFF2068BDE8104003F022BD9F
:104F70000CF0B2FE0BF022FC00236373E4E700BFE9
:104F800014140020D004002010B5154C606801F006
:104F90003BFF06F0CDFD02462068124B0021A030F9
:104FA0001A7013F040FA637B9BB9D4E900300022F9
:104FB0004FF0010C80F804C003F16C00A3F821212C
:104FC00083F8232101F0EEFE2068BDE8104003F0D5
:104FD000F1BC0CF081FE0BF0F1FB00236373E4E7FE
:104FE00014140020D004002010B500210320FFF786
:104FF000D5FA164C20B12068032102F055FDA8B95E
:10500000637BDBB9D4E9003000224FF0010C80F85B
:1050100004C003F16C00A3F8212183F8232101F0DF
:10502000C1FE2068BDE8104003F0C4BC0121084661
:105030000CF06CFE636809221A7110BD0CF04CFE76
:105040000BF0BCFB00236373DCE700BF14140020EB
:1050500010B51D4CD4E900030C2201211A7103F094
:10506000D3FC00210520FFF799FA20B12068062122
:1050700002F01AFDA8B9637BFBB9D4E90030002225
:105080004FF0010C80F804C003F16C00A3F821215B
:1050900083F8232101F086FE2068BDE8104003F06C
:1050A00089BC2368012093F820110CF02FFE23689F
:1050B0001B6D012283F88E2010BD0CF00DFE0BF04D
:1050C0007DFB00236373D8E71414002070B5234CD4
:1050D000236893F823215F2A9EBF5109204A565C1A
:1050E0009A6E88BF00266ABBD3F888000CF072FD68
:1050F000256895F854309A0703D595F89620022A2A
:1051000017D05B0703D595F89630012B11D0636853
:10511000186802F049F9014605F19A0002F074FAA4
:10512000D4E900130022A273062281F820611A71CB
:1051300070BDF31E012B0AD9314600200CF0E6FDAC
:105140002568E4E70120FFF7C9FB2368CCE795F861
:105150005930012B14BF31460321EEE7141400200F
:10516000E8B2020038B5154C0521206802F09CFC1D
:1051700048B12368012093F820110CF0C7FD636843
:105180000B221A7138BD637B8BB9D4E90030002241
:105190000125057103F16C00A3F8212183F8232177
:1051A00001F000FE2068BDE8384003F003BC05466E
:1051B0000CF092FD0BF002FB6573E6E7141400207F
:1051C00010B598B991B11F4A5368197908292ED999
:1051D00019790C2930D81B79526903F18043526840
:1051E000093BBDE8104052F823301847154C606861
:1051F00001F04AFE637B9BB9D4E9003000224FF0F6
:10520000010C80F804C003F16C00A3F8212183F89D
:10521000232101F0C7FD2068BDE8104003F0CABBA0
:105220000CF05AFD0BF0CAFA00236373E4E741F275
:1052300063413220FBF714F941F264413220FBF75D
:105240000FF900BF1414002038B5234C63681868A8
:1052500001F086FD00283AD063680A2205461A71DB
:105260002068002103F0D0FB22682B78126D92F8A1
:105270008E5005EA531505F0010505202946FFF774
:105280008DF948B12068042102F00EFC20B123689A
:105290001B6D83F88E5038BD637B8BB9D4E9003029
:1052A00000220125057103F16C00A3F8212183F888
:1052B000232101F077FD2068BDE8384003F07ABB78
:1052C0000CF00AFD0BF07AFA00236373E6E740F274
:1052D00063513220FBF7C4F814140020F0B52B4CB6
:1052E000236893F823215F2A9EBF5109284A575CFF
:1052F0009A6E83B088BF0027002A3AD1D3F888007D
:105300000CF068FC256895F854309A0703D595F899
:105310009620022A24D05B0703D595F89630012BFE
:105320001ED06368186802F02DF863680646186896
:1053300002F02EF8024605F19A00256895F896309D
:1053400095F820510095314602F068F9D4E9001330
:105350000022A273052281F820711A7103B0F0BDFA
:10536000FB1E012B0AD9394600200CF0CFFC256822
:10537000D7E70120FFF7B2FA2368BFE795F8593065
:10538000012B14BF39460321EEE700BF141400209F
:10539000E8B20200F0B55A4C206883B06C3001F0DE
:1053A00001FD656801F0AEFC63682860186800289C
:1053B00000F0A18001F0D4FC0546002800F09680A2
:1053C000236893F8A630002B54D1D4E9000290F85A
:1053D000A430034493F8247180F82071137913B139
:1053E0001379012B5FD190F8A520464B134418790F
:1053F0000CF032F9236893F8A420134493F8246145
:10540000022E4ED02FD9F31E012B2ED801F074FCA2
:1054100031460BF085FF28460CF066FB3146012033
:105420000CF020F9012F34D0681D06F087F9607365
:1054300048B1033F012F94BF552550250BF0A0F92B
:1054400028460CF03DFCD4E90002082100235171EC
:1054500021730321D3801372E38180F89530237484
:10546000117103B0F0BD012ED0D040F2FE71322098
:10547000FAF7F6FF236893F8542093F8A700196D04
:10548000C3F81011024383F85420002283F8A620A9
:105490009BE7E81C06F052F960730028D3D0402542
:1054A000CCE70D20B4E7002102F0FEFA08B1206835
:1054B00099E7637B93B9D4E9003000220125057197
:1054C00003F16C00A3F8212183F8232101F06AFC89
:1054D000206803B0BDE8F04003F06CBA01900CF016
:1054E000FBFB0BF06BF901986073E4E740F2564167
:1054F0003220FAF7B5FF40F254413220FAF7B0FFFC
:1055000014140020E8B2020008B506F011FB044BA9
:1055100018700CF0CFF9BDE80840FFF73BBF00BFA3
:10552000D004002010B50C4C06F002FB0B4A637B44
:1055300010702BB90CF0BEF9BDE81040FFF72ABF80
:105540000CF0CAFB0BF03AF9002363730CF0B2F9CC
:10555000BDE81040FFF71EBF14140020D004002047
:1055600038B50446FEF720FD237A032B76D03E4D56
:10557000002B48D12A683D4992F8A53092F84B009B
:105580000133A1FB034C0CF4FF7404EB5C041B1B04
:1055900040FA03FC1CF0010FDCB216D10133A1FB71
:1055A000034C2CF0010404EB5C041B1B40FA03FCCD
:1055B0001CF0010FDCB208D10133A1FB034121F043
:1055C000010404EB51015B1ADCB282F8A54092F9A8
:1055D00058000CF031F8FFF7DDFE2C6894F84830E5
:1055E00083B1D4E920126FF000439A4208BFB1F1B1
:1055F000FF3F07D015F02DFBD4E92023904271EB3B
:10560000030302D238BD2A68E1E7012006F00CF955
:105610000028F7D02D6806F045F8044615F019FB70
:1056200063011B1B4FEAD46262F10002520242EA9C
:10563000D3525B021B1942F1000C4FEA8C1E9A01F7
:105640004EEA936ED31A6EEB0C021B1942F1000264
:105650001B1842EB0101C5E9203138BD40F6191194
:105660003220FAF7FDFE00BF14140020ABAAAAAA4C
:1056700038B50446FEF798FC237A032B62D0012B41
:1056800069D051D84D4C4E49226892F8A53092F815
:105690004B000133A1FB035C0CF4FF7505EB5C05CB
:1056A0005B1B40FA03FC1CF0010FDDB216D1013385
:1056B000A1FB035C2CF0010505EB5C055B1B40FACC
:1056C00003FC1CF0010FDDB208D10133A1FB035133
:1056D00021F0010505EB51015B1ADDB282F8A550FE
:1056E00092F958000BF0A8FF2368002283F8952058
:1056F000FFF750FE256895F84830A3B1D5E9201290
:105700006FF000439A4208BFB1F1FF3F0BD015F094
:10571000A0FAD5E92023904271EB030303D30120C3
:1057200006F082F808BB38BD023B012BFBD8234CA6
:10573000236893F8950088B9FFF730F9636805226C
:105740001A7138BD1D4B1B68986E90BBFFF7C6F8E9
:10575000237A012B95D1194C2268C1E70120FFF76C
:105760001DF9636806221A7138BD256805F09AFF95
:10577000044615F06EFA63011B1B4FEAD46262F116
:105780000002520242EAD3525B021B1942F1000CA2
:105790004FEA8C1E9A014EEA936ED31A6EEB0C02FE
:1057A0001B1942F100021B1842EB0101C5E920312F
:1057B00038BD40F62F113220FAF752FE14140020A3
:1057C000ABAAAAAA2DE9F047DFF8C082D8F800609A
:1057D00096F8573086B063B1D8F80470BB790546A7
:1057E00063B12C78012C12D0022C00F0E880002C40
:1057F00058D00324204606B0BDE8F087FA79002A85
:10580000EFD13A7A002AF4D02C78012CECD196F81A
:105810002031022B6B7800F00A8103F01803182B5B
:10582000E7D196F85430590700F107819A071BD049
:10583000974B93F900407F2C00F067817F221A700C
:10584000D8F804700BF0F8FC98F80C1001910021C6
:1058500000900391029406F14203FF223846294644
:1058600001F062FB0028C4D0A9690120FEF78EFC7C
:105870000028BED0D8F80020012382F896306B694A
:10588000002B00F0F58059780224C1F3031182F84F
:10589000971059781B7801F00F0143EA0123A2F811
:1058A0009830A7E796F854209007A2D013B93B7A16
:1058B000002B9ED06B7813F0100F14BF082201222A
:1058C000C3F3001632EA030393D1AA6800238DF8CC
:1058D00015308DF816308DF81730002A00F0D4807E
:1058E0000DF117030DF116010DF115022846FEF713
:1058F000CBFDD8F800109DF8153091F84170002BC1
:1059000040F0F780AB68AA7C4231384613F04CF87F
:1059100090B9D8F8003093F85530023B012B3FF690
:1059200068AF9DF81630002B3FF463AF9DF815303B
:10593000002B7FF45EAFFE27002E00F0AB80544AB0
:1059400092F900607F2E00F0E080D8F80030D8F89F
:1059500004A003F142047F2313700BF06DFC4FF0A1
:10596000000998F80C10009001910296CDF80C9067
:1059700023463A465046294601F0D6FA00283FF41D
:1059800038AFA9690120FEF701FC00283FF431AFD0
:10599000D8F8003083F896906A69002A00F0B08049
:1059A0005178C1F3031183F897105178127801F000
:1059B0000F0142EA01220224A3F898201AE796F880
:1059C00054309B073FF415AF6B7803F01803182B86
:1059D0007FF40FAF2E4B93F90090B9F17F0F00F0D9
:1059E00094807F221A700BF027FC98F80C2001920B
:1059F000002200900392CDF8089006F14203384649
:105A0000FF22294601F090FA00283FF4F2AEA9697E
:105A10000120FEF7BBFB00283FF4EBAED8F80020D6
:105A200082F896406B69002B66D059782DE703F019
:105A30001903192B3FF4F5AEDBE669680023B1FAD0
:105A400081F11A4649092846FDF7F6FE00283FF481
:105A5000D0AEAB69D8F800609B7813F0E0030CD1AE
:105A600096F84930002B3FF4C4AE96F85430DDE68A
:105A7000FF2382F897300224BCE6402BF5D196F83C
:105A80004A30002BF1D1B4E6FF2755E7141400206B
:105A9000D00400201E4B93F900A0BAF17F0F34D040
:105AA000D8F804907F221A7099F80430032B05D09F
:105AB00099F80430062B0CBF03240124D8F80030D9
:105AC00003F142060BF0B8FBCDE902A498F80C40B4
:105AD000009033463A4629464846019401F024FA9C
:105AE00000283FF486AED8F8040001F08DF90324B5
:105AF00080E647F002071FE7FF2382F8973079E638
:105B0000FF2283F89720022474E6FDF7BDFF00BF53
:105B1000D004002030B505468BB006F009F82C788B
:105B2000404B024604F00F04284669461A7001F003
:105B3000E1FC072C3C4D51D02B6893F8542012F017
:105B4000060210D121466846FEF7C6FF2B6893F87F
:105B50002031042B1BD8022B1ED903246B7B6BBB7B
:105B600020460BB030BD93F8A420134493F82421B1
:105B7000012A52D0002221466846FEF7ADFF2B686D
:105B800093F82031012B0CD0023B022BE5D941F2D6
:105B90001C213220FAF764FC012B02D0022BDCD04E
:105BA000F5E7062C02D012D8022C32D821466846DE
:105BB000FDF7C6FF6B7B0446002BD1D00CF08CF8B0
:105BC0000AF0FCFD002320466B730BB030BD072CA0
:105BD0001FD16846FFF7F6FD0446BFE72B6868460D
:105BE00093F8201101F0C0FC002221466846FEF720
:105BF00073FF2B6893F82031042BC8D8022BE8D808
:105C0000012BE6D0022BC2D19DF80030012BA4D18C
:105C1000DFE70BF04FFE0324A0E7962100200BF0F6
:105C200005FEA7E7D0040020141400202DE9F0475A
:105C3000A84C92B00D4608A901F05CFC206808A9A8
:105C40009A3001F015FD23689DF8201093F89620F6
:105C5000914205D1032D17D09DF82120160767D456
:105C6000606801F011F90125637B1BB9284612B069
:105C7000BDE8F0870CF030F80AF0A0FD00232846BC
:105C8000637312B0BDE8F08793F89720FF2AE3D141
:105C900008A82A460721FEF71FFF6068C38813B9CA
:105CA000037A002BDDD00A9B00228DF81D208DF891
:105CB0001E208DF81F20002B4BD00DF11F030DF17E
:105CC0001D020DF11E0108A8FEF7DEFB23689DF8FA
:105CD0001D7093F841609DF81E800FB146F00206DA
:105CE0009DF820509DF81F30012D3AD0022D00F074
:105CF000A480002DB4D1216891F854309B07B2D014
:105D00009DF821309D0700F1CA80FF2663681B7A49
:105D100033B1714B1B681BB10F9808B111999847AB
:105D2000314608A8FEF774FA00289CD002259BE7AC
:105D30000D9993F897004A78B0EB121F90D109782B
:105D4000B3F8983002F00F0241EA02229A4287D15A
:105D50009EE79DF82050012D98461F464FF0FF0604
:105D6000C4D19DF82100226800F0090CBCF1090F94
:105D700092F89A1005D000293FF475AF00077FF51F
:105D800072AF92F8542012F0040F626809D0D079F3
:105D900038B13A4608A8FDF74FFD002840F00281CF
:105DA00062689379002B3FF45EAFD4F8009099F8C5
:105DB000543099073FF457AF9DF8213013F0020A91
:105DC00000F0CA8057B90A9B9DF8322099F841002B
:105DD00009F1420112F0E8FD00284FD03F4B93F942
:105DE0000090B9F17F0F00F07E81D4F804807F220B
:105DF0001A7098F80430032B00F0108198F80430E2
:105E0000062B0CBF4FF0030A4FF0010A236803F181
:105E100042070BF011FA3246267B0090CDE9029A38
:105E20003B4608A94046019601F07EF800283FF461
:105E30001AAF606800F0E8FF16E7216891F8542077
:105E400090073FF410AFD4F8049099F806000028AA
:105E50003FF409AF9DF8210000F00905092D7FF4FA
:105E600002AF12F002053BD010F0020000F0A38058
:105E7000002F40F00881002B40F0FA80236893F84F
:105E80005530023B012B3FF6EEAEB8F1000F3FF468
:105E9000EAAEFE2108A8FEF73DF90125E4E6002F51
:105EA0007FF434AF91F841000A9B9DF832204231D3
:105EB00012F07AFD00287FF429AF236893F855305B
:105EC000023B012B3FF6CFAEB8F1000F3FF4CBAE53
:105ED000FE261BE71414002014060020D004002026
:105EE00010F0020A00F09D804FB991F841000A9B22
:105EF0009DF83220423112F057FD0028BED07B4B76
:105F000093F90090B9F17F0F00F0ED80D4F8048090
:105F10007F221A7098F80430032B05D098F80430CB
:105F2000062B0CBF03250125236803F142070BF064
:105F300083F9CDE90295257B00903B46324608A9BE
:105F40004046019500F0F0FF00283FF48CAE6068F9
:105F500000F05AFF012587E6644B93F900607F2E1D
:105F600000F0C18011797F200329187006D01379C1
:105F7000062B0CBF4FF0030A4FF0010A05920BF0FD
:105F80005BF9059A00901046227B0192CDE9026AE6
:105F900009F1420308A9FF2200F0C6FF00283FF4E0
:105FA00062AE46E72068A03012F05FFA00283FF4A6
:105FB000F7AE0C2558E64D4B93F90080B8F17F0FF2
:105FC00000F0918001467F2203201A70FEF7E6FA66
:105FD0002368D4F80490054603F142070BF02CF92E
:105FE0003246267B019601260090CDF808803B467C
:105FF00008A94846039600F097FF002D3FF433AE02
:1060000000283FF430AE2068A03012F02EFA0028AD
:1060100067D1606800F0F8FE354625E64FF0000ACB
:10602000F4E6324A92F900507F2D5CD099F80400D2
:106030007F260328167007D099F80430062B0CBF72
:106040004FF0030A4FF0010A05910BF0F5F805999E
:106050000090CDE9025A257B019501F14203FF2210
:1060600008A9484600F060FF00283FF4FCAD6EE749
:1060700091F841000A9B9DF83220423112F094FCC5
:1060800000283FF4FBAE194B93F90080B8F17F0F65
:1060900029D07F22002103201A70FEF77FFA23689F
:1060A000D4F80490054603F142070BF0C5F83246D8
:1060B000267B019601260090CDF808803B4608A972
:1060C0004846039600F030FF002D3FF4CCAD002889
:1060D0003FF4C9AD2068A03012F0C7F900283FF4A2
:1060E000C2AD0B25C0E5FDF7CFFC00BFD0040020FA
:1060F00010B5044605F01CFD2378094A03F00F0390
:10610000072B107005D120460121BDE81040FFF794
:106110008DBD044B586800F0B7FE012010BD00BFD4
:10612000D00400201414002010B5044605F000FD32
:106130002378094A03F00F03072B107005D120467E
:106140000321BDE81040FFF771BD044B586800F013
:106150009BFE012010BD00BFD004002014140020BD
:1061600090F83E00003818BF01207047007A0038D0
:1061700018BF0120704700BF036D10B583B1022224
:106180004272198841814FF6FF73FF22044603854E
:10619000064980F8272013F07BF90023236510BD02
:1061A00040F263313220FAF75BF900BF0D3700008F
:1061B00038B5012105460020FAF72EFE20B304462B
:1061C00001F0DAFB02E094F870301BB194F8703003
:1061D000012BF8D13F22002120460FF0EDFF0023D4
:1061E00040F201110722A4F84C1084F8543084F8CE
:1061F000A53084F8585084F84B20636684F89430B6
:10620000C4F8903084F8A63001210846FAF704FE5D
:10621000044618B301F0B0FB02E094F870301BB1F3
:1062200094F87030012BF8D13F22002120460FF066
:10623000C3FF002340F201110722A4F84C1084F898
:10624000543084F8A53084F8585084F84B206366A5
:1062500084F89430C4F8903084F8A630BDE8384013
:1062600000F040BDF8B51D4E03460F460020012149
:10627000B360FAF793FD38B34FF4947200210446EB
:106280000FF09AFF01210846FAF788FD054688B10C
:106290004FF4947200210FF08FFF7369CBB1384631
:1062A000FFF786FF204601F049FB2846BDE8F8408D
:1062B00001F044BB736963B13846FFF779FF2046AC
:1062C000BDE8F84001F03ABB40F687013220FAF70A
:1062D000C7F840F691013220FAF7C2F814140020F2
:1062E000014B024A5A617047141400203006002006
:1062F000014B024A5A61704714140020180600200E
:1063000003683BB1064A03F16C01136053695160A5
:106310001B68184710B540F65E113220FAF7A0F856
:106320001414002010B5104C606800F0ADFD637BC4
:106330009BB9D4E9003000224FF0010C80F804C072
:1063400003F16C00A3F8212183F8232100F02AFD3A
:106350002068BDE8104002F02DBB0BF0BDFC0AF038
:106360002DFA00236373E4E71414002080F84B1027
:10637000704700BF11F001031DBF012380F82431D5
:106380000222012211F0020F05D003444FF0020C4B
:1063900083F824C113464A0703D51844042380F820
:1063A0002431704780F85710704700BF10B504467D
:1063B00090F84000A0F1020CBCF1010F07D910B118
:1063C000023818BF0120BDE8104005F025B80029AB
:1063D000F6D112F0FD0F14BF01200020194612F073
:1063E0000EFB082801D0012010BD94F840000028C1
:1063F000E6D1E8E790F8403013F0FD0F14BF01201C
:10640000002005F009B800BF38B590F8A6305BB998
:10641000044603F0FF0094F85430013B012B02D8EE
:1064200004290D4602D038BD002038BDD4F8103103
:106430008BB9236DA3B103F0A9F8216D04F1E80035
:1064400001F096FB03F0A8F884F8A750FF2384F826
:10645000A630012038BD40F6DD113220FAF700F8F1
:1064600040F6DE113220F9F7FBFF00BF80F8401044
:10647000704700BF38B590F84030044613F0FD0F68
:1064800000F1420114BF0120002084F8410004F013
:10649000ABFF94F84030023BDBB2012B94BF0123E9
:1064A000002384F8483000D938BD05F0FBF80546D4
:1064B00014F0CFFB6B015B1B4FEAD56262F1000267
:1064C000520242EAD3525B025B1942F1000C4FEADE
:1064D0008C1E9A014EEA936ED31A6EEB0C025B1976
:1064E00042F100021B1842EB0101C4E920310020F7
:1064F00005F09AF90028D7D140F602213220F9F7A9
:10650000AFFF00BF10B50446081E0CBF01210021DB
:1065100084F84D104FF0080184F8560084F84E10AE
:1065200009D112F0FD0F194614BF0120002012F00E
:1065300066FA84F84E0010BD08B59AB180F85A107A
:106540001368C0F85B30036D918890F84120A0F883
:106550005F105A72D0F84220C3F80A20B0F84620E3
:10656000DA8108BD4FF422613220F9F779FF00BFCC
:1065700080F84910704700BF80F84A10704700BF8C
:10658000F0B5D0F8C8409DF814E0944203D190F8DB
:1065900040208A4201D00020F0BD1EF0020190F898
:1065A0001D411BD10D460A4601E094423DD3861899
:1065B000013596F82461F71E012F00EB820788BF92
:1065C000314353F82260D7F8CC2002F1690C98BF10
:1065D00041F004016645EAB2E7D0DCE70025AC46AD
:1065E00029462A4602E0EAB294421ED3861800EBFE
:1065F000820296F82461D2F8CC20F71E012F9CBFAE
:106600000CF1010C5FFA8CFC02F1690253F82C705A
:106610008CBF314341F004010CF10106BA4205F18F
:1066200001055FFA86FCDED0B5E70EF00500401AE2
:10663000B0FA80F04009F0BD90F854305907024696
:106640000DD413F0030000D1704792F8550000F00C
:10665000FD00A0F10100B0FA80F04009704790F809
:106660005600A0F10100B0FA80F04009704700BF69
:10667000012938B5044610D094F854309B0704F132
:106680006C051AD1284600F08DFB0023A4F82131B7
:1066900084F8233184F8703038BD0A4D6B7B002BB1
:1066A000EAD00BF019FB0AF089F800236B7394F819
:1066B00054309B0704F16C05E4D0284600F0E4FB5D
:1066C000E0E700BF14140020A03011F0D7BE00BFD7
:1066D0000149363012F0DFBED136000010B501217D
:1066E00004460020FAF798FB70B3637880F85430C2
:1066F000227812F001031DBF012380F8243102210A
:10670000012112F0020F05D000EB030C0B46022111
:106710008CF82411520703D50344042283F8242162
:10672000A37880F84030E37880F8553013F0FD0FFF
:106730000CBF0123002380F84C30237980F84B30C4
:10674000637980F8573010BD40F6B9213220F9F74F
:1067500087FE00BF10B504466C3000F095FB0023A7
:10676000A4F8213184F8233184F8703010BD00BFC3
:106770002DE9F04705468CB00E4600200121FAF7BE
:106780004BFB002800F083820446A83001F010F98A
:10679000002847D094F85430042B43D0AF6A002F20
:1067A00000F06681C24B9F427BD0043B9F4278D071
:1067B00004F0F8FB07F13B09804602A9484600F0C7
:1067C00099FEB8F1000F00F06081EB7AD90606F16E
:1067D0000D0000F16081002F00F0CC809DF80830A2
:1067E000022B00F0C780014695F83230E52248467A
:1067F00012F056FC95F8323004462344484685F89A
:10680000323012F045FC95F83290A9EB0009B9FA44
:1068100089F94FEA5919B8F1000F48D104F118036A
:10682000D9B2AFE02046FFF79BFC07460028B5D160
:10683000AB6AA04C0BB304F1080804F10C0601E0AC
:10684000AB6AD3B1A96A0B68AB6241450F704F7058
:106850008F70CF70F4D0B142F2D0206810F0B0FC4D
:10686000231DD3E84F3F0133DBB2211DC1E8423F76
:10687000002AF5D1AB6A002BE4D12068A5F108010C
:1068800010F09EFC231DD3E84F3F0133DBB2211DE6
:10689000C1E8423F002AF5D14FF40073ADF804304F
:1068A0005CE004F07FFB8146002867D00024EB7A8F
:1068B000DA0640F1FA815B0703D5EB7EFE2B00F090
:1068C0007A8103213170AA7AF27004F10A0313FB72
:1068D00002F3023373706B7B7371D5F80E30C6F818
:1068E00006306B8A7381347334442B7E6373EB7A86
:1068F00013F0080000F009816E4C04F1080804232D
:106900004745337176D13379022262F34613AA6A7E
:1069100033716AB1EFF3108272B6AB6A1968A9627B
:10692000002A00F0E48000221A705A709A70DA701F
:106930002068A5F1080110F043FC231DD3E84F3F68
:106940000133DBB2211DC1E8423F002AF5D1022705
:106950004FF004088DF804808DF805709DF8042030
:106960009DF80530002062F3070063F30F200CB0A0
:10697000BDE8F087B8F1000F40F09781182100249E
:106980004FF0010904223270AB7AF37013FB01F36C
:1069900002337370D5F80B30D5F80F20D5F81310EB
:1069A000D5F8170030617360B260F160D5F81B3024
:1069B000D5F81F20B261736195F8148095F815A081
:1069C00004F012FB08F1FF388B055FFA88F875D5E3
:1069D000B8F1030F00F26481374B13F8082072738B
:1069E000BAF1000F40F08580F476324C04F10808CB
:1069F000474588D004F10C0A574500F08F80002FDE
:106A000000F0B480B9F1000F2AD0AB6A63B1EFF3A4
:106A1000108272B6AB6A1968A96202B962B6002226
:106A20001A705A709A70DA702068394610F0C8FBF4
:106A3000231DD3E84F3F0133DBB2211DC1E8423FA4
:106A4000002AF5D1AB6A85F83220434500F0D880A2
:106A5000534500F0F9809DF80830022B00F0C68005
:106A60003379012767F3461333714FF0040871E758
:106A700004F098FA05F13309804602A9484600F06F
:106A800039FDB8F1000F7FF4A0AEEB7AD90606F11C
:106A90001C007FF5A0AE9DF81840059922460FF026
:106AA000F7FB4FF00109B8F1000F7FF400AFB5E636
:106AB000381400202C140020F0B20200B8F1030FAB
:106AC00000F2F7807D4B984498F804207273BAF175
:106AD000000F89D00AF1FF3A5FFA8AFABAF1030F80
:106AE00000F2E7809A449AF80430B3737CE762B608
:106AF00019E70AF1FF3A5FFA8AFABAF1030F00F2D6
:106B0000CF8013F80A30B3736EE703F00302032A51
:106B100049D0580749D50123337166E7AB6A63B1A1
:106B2000EFF3108272B6AB6A1968A96202B962B655
:106B300000221A705A709A70DA706B7D83BB3279BA
:106B400063F3461232714FF004082068A5F1080182
:106B500010F036FB231DD3E84F3F0133DBB2211D7C
:106B6000C1E8423F002AF5D10227F3E695F80B80F1
:106B700018F010083FF4EEAE3379206867F346133F
:106B8000A5F10801337110F01BFB231DD3E84F3F23
:106B90000133DBB2211DC1E8423F002AF5D1D6E620
:106BA0004FF00008D1E730711FE7022A26D0002AF3
:106BB00072D1317119E711223270AA7AF270120182
:106BC00002327270012232716A7B7271D5F80E2026
:106BD000C6F806206A8A72813373EB69C6F80D30F5
:106BE0002B8CA6F811302B7EF374FEE6337923F05C
:106BF0006803012733714FF00408ABE63271F4E605
:106C00003379022262F34613AA6A337162B1EFF359
:106C1000108272B6AB6A1968A96202B962B6002224
:106C20001A705A709A70DA702068A5F1080110F095
:106C3000C7FA231DD3E84F3F0133DBB2211DC1E862
:106C4000423F002AF5D182E6337962F34613AA6AFD
:106C5000337162B1EFF3108272B6AB6A1968A96240
:106C600002B962B600221A705A709A70DA702068FF
:106C7000A5F1080110F0A4FA231DD3E84F3F01331A
:106C8000DBB2211DC1E8423F002AF5D15FE640F2A8
:106C9000C7113320F9F7E4FBA2213320F9F7E0FB19
:106CA00040F2B9113320F9F7DBFB5B213320F9F710
:106CB000D7FB4FF450710620F9F7D2FBF0B2020077
:106CC000343270B592B205460C461E4610F040FABA
:106CD00025B1034B1D601C745E741C7170BD00BF38
:106CE0002C14002010B5034C206810F053FA237CBC
:106CF000237110BD2C140020014B587C704700BF3D
:106D00002C14002038B5154C206810F049FA00B357
:106D10000546231DD3E84F3F013BDBB2221DC2E8ED
:106D2000413F0029F5D105F10803342218460FF040
:106D300043FAEA7CED620346FF21012447F6FF7027
:106D400064F34612E883697585F82310EA741846DF
:106D500038BD40F247113320F9F782FB2C14002094
:106D60003330704738B50446406A08B13B3038BD0F
:106D70000B4D286810F014FA606260B12B1DD3E847
:106D80004F3F013BDBB2291DC1E8423F002AF5D14C
:106D9000606A3B3038BD4FF4B0713320F9F760FBC7
:106DA0002C14002038B5036843B3596A054631B343
:106DB00001F108029342134C04BF002303602068D2
:106DC00010F0FEF9231DD3E84F3F0133DBB2211D44
:106DD000C1E8423F002AF5D12B687BB12068A3F1BE
:106DE000080110F0EDF9231DD3E84F3F0133DBB26A
:106DF000211DC1E8423F002AF5D12A6038BD014C6F
:106E0000ECE700BF2C14002070B505680646F5B10C
:106E10001B491C4C284612F047FB0023E360EFF3AC
:106E2000108272B6AB6A23B3E96A04F10C030B60FB
:106E3000EB6202B962B63368596A29B101F10805FB
:106E4000AB421BD100236B620023336070BD696AC3
:106E50000029F9D00B4C206810F0B2F9231DD3E8BB
:106E60004F3F0133DBB2211DC1E8423F002AF5D17B
:106E7000E8E704F10C03AB62EB62DAE71D46EAE7F0
:106E8000716700002C14002070B50668002E3CD0FD
:106E9000716A0546002939D001F108039E42204C51
:106EA0000DD0206810F08CF9231DD3E84F3F01333B
:106EB000DBB2211DC1E8423F002AF5D12B68002238
:106EC00072625A7D8AB10022A260EFF3108172B61D
:106ED0009A6AF2B1D86A134A0260DA6201B962B6FC
:106EE0002846BDE87040FFF78FBF2068A3F1080176
:106EF00010F066F9231DD3E84F3F0133DBB2211DAB
:106F0000C1E8423F002AF5D12A6070BD044C3346E7
:106F1000D7E7044A9A62DA620029E1D1DFE700BFCD
:106F20002C140020341400202DE9F04704689DF84B
:106F300024C09DF82C800D4617469DF928109DF819
:106F40002020002C00F0E380DFF8F0A199469AF8A9
:106F500004300646002B00F09E80636A002B00F090
:106F6000E08083F81180EB684BB195F810E0238E38
:106F7000734440F2726E734500F3A28023860123AE
:106F80002176A372B8F1000F00F0988062756B69EA
:106F90001BB15B78C3F30313A375EB6913B15B8873
:106FA000A4F819302A78E37AA2F10101B1FA81F14B
:106FB000490961F300039907E3725CBF931EB3FABA
:106FC00083F3E17A54BF5B09012363F34101E1726A
:106FD00011F00201E37A1CBFB2FA82F1490961F3B0
:106FE000C303E372AB681BB1E27A42F00402E272BF
:106FF0002A6A12B192F90020E2756A688AB1BCF17E
:10700000080F04F10E0271D0604604F10D0104F086
:107010004FFB002800F08E80637B43F00203637314
:10702000AB684BB1BA1E012A04F11C0156D91A688B
:10703000E2619B888B80E776B8F1000F0FD0636A1E
:10704000A16A00221A705A709A70DA70002957D01B
:10705000E26A1360E3623A49204612F025FAAB690E
:107060008BB15A789B7803F01F0352EA03230AD1AD
:10707000A26ACAF80830002A45D0E26A314B136090
:10708000E36200233360636A002B4ED00023636207
:107090000120BDE8F087B8F1020F1BD007D8FFF739
:1070A00081FE3368002B37D10020BDE8F087B8F1AE
:1070B000030F31D1FFF7E8FE3368F3E7227566E787
:1070C000FFF7E2FE3368002BEED040F25A31332056
:1070D000F9F7C6F9FFF798FE3368E3E7D9F800300F
:1070E000E361B9F804308B80E776A5E76B7C6373C6
:1070F0006B681968C4F80E109B889380AB6890E7A2
:10710000A362E362A7E70F4BA362E362B9E74FF420
:1071100048713320F9F7A4F940F23D313320F9F7F3
:107120009FF940213320F9F79BF940F29711332062
:10713000F9F796F9C1213320F9F792F92C140020C0
:1071400071670000341400202DE9F843504D0468A5
:107150009DF82080002606600F4629799DF82400BE
:1071600099469DF9283081B92868A4F1080110F0EA
:1071700027F82B1DD3E84F3F0133DBB2291DC1E8AF
:10718000423F002AF5D1BDE8F8830121C4F8096027
:10719000C4F80D60C4F81160C4F81560C4F8196033
:1071A000C4F81D60A4F82160A172062A66D8DFE841
:1071B00002F02B3239653E650400E27A22F01202B9
:1071C00042F01202E272237601232375082847F663
:1071D000FF73E38204F10E0230D004F10D0104F0DC
:1071E00067FA00284FD0637B43F002036373E37AAE
:1071F0005B072ED4FF23E376002323722549204624
:10720000BDE8F84312F047B9E27A22F0130242F0E7
:107210001302E272D7E7E27A22F0150242F0150279
:10722000E272D0E7E27A42F01002E272CBE7E27A51
:1072300022F01A0242F01A02E272C4E77B7C637306
:107240007B681968C4F80E109B889380E37A5B070B
:10725000D0D5A8F10203012B04F11C0207D9BB68A9
:107260001968E1619B88938084F81B80C4E7D9F892
:107270000030E361B9F804309380F5E74FF484619E
:107280003320F9F7EDF8C1213320F9F7E9F800BF11
:107290002C14002071670000F8B58446374DDCF8E7
:1072A00000409DF918E00026CCF8006010462A79CD
:1072B0007AB92868A4F108010FF082FF2B1DD3E8EA
:1072C0004F3F0133DBB2291DC1E8423F002AF5D10F
:1072D000F8BDC4F809600F466189C4F8116041F631
:1072E000012545EA032521F4DF5141F6FF33012250
:1072F00021F01F012B4022750B4347F6FF7208282F
:10730000C4F81560C4F80D60E282C4F81960C4F8CE
:107310001D60A4F8216084F818E004F10E02638176
:1073200015D004F10D0104F0C3F918B3637B43F0E9
:1073300002036373E37A5B0714D4FF23E37600232D
:1073400023720F492046BDE8F84012F0A4B87B7CB8
:1073500063737B681968C4F80E109B889380E37A86
:107360005B07EAD5BB681968E1619B882384FF222B
:10737000E276E4E7C1213320F9F772F82C140020FB
:107380007167000018B1407BFF3818BF01207047BB
:1073900020B1C07EFF3818BF0120704708B540F209
:1073A00075413320F9F75CF820B1807DFF3818BFB4
:1073B0000120704708B540F27D413320F9F750F8BD
:1073C00070B50C460546164611F0EAFC6074284676
:1073D00011F0F1FCA074062E13D8DFE806F00419B2
:1073E0000412041204000023EA1CC4E90123012151
:1073F00061706B78063BDBB223743BB10935E56005
:1074000070BD0023C4E9013363702374E36070BD71
:10741000002303216A1823740935C4E9012561702A
:10742000E36070BD70B5C3780C4613F03F015BD0CC
:10743000054611F0B5FC6074284611F0BCFCA07440
:107440002B796370E878830923702B7913F0010698
:1074500041D14FF0050C4FF00B0E624613F00201C4
:107460001CBF05EB0C017246A160590744BF0132F5
:10747000D2B213F00801666002D0961CA918F2B2CD
:10748000616113F0100102D0D61CA918F2B2A161FB
:1074900013F0200103D002F11206A918F2B213F082
:1074A0004003E16102D0AB180132D2B200F03F00DC
:1074B000011D891A11F0FF01236214BFAB180B469E
:1074C00063626B78013B1B1ADBB2237453B10A442D
:1074D0001544E56070BD4FF00B0C6E1D4FF0110EA2
:1074E0006246BBE7E36070BD20462822BDE87040DD
:1074F0000EF062BE70B5067806F00F06072E25D096
:107500000C46054611F04CFC6074284611F053FC03
:10751000A074062E13D8DFE806F0041D041204122E
:1075200004000023EA1CC4E90123012161706B7887
:10753000063BDBB223743BB10935E56070BD002327
:10754000C4E9013363702374E36070BDBDE870402B
:10755000FFF768BF002303216A1823740935C4E9C3
:1075600001256170E36070BD0378012B2FD0022BE1
:1075700023D00339C9B2A3B1012908D94278002325
:107580006FF345124270C3610374C3607047437860
:10759000DA06F3D5437800226FF386134370026254
:1075A000ECE7012923D94378DB06E7D443780022AE
:1075B0006FF3C30343704261DEE74378002223F098
:1075C00003030339426043708260C9B2D4E7427852
:1075D00000236FF34102022942708360CED0D2B201
:1075E000033963F3000242704360C9B2C4E74278D2
:1075F00012F0100FDAD022F0030243608360D3064A
:107600004270C7D4D2E700BF012300225940037063
:1076100043700371C27042718170704710B4012BC6
:10762000124C9DF804C0C0F8024004D0022B17D0C1
:1076300083B110BC7047ACF1020CBCFA8CFC4FEA71
:107640005C1C4FF000036CF307036CF30F2310BCBA
:107650000380704710BC017042700371C3707047A3
:107660000022012310BC0280437170470001010019
:1076700003782BB14B7800226FF300034B704A6004
:1076800043782BB14B7800226FF341034B708A6033
:1076900003792BB14B7800226FF345134B70CA610D
:1076A00083782BB14B7800226FF3C3034B704A6190
:1076B000C3782BB14B7800226FF304134B708A61AF
:1076C000437913B100230B74CB60704743780022D9
:1076D00023F0220382604370C2617047042816D0F1
:1076E00003280DD0022840F2762240F2464340F6AD
:1076F000480004BF13464FF4856018449630704725
:1077000040F6A22341F2BE1018449630704741F66D
:10771000067344F2902018449630704708B540F242
:107720009F312120F8F79CFE70B50446FF2380F8B6
:10773000153190F817010DF09FFB94F817010DF02B
:107740001DFF94F81E010DF097FB94F81E010DF03B
:1077500015FF00212046FEF78BFF94F816313BB150
:10776000D4F8083153B104F1E80001F0E9FE09E072
:10777000D4F8100110B1D4F808311BB304F1E800BB
:1077800001F040FE002384F8153194F8165115F0ED
:10779000FF0518BF0C2584F81631C4F8103184F8A1
:1077A000143194F817010CF0EDFF80B1202694F805
:1077B0001E0184F817610CF0E5FF68B184F81E61C2
:1077C000284670BD00F5DC7001F01CFED6E74FF4D2
:1077D0003D712120F8F744FE4FF43E712120F8F767
:1077E0003FFE00BFF8B5044613F033FAD4F8102179
:1077F00005460E46002A56D04FF0000C94F81D01A5
:107800006146634604EB83030CF1010CD3F8CC20F2
:107810005FFA8CF3693283421144F3D9D4F8C8700B
:10782000B94214BF0127022738460DF02BFD31283D
:1078300037D9431C5DD0D4E9363219188A4298BF33
:10784000D01AD4F8A830D4F8AC205B1B62EB060643
:10785000012B76F1000255DB00229842B2415ADA40
:1078600041F28836864228BF064613F0F2F9C5F188
:1078700074050544B54214D8394630460DF056FD1E
:1078800078B9D4E93720D4F8D8303344304493421F
:10789000C4F8D830C4F8E00044D0BDE8F8400DF09A
:1078A000B3BC0020F8BDD4F8C8C094F81D01072768
:1078B000ACFB07E71146134604EB83030132D3F810
:1078C000CC3069331944D3B28342F5D98C451BD0EF
:1078D000D4F8C020D4F8B030D4F8C4109B1AD4F82F
:1078E000B42062EB0102734572EB070311D3012749
:1078F0009AE7D4E93630C61A41F288339E4228BF4F
:107900001E46B2E70026B0E75EEA070301D0032770
:107910008AE7022788E741F28830834228BF03467E
:107920001E46A2E7D4E93A23C4E93023B5E700BFF5
:10793000014B1870704700BFD10400200D4B00228E
:1079400010B51A601A6841F669039A420CD80446C9
:1079500090F8143123B190F814310BB1FFF7E4FE25
:107960000023A4F80C3110BD40F61B012120F8F7CC
:1079700077FD00BF4014002010B5044690F8143184
:1079800013B190F814311BB90023A4F80C3110BDC9
:10799000FFF7CAFE0023A4F80C3110BD90F8143193
:1079A00003F0FF020BB910467047FFF7BDBE00BFE2
:1079B00090F86C00003818BF0120704730B585B0D2
:1079C00090F81431002B56D103F0FF020B7803928C
:1079D000CDE9012213F001023ED1944601259646DD
:1079E00013F0020407D00DF1100C0CEB8E0EAC4618
:1079F000CD684EF80C5C13F0040334D10CF1FF3C5D
:107A00005FFA8CFC80F81DC14968C0F8C810C0F846
:107A1000F81040F27121A0F8FC101AB101996939EF
:107A2000C0F8CC105CB104A901EB820100EB820428
:107A300051F80C1C01326939C4F8CC10D2B24BB1E8
:107A400004AB03EB820300EB820053F80C3C693B70
:107A5000C0F8CC3005B030BD8C6801949446022546
:107A60004FF0010EBCE70DF1100E0EEB8C0E0D6900
:107A70004EF80C5CC6E740F2B7212120F8F7F0FC85
:107A8000D0F8102108B552B190F8143103F0FF027C
:107A90000BB9104608BDBDE80840FFF745BE40F2EF
:107AA000EA212120F8F7DCFC70B590F8153113B10C
:107AB0000025284670BD04460D4613F0CAF894F818
:107AC0002021062D4DD8DFE805F0270404073B04EC
:107AD00004000125284670BD033A012A94BF4FF4E3
:107AE00061764FF45776D4F8B020D4F8D830801AA5
:107AF000F73B0644B3428CBF01250025D9D8204668
:107B0000FFF770FE0028D4D0D4F8D850F73DAE422D
:107B10002CBF00250125CCE7531EDBB2032B1CD85C
:107B20001249042ACB5C0ED05E1D032AF6B210D097
:107B3000022A0BBF06360536B600F6009836D2E7A5
:107B40004FF40276CFE75E1DF6B2B60106F5C876B1
:107B5000F4E7360106F5BF76F0E7FD210520F8F7DA
:107B60007FFC40F241312120F8F77AFCF8B20200A4
:107B700070B50C4606460021D4F8C00101F0A2FC05
:107B80000546B54204F5DC700AD0294601F05EFCDA
:107B9000002333628DB900220023C4E96E2370BD37
:107BA000AB68D4F8C021934217D39342F569306291
:107BB00038BF1346B360002DEDD001F0F3FCA8B13F
:107BC000D5E90032A9685B1842F10002B5F924102A
:107BD000A4F8DC11C4E96E3270BDA9690029E4D0B3
:107BE000294601F033FC00232B62E6E74FF4E06105
:107BF0002120F8F735FC00BF2DE9F04F8FB0044687
:107C0000BDF8608002920F461E4613F022F8D4F8A9
:107C1000CCB0CDE9030194F81D010BF169010D46CB
:107C200050B1012304EB83020133D2F8CC20DBB244
:107C3000693298421544F5D2D4F8C8206EB3AA42EE
:107C400000F0C281029B5BBBD4E93A23D4F8C800A0
:107C5000111843F10009039B9E1AB6FBF0F600FBD6
:107C600006F67618A6EB030349F10009B3F59A7FEF
:107C700080F02482D4F8B830DDF808A0A3EB020825
:107C8000B8FBF0F800FB0828A6EB0808861949F1B4
:107C900000095346B8FBF0F800E1029B002B60D0CE
:107CA0004FF0000A039B069213F5FA66049B43F11A
:107CB000000901F06BFC01F0F9FB0346194604F1E1
:107CC000E8000593079001F0C1FBD4F81011DDE93D
:107CD000053231B10798CDE90523FFF749FFDDE90A
:107CE00005231BB1B3F92410A4F80C11AA420CBF50
:107CF000D4F8F050D4F8C8508BB11A689868596815
:107D0000801841F10001CDE900692A4601F0F8FB35
:107D100085420346C0F02883861949F1000905937E
:107D200001F03AFCD4F8C810059B01F2CF7213445D
:107D3000B3FBF1F301FB03F3F31AC4F8E83069F184
:107D40000003C4F8EC30B8F1000F40F0A4814FF00C
:107D5000FF306FF000414346C4E92A014FF00108AB
:107D60009CE0D4E93A53039E761BB6FBF2F602FB85
:107D700006F67519039E06F59A76A6EB050643F1FD
:107D80000009B24294BFA6EB020AB246002800F0F6
:107D9000A7828A4523BFAAF16902A2EB0B0A01213F
:107DA0000021012819D0D4F8D03003F1690292459E
:107DB00005D3AAF169020131A2EB030AC9B2022874
:107DC0000BD0D4F8D43003F16902924505D3AAF15F
:107DD00069020131A2EB030AC9B204EB8103D3F8B3
:107DE000CCB00B46E21892F82401421ED2B2032A0C
:107DF00000F2B682DFF8B8C21CF80220042802F1B3
:107E000005085FFA88F800F04882032800F05982DC
:107E100002280BBF08F1060808F105084FEA880898
:107E20004FEAC808CDE905130AF03AFBA14A00F56C
:107E30002340A130A2FB00300AF1F702904408EB86
:107E400090108345DDE90513C0F0FE8104EB830249
:107E5000D2F8CC20A2EB0A0BBBF1000FC0F28B8250
:107E6000D4F8E810D4F8B020761949F10009521A74
:107E7000D4F8EC5000F17D82D4F8C800B2FBF0F2E7
:107E800000FB02F2521845F10005C4E93A25B21A86
:107E900000F16F82B2FBF0F84FF0000AE21892F89E
:107EA0002401421ED2B2032A00F25A8280498A5C1F
:107EB000042802F10505EDB200F06881032800F006
:107EC0008C8102280BBF06350535AD00ED0005930A
:107ED0000AF0E6FA774A00F52340A130A2FB003011
:107EE000D4F8A820911BD4F8AC2062EB0902012938
:107EF00005F1F70572F1000305EB9015059BC0F243
:107F0000428100208B4570EB020200DB8B4604EBC4
:107F10008303D3F8CC00584528BF5846C4F8DC008A
:107F2000BAF1000F03D1B8F1000F40F05C81D4F832
:107F30001031029A2AB1D4E93A12C4E92C69C4E991
:107F400030120022C4E92E69C4F8D8507A72002B8E
:107F500000F0208194F81DC11146134604EB830301
:107F60000132D3F8CC3069331944D3B29C45F5D2F1
:107F7000D4F8C830994214BF012302233B727D60BC
:107F8000BAF1000F00F0FA8001233B70039AD4F895
:107F9000A830D4F8AC109B1A049A61EB0201012BB3
:107FA00071F10002C0F21D81434A00249A4274EB31
:107FB000010100DA13465B1B3B6185428CBF002048
:107FC00001200FB0BDE8F08F94F8143123B1B4F95B
:107FD0000C31002B7FF436AE029B002B40F0DA818F
:107FE000D4E92A126FF000439A4208BFB1F1FF3F73
:107FF00000F04B8194F81C31234493F82401431E74
:10800000DBB2032B00F2AC81294A0428D35C00F0D8
:108010006A815D1D0328EDB200F06B8102280BBF61
:1080200006350535AD00ED000AF03AFA214A00F5B3
:108030002343A133A2FB0323F73505EB9315039BE1
:10804000099513F59A730C93049B43F100030D9368
:108050004FF00008022308A88DF82080ADF82830E2
:108060000CF0B6FB002800F098810C99D4F8A820F9
:108070000D98521AD4F8AC1061EB0003521B63F157
:108080000003002BDDE9036943464FF0010ABFF608
:1080900005AFC34602E742F2107331464A46E8FB99
:1080A0000312C4E92A1200234FF00108F6E600BFCC
:1080B000F8B20200D34D62100040420F94F8240140
:1080C000029B8DF82030431EDBB2032B00F2488167
:1080D000B44AD35C042803F10505EDB200F0FC803E
:1080E000032800F02A8102280BBF06350535AD00B4
:1080F000ED000AF0D5F9D4F8C810D4F8B830D4F8A7
:10810000106100F52342D4F8E8001B1AB3FBF1F329
:1081100001FB03F31B18A4480C9302F1A102A0FB7E
:10812000020205F1F705D4F8EC0005EB9212099272
:1081300040F1000000220D908DF82920002E00F063
:10814000DC8094F81D511046134604EB8303013282
:10815000D3F8CC3069331844D3B2AB42F5D981425D
:108160000CBF022001208DF8280008A810F08BFC1D
:108170000023DDE90C6980469A468FE6C7E9046969
:1081800087F800A019E74FF0000BC0E6AD0105F538
:10819000C8759CE6D4F8C8E094F81DC14FF00708F4
:1081A0001A46AEFB088B194604EB83030132D3F861
:1081B000CC3069331944D3B29C45F5D28E4557D0A3
:1081C000D4F8C030D4F8C420F31A69EB0202434556
:1081D00072EB0B0336D30123D0E62D0105F5BF75F5
:1081E00075E60023E7E64FEA4801B4F90C0189B2CD
:1081F00011F038FAB4F80C21D4F81031121A12B276
:10820000A4F80C2163B1A3F8DC21D3F8B82112182B
:10821000C3F8B821D3F8BC2142EBE072C3F8BC210B
:10822000D4F8E820C117361841EB09091018D4F822
:10823000EC20C4F8E80041EB0202D4F8DC00C4F8FA
:10824000EC2076E6022399E694F81D218A4229D98A
:10825000D4F8C8204B1C96425FFA83F880F09580D2
:1082600004EB88024346D2F8CCB00BF16906F3E583
:10827000D4F8B030D4F8B420F31A69EB02024345C5
:1082800072EB0B03DED2032378E6DDF80880DDE92C
:10829000036943464FF0010A00E64FEA881808F5E3
:1082A000C878BFE5D4F8C82096420FD3B6EB420F8A
:1082B0004FEA420164D204EB83020E46D2F8CCB0FE
:1082C000CAE54FEA081808F5BF78ABE5164604EB97
:1082D0008302D2F8CCB0BFE5AD0105F5C87508E75B
:1082E000014603467EE55D1DEDB2AD0105F5C8759D
:1082F0009AE62D0105F5BF7596E6072594F81DE170
:10830000A1FB0558B446324604EB82020136D2F88E
:10831000CC2069329444F2B29645F5D2614512D030
:10832000D4F8C0209B1AD4F8C42060EB0202AB4200
:1083300072EB080305D3012015E72D0105F5BF7584
:10834000D7E602200FE7D4F8B0209A1AD4F8B43058
:1083500060EB0303AA4273EB0803F2D2032002E7A7
:10836000FD210520F8F77CF840F262312120F8F772
:1083700077F8FFF7D3F94FF489612120F8F770F807
:1083800040F23F412120F8F76BF840F222412120D2
:10839000F8F766F84FF0010A84E440F28E4121209C
:1083A000F8F75EF8F8B20200D34D6210F0B504465B
:1083B00089B0072900F2A980DFE801F03D0909250D
:1083C000A72A07A22046FEF783F909B0F0BDB0F84E
:1083D0002231C3F30C03002B40F08F800022009267
:1083E000012302A92046FFF707FC0028EAD094F8F1
:1083F000170102A90CF0DEFA0028E6D140F2347130
:108400002120F8F72DF809B0BDE8F04009F0E6BCEE
:1084100090F8153153B9B0F82231C3F30C03002B97
:1084200065D090F82031033B012B7BD909B0BDE822
:10843000F040FDF777BF90F8153103F0FF054BB121
:108440000121FEF715F909F0DDFA09B0BDE8F040A9
:108450000CF008B80CF0B0F9D4F8E830B0EB030C2D
:10846000C4E92C017FD494F81D61D4F8C87002943B
:108470000595B6B1BCFBF7F207FB0233C01A2A46DA
:108480002B4604EB8303D3F8CC3003F1690181421E
:1084900003D869380135C01AEDB20132D3B29E4219
:1084A000EFD2B4F8223184F81C51C3F30C038DF8D9
:1084B00018507BBBBC4538BF0123BC458DF810303C
:1084C00034BF0027012702A88DF81970FDF718FFA7
:1084D000D4F8D800DD38C4F8E0000CF095FE002890
:1084E0007FF473AF40F293112120F7F7B9FFFFF744
:1084F00079F900287FF469AF98E7FEF72BF96DE76B
:1085000040F2C9112120F7F7ABFF40F2CD11212035
:10851000F7F7A6FFD4F81821039203238DF8103043
:108520000027D0E790F81F31002B7FF47FAF0121A7
:1085300080F81F1144F236500CF0F8FE00287FF44A
:1085400075AFD4F8D830D4F8E00044F23652104475
:108550001344C4F8D830C4F8E0000CF055FE0028ED
:108560007FF433AF62E7FFF7D9F800BF30B589B0C9
:1085700090F81421002A45D1044602F0FF03FF229F
:1085800080F8142180F8153190F81D5180F81C31C5
:10859000A0F80C319C46184604EB83030CF1010C47
:1085A000D3F8CC205FFA8CF369329D421044F3D2A9
:1085B000D4F8C830984220D0D4F8CC2002F1690316
:1085C0004DB1D4F8D030D232012D134403D0D4F8B9
:1085D000D42069331344C4F8F03000910023012201
:1085E00002A92046FFF708FBB0B194F8170102A9D1
:1085F0000CF0E0F958B109B030BD41F28833C4F84D
:10860000F030EAE740F26A212120F7F729FF4FF422
:1086100020712120F7F724FF40F27F212120F7F776
:108620001FFF00BF38B590F814318BBB0D4651B316
:10863000044621461B480CF071F8202884F81701E5
:108640001AD0184821460CF069F8202884F81E0139
:108650000DD0C4F8105195F8E03103F0FF01E3B9F3
:1086600084F816112046FFF781FF012038BD94F8E9
:1086700017010CF087F808B1002038BD40F28F21B7
:108680002120F7F7EDFE40F29B212120F7F7E8FECD
:1086900040F29A212120F7F7E3FE4FF429712120BF
:1086A000F7F7DEFEAD83000038B504460D461148ED
:1086B00021460CF033F8202884F8170112D00D4819
:1086C00021460CF02BF8202884F81E0105D0204606
:1086D0002946FFF74BFF012038BD94F817010CF035
:1086E00051F808B1002038BD40F28F212120F7F762
:1086F000B7FE00BFAD8300002DE9F04F90F82331A5
:108700005F2B87B007464BD8A64A59090A4492F80E
:108710000490B9F1040F00F0F78097F9212197F840
:108720002241002A03F01F0397F8212144EA032382
:10873000ACBF1E254FF4967503FB05F5D30914BF96
:108740004FF496761E2608F07DFDA5EB000808F094
:10875000A1FD97F8213113F0400F14BF32244FF4DC
:10876000FA7405440FF090FE031908EB060000FBB5
:1087700003F38D4C03F5742303F23F23A4FB03237F
:10878000B8F5C07F4FEA93446FD397F8153153B1D2
:1087900009F038F90BF066FE012007B0BDE8F08F54
:1087A0004FF00009B9E7484609F072FE7D4BDFF84B
:1087B000FCA103EB8903D3F8088008F52343A13318
:1087C000AAFB032306EB9316AB3606EB44060644DE
:1087D000484609F05DFEA6EB000B484609F060FE36
:1087E00097F85410A8EB0008AAFB083A01290BF1EE
:1087F000F70B4FEA9A1A00F0C3804846FEF76EFF67
:10880000D7F8B030D7F8B420843B42F1FF325B197F
:1088100042F100021C1B62F10003654AABEB0A0B3C
:1088200083441078CDF804B00022FE28CDE904433B
:108830008DF800208DF8092000F092804A0740F161
:108840008F808DF80800C7E92E4397F81701C7F805
:10885000D8B0C7F8186169460CF0ACF8002897D179
:1088600040F2B1612120F7F7FBFD484609F010FE08
:108870004C4BDFF838A103EB8903D3F8088008F2EA
:10888000E733AAFB032306EB931620362E44264437
:108890000644484609F0FCFDA6EB000B484609F0EB
:1088A000FFFD97F85410A8EB0008AAFB083A01292D
:1088B0004FEA9A1A59D04846FEF710FF0BF1F70B12
:1088C000D7F8D880ABEB0A0303EB000AD04531D2CE
:1088D000374B93F80090B9F1FE0F1BD04B0719D519
:1088E00048460CF0CFFCAAEB0803322B38BF3223EA
:1088F000984228BF1846494680460CF017FD68B1DB
:10890000002007B0BDE8F08F002280F81F214FF053
:10891000030902E70AF076FC8146E1E7D7F8D800C0
:108920004044C7F8D800DD38C7F8E0000CF06CFC14
:108930000028E5D0103D97F81C1100970222002373
:1089400068462C1B039401968DF810108DF80820B2
:108950008DF81130FDF7D4FC012007B0BDE8F08F91
:108960000AF050FCDDE904436BE7B9F1030F12D0C4
:10897000B9F1020F40F6480008BF4FF485609DE74B
:10898000B9F1030F0AD0B9F1020F40F6480008BF51
:108990004FF4856034E741F2BE108FE741F2BE101C
:1089A0002EE700BFF8B2020083DE1B43D34D6210F6
:1089B000D104002010B588B090F8152172B902F0EA
:1089C000FF0300931A4602A90446FFF715F960B1A8
:1089D00094F8170102A90BF0EDFF80B109F012F82D
:1089E00008B0BDE810400BF03DBD2046FDF770FE1D
:1089F00009F008F808B0BDE810400BF033BD40F2B4
:108A00001B712120F7F72CFD2DE9F047012982B0D9
:108A10000E46054623D8D0E92C7808F033FC95F8AB
:108A200020910446494606F0010010F085F8824680
:108A3000484609F035FD6E3F48F1FF38012E3ED122
:108A4000B9F1040F00F0B480B9F1030F7FD0B9F190
:108A5000020F0CBF4FF4A6724FF4FC7231E00229F2
:108A600040F0B780D0F81031002B00F0AD8000242A
:108A700083F8E04190F82011224661F3070261F388
:108A80000F22A3F86C20FF2683F86E600339D0F81C
:108A9000100101298CBF00210121343003F01AFBA1
:108AA000D5F8100100F004FBC5F8104185F81661F7
:108AB00008F0A8FF02B0BDE8F0470BF0D3BC4FF4BC
:108AC000FC724B4B03EB4903E4199B8BD5F81071F7
:108AD00003F2E73303444748A0FB031348F10006C1
:108AE0009B0914EB0A0446F10006E41A66F100063D
:108AF000A41846F10006D7F81C8000F0D1FC05F15F
:108B0000E80383423BD0D7E96E014246CDE90046F7
:108B100000F0F6FC804566D3374BD5F810111B6882
:108B2000834217D9CB6991F87650CB620246034451
:108B30000DBB41F66A00054682420D864ED21B19D6
:108B400046F10006C1E96E3602B0BDE8F08740F29A
:108B50008642B6E791F876506DBB284AA2FB0032F8
:108B6000920A40F2E24303FB1202821ACA620346EF
:108B7000821A002DDDD04FF4FA700546DCE797F835
:108B800075000028C8D0D5E93A9A00F00BFD38B935
:108B9000B7F9DC31A7F8DC0113EB09094AEBE37AFA
:108BA000CDE9004642464846514600F0A9FCB3E7ED
:108BB00040F6E83285E7124AA2FB003252096423EC
:108BC00003FB1202821AD1E740F29C712120F7F7D1
:108BD00047FC40F2FF712120F7F742FC40F291710F
:108BE0002120F7F73DFC40F276312120F7F738FCE1
:108BF000F8B20200D34D6210401400205917B7D1CB
:108C00001F85EB512DE9F043DFF88080012383B00D
:108C100088F8003000254FF6FF7720261DE0009BE6
:108C2000EBB193F8E021D2B11888B8421DD02146AB
:108C3000F8F7F2F88146F0B190F8E1010CF09EFCF3
:108C400099F8E10189F8E0410BF09CFDC0B189F889
:108C5000E16109F5DC7000F0D5FBCDE9005568460F
:108C6000F8F714F904460028D9D0002388F800301A
:108C700003B0BDE8F08340F2BF113520F7F7F0FBF9
:108C80004FF4D7713520F7F7EBFB00BF44140020F9
:108C90002DE9F84F91F886801E46A8F14403012B78
:108CA0000C460546174617D991F88730443B012BEF
:108CB00012D9A8F10E08B8F1010F8CBF4FF00008CF
:108CC0004FF0010866B994F8E031032B00F20981F6
:108CD000DFE803F0750B590B4FF00108002EF2D0BE
:108CE0000121204607F0D4FCEDE7D4F81C90DFF812
:108CF000FCA1DAF80030002B50D0314620469847CE
:108D000000FB099700F04EFC00284CD000200346E1
:108D1000D4F8B821D4F8BC11BA1841F100011218E6
:108D200043EB0103C4E96E23C5E904234FF0000BB4
:108D300085F800B094F8863003F0FD020C2A64D068
:108D4000442B62D0262B94F887205ED0442A5CD036
:108D5000204611F045FE002800F0C18094F8E03173
:108D6000012BDAB216BF02232A722B7200236B7218
:108D700004F1340010F0CCFB686016B1B8F1000FBC
:108D80004BD0BDE8F88FDFF864A1D4F8E891032355
:108D900084F8E031DAF80030002BAED14F4600F015
:108DA00001FC0028B2D1B4F9DC01022110F05AFC18
:108DB000B4F8DC311B1AA4F8DC31C317A8E7002F84
:108DC00000F0838094F86D9094F86C20012384F86F
:108DD000E031474B484633F8127009F061FBA9F1C6
:108DE0000309444907F29D77B9F1010F0744A1FB3C
:108DF000073794BF2821002101EB9711F03120465D
:108E000010F01EFC4FF0000971E7204611F0E8FD5C
:108E10004FF0010B00232B72A8E7494628460FF0BC
:108E200032FE86B2204611F0DBFD8046BBF1000F1A
:108E300014D1864212D385F808B0D4E96E3207FB0C
:108E400000F15B1842F100022B616A61002F41D0F2
:108E5000494628460FF017FE404486B23146204668
:108E600007F016FCDAF8003073B10121204698476C
:108E70002B6909FB00F913EB09032B616B690644AD
:108E800043F10003B6B26B6100F08CFB28B1D5E969
:108E90000430C4E96E30BDE8F88F7600B6F5803F47
:108EA000B4BFB1B24FF6FF71B4F9DC0110F0DAFBD8
:108EB000B4F8DC212B69121AA4F8DC216A69C31802
:108EC00042EBE0702B616861E3E74FF40B713520F2
:108ED000F7F7C6FA40F2B5213520F7F7C1FA834615
:108EE00098E740F266213520F7F7BAFA58060020D5
:108EF00020B30200D34D62102DE9F04387B0002863
:108F00007BD0044607296DD8DFE801F02A04041459
:108F10006C1921670146012368460022FFF7B8FE5D
:108F200094F8E10169460BF045FD00286DD007B0CB
:108F3000BDE8F08307B0BDE8F04308F04FBF012063
:108F40000AF050F907B0BDE8F043F9F79BB890F884
:108F5000E031042BEBD04FF491713520F7F780FA14
:108F600090F8E031002B4CD007F0D2FA0028DED088
:108F700094F86D30DFF8A480033B98F80120012BB2
:108F800094BF4FF48A794FF0EC0982B3E66904F19B
:108F9000340010F0BDFA00F1690702200CF072F9FC
:108FA000F61B26EAE675854228BF054602212846BB
:108FB0000CF0BCF900B92F444A463946204610F05F
:108FC0002DFB0346E069C8F804300CF01DF908B326
:108FD00007B0BDE8F04311F0C1BC40F227113520C5
:108FE000F7F73EFA40F22B113520F7F739FA666BA6
:108FF000E569AE4228BF2E46C9E7F4213520F7F7D0
:109000002FFAFC213520F7F72BFA40F2E321352027
:10901000F7F726FAEE213520F7F722FA441400205C
:10902000024B0022C3E90022FFF7ECBD44140020EC
:10903000FFF7E8BD014B5870704700BF4414002093
:10904000C0F8C011704700BF08B540F2A31110F07E
:10905000FFFAB0F5296F28BF4FF4296080B208BD30
:1090600038B5A0B190F8E031044603F0FF05C3B96C
:1090700090F8E131202B0FD121460C480BF04EFB2C
:10908000202884F8E10114BF28460D2038BD40F2A5
:1090900091113520F7F7E4F940F293113520F7F7F5
:1090A000DFF94FF4C9713520F7F7DAF9F98E0000CE
:1090B00070B586B0002800F0AB8090F8E03104462F
:1090C000002B40F0A08090F8E131202B00F096803A
:1090D00090F8E031032B00F2A080DFE803F05102AA
:1090E0007102C5694F4B1B6823B100212046984788
:1090F00000FB055500F056FA00286ED0002003460C
:1091000000228DF80020D4F8B82194F88610AD180C
:10911000D4F8BC2142F100022D1843EB02030E29C2
:10912000C4E96E53CDE9045350D00C294ED04429E4
:109130004CD0262994F8873048D0442B46D020467E
:1091400011F04EFC002844D094F8E031012BDAB243
:1091500016BF02238DF808208DF80830002304F193
:1091600034008DF8093010F0D3F96946034694F8BD
:10917000E10101930BF01EFC00283AD006B070BD4F
:1091800090F86C20284B90F86D6033F81250012352
:1091900080F8E031304609F083F905F29D752349E6
:1091A000033E012E0544A1FB053594BF2821002173
:1091B00001EB9511F031204610F042FA002591E7BD
:1091C0000323D0F8E85180F8E0318BE7204611F016
:1091D00007FC00238DF80830C0E7B4F9DC01022158
:1091E00010F040FAB4F8DC311B1AA4F8DC31C317D4
:1091F00086E74FF4D3713520F7F732F94FF4D17188
:109200003520F7F72DF940F2A1113520F7F728F9AD
:109210004FF4D0713520F7F723F940F2662135205D
:10922000F7F71EF95806002020B30200D34D621054
:1092300008B508F027F8044B5A6882422ABF18780C
:10924000002080F0010008BD44140020F0B5044661
:1092500087B0042900F2A980DFE801F0720D031243
:109260005400042384F8E03108F0CCFB07B0BDE8DB
:10927000F0400BF0F7B8032380F8E03107B0F0BD01
:10928000D0F8043290F81012C269C0F8E82141F613
:109290004B56B3428CBF00260126002967D19A4263
:1092A00004D0008811F019FCD4F8043294F86C1042
:1092B000404A94F86D70E361D4F8083232F81150E6
:1092C0006362D4F80022B4F8FE312386E26284F8A7
:1092D0007660384609F0E4F8033F374905F29D759A
:1092E000012F0544A1FB053594BF2821002101EB86
:1092F0009511F031204610F0A3F9022384F8E031F3
:1093000007B0F0BD90F86D6090F86C20294B3046A6
:1093100033F8125009F0C4F8033E274905F29D7551
:10932000012E0544A1FB053594BF2821002101EB46
:109330009511F031204607B0BDE8F04010F080B93B
:109340001E4B1A7802F0FF03002A8AD1014601223F
:109350006846FFF79DFC94F8E10169460BF02AFB93
:10936000C8B1B4F880300133A4F880307CE70088BD
:1093700011F0B0FBA0B1B4F8FC31B4F80C12B4F8A1
:109380000E226186002682815A1E4381D4F804325F
:109390000282C6818AE740F2E3213520F7F760F8C0
:1093A00040F212313520F7F75BF84FF45571352054
:1093B000F7F756F820B30200D34D62104414002092
:1093C000024B0022C3E90022704700BF4C1400206A
:1093D000034B186808B10C2070475860704700BFF5
:1093E0004C140020C3690BB1012070478369002B26
:1093F000FAD1034B1B68181AB0FA80F04009704785
:109400004C140020C369ABB110B4D0E90214DA687F
:10941000D0F818C0C3F818C0214411448269D9603B
:1094200032B1D36100220023C0E9062310BC70478B
:10943000DA60F7E7826904490A6002B1D361002269
:109440000023C0E9062370474C14002008B5C16111
:10945000A1B18B698861836173B1D861C16900234F
:10946000C36041B1CB6823B18268934211D39B1A88
:10947000C3600023CB6008BDC360F3E7074A1368ED
:1094800083611BB1D861C1691060E8E71060C360F7
:1094900008BD2D213720F6F7E3FF00BF4C14002054
:1094A000014B1868704700BF4C140020044B1B6828
:1094B00023B118469B69002BFBD1704718467047B3
:1094C0004C1400200D4B1B68B3B100B584464FF01F
:1094D000FF3E002000E01346DA68944503D8964525
:1094E00084BF184696469A69002AF4D111B900281B
:1094F00008BF18465DF804FB184670474C1400205E
:1095000030B585B0DDE90834C01A61EB0404002CE5
:1095100015460BDB214603AA009202AB2A460CF04B
:1095200081FD002C039805DB05B030BD404264EBA3
:109530004401F0E70028F7D0281A05B030BD00BF7D
:10954000036A2DE93048DBB182689C68A24217D3D8
:10955000D0E90615D0E906BCC3E906BC4DB1AB6144
:10956000996951B1C068CB610244121BDA60BDE851
:109570003088054D2B600029F4D1D960BDE83088D2
:10958000CD213720F6F76CFF4C140020014B01224F
:109590001A7170474C140020014B00221A71704759
:1095A0004C140020014B1879704700BF4C14002068
:1095B00038B52C4B1B68864608466BB34FF0000C41
:1095C00064461D690CB1A54204D22C46002D43D03F
:1095D000B3F814C09B69002BF3D1ECB1A0421CD3AB
:1095E000B0FBF4FC0EF1FF3E0EEB0401B1FBF4F115
:1095F0008C4511D304FB0CF3B3FBF4F504FB1535D8
:1096000025B9B3FBF2F502FB15350DB30CF1FF3CA8
:109610008C45A3EB0403EFD238BD431E2344B4FBB7
:10962000FEFEB3FBF0F37345F6D8B4FBF3F503FB92
:10963000154149B9B5FBF2F102FB115121B9B5FB56
:10964000FCF10CFB115129B101337345EDD938BD43
:10965000184638BD284638BD4FF496713720F6F7C6
:10966000FFFE00BF4C14002010B504460DF0BAFEFA
:1096700008B9002010BDE0430DF0B4FE0028F8D07A
:10968000E31683EAA4635A1E1A42F2D0E3B25A1ECA
:1096900013405A1E1342ECD0A0B210F037F80B283A
:1096A000E7D8204610F02EF81828E2D8A3B2B3EB82
:1096B000144F04D184EA142313F0FF1FD9D0044BB4
:1096C00063405A1E1A4214BF01200020D2E700BF97
:1096D000D6BE898EF0B5070CA7F5AA42144B543AB2
:1096E000012A03EA90231FD927F4004042F6AA2258
:1096F000801A18BF01200022162116461F2487EA6F
:10970000060562EA0505013510D0DD03ADB245EA74
:109710005606E503ADB2013945EA52024FEA53035A
:109720004FEA5404EBD1F0BD0020E4E70020FAE753
:10973000E0FF3F00F8B58D1FADB240F67A4C6545AD
:109740000746BDF824601046BDF818203BD8841F9A
:10975000A4B264458CBF002401242546AFBB1D4F35
:109760003F796FB15CB96FF450654D19062D06D87D
:109770006FF450640419062C8CBF00240124254684
:10978000FDB1814224D803FB0666B6F5FA7F1FDCE3
:10979000A2F10A039BB240F67644A34218D80DF01A
:1097A0000DFF42F210735A4300FB06F1B2EB410F7A
:1097B0000ED9BDF81C50BDF8200085428CBF002595
:1097C00001252846F8BD0024C7E797F87570C8E75B
:1097D0000025F6E7F81400202DE9F3410023CDE938
:1097E000003304460E46174600F10A086846F7F7AC
:1097F0004DFB08B1002015E0009DA542F6D0304693
:109800000DF0D6FEEB1CAA7839460FF0CDF80028F3
:10981000ECD06A7A607A05F10A0341460FF0C4F889
:109820000028E3D002B0BDE8F0810000054A1346ED
:1098300092F8202053F8211B11F8030BC0F380107D
:109840000FF0B2B8341A0020012821D8022B0DD114
:10985000114BA2F57A7098421CD8A1F57A70984203
:1098600018D88A428CBF1220002070470B488242D1
:1098700010D8012B07D140F252739A420AD9084BF3
:10988000A1F6C410EBE7042BF9D140F6C313F4E7BB
:109890001220704730207047A7F970028FFD7002C8
:1098A000CBF370020138C0B2032808B504D94FF4D5
:1098B00050710620F6F7D4FD014B185C08BD00BFBF
:1098C00090B302000138C0B2032808B504D94FF4A0
:1098D00050710620F6F7C4FD014B185C08BD00BFAF
:1098E000FAB302000138C0B2032808B504D94FF416
:1098F00050710620F6F7B4FD014B185C08BD00BF9F
:10990000BCB4020010B504460A48FCF7E7FE204646
:109910000949FEF753F82046FCF76CFD38B12046A4
:10992000FCF7A8FD2046FCF7CFFE002010BD12205A
:10993000FCE700BF141500201C1500202DE9FF4195
:109940000678012E804640F0988031460020F7F7D7
:1099500063FA054620B940F626613920F6F780FD06
:10996000B8F80430002B40F08280FCF7F9FB0028A7
:109970007FD195F81431002B7DD12846FFF7C2FF27
:10998000044600286FD131463046574FF7F744FA66
:1099900097F83810064619B110B940F64261DCE775
:1099A0003A7F0023CDE9023312F001031CBFF86AAD
:1099B0000290520741BF04AA02EB83037A6B43F87B
:1099C000082C002945D096F81431002B41D0B8F866
:1099D0000230002B3DD13B7F0093BA6AB97F02ABC6
:1099E0003046FCF7CDFDA0B33046FEF749F806F14E
:1099F0004003804605F14002683653F8041B42F8E4
:109A0000041BB342F9D12846FFF77CFF024610B190
:109A100040F66461A1E7B8F10C0F07D10146284672
:109A2000FEF742FEF8B940F6686196E7B8F1000F1C
:109A300002D040F66D6190E77B7F296D43F004030F
:109A400085F854302846FEF7EDFD60B940F66F61A9
:109A500083E7B8F80420B8F802102846FEF724FE81
:109A6000002808BF0724204604B0BDE8F081112477
:109A7000F9E73A24F7E70C24F5E701210020F7F78E
:109A8000CBF9054610B940F6826166E7FDF786FF1F
:109A900004460028E7D195F8543095F8A62022B165
:109AA00095F8A720134385F8A600053B012BDAD8CB
:109AB0002B6D13B940F692614FE701210846F7F785
:109AC000ABF9294606464FF494720CF0E1FB0423EF
:109AD000316D86F854303046FEF7A4FD0028C2D11F
:109AE00040F6976139E700BFF8140020F7B5114B35
:109AF0009C7EDD7E9F8B064614B901F07BFA0446FE
:109B0000A5B901F077FA054614B9092003B0F0BDF4
:109B10000028FAD0304601A98DF804408DF8055090
:109B2000ADF806700FF004F80020EFE7002CF1D13B
:109B3000EBE700BF8C1900202DE9F04399466C4BF0
:109B40006C4D85B00446186802901B798DF80C3076
:109B50000F4620460021164601F080FF664BC4F8F0
:109B6000F0312046AB68278040F8343FFFF76CFAAD
:109B7000804601F039FA2B7C84F83C305F4BA4F826
:109B80003E8010F0200F1B681DBFAA886988A4F8CA
:109B90005E101B2208BFA4F85E20A4F860201BB151
:109BA00094F9741038469847554F3B79003B18BFDD
:109BB000012384F87530534B1B681BB1208807F1D3
:109BC00008019847012363864F4B1B6813B14F4927
:109BD000208898474E4B1B6813B14E492088984700
:109BE000AB886A8869780191297800910333033240
:109BF0009BB292B204F1180104F11400F7F77EF958
:109C0000636923B941F2AF013920F6F729FCA36952
:109C100013B941F2B001F7E70DF0AAFC2062B9F1E7
:109C2000000F04D002F000FB20F07F40A06296F805
:109C30004A2006EB4202B2F82A8040460DF0BEFCF4
:109C40006FF450639844B8F1060F01464AD90023D7
:109C5000908C84F876300DF0B1FC40F2E242FFF7D0
:109C6000A7FC40F2E2430146E161C4F8C811A4F840
:109C7000CC3196F84A20E96806EB42062046338E3E
:109C8000A384F38EE384FFF7DBF902A904F18E00CD
:109C90000EF0B7FFFF2384F8F431FB6D23B10122EE
:109CA00004F58D71204698472046FFF71FFF0546B3
:109CB00002F0BAFA0C23B0FBF3F202FB1303DBB29F
:109CC0005A1DD2B2082A98BF0D3320468CBF84F8A3
:109CD0009A2084F89A30012101F0C0FE284605B090
:109CE000BDE8F083012384F876304FF47A73BBE744
:109CF0006EDB02008C1900204E150020600600204B
:109D0000F814002074060020700600203215002090
:109D10006C0600203C15002010B503210020F7F749
:109D20007BF8044670B90321F7F738F8044620B9E8
:109D300040F24D313920F6F793FB034B93F9601055
:109D400010F0BEFA204610BDF814002038B50EF011
:109D50002AFE01F06FFC01F05BF90FF07AFB01F0D5
:109D600009FF03F0E3F801F02DFF012001F014F9E1
:109D70001A4B1B4A1A6000251B221A4C9A805D83DD
:109D80009D839D771D76184B84F86150F9225868A1
:109D90002283164A1B892260E0612946142204F1BD
:109DA00024002384A4F85450A576A580A5750CF052
:109DB00003FA012304F13A0042F21072C4E90A22C4
:109DC00084F8243084F8393084F8565010F078FE46
:109DD00004F14400BDE8384010F097BE8C19002013
:109DE00003021B00F814002090B302001B0048017E
:109DF000044B41F64C521B21C3E9022219745A61EB
:109E0000FFF7A4BF8C19002073B5394DAB68044629
:109E100040F8343FF9F7F6F9064601F0E5F82B7CF7
:109E200084F83C30334BE68710F0200F1B681DBFD1
:109E3000AA886988A4F85E101B2208BFA4F85E20D7
:109E4000A4F860201BB194F97410208898472A491F
:109E50000B79003B18BF012384F87530274B1B6832
:109E600013B120880831984794F87530002B41F6DB
:109E70004C5318BF4FF47A73E3612046FFF736FE68
:109E8000064648B120880221F6F7DCFF60B340F2B5
:109E9000D3513920F6F7E4FA01236386184B1B6887
:109EA00013B1014620889847164B1B6813B12088D0
:109EB00000219847AB886A88697801910333297833
:109EC000009103329BB292B204F1180104F1140024
:109ED000F7F714F8636913B94FF4BE61D9E7A369C2
:109EE0001BB940F2F151D4E70926304602B070BDEB
:109EF0008C19002060060020F81400207406002051
:109F0000700600206C0600202DE9F34105460E4640
:109F100010F017FA002800F0AF80284610F094FAED
:109F200030B1B6F80130013B7F2B01D9122404E097
:109F3000284610F08DFA20B90C24204602B0BDE866
:109F4000F0812846F9F7A6FB0028F5D1284610F045
:109F5000A1F980460028EFD1284603F091FD0028A2
:109F6000E4D0B6F80170F17842F2107328465F43EE
:109F700010F056FA04213078F6F74EFF0621044619
:109F80003078F6F749FF002C78D038B141F6F3115C
:109F90003920F6F765FA90F8BD800446414E3368E3
:109FA000002B6DD04034204610F06EFD002867D0A5
:109FB000204610F05DFD002862D1B8F1000F08D0F6
:109FC000394B20461B689847002859D041F6072195
:109FD000DEE73649336849694246204698470028FB
:109FE0004ED041F60C21D3E7284610F02DFA40B9A7
:109FF00002210DF10600F6F799FE064658B90D2428
:10A000009BE7284610F032FA0028F1D1284B1B7943
:10A01000002BEDD18AE7002101F0BEFCBDF806302F
:10A0200033802846314610F04CFA284610F01EFACC
:10A03000A8B9296A284610F023FA01463046FFF7EE
:10A04000E3FE044600287FF478AF3A4631462846BE
:10A05000F8F7C8FF044620B141F6382198E70121FE
:10A06000ECE7134BDB6D002B3FF467AF024606F5C0
:10A070008D713046984760E742245EE700288AD118
:10A08000284610F0D9F901460028ADD13A462846B5
:10A09000F8F7A8FF044600283FF44FAF41F615211A
:10A0A00076E700BF68060020640600208C190020B7
:10A0B000F8140020014B93F960007047F814002059
:10A0C000034B5A8802801B7883700020704700BFC2
:10A0D0008C1900207FB583781A2B064609D8042BEB
:10A0E00005D9012202FA03F3314A134205D11225A0
:10A0F0001AE0292B01D03B2BF9D13088B0F5706FD5
:10A10000F5D269460EF091FC88B9019B93F81821AD
:10A1100002F0FF05C2B9B27883F81921FF2283F853
:10A12000182168460FF06EF9284604B070BD3088DB
:10A130000921F6F771FE0446002837D0B0F8AC01CB
:10A1400002A90EF072FC08B10C25EDE7B4F8AE01DF
:10A150000821F6F761FE20B940F628113920F6F7FC
:10A160007FF903781BB994F8C831032BECD1039B1A
:10A1700093F82E21002AE7D194F8F02102F0FF0590
:10A18000002AE1D1B4F8B021A3F8302194F8B42129
:10A1900083F83221027D83F83321B27883F83421A9
:10A1A00084F8F021FF2283F82E21BDE70225BBE7CA
:10A1B0002000380438B504784278857804F001032B
:10A1C00052EA030104F0020401D1112038BDBCB9E8
:10A1D000002DFAD0002B08BF144601E000242546CC
:10A1E00020460DF070FA0028EFD028460DF06BFAEB
:10A1F0000028EAD0054B00209C76DD769883E5E7C1
:10A20000002BEBD114461D46EAE700BF8C19002055
:10A2100013B5008869460EF008FC18B102242046E8
:10A2200002B010BD9DF8003001984BB90DF0D3F984
:10A230000028F3D0019890F82A3123B13A24EEE7B0
:10A240000DF0D7F9F4E790F8D23003F0FF04002BBB
:10A25000F4D190F8C9309B0706D1FF2380F82A314A
:10A2600068460FF0CFF8DAE70249CA300FF019F963
:10A27000D5E700BF839D01002DE9F8430378032B48
:10A28000044603D912252846BDE8F8834378032BFA
:10A29000F8D8437E85780BB9012DF3D115F0F80F6E
:10A2A000F0D1A80751D5022DECD14F4B5B79002B93
:10A2B000E8D000F09FFE35EA000340F0918094F86A
:10A2C000029019F0010506D02269A168E078012307
:10A2D000FFF7BAFA054619F0020F07D02269A16804
:10A2E000E0780223FFF7B0FA0543EDB219F0040F4E
:10A2F00007D02269A168E0780423FFF7A5FA054397
:10A30000EDB2002DBFD1B9F1050F0FD194F8049033
:10A31000E168626904234846FFF796FA00285DD198
:10A32000E3784B455CD1A368994259D1237E013B28
:10A33000062BA7D801210020F6F76EFD814638B91B
:10A3400040F627513920F6F78BF869079AD0B0E725
:10A35000A830FDF72DFB18B199F854309A0741D178
:10A3600094F819C0E278A178A068B4F8009094F845
:10A3700018E0BCF1000C18BF4FF0010C012A1ABF05
:10A38000B2FA82F252090222CB071ED54B07276987
:10A390000BD56669BB19984207D243089F4228BF74
:10A3A0001F46C31B9E4228BF1E460F4BC3E90A0728
:10A3B000C3E90C8619775A77A3F81E9083F820E03A
:10A3C00083F821C083F824105DE7022902D1D4F874
:10A3D0001080EAE74B0748BF2669E6E7054652E7E3
:10A3E000112550E70C254EE7F814002000B589B080
:10A3F00043798DF8043083798DF8053001238DF889
:10A40000063003788DF80730B0F8013040F2712142
:10A410004B430393B0F803204A430D49059291F84A
:10A4200020108DF81C1000218DF81D100949A2F68E
:10A43000C4128A4209D8A3F6C4138B4205D801A8D6
:10A44000FFF71AFF09B05DF804FB3020FAE700BF00
:10A45000F81400203C369C002DE9F04F437A044666
:10A4600098078FB005D5944A127912B943F00103C9
:10A470006372657A690704D1122630460FB0BDE8D1
:10A48000F08F15F0F80FF7D100F0B4FD35EA0003B6
:10A4900040F0928094F8483053B9012DECD1A36973
:10A4A000864AA3F25373934200F26E81012602E0C2
:10A4B00015F00106F3D1AA0745BF731CB2464FF051
:10A4C000FF0ADEB26B070AD5B31D7D4A54F823306C
:10A4D000A3F6C413934200F257810136F6B204F199
:10A4E000080704F122054FF000095FFA89F8464594
:10A4F0002BD823789A1E022A5ED9012BBCD813B917
:10A50000A378012BB8D86378032BB5D894F84930D9
:10A51000013B062BB0D8684E01210020F6F77CFCE9
:10A5200096F838300546002B5FD101210846F6F732
:10A5300073FC002818BF054605F1A800FDF738FA9E
:10A54000074600286BD00C2697E7C24536D07B68BB
:10A550000493049A3B6993428ED8012069882A8922
:10A56000EB89B5F814B00390288C0290688B0591A4
:10A57000CDE900B00020CDE90623FFF7DBF8002885
:10A5800000F00281B8F1000F2AD02888059988428E
:10A590007FF472AFE988069A91427FF46DAFAA8981
:10A5A000079B9A427FF468AF6B8A5B457FF464AF88
:10A5B0003B68049A9A4213D011265EE7012E0FD110
:10A5C0003A694048A2F57A73834200F2DD807B68E5
:10A5D000A3F57A71814200F2D7809A423FF64CAFE0
:10A5E00009F10109043702357FE7A830FDF7E0F9EA
:10A5F00000289AD0D5E92A126FF000439A4208BF8A
:10A60000B1F1FF3F91D1637A0093E268617804F180
:10A6100018032846FBF7B4FF0746002885D02846D4
:10A62000FBF7A4FD08B13A2627E72846FBF798FD7B
:10A630000028F8D1B37E43B9CDE9093306238DF85C
:10A640002A3009A8F6F722FCB8B100210DF122004A
:10A65000F6F76CFB8046002800F09480BDF82210CD
:10A6600001232246FFF768FA064620B94046FEF766
:10A67000F7FC67B188B10646CBE0099B93F8A520AB
:10A68000802ADED093F8BD30002BDAD05BE70028BB
:10A69000F1D161782846FBF7E9FE04F1030AA278BC
:10A6A000217853462846FBF781FE00286ED1002F03
:10A6B00066D11220DFE700BFF81400203CF67002DC
:10A6C000CBF37002A7F97002637A8DF8247013F04F
:10A6D00001021EBFA0690B900120E16818BF8DF830
:10A6E00024009F070A910DD5022B09D1901D54F823
:10A6F00020000C909DF8240040F002008DF824000A
:10A700000132D2B2580709D5063254F822200D92F0
:10A710009DF8242042F004028DF8242003F0050364
:10A72000052B0ED10B980D9A8318994209D24B082C
:10A73000834228BF0346C91A0B93914294BF0D91DF
:10A740000D9209A92846FDF739F994F84810003907
:10A7500018BF01212846FBF725FE94F8491028462A
:10A76000FBF704FE2846FBF7AFFF41462846FDF7FE
:10A7700059FF00287FF481AE07264AE00B2648E007
:10A78000122646E00D2678E6302676E617B92846EA
:10A79000FBF770FEA278217853462846FBF7B2FEFD
:10A7A00094F80990B9F1020F05D000F023FC09EAF2
:10A7B000000909F0050949462846FBF7DBFD17B9F2
:10A7C000042385F85430C5F85080A0780CF0F0FED2
:10A7D000524601462846FBF7AFFE237833B9A178ED
:10A7E00052464046FEF7F8FF0028C7D1012128460F
:10A7F000FBF7BEFE01212846FBF7BEFE002F3FF40B
:10A8000063AF04212846FBF7FFFD00287FF435AE37
:10A810000C26B8F8000000F05BFDB8F8000000213D
:10A82000F6F710FB00283FF428AE41F27D313920C5
:10A83000F5F716FE10B54379032B94B057D823F0E3
:10A8400002038DF80630D0F80630CDF80730438982
:10A85000ADF80B3002798DF8042001238DF80D300E
:10A86000027B03888DF8052040F271225343049344
:10A8700041884A430792847B417B41EA0421ADF839
:10A880002810047CC17B41EA0421ADF82E10847CA1
:10A89000417C41EA0421ADF83410047DC17C41EAD9
:10A8A0000421ADF83A10417D847D41EA0421ADF8E0
:10A8B0004010C17D007E41EA0021ADF84610002124
:10A8C0008DF84C100C488DF84E100C4990F8200073
:10A8D0008DF84D00A2F6C4128A420AD8A3F6C4131A
:10A8E0008B4206D801A8FFF7B7FD14B010BD1220A7
:10A8F000FBE73020F9E700BFF81400203C369C004D
:10A9000073B506230024CDE900448DF8063068466F
:10A91000F6F7BCFA08B1002610E0009C94F8A530C8
:10A92000802BF4D094F8BD60002EF0D094F809315B
:10A93000002BECD194F8A430002BE8D101210020A9
:10A94000F6F76AFA054620B941F2B0313920F5F739
:10A9500087FDA830FDF72CF8244B93F8383083B3EB
:10A96000F0B195F85430053B012B19D82846FDF776
:10A9700087F8044610B141F2BB31E7E72846FBF700
:10A98000FBFB95F8543023F0040385F8543022463D
:10A9900021462846FDF788FE80B94FF49E51D5E741
:10A9A00001210846F6F738FA054610B941F2C731D9
:10A9B000CCE7A830FCF7FCFF68B90C24204602B0B5
:10A9C00070BD30B9002EF8D0FF2384F8A4300024E5
:10A9D000F4E7002EF8D12846FDF752F80446002887
:10A9E000ECD12846FBF7C8FBE8E700BFF8140020CD
:10A9F0002DE9FF410778EF2F04460E4601D91226B4
:10AA0000A5E0B0F80130ADF80C309DF90C209DF8B0
:10AA10000C30002AF3DB9DF80D209507EFD1D80606
:10AA20006CD4990603F0030265D5002AE7D11A0712
:10AA300003D503F06703012BE1D163781D0711D41F
:10AA40002179E278E07942EA0122617942EA014221
:10AA5000A17941EA0021207A41EA00418A42CED818
:10AA60001F2ACCD9627A013A062AC8D8A27A032AC8
:10AA7000C5D813F0040102D1023A012A03D8E27AC0
:10AA8000012ABCD811B9A27C032AB8D813F010014E
:10AA9000227D44D0012AB2D1237E012BAFD80029D8
:10AAA0004DD06378D80703D500F000FA00284DD0C8
:10AAB0006378227D03F0180108295AD1022A45D172
:10AAC0001B0709D4E279A37943EA0223227A43EAF5
:10AAD0000243B3F5804F39D81FFA87F80321404667
:10AAE000F6F79AF90546002849D0F8F7D3FD002873
:10AAF00051D00C262BE0032A99D180E713F0600F88
:10AB00007FF47DAF03F00F0203F00703052B94D011
:10AB1000931E012B91D9002A7FF471AF8DE7022A91
:10AB200004D103F06F03092B7FF469AFA37D013BD0
:10AB3000022B3FF664AFE37D0F2BADD95FE700F04A
:10AB400059FA81070AD4237D022B04D111263046FD
:10AB500004B0BDE8F081A37D022BF7D000F04AFAE3
:10AB600042079ED4237D032BF0D0A37D032B98D1E5
:10AB7000ECE7022AA4D0227F002AA1D0E6E7032135
:10AB80004046F6F70BF90546002841D0214B93F9D2
:10AB900060100FF095FB002138460FF055FF18BBF1
:10ABA00028460FF046FC21463070E074284602F03B
:10ABB000BFFFE37E0646002BC9D00028C7D1E96C51
:10ABC00002466846F6F776FAE86C324601210CF048
:10ABD00033FBE96C68460422F6F76CFAE86C3246FF
:10ABE00031460CF029FBB2E740300FF04DFF002852
:10ABF000D6D0637813F0330F7FF401AF296AA77DB5
:10AC000028460FF03DFCFEF74DFE8742C8D070E7A6
:10AC100007269CE7F814002030B50279042A8BB08F
:10AC200003465CD84488B4F5804F58D82D4810446A
:10AC30000021827C457BADF8001042F0100242EA10
:10AC40004502C57D007F8DF8081042EA850242EA80
:10AC5000C00202F01F028DF80020BDF80020ADF800
:10AC600009201A888DF80B208DF80E40120A240A4C
:10AC70008DF80D108DF810108DF80C208DF80F4008
:10AC80005A7B8DF811205A798DF812209A79D3F8D1
:10AC900007008DF81320B3F80B209B7B8DF81A303A
:10ACA0007F238DF81B30012305908DF81D10ADF822
:10ACB00018208DF81C308DF81E3002A88DF81F105A
:10ACC0008DF820108DF823108DF824108DF82110A8
:10ACD0008DF822106946FFF78BFE0BB030BD1220B5
:10ACE000FBE700BF90B302000278034672B14278DE
:10ACF00062B142881A2A09D982881A2A06D9044AD6
:10AD0000006810609B889380002070471220704775
:10AD10008C190020024B02689A600020704700BF27
:10AD20008C190020024B0268DA600020704700BFD7
:10AD30008C1900200378A3F10A02112A9DBF024A50
:10AD400000201374122070478C1900200378FF2B09
:10AD500016D14378FF2B13D18378FF2B10D1C37802
:10AD6000FF2B0DD1037923F0E0021F2A08D113F045
:10AD7000E00F05D0034A5B0982F8203000207047BD
:10AD800012207047F81400200378012B9FBF044A5B
:10AD900003F00103002082F8393088BF1220704789
:10ADA000F8140020014B187600207047F81400209A
:10ADB000014B587600207047F8140020024B1B68A6
:10ADC00003B11847112070475C06002008B5FEF754
:10ADD000F7FAFEF725F9FFF76DF9BDE808400146DF
:10ADE0000148FBF73FBA00BF5C15002008B502F030
:10ADF00029FEF8F7E9F8BDE80840014802F00CBE6A
:10AE00005C15002008B50DF0CCFD064800F58471F6
:10AE1000F6F72AFF02200CF06DF9BDE8084000208B
:10AE20000CF068B95C15002008B5074B012283F8C7
:10AE30000A2202F00FFE03F0FBFCFFF7E3FFBDE880
:10AE4000084001F0DDB800BF5C15002010B5064CCD
:10AE5000064904F503700DF05FFA04F50470044927
:10AE6000BDE810400DF058BA5C15002078060020AF
:10AE70008006002010B5094C094904F503700DF057
:10AE80004BFA04F5047007490DF046FA04F5057015
:10AE90000549BDE810400DF03FBA00BF5C15002029
:10AEA000B8060020C0060020B0060020014B93F831
:10AEB0000A0270475C15002010B5094C094904F5D9
:10AEC00003700DF029FA04F5047007490DF024FA17
:10AED00004F505700549BDE810400DF01DBA00BF2E
:10AEE0005C150020A0060020A8060020980600207F
:10AEF00010B5094C094904F503700DF00DFA04F57D
:10AF0000047007490DF008FA04F505700549BDE81D
:10AF100010400DF001BA00BF5C150020880600202B
:10AF2000900600209806002038B5094C0D4601F027
:10AF30003BF8D4F80C02C4F804510DF0E5F9FEF723
:10AF400057FF01F089F9012384F8183238BD00BF9A
:10AF50005C150020014B93F8180270475C15002027
:10AF600010B50C4CD4F810020DF0CEF9D4F8140240
:10AF70000DF0CAF9FEF7EAFE202000F027F826209F
:10AF800000F024F8292000F021F8002384F818327A
:10AF900010BD00BF5C150020014B83F819027047FB
:10AFA0005C150020014B93F8190270475C150020D6
:10AFB000C2080549012300F0070003FA00F08B5C8A
:10AFC00018438854704700BFD8040020C2080549C0
:10AFD00000F0070001238340885C20EA03008854C6
:10AFE000704700BFD8040020014BD3E9000170472F
:10AFF000D8040020054B1868C0F3C022C0F300201D
:10B00000400040EA820040F001007047D804002070
:10B0100008B507F06BFF084A002332F8231081427D
:10B0200005D302EB83039B78044A137008BD0133F8
:10B030000C2BF2D10023F7E7CAB3020076170020E9
:10B04000024B1878072828BF072070477617002082
:10B0500010B544682388A4F8743184F8731194F807
:10B060006C00FEF72FFC84F8760194F86D00FEF773
:10B0700029FC054984F8770104F5B5700EF011FA42
:10B08000002384F8243110BD8D84010040680849F4
:10B090000388A0F8663190F8643080F8683190F841
:10B0A000653080F8693100F25D100EF0F4B900BF30
:10B0B000C58401002DE9F04F054685B008460C46D1
:10B0C0000EF07FF9064620460EF06FF980462046C6
:10B0D0000EF06FF9834620460EF071F96C6894F813
:10B0E000873094F886A0242B074630D104F18709D5
:10B0F000002E4BD00BF0070B58460DF032FA88B3F8
:10B1000094F86C3098422DD094F82421012A0CBF79
:10B1100094F8262194F868201BEA020F36D0BAF181
:10B12000220F1FD094F865201BEA020F1AD1461E89
:10B13000F6B2032E06D85F4A013B1644DBB2032B5E
:10B1400031790BD940F21F210620F5F789F9BAF1C0
:10B15000220F40F0AB8004F18609C9E713441B7944
:10B160008B4213D808F0070108460DF0FAF9C0B376
:10B1700094F86D30834234D094F82431012B0CBF05
:10B1800094F8273194F8693019422AD194F824317F
:10B19000012B15D11E212846FFF75AFFBAF1220FC5
:10B1A00012D16B68182283F809210A2283F88620BD
:10B1B00093F8C230002B45D140F2B3217E20C4E782
:10B1C000002384F82431E9E70023284689F8003079
:10B1D0000EF0E4FA1821284605B0BDE8F04F0EF055
:10B1E00009BB03AB009320463B465A460DF0FEF9DF
:10B1F0006C6888BB94F82431012B2AD1B4F88030D4
:10B2000094F86C10B4F8280104F524720DF04EFA8D
:10B210000446C8B901462846FFF71AFF89F80040DE
:10B220006B6803F18702914502D1002283F88720E1
:10B230006B6803F1870291454FF0000433D1284633
:10B240000EF0ACFA002032E06B68282283F88620EA
:10B25000E6E784F82401E3E7B4F88000A4F89072EC
:10B26000C0430744BFB247F6FD739F4206D9282367
:10B2700084F8A930284601F079FBD9E794F88730A3
:10B280000E2B02D00B3B012B01D82A23F0E79DF8AF
:10B290000C3084F892329DF80D3084F893322623D6
:10B2A00089F80030C4E783F8C240CBE7022005B03C
:10B2B000BDE8F08FFAB30200044B002283F832207D
:10B2C0004FF6FF729A86DA861A8770477817002041
:10B2D000054B9A8E824201BF002283F832204FF63E
:10B2E000FF729A86704700BF78170020014BD886FE
:10B2F000704700BF78170020094A0346908E4FF62A
:10B30000FF71884206D192F83210012905D01A60E7
:10B31000012070470020186070470020704700BF70
:10B3200078170020064B93F83220012A1FBF012016
:10B33000DA8E83F832009A8608BF0020704700BF7B
:10B3400078170020014B1887704700BF781700203E
:10B35000064B0246198F988E884205D193F8320029
:10B3600018B1136001207047002070477817002043
:10B37000094B998E1A8F914201D0002070474FF6E9
:10B38000FF729A8693F83220002AF6D0002283F8C2
:10B3900032200120704700BF78170020054B998E9E
:10B3A0001A8F914203BF93F83200B0FA80F040093F
:10B3B000012070477817002050B90A4A134601202F
:10B3C00003F8010B0868C2F801008A889A80704768
:10B3D000012805D1034B0A689A608A88D8719A813E
:10B3E000704700BFB217002048B90A4B187880B1E7
:10B3F000D3F80120B3F805300A608B80704701282C
:10B4000006D1044BD87920B19A680A609B89F4E789
:10B4100000207047B217002020B9054B187800F0C3
:10B420000100704701280ABF014B0020D879F6E7D8
:10B43000B2170020F7B500228B888DF80600ADF812
:10B44000043008680C4B8DF80720019D1C780146DC
:10B4500003F5AC73D0B2844201D8082009E0D3E9E7
:10B460000076AE4208BF8F4203F1080302F10102E9
:10B47000F0D103B0F0BD00BFC017002030B5094BBC
:10B4800001465C78002203F58173D0B2844201D872
:10B49000082005E013F8015B8D4202F10102F4D1AE
:10B4A00030BD00BFC0170020F0B5254D95F898417C
:10B4B00089B0224605F2991168460AF0E9FE214654
:10B4C00068460DF08FFA0446B8B300EB4001C9B2EC
:10B4D00002A8F5F709FA601E95F8A161C0B201242F
:10B4E00095F8982105E0731CB3FBF2F102FB1133D0
:10B4F000DEB206F120030DEB030111F8203C002B16
:10B50000F1D100EB400220326A4406EB46032B44A3
:10B5100012F8187C83F8A27112F8177C12F8162C16
:10B5200083F8A37183F8A42101F8204C0138AB19EA
:10B53000C0B2FF2883F89941D2D109B0F0BD00BF55
:10B54000C017002070B5064688B00C46002A4FD0C0
:10B550002A4A92F8A131D01890F8991121B94FF4E4
:10B5600080712820F4F77CFF03EB43011144013381
:10B5700091F8A251E57091F8A35191F8A41161716D
:10B580000021257180F8991192F89811B3FBF1F020
:10B5900001FB103382F8A13192F8C23123B9184966
:10B5A00002F5DD700DF07AFF657905F03F0545F095
:10B5B000400565710D22002168460AF0FDFDE37823
:10B5C0008DF80F3023798DF80E3004AA04236946D4
:10B5D00030468DF80D500AF065FB9DF81F30237042
:10B5E0009DF81E3063709DF81D30A37008B070BDCB
:10B5F00003216018F5F778F9D6E700BFC0170020DF
:10B60000A9B40000044B5A78824286BF1B1893F8F5
:10B610004A010020704700BFC0170020044B5A7831
:10B62000824286BF1B1893F842010020704700BF7A
:10B63000C0170020064B00224FF461711A8083F876
:10B64000C32183F8C421A3F8C61183F8C22170472F
:10B65000C0170020014B83F8C4017047C0170020B9
:10B66000014B93F8C4017047C017002010B5144671
:10B67000FFF7E0FE082803D1012000F0010010BD13
:10B68000FFF7FCFE064B5A788242F5D904B12070D0
:10B69000184490F83A31012BEED090F84A01ECE7CB
:10B6A000C0170020014BB3F8C6017047C017002037
:10B6B00030B50A4B5C7884420ED9184490F80201E8
:10B6C0002B3003EBC004A5790D7053F830001060E7
:10B6D000A3889380012030BD0020FCE7C017002024
:10B6E00070B506460D4606F0F7FA05F067F80A4B06
:10B6F00093F8C3415CB1597859B1981C82333246F2
:10B70000002D08BF184605F023F805F081F8204603
:10B7100070BD0C46FBE700BFC017002008B5064B04
:10B7200003EB01130246012103F1820005F010F83A
:10B73000BDE8084005F06CB8C01700200246074875
:10B7400010B590F8C34124B1417821B1023004F022
:10B75000FFFF204610BD0C46FBE700BFC0170020CE
:10B760002DE9F74F2F4C9A466378834280468946ED
:10B7700056D9231893F8425185F00105F9B193F891
:10B780004A31E3B945F002070135BAF1000F18D18B
:10B79000FA070AD5062101FB084104EB08105246BE
:10B7A00001F585718230FFF7CDFEBB0734D504EB80
:10B7B0000810524649460230FFF7C4FE2CE02F46DF
:10B7C000E3E794F8A1614FF0010B002DE0D0A3193D
:10B7D000019393F8991199B90092DAB100F00CFD38
:10B7E00006EB46012144019B81F8A2014FEA102C8F
:10B7F000009A81F8A3C1000C81F8A40183F899B1E3
:10B8000094F898310136B6FBF3F103FB1166F6B2FA
:10B81000013DDAE747F00407384603B0BDE8F08F92
:10B820000027F9E7C0170020F8B5184C064648B3C2
:10B83000617804F5A1700DF0D5F894F89851074699
:10B84000294604F299100DF0CDF82D1AEDB2AF4251
:10B850001AD8002506270FE0E21892F8422152B9C3
:10B8600007FB034104EB0313324601F5857103F135
:10B870008200FFF767FE01356278EBB29A42EBD89F
:10B880000120F8BD0546E5E70020FAE7C0170020D3
:10B89000F0B51B4E7378834289B007460D462CD90C
:10B8A000331893F8424144BB0D22214668460AF002
:10B8B00083FCEB788DF80F302B798DF80E3006EB8A
:10B8C00007106B798DF80D3004AA04236946823085
:10B8D0000AF0E8F92A789DF81F309A420AD16A786E
:10B8E0009DF81E309A4205D1AC789DF81D00231AB0
:10B8F0005C425C41204609B0F0BD0020FBE700BF80
:10B90000C0170020074B5A78824209D91A1892F8BA
:10B9100042212AB9062202FB003000F585707047EB
:10B9200000207047C0170020064B5A78824281BF22
:10B930001B1893F83A01B0FA80F0400998BF002034
:10B94000704700BFC017002030B50024A0F8404069
:10B95000B0F8444042F210754C43B4FBF2F4A0F846
:10B960004440541E05FB0343B3FBF2F3A0F84230FE
:10B97000084BB3FBF2F30133A0F84830838F05FB8B
:10B980000344436BB4FBF2F459438463B1FBF2F21A
:10B99000426330BD005A620270B504460D4651BB89
:10B9A0004FF432720AF008FC012384F88E306FF0F5
:10B9B000360384F8D930042384F8DA306FF03B037F
:10B9C00084F8DB306F2384F8DC306FF03C0384F8BC
:10B9D000DD30062384F8DF302B2384F8D830FE23B3
:10B9E00084F80E317F2384F88530202384F8DE50DC
:10B9F00084F8143270BD012922D10023A0F8D4317B
:10BA000080F8CB31144BC2691344B3FBF2F3C0F896
:10BA1000B03040F6B833A0F8B4301146C38C78305B
:10BA2000FFF792FF0AF056FA30B1206AFDF752FE96
:10BA300010B984F8B851DDE7002384F8B831D9E7AC
:10BA40000229D7D1B0F89E32D0F89822C169BDE85A
:10BA500070407830FFF778BF7FC3C90170B50446E6
:10BA60000D4651BB4FF412720AF0A6FB012384F875
:10BA70008E306FF0360384F8D930042384F8DA303E
:10BA80006FF03B0384F8DB306F2384F8DC306FF019
:10BA90003C0384F8DD30062384F8DF302B2384F860
:10BAA000D830FE2384F80E317F2384F8853020239C
:10BAB00084F8DE5084F8E13170BD012912D1C269E9
:10BAC0000C4B1344B3FBF2F3C0F8B03040F6B8337C
:10BAD000A0F8B430C38C114604F17800BDE8704082
:10BAE000FFF732BF0229E7D1B0F80A32D0F80422BA
:10BAF000C169F1E77FC3C901034B80F874101B686B
:10BB00000BB1008818477047C8060020074B93F90F
:10BB100000301844142804DC10F17F0F03DB40B21E
:10BB20007047142070476FF07E007047881900201E
:10BB300007B57F230DF107008DF8073006F0DAF81E
:10BB40009DF9073068B10A4A5078404243FA80F0C4
:10BB5000142808DC10F17F0F07DB40B203B05DF85A
:10BB600004FB1846FAE71420F8E76FF07E00F5E7CB
:10BB700088190020024B00221A705A70704700BFCB
:10BB800088190020054B1B7833B9054B1A681B79BF
:10BB90000260037101207047002070478A1900205D
:10BBA000E0040020054BFF221A70054A016811606D
:10BBB0000179117100221A70704700BF8A190020A4
:10BBC000E004002007B5064B186800901B798DF83B
:10BBD00004306846FFF7E6FF03B05DF804FB00BFE2
:10BBE0006EDB02000346407898B1DB783C2B05D829
:10BBF000084AD35C1B1A58425841704703F1160299
:10BC0000D2B2042A04D8034A134413F8AD3CF1E736
:10BC10000120704702B402003C2908B5C17003D866
:10BC20000B4B5B5C437008BD01F11603DBB2042BC8
:10BC300004D8074B194411F8AD3CF3E7FF2904D0B1
:10BC400040F259412A20F4F70BFC0123EAE700BF38
:10BC500002B402002DE9F04385B0894602A91446DA
:10BC600098460CF0E2FE054600283DD1039E34B90B
:10BC7000012486F88D40204605B0BDE8F083776941
:10BC8000214638460BF05AF8014678B3194B5B88C9
:10BC9000A3422DD301AA38460BF0A9F996F88D30AE
:10BCA0000198002B0CBF494602210DF0AAFA019819
:10BCB0002246414603300AF0EBFA214638460BF0A3
:10BCC00082F8044618B97D212B20F4F7C9FB9DF8B2
:10BCD00008302BB102A80DF095FB039BA3F8C251CD
:10BCE000002386F88D30C6E70124C4E70446C2E786
:10BCF0002C46C0E78C190020024B987FC04300F00F
:10BD0000010070478C19002083230B70014B1B78B6
:10BD1000CB707047AC1900202DE9F7438769814645
:10BD200038460D460BF055F9014618B9FC21102094
:10BD3000F4F796FB01AA38460BF059F9064610B9FC
:10BD40004FF48071F3E7019BB9F8000003F1030899
:10BD50001D4B1B687BB9B9F80030AB8000230198FC
:10BD60006B72EE800DF055FA01280ED002280CD02F
:10BD70004FF48D71DBE73246414698470446002870
:10BD8000E9D1204603B0BDE8F083287238460BF0B5
:10BD900036F9044610B940F22311C8E7FB2E02D948
:10BDA0004FF49671C3E7286810B940F22D11BEE731
:10BDB000324641460AF06CFA38460BF068F8002823
:10BDC000DFD140F23111B2E7D00600202DE9F34770
:10BDD000DFF87081DFF8709106460D4605272B6964
:10BDE0004BB11B7A1BB97E211020F4F739FB2C696B
:10BDF00094B9002066E06C68237A012BF9D0EFF348
:10BE0000108372B66A6812686A6003B962B62C6100
:10BE1000237A0BB9A421E7E794F808A05FFA8AFA1D
:10BE200027720AF1FF330B2B77D8DFE803F0730694
:10BE30001027703D4E3D3D3D3D61636813B94FF4A1
:10BE4000D471D1E731462046984704201EE063684C
:10BE500013B940F2B111C7E731462046984703466F
:10BE6000C3F30723012BADF80400C0B258D0022B56
:10BE70000CD100232B610028B1D023E0636813B9F3
:10BE800040F2B911B0E7204698470020EFF3108345
:10BE900072B6227A052AD1B24AD1002222722A61D0
:10BEA000002BE8D162B6E6E7D9F80030002BECD0E1
:10BEB0006068524631469847BAF10A0FC5D100234F
:10BEC0002B61042002B0BDE8F08763680BB9B32191
:10BED0008AE70D22327019885869A6F803100122EA
:10BEE0000024B2707271B4710AF0D1FF2C61E8E7DE
:10BEF000606810B940F2E11176E7D8F800303146B9
:10BF00009847034660B100232B610220DAE74FF423
:10BF1000F97169E740F2F51166E74FF4FC7163E7E8
:10BF200084F808A00028CDD1002B7FF458AF60E73B
:10BF300011B940F2192157E7002B7FF450AF62B6D8
:10BF40004DE700BFCC060020D406002070B5144C8D
:10BF50001426231D3246002118460AF02DF9034607
:10BF60000125257400210433324604F11800C4E988
:10BF700001330AF021F984F824500A4A04F11C0321
:10BF8000C4E906330023E362236384F83430C4F841
:10BF90003530C4F8393084F83D30136070BD00BFCF
:10BFA000AC190020D006002010B5084C2378FF2BD8
:10BFB00004D04FF49D711020F4F752FA09F0BAFE44
:10BFC0002070BDE81040FFF7C1BF00BFE5040020AE
:10BFD00010B5034C207809F0C9FEFF23237010BD73
:10BFE000E5040020014B187809F0D0BEE5040020DC
:10BFF000014B024A1A607047CC06002019BD0000B0
:10C00000014B024A1A607047CC06002019BD00009F
:10C0100010B506490446FFF7D9FE28B92046044961
:10C02000BDE81040FFF7D2BE10BD00BFC41900200C
:10C03000B019002010B51346027A22B140F29521C2
:10C040001020F4F70DFA0A46BDE8104001460148F9
:10C050000DF001BAB0190020044890F834301BB933
:10C0600003492C300DF014BA704700BFAC19002002
:10C07000499401000346064890F83E203AB190F8F2
:10C080003D2022B900F8353B02490DF001BA704756
:10C09000AC19002009BD000010B50A46037A23B18F
:10C0A00040F29D211020F4F7DBF90146BDE8104075
:10C0B000014807230DF0CFB9C41900201346027AB6
:10C0C0000AB1037270470A46014601480DF0C3B930
:10C0D000B01900201B234FF01B128384038482615C
:10C0E0008382C260038541B94FF4A473094AC384B3
:10C0F0004384C261C382026170474FF42963C384E1
:10C1000043844FF4A47203F12963C361C2820361C3
:10C11000704700BF4801480103460846B3F858205D
:10C12000B3F84C10B3F842C0F0B48A4293F86D40B3
:10C13000B3F85060B3F84870B3F8465028BF0A46C9
:10C14000B3F85A10A3F84220033CB142E4B228BF2E
:10C150003146012C8BBFB3F84A604FF429660C4678
:10C160004FF42964974238BF17468E4238BF0E46B7
:10C170009445A3F84640A3F84870A3F84A6026D136
:10C180002C1B18BF0124B3F85420B3F84E50B3F859
:10C190004060B3F84410954228BF154693F86C20D0
:10C1A000033A012A15D9B3F85220B3F85670BA42AF
:10C1B00028BF3A46AE42A3F84050A3F8442002D12B
:10C1C000914200D144B1F0BC04490DF06AB9012498
:10C1D000D9E74FF42962EDE7F0BC7047AF94010056
:10C1E000014B1878704700BFEB190020014B1878FD
:10C1F000704700BFE6040020094AD2E9000343402B
:10C2000083EAB01181EA43214FEAF3435360054BBF
:10C21000116058434FEAF06000EB8000704700BFA8
:10C22000EC190020BB79379E094AD2E9000343404C
:10C2300083EAB01181EA43214FEAF3435360054B8F
:10C24000116058434FEAF06000EB8000704700BF78
:10C25000E8040020BB79379E10B50A4C0948082134
:10C26000F4F742FBD4E900231343F7D0064CFFF761
:10C27000DBFF2060FFF7D8FF236860600343F6D040
:10C2800010BD00BFE8040020EC190020A0F10C0351
:10C29000DBB2392B10B50C4696BF0B49FE21C95CA9
:10C2A00010460DF047FA68B964B12178272907D004
:10C2B000EB2908BFEA21BDE8104010460DF03ABA5C
:10C2C0002621F8E710BD00BF44B40200174B184AFE
:10C2D0009A60184ADA62184A1A61184A5A61184A6A
:10C2E0009A61184A1A63184A5A62184ADA64184A54
:10C2F0009A64184A9A63184B184A9A60184A1A6244
:10C30000184A5A60184A1A60184A9A62184ADA6239
:10C31000184ADA60184A9A61184A1A63184A9A64E5
:10C32000184ADA64184A5A62704700BFD8060020DB
:10C3300069980100CB9A0100959A0100599A010071
:10C3400095CA000091CD00005DCC0000D79C010093
:10C35000FB9C010001CC0000E00700208B9801004D
:10C36000819C0100F79801001D9A0100159C0100B5
:10C37000E79A0100379C0100F79B0100A19D010095
:10C38000419D01002F9D01009B9C0100174B184A05
:10C390009A60184A5A60184A1A60184A9A62184AEB
:10C3A000DA62184ADA60184A9A61184A1A63184A17
:10C3B0001A62184ADA64184A9A64184A5A62184B80
:10C3C000184A9A60184A5A62184ADA62184A1A6178
:10C3D000184A5A61184A9A61184A1A63184A9A64A4
:10C3E000184ADA64184A9A63704700BFE8080020C8
:10C3F000699801009F980100319901000B9B010091
:10C400007D9B0100F9CA0000939B010091CD0000C3
:10C4100001CC0000D79C0100FB9C01005DCC00001A
:10C42000F00900208B9801009B9C0100B59B010046
:10C43000599B0100D99B0100A1CB0000A19D0100E7
:10C44000419D01002F9D0100819C0100054B064A82
:10C450009A65064ADA65064B064A9A65064A1A66DE
:10C46000704700BFD806002021870100B588010071
:10C47000E00700204985010017890100054B064AA5
:10C480009A65064A1A66064B064A9A65064ADA65AE
:10C49000704700BFE80800200D880100B5B000001B
:10C4A000F009002049850100838901002A2A73B51B
:10C4B00005460C462ED82A2A35D8DFE812F0390076
:10C4C0007D0087009300AB0091009100BA00BC0092
:10C4D000C20091009100C700D200BC0034003400BB
:10C4E000D60091009100F100F100F800FF000B016F
:10C4F000340034002A01470154015A0160016B01E4
:10C500006D016F0171017C0184019B019D0134006B
:10C5100034008C01EB2A00F07381FF2A00F0728155
:10C52000EA2A00F06B8140F266415120F3F798FF50
:10C530004168D1F80432B1F8FE21A3F57A7541F2D1
:10C54000707085420CD84FF47A70B3FBF0F303F5AA
:10C5500050639BB26420B2FBF0F20120D2B20DE036
:10C5600040F2E2406FF45065B3FBF0F39BB25D190B
:10C57000062DEFD9B2FBF0F20020D2B22271D1F831
:10C580000022B0B16420B2FBF0F292B26271E371AA
:10C59000120A1B0AA2712372B1F8083263721B0AD5
:10C5A000A372B1F80A12204602B0BDE870400CF048
:10C5B00054BE40F2E240E6E74368D3F8F01120466B
:10C5C000013102B0BDE870400CF07BBE02784368D8
:10C5D000012A02D193F8103101E093F81931237147
:10C5E00002B070BD4568204605F50E710CF078FE6E
:10C5F00005F5107120460CF07DFE05F5067120460C
:10C600000CF07EFED5F80011204602B0BDE8704067
:10C610000CF084BE4168204601F5EF710CF084FEF9
:10C620006B68D3F80411204602B0BDE870400CF0EE
:10C630007FBE4368CEE7084602B0BDE8704000F018
:10C6400061BB02B0BDE8704000F06CBB0E230B7103
:10C6500059234B7100238B71F323CB7110230B7281
:10C66000BEE7436893F80A31B9E7037846687BB9B7
:10C6700096F8103163B196F80D1120460CF0B0FE1B
:10C6800096F80C11204602B0BDE870400CF0ACBE2C
:10C6900096F80B1120460CF0A3FE96F80A11F1E76C
:10C6A0004168204602B0BDE870400DF0C5B843684F
:10C6B00093F82621227193F8273109E0436893F813
:10C6C0002421012AF4D093F868200A7193F8693084
:10C6D000637185E7456895F8FB010BF0FAFF0146A9
:10C6E00020460CF064FE95F8FA01C31E012B07D812
:10C6F00095F86C30DA1E012A02D8984218BF002043
:10C700000BF0E7FF0146204602B0BDE870400CF098
:10C710004ABE45680023204601218DF804300CF004
:10C720007CFD2A7C6B7C032A08BF002203F01F03D8
:10C7300043EA82139DF8042002F02002134301A96A
:10C7400020468DF804300CF071FD49E743680F2155
:10C750001888F4F761FB00F15B01204602B0BDE8E8
:10C7600070400CF0FBBD084602B0BDE870400EF012
:10C7700097B9084602B0BDE870400EF099B9274B52
:10C780001B68002B3FF42CAF2946204602B0BDE8C1
:10C7900070401847224BF3E7224BF1E7224BEFE7BB
:10C7A000224B1B68002B3FF41BAF0246232002B034
:10C7B000BDE8704018471D4B1B68002B3FF410AFBD
:10C7C00002462420F3E7194B1B68002B3FF408AF07
:10C7D00002462520EBE743680F211888F4F71CFB7D
:10C7E00000F17D0200F15B01204602B0BDE870401F
:10C7F0000CF0C0BD0E4BC3E70E4BC1E70E4BBFE7BD
:10C800000E4BBDE7436893F88722D3F88812204681
:10C8100002B0BDE870400CF00CBD00BFFC0A002067
:10C82000000B0020F80A0020040B0020180B002049
:10C83000140B0020100B00200C0B0020080B002014
:10C840003C2803D8064B53F82000704700F116032C
:10C85000DBB2042B01D8AD38F4E70020704700BFED
:10C86000D80600203C2803D8064B53F82000704718
:10C8700000F11603DBB2042B01D8AD38F4E7002039
:10C88000704700BFE80800203C2803D8064B53F847
:10C890002000704700F11603DBB2042B01D8AD383D
:10C8A000F4E70020704700BFE00700203C2803D8D1
:10C8B000064B53F82000704700F11603DBB2042B3F
:10C8C00001D8AD38F4E70020704700BFF009002020
:10C8D00030F8023CF7B504460D467BB100238DF8D5
:10C8E00004308DF805309DF80430002063F3070014
:10C8F0009DF8053063F30F2003B0F0BD184B30F8FE
:10C90000A06C1B680BB128389847164B1B680BB1FD
:10C91000304698470A2300272B70AF70A5F80360B4
:10C92000637A54F8880C6B710AF0C3FA18B9B12114
:10C930006320F3F795FD3046FEF7CAFC39463046D2
:10C94000F4F780FA02213046F4F77CFA18B9064B66
:10C950001B6803B1984704238DF804300223C0E715
:10C960001C0B0020240B0020200B0020F7B545688D
:10C970006E6904464FF6FF770DF102010DF10102D9
:10C980003046ADF802700AF03AFA01A930460AF0D2
:10C9900059FA40B101980AF030FB61680022027236
:10C9A000FFF77AFBE8E7044905F1A00003B0BDE812
:10C9B000F0400CF070BD00BFD1C80000F0B50446D7
:10C9C00085B00D46FF2600F8C16C10F8C23CF3B1EB
:10C9D000184F3B781BB148211F20F3F741FD0C2174
:10C9E000381DF3F781FF3E70002304F8C13C2A464E
:10C9F000092302F8033BD4F80930C5F80330D4F812
:10CA00000D305360D4F81130936005B0F0BD01A82B
:10CA10000C21F3F769FFA4F52A73039AC3F80421E4
:10CA200001AB03CB44F8CA0C44F8C61C04F8C26C32
:10CA3000DAE700BFF419002010B5054C23782BB9B4
:10CA40000C21201DF3F750FFFF23237010BD00BF02
:10CA5000F4190020024690F8E631BBB990F8E731AE
:10CA600003F0FF010BB100207047094B1878002834
:10CA7000F9D01970D968C2F80411043303CBC2F895
:10CA8000DE01C2F8E211FF2382F8E631012070478F
:10CA9000F419002038B5436893F886201C2A044610
:10CAA00024D1002283F8C72083F8C22083F84222D1
:10CAB000436893F8C8101D8803F5CF7069B10C491D
:10CAC00083F8C820A3F8A85183F8A7210CF0E0FC54
:10CAD0006368002083F8860038BD012283F8A7111F
:10CAE000A3F8A851034983F8AA21EFE70220F3E74E
:10CAF000459A0100379A010070B5426892F8873074
:10CB000004460D463BB1142B05D0123B0B2B94BFB2
:10CB10000820012070BDD2F8143183BB92F8C830D0
:10CB200013B920460CF02AFE6168284601F5EB7126
:10CB30000CF0EDFB284666680CF0F3FB6168C6F864
:10CB400000010B88A1F8B132284601F2B3210CF0A4
:10CB5000CCFB6168284601F2BB210CF0CEFB636878
:10CB6000002583F8E65160680C4900F52A700CF046
:10CB70008FFC6368162283F887202846CAE70C22B8
:10CB8000032120460CF01DFE63683222204683F804
:10CB900087200CF0F3FD0020BCE700BFBDC90000FA
:10CBA00038B5436893F887201D2A044604D04FF413
:10CBB000DE711F20F3F754FC93F8C8101D88002283
:10CBC00083F8C72003F5CF7069B10B4983F8C820FB
:10CBD000A3F8A85183F8A7210CF05AFC636800223F
:10CBE00083F8872038BD012283F8A711A3F8A85144
:10CBF000024983F8AA21EFE7459A0100379A01001C
:10CC000038B50578446825B994F8873023B10125F3
:10CC100018E0A36FDB07FAD44A680E4B896813400B
:10CC20000D4AC4F8D830C3F307630A4043F0080341
:10CC3000C4F8DC2084F8DB300CF0A0FD25B9042317
:10CC400084F88730284638BDA36F43F00103A367FB
:10CC50000025F7E72FC904F76FDB000670B54368BE
:10CC600093F88620042A30D14C681A4A8E680578D9
:10CC70002240C3F8D820184CC2F3076242F00802E1
:10CC8000344083F8DB200022C3F8DC4083F8C22064
:10CC900083F8862015B9426882F82B5193F88021D9
:10CCA00002F0FF049AB91A88A3F8822183F881411F
:10CCB0004A68C3F884218A68C3F88821074903F5C4
:10CCC000BC700CF0E5FB204670BD0124FBE700249E
:10CCD000F9E700BF2FC904F76FDB00065F9C010076
:10CCE000406890F8803153B90388A0F882311A2344
:10CCF00080F88131024900F5BC700CF0C9BB704767
:10CD00005F9C010010B50446FEF76EF9034A044B20
:10CD100002400B406260A36010BD00BF2FC904F742
:10CD20006FDB000637B50C464568FEF75DF9084A2B
:10CD3000084B0A4095F8D8100192034000930B402D
:10CD40008DF800306B4603CB6060A16003B030BD4E
:10CD50006FDB00062FC904F7DB0410B5144604D5B9
:10CD6000037D13B10023436310BD436B0133436361
:10CD70000CF0F7FFD0E90D239A42F5D3002343636B
:10CD800002492046BDE810400CF08BBBC99C010055
:10CD9000F8B54468077894F88630012B05460E46AE
:10CDA00008D027B994F8873023B1012041E0A36F60
:10CDB0009A07FAD494F8C9309B0719D430460CF07E
:10CDC000BBFA84F8D300B6F80530A4F8D430B6F82E
:10CDD0000730A4F8D63094F8C93043F00202D807DF
:10CDE00084F8C92010D5184904F1CA000CF059FB89
:10CDF00094F8C930D90712D4E7B994F8873043B111
:10CE000050214020F3F72CFB94F82A31002BEAD173
:10CE1000EEE7012384F8873028460CF0AFFC94F845
:10CE20008630012B4FF0000003D184F8860084F88F
:10CE3000C200F8BDA36F9A0701D55521E1E743F081
:10CE40000203A367E8E700BF839D010070B5456852
:10CE50000446FEF76DFE054B85F885001B6801460C
:10CE60001BB12046BDE87040184770BD2C0B002058
:10CE7000024B1B6803B11847704700BF280B002006
:10CE8000F0B5204E054630780024147080B1431E62
:10CE90007768DBB2181B01280BDC07EBC40057F8DE
:10CEA00034604068884208BFAE4212D1147001203D
:10CEB000F0BD1819461007EBC60E57F836C0DEF85D
:10CEC0000460AC45C0F347008E412CBF03460446C6
:10CED000E0E7B54271EB000002D214700020E7E7F2
:10CEE00007EBC30057F833404068884208BFAC42A4
:10CEF00001D11370DBE7A542814128BF01331370D4
:10CF0000ECE700BF141A002010F0070208B503D0A8
:10CF100063214820F3F7A4FA18B1034B1972586043
:10CF20001A70C80008BD00BF141A0020014B00226F
:10CF30001A707047141A0020014B187A704700BF0E
:10CF4000141A00202DE9D3430CF054FF0DF1070211
:10CF500007460E46FFF794FF98B9114C2278237AC2
:10CF600093420ED0616813466FF0604E9DF8070043
:10CF7000984209D301EBC003C3E900760132227065
:10CF8000012002B0BDE8D08303EB0E0001EBC0002E
:10CF9000D0E90089013BC0E90289DBB2E6E700BFC6
:10CFA000141A002037B50CF025FF0DF10702FFF72A
:10CFB00067FF0446A0B10C4A9DF807001378556836
:10CFC000013BDBB213701A1AD2B2411CD200834269
:10CFD00038BF002205EBC10105EBC00009F0A6F83F
:10CFE000204603B030BD00BF141A00200A46822339
:10CFF00002F8033B04480368C1F8033043685360F8
:10D0000083689360704700BF1D1A002002481622F3
:10D01000002109F0D1B800BF1D1A002017B402ABDF
:10D0200003E903001A48437D7BB30B469DF80010CB
:10D0300001BB93F86C10174A32F811204FF47A7143
:10D0400002F23F62B2FBF1F2D3E96E146E3144F1A9
:10D050000004521844F10004198801804260846081
:10D06000B3F880300C49438002220C3003B010BC6E
:10D07000FFF724B8520608D51A880280D3F8382260
:10D080004260D3F83C228260EAE703B010BC7047EC
:10D090001D1A00207EB40200EDCF00000F4B33F8C4
:10D0A000113010B5042900F1FF3403F2E7334FF4D7
:10D0B0007A724FEAC414B3FBF2F309D003290AD001
:10D0C00002290CBF6022F022234400FB023010BD75
:10D0D0004FF4D262F8E740F2BE22F5E788B40200CE
:10D0E00010B5264B1A68D2F80F300362537D117DBC
:10D0F0001B0443EA0123D17C0B438362B2F819304D
:10D100006FF45061591806298DBF40F2E241A3F532
:10D1100050634FF47A714B4396BF4B43002101217A
:10D1200080F87610C361937DD9B103EB830303EBE1
:10D1300083039B000386B2F81730D9B164214B43B7
:10D14000C362B2F81B308384B2F81D30C38492F8F6
:10D15000243003F01F025B0980F89A2080F8B9316F
:10D1600010BDC3EB431403EB840303EB83035B00A9
:10D170009BB2DFE740F2E241E1E700BF341A002052
:10D1800038B5074D044600F1690128680BF0EAFD47
:10D1900094F868102868BDE838400BF0F8BD00BF6F
:10D1A000341A0020D0F88030F7B50BB101221A6094
:10D1B0004388DB0727D50023CDE90033134E056AEA
:10D1C00002238DF80630FF2386F8203005F10A0788
:10D1D0006846F3F75BFEB0B9009CA542F8D06A7AC6
:10D1E000607A3B4604F10A010BF0DEFB0028EFD029
:10D1F000A37886F82030D4F80330C6F82130044BE9
:10D20000B4F807209A8003B0F0BD00BF341A0020A4
:10D21000551A002038B5084D044600F1690106236F
:10D22000286800220BF0D3FE94F868102868BDE847
:10D2300038400BF0ACBD00BF341A0020F8B50446EE
:10D240000E466588807F15F00401134618BF04F16F
:10D2500077013246FEF784FAC20705460BD5012353
:10D2600084F86830A07FFEF74DFB0368C4F869308E
:10D270008388A4F86D30AB070CD5094E01273068C0
:10D2800084F8767004F177010BF07AFD3068394646
:10D290000BF08AFD85F00400C0F38000F8BD00BFEC
:10D2A000341A002010B50446084694F8D8306BBBF9
:10D2B000237884F8D930082904F1DB0216D004F170
:10D2C000DA01FEF7F5F920B940F61A712D20F3F7CF
:10D2D000C7F894F8DA3043F0020384F8DA3004F146
:10D2E000D0000B49BDE810400CF0D2B8094B1868CB
:10D2F000034613F8031BC1F3801184F8DA10D0F849
:10D300000310C4F8DB109B889380E8E710BD00BFD2
:10D31000379E0100341A002070B504460E461546AB
:10D32000FDF740FE98B9237884F8C030637CA4F8F8
:10D33000C16084F8BF500BB194F8483084F8C33012
:10D3400004F1B6000249BDE870400CF0A1B870BD10
:10D350003FA2010038B5B0F848301A4D0133A0F8AB
:10D360004830AB7C04462BB104F0B6FC03F026FA3F
:10D370000023AB7400232B7194F889302BB1012169
:10D380002046BDE83840F6F71FB9637CBBB1B4F85E
:10D3900048209A4213D301212046F6F715F96388F5
:10D3A000DB0748BF236A204644BF19884322BDE8F3
:10D3B00038405CBF43224FF6FF71FFF7ADBF00213D
:10D3C000DEE700BF341A002010B5094C2379012B89
:10D3D00002D02379022B05D1A37C1BB104F07CFC85
:10D3E00003F0ECF9A06ABDE81040FFF7B3BF00BF3F
:10D3F000341A0020074A0346906A03B909B9FFF7B7
:10D40000A9BF1379D26A03F180431269033B52F832
:10D4100023301847341A00202DE9F043032985B042
:10D42000054690467BD090F888300529DBB202D1C2
:10D430004288D60760D5002B5ED10127DFF8E8903F
:10D4400099F81260B6B10BF0E4FA082888F80000E9
:10D4500014D002AA0DF10701FEF72AF920B940F60F
:10D46000A4612D20F2F7FCFF9DF8070002A90CF043
:10D47000CDFC064698F80030082B08D1D9F80010EA
:10D4800011F8030BC0F380100CF0C0FC0646D9F86D
:10D49000001095F86F2011F8030B05F17003C0F32D
:10D4A00080100BF081FAD9F80010044611F8030B34
:10D4B000C0F380100BF0A3FA8146FEF735FA01465F
:10D4C00040B1B9F1080F1BD04846FEF79BF880F039
:10D4D0000101C9B298F80000082815D094B9AB7FB3
:10D4E0001C1A604260416B885A0706D421B996B96C
:10D4F0002B7D93B1BB4210D0002005B0BDE8F08376
:10D500000021E7E70120EEE714B181F00104E4B265
:10D5100004F00100E7E73046EFE70120EDE743883C
:10D520009B07E9D5022789E7341A00202DE9F3414A
:10D53000444C2379012B07D02379022B04D040F6E9
:10D5400038412D20F2F78CFFA26A176A0FB197F8C5
:10D550007570A8B90125A37C1BB104F0BDFB03F0D5
:10D560002DF9002D6BD0A06AF5F726FE002860D0BB
:10D5700004F0A0F9E36A9B6802B0BDE8F0411847E7
:10D58000216811F8096B02F16903F00992F868202B
:10D590000BF00AFA0028DDD006F00F06052E2068F1
:10D5A0002CD190F8243003F01F03102B26D9D4F887
:10D5B000288098F812500DB308230DF10702314668
:10D5C00040468DF80730FFF727FF0028C3D098F8B2
:10D5D000E930002BBFD1226808F1EA01D31C2332C5
:10D5E00053F8040B41F8040B9342F9D11B880B80CC
:10D5F00008F1E10014490BF04BFFACE739460BF0A2
:10D60000FBFB0028A6D02379A06A012B05D0237943
:10D61000022B02D040F6114193E72379E26A03F12D
:10D6200080435269013B314652F823309847054602
:10D6300091E7A06A02B0BDE8F041FFF78BBE02B0EF
:10D64000BDE8F081341A00204F9E01002DE9FF470C
:10D6500008230DF10702052104468DF80730FFF776
:10D66000DBFE054620B90025284604B0BDE8F0875A
:10D67000FCF7DCF806460028F5D1DFF8EC80216ADB
:10D68000D8F8002091F88E30104610F8037B03EA9A
:10D69000571303F0010381F88E30D2F80330C1F83C
:10D6A00003308388A1F807301346276A13F81F1B3D
:10D6B000C1F38011B970D2F81F001B79029038466F
:10D6C0008DF80C30FFF70CFD276A94F913A002A91E
:10D6D00007F18E000BF095FA40F20113A7F86C30B9
:10D6E0004FF0FF0987F86E90314607F13400FEF7DE
:10D6F000F1FC51463846FEF7FFF9216A84F895603F
:10D700000B88A4F896304FF6FF739DF80720A4F815
:10D71000B430204684F8B3900CF02AFD134904F18C
:10D720008C000BF0B5FEFDF73DFC60B9236A104993
:10D730001A88A4F8CD2093F88E3084F8CF3004F105
:10D74000C4000BF0A5FE236A002219882046FFF7CB
:10D75000E3FD084B1B68002288F80420002B83D0CF
:10D76000206A214698477FE7341A00201FA1010054
:10D77000219E0100380B0020032973B5044604D014
:10D78000052927D0012002B070BD08230DF1070242
:10D790008DF80730FFF740FE0028F3D0237C23B13B
:10D7A0009DF807102046FFF77DFD0F4D2B680622E0
:10D7B00004265A701E702046FFF7E2FC94F85C20A5
:10D7C000A16D28680BF009FB28682E7104F08CF914
:10D7D0000020D8E7054B1B6823B1984780F0010073
:10D7E000C0B2D0E71846CEE7341A0020340B002030
:10D7F000F8B504460F4619B300F1300528460CF081
:10D80000EDFEA0B963881A072ED528460CF0FDFE60
:10D81000064628460CF0E2FE301AC0B20CF005FFB6
:10D82000444A93680344284693600CF0B3FE2846AC
:10D830000CF0B5FE03F010FF2179252003F070FDF8
:10D840003C4D94F876202868002303704370638869
:10D85000103B0D2B5ED8DFE803F0595D550C5D40A1
:10D860005D5D5D5D5D5D5D402046BDE8F840FFF7B4
:10D8700071BD06234370202303702046FFF780FC10
:10D88000638823F008039BB2152B05D094F854202D
:10D89000216D28680BF092FA286804F025F903231B
:10D8A00021792B71002003F0DDFE064607B9E86000
:10D8B00063881B0704D50CF0B5FE0644C4F820614C
:10D8C0006388103B0D2B30D8DFE803F0322F292975
:10D8D0002F292F2F2F2F2F2F2F290C234370212358
:10D8E000037042B104F177010BF04AFA0121286874
:10D8F0000BF05AFAC1E704F170010BF041FA94F809
:10D900006F10F4E7062303704370B6E70223037039
:10D910000623F9E740F21F612D20F2F7A1FD2179DE
:10D920000120BDE8F84004F0F1B940F6AB41F3E75F
:10D93000F8BD00BF341A002038B54388102B0446C8
:10D9400004D1BDE838400121FFF752BF0B4DAB7C3D
:10D9500023B102F015FF402004F0B2F9286804F06A
:10D96000C3F8608810F0040002D1217904F0CEF9E8
:10D97000002004F063F901232B7138BD341A002014
:10D98000024B0121986AFFF733BF00BF341A002011
:10D9900010B5154CA37C1BB104F09EF902F00EFFEC
:10D9A000A06AF5F709FC20B1A06A438803F01803C8
:10D9B00023B9A06ABDE81040FFF7CCBC2379012B46
:10D9C00007D02379022B04D040F63B312D20F2F70B
:10D9D00047FD2379E26A03F18043D268013BBDE849
:10D9E000104052F823301847341A002010B5094867
:10D9F000037903F0FF0453B924222146043008F0D0
:10DA0000DBFB04F069F902F0D9FE204610BD0C24BE
:10DA1000FBE700BF341A002010B5094C0023237126
:10DA20002060FFF7E3FF20B140F2EA212D20F2F75A
:10DA300017FDE36A13B940F2ED21F7E710BD00BF0F
:10DA4000341A0020014B024ADA627047341A00206F
:10DA500060E00000044B054A1A60054B054A1A6055
:10DA6000054B064A1A607047340B00204DD6000063
:10DA7000380B002051350000300B002029DD00005C
:10DA8000F8B5467DB31EDBB2012B04468CBF0027E0
:10DA9000012796B3023E18BF0126012B2DD800F1B5
:10DAA000700190F86F000AF0AAFF054663889B0694
:10DAB00005D4082D2CD02846FDF7B0FD40BBA57736
:10DAC000677784F86860FDF7EDFD05460DF0C1F855
:10DAD000164BA5FB03351B1845EB01050022C4E9D5
:10DAE000183584F8762011462046FFF7A7FB70B959
:10DAF00040F275412D20F2F7B3FC0825D6E704F17A
:10DB000069013046FDF770FC0028D8D10020F8BD2F
:10DB1000002EF4D0237F002BF8D0D4F81630C4F8B0
:10DB20006930638BA4F86D30C9E700BF40420F0035
:10DB30002DE9F04F07460C4605460FCF9BB00EAEC1
:10DB40000FC60FCF0FC697E80F0086E80F0006A894
:10DB50006E790CF004FDA37A029323780393237D5E
:10DB60006178013BDBB2022B01F07F0800F2888074
:10DB70006C4A1344C9069F7B06D4A37D013BDBB2EC
:10DB8000022B7DD813449E7B637E03F0FD03012BA3
:10DB900002D1042F08BF0327A37E03F0FD03012B4E
:10DBA00002D1042E08BF0326617A06A80CF0DEFC21
:10DBB000237D227F022B08BF617D02F1010206BF97
:10DBC0000131C9B20121D2B206A80CF0D1FC18F083
:10DBD000080F6CD106A80CF018FD6378DA068246AF
:10DBE00053D4F3F74FFA394681465046FFF756FAB9
:10DBF000CDF8008001460123324648460CF036F944
:10DC00002279E37843EA0223627940F2712143EA00
:10DC1000024300F2D7204B43B0FBF1F04843984257
:10DC200038D84FF0000B94F818A00593A37C049308
:10DC30000AF1FF33D3F1000AE86C4AEB030A09F05A
:10DC400089FB8146E86C09F095FB484538BF48469A
:10DC500080B2059B0DF1180960B308A9CDE90A3B14
:10DC6000CDF82090ADF824808DF830708DF83160BB
:10DC70000CF02DFA059BE8B945201BB0BDE8F08FEC
:10DC800040F256310620F2F7EBFB2822414600F025
:10DC9000F3F9B5E7E379A27942EA0322237A42EA6B
:10DCA000034201FB02F3984298BF0346B9E7002301
:10DCB0009B46B8E7CDE9103B049B8DF84C30039AA6
:10DCC000029B8DF83C708DF83D608DF848A08DF872
:10DCD0004D308DF83820ADF83A800EAF0FCF2E467C
:10DCE0000FC60FCF0FC697E80F0086E80F0099E820
:10DCF00003002863A986E37A13F0FD0F14BF012304
:10DD0000002385F86F30E3682B67238AA5F8743009
:10DD1000E27D95F8463062F3071385F8463000201F
:10DD2000ABE700BF88B402002DE9FF4708230DF1DF
:10DD30000702052104468DF80730FFF76DFB002828
:10DD400000F08E80FBF772FD002840F08980464D80
:10DD5000206AFFF7C5F92B68D3F81F0093F823203A
:10DD60008DF80C200290226AD3F80310C2F8031039
:10DD7000B3F80710A2F807101B78206AC3F38013CA
:10DD800083703A4B1B6813B1012221469847266ADB
:10DD90002868B7780E234FF00808437080F8008099
:10DDA00000210BF03AF9002228684FF003010BF034
:10DDB0003BF92046FFF72EFA286839460AF0F4FFAF
:10DDC000062301222868F11C0BF001F96179FF207C
:10DDD00003F0A6FA286803F087FE266A204631463B
:10DDE0000CF04EFB0DEB0801074606F18E0094F98E
:10DDF00013A00AF006FF86F86C7086F86D704FF07D
:10DE0000FF0986F86E90F91E01298CBF00210121BF
:10DE100006F13400FEF75EF951463046FDF76CFE20
:10DE2000216A9DF80720002384F895300B88A4F818
:10DE300096304FF6FF73A4F8B43084F8B3902046C0
:10DE40000CF096F9236A1A88A4F8CD2093F88E3046
:10DE500084F8CF3085F80480012004B0BDE8F08755
:10DE60002046FFF777FAF7E7341A0020380B002036
:10DE70002DE9FF41564E3279044602F0FF0312B9F4
:10DE80000278FF2A04D140F6A2112D20F2F7E8FA19
:10DE90003382B3607371B37180F889304D4B009356
:10DEA0004D4B01934D4B0293F36A68465B680393B5
:10DEB00003F004FE03F0C6FA03F00EFF02F07EFC4E
:10DEC000474803F0BFFB04F13005464803F0F0FD7E
:10DED00028460CF05FFB28460CF061FB03F0BCFB0E
:10DEE0002179252003F01CFA94F9130003F0A4FB18
:10DEF00004F15001E06C09F0BCF904F15801074647
:10DF0000E06C09F0DDF980461FB194F82430002B55
:10DF100038D1B8F1000F37D094F82550637F13B98A
:10DF200063885B0709D5D4E918126FF000439A4261
:10DF300008BFB1F1FF3F29D185BB002F08BF47467D
:10DF400094F88B3003B9AFB1638813F0100511D189
:10DF5000606CC0F30B200CF09EFA94F8463084F805
:10DF6000450023F00F03C0F30320184384F8460054
:10DF700084F88B5030680330FDF7E0FBB07404B0D8
:10DF8000BDE8F0810125C9E74546C7E70CF061FE11
:10DF9000D4E91823904271EB0303CDD3012205EAA3
:10DFA00002012046FFF74AF968B1FDF77BFB054601
:10DFB0000CF04FFE0C4BA5FB03351B1845EB010580
:10DFC000C4E91835B9E7002DB7D040F6D7115CE7A2
:10DFD000341A002091D900002DD50000F5D300009F
:10DFE000D6BE898E5555550040420F00024B9862AF
:10DFF000DB6A1B68184700BF341A002043881A07E1
:10E0000010B5044611D5036A10493C2280F89520CA
:10E010001B88A0F89630FF2380F8B3304FF6FF73CB
:10E02000A0F8B4308C300BF033FA6388DB0743BFC1
:10E03000236A3C2219883C2258BF4FF6FF712046C4
:10E04000FFF76AF9FF2384F8893010BD1FA1010092
:10E0500079D7000039D9000091A201008BA20100FC
:10E06000A9A40100C9D3000081D900005CE0000030
:10E0700054E0000050E000000138022808B503D940
:10E08000C3212F20F2F7ECF913290A4B05D81129E7
:10E090000CD8102907D0D121F3E71529FBD103EBC8
:10E0A0004003D88801E033F8100008BD03EB4003BB
:10E0B0009889FAE79AB40200F8B52F4B1A884028DD
:10E0C00042EA00021A8005D104219868BDE8F840B0
:10E0D000F5F72EB9802801D10521F6E700F00302FB
:10E0E000032A04D140F60E213120F2F7B9F910F0DD
:10E0F000020418BFD960C50705D5CA781961062A78
:10E100000DD00B2A18D02CB1DA68D278052A1FD08E
:10E110000B2A2AD0820644BF08221A75F8BD9A68D5
:10E1200092F887101929EED1002600270121C2E9B3
:10E13000386782F88B10E6E79A6892F887101329FF
:10E1400001BF002182F88B10012182F8C810DAE7A4
:10E150009A6892F887101729DCD100240025C2E9BB
:10E160003A45012182F88C10D4E79A6892F887101A
:10E170001229CFD10021F5E7641A002013B5044617
:10E1800001A8FDF7B9F820B940F60C013120F2F7EB
:10E1900067F932220021019808F00EF80198032156
:10E1A0000BF02FF80198037823F010030370214639
:10E1B000FDF732FD019906482246FEF777F9FDF793
:10E1C000B1F810B940F61601E0E702B010BD00BF8B
:10E1D000681A002070B5274CA36893F8926293F8F0
:10E1E0009352002E3FD193F86C10002D3DD193F83F
:10E1F0006D2083F86C1083F86D20FF2283F86E2069
:10E200001D4B1B680BB1A0689847A36893F8243195
:10E21000012B02D056EA050303D018480021FCF771
:10E2200017FFA06834300BF073F90546A06800F2C0
:10E230004111FDF771FFA0680621F5F779F8A06894
:10E2400034300BF065F98542044610D204F0DAFF51
:10E250000146601B322838BF322007F067F8B0FA59
:10E2600080F0400970BD3146BFE72A46C1E7012072
:10E27000F8E700BF641A0020500B0020681A002045
:10E28000002908BF1F21262810B514D80D2814D93D
:10E29000A0F10E03182B10D8DFE803F0110F0F0FB9
:10E2A000110F110F16110F0F0F0F0F390F0F3F0F17
:10E2B0000F3232324900EA2841D0002010BDBDE8BB
:10E2C000104000210CF0B5B9204CA36893F88620CB
:10E2D000222A09D1201DFCF7BBFEA368002283F887
:10E2E000862083F8C220E8E72F2AE6D193F887300A
:10E2F000A3F12102062AF0D92F2BEED02A21E9E73B
:10E30000134B1B68002BD8D0BDE810401847114BA9
:10E310001B68002BD1D01D20F6E70F4B1B68002B8C
:10E32000CBD00A46BDE810400C48202118470C4BC2
:10E330001B68002BC1D00948BDE810401847094BA5
:10E340001B68002BB9D01046F6E700BF641A002006
:10E350004C0B0020740B0020400B0020681A00209A
:10E36000840B0020680B0020134B09790246986843
:10E3700090F88630222B13D02F2B11D0292B11D0BF
:10E38000042B11D0102B11D01E2B11D090F8870028
:10E3900024280FD0302B14BFFE202620FFF770BF9B
:10E3A0001620FBE72320F9E70E20F7E71220F5E718
:10E3B0001420F3E71720F1E7641A002008B50C4B8E
:10E3C0009B6893F80E21FE2A04D040F61B013120F1
:10E3D000F2F746F883F80E0111B9A3F8C41008BD8E
:10E3E0000022A3F8BE20012283F8C220F7E700BF75
:10E3F000641A00200D4A117D99B940B99068B0F8AF
:10E400005C10B0F8402091420BD8F4F7EDBE1388B1
:10E410001B0708D5936893F88800083818BF0120B7
:10E420007047002070470120704700BF641A002029
:10E4300010B5154BDB681979436893F886200A2AD2
:10E4400009D193F809218A4205D1002283F8862058
:10E4500083F8C22010BD9A6F12F0080406D022F093
:10E460000802BDE810409A670BF098B9FF2905D162
:10E47000342283F8862083F88442EBE740F204518B
:10E480003120F1F7EDFF00BF641A002038B50B7999
:10E490004568262B95F8862004463BD8112B08D8D2
:10E4A0000E2B3BD1224618460121BDE838400CF026
:10E4B000C0B8A3F11200142830D801A555F820F0F7
:10E4C000A5E400001DE50000A5E400001DE5000036
:10E4D00021E50000A5E400001DE500001DE50000A9
:10E4E0001DE500001DE500001DE500006FE50000D2
:10E4F0001DE500001DE500001DE500001DE5000014
:10E500001DE500005DE500001DE500001DE50000C3
:10E5100077E50000EA2B35D0FF2B38D0002038BD3E
:10E52000222A01D02F2AF9D120460BF01EF9636868
:10E5300093F88720232AF1D093F8D92022F0010202
:10E5400083F8D920626892F8D93023F0080382F862
:10E55000D9301A212046FCF77BFDDFE7292ADDD1DF
:10E560000F4B1B68002BD9D020469847D6E7332A9B
:10E57000D4D10C4BF5E70C4B1B68002BCED02046BA
:10E580009847CBE7094B1B68002BF9D1C6E7084B2E
:10E590009B69002BC2D0012385F88632BEE700BFFD
:10E5A000540B0020780B00207C0B00206C0B00200B
:10E5B000641A0020F7B5904C0546002840F0D7803B
:10E5C00023881F0744D5A36893F80E21222A13D06D
:10E5D0002A2A01D01C2A05D1002283F82C21874841
:10E5E0000BF0C3F8A36893F80E21FE2A11D140F274
:10E5F00076513120F1F734FF83F82E01804B1B68F0
:10E60000002BECD0A06800F5977100F58A70984750
:10E61000E5E7FE2283F80E2193F887201B2A08D114
:10E62000002683F8C76075480BF0B8F8A36883F834
:10E630008760A36893F88620212A2BD0342A37D00C
:10E6400093F88820082A02BF0222227783F80E213D
:10E650002388DE075FD5A368276993F88730123BCC
:10E660000B2B0DD8FB78023BDBB2092B00F2BF80ED
:10E67000012202FA03F340F23332134200F0B78072
:10E680003846FDF7AFFAFE78D8B931465B480BF053
:10E69000B1F88EE093F88720A2F12101062901D973
:10E6A0002F2A03D12F2283F88620C9E72222FAE7F6
:10E6B000012283F88522002283F8862083F8C22075
:10E6C000BEE7012E01D9162E0FD1A36893F886005C
:10E6D0000BF07DF848B1A36893F88620212A04D076
:10E6E000222A40D12F2283F88620112E65D058D8B7
:10E6F000072E64D00D2E64D03046FEF7B3F80346E3
:10E70000002853D1FF2E5ED1A369002B5BD0A368F4
:10E71000012283F886222388580706D5A26892F83A
:10E720008820072A04BF0122227799070FD5E368C2
:10E73000DE780D2E49D0112E49D0072E49D0304613
:10E74000FEF7B4F80346002845D02C4898472388A4
:10E75000DA060CD5A36893F887200B2A07D10C2280
:10E7600083F8872003E0162E0CBF20250225237D89
:10E770001B0713D5A36893F88730123B0B2B38D9AE
:10E78000002601A903200196F3F7A2FC019B2BB1FF
:10E790001E720C22A1680198FDF74CFC284603B0BC
:10E7A000F0BD142EA8D1174B1B6863B12169134823
:10E7B00098470028AFD00546D9E7134BF6E7134B2F
:10E7C000F4E7134BF2E7F97860E7124BBDE7124B21
:10E7D000BBE7124BB9E7FF2E06D1A268342182F8BD
:10E7E000861082F88402B2E740F26A5101E70825F8
:10E7F000BDE70825D2E700BF641A0020681A002090
:10E80000440B0020700B002061A701008DE4000084
:10E8100069E30000CFA60100EDA6010031E400008D
:10E82000024B002098611862704700BF641A0020F4
:10E8300008B5054B00229A611A62FDF7A7FDBDE8F5
:10E840000840FEF7F9B800BF641A0020024B98692F
:10E85000003818BF01207047641A00202DE9F047E6
:10E86000814CB4F800800E46A16818F4007F0ABFFE
:10E87000B1F8B8200023013201F1780586B00746CF
:10E880001ABFA1F8B83081F8CF31A1F8B8202846D6
:10E890000BF044FF28B1434601F59C722846FEF771
:10E8A0005BFA238803F4C06343B1A06890F88A3010
:10E8B000002B00F0AF80032B00F0B280A16823880A
:10E8C00091F88A20012A04D11D0544BF022281F853
:10E8D0008A20002F40F06B8158065DBFB1F8E82117
:10E8E000013292B23A46A1F8E82103F00A020A2A5C
:10E8F0000DD1E268D278022A09D123F0080330460C
:10E900002380FFF757FE08230643F6B223803046E4
:10E91000FFF750FEA3690643F6B2002B5FD0142226
:10E92000002101A807F048FCA36893F86D0003F0EC
:10E93000B7FDA368054693F86D0003F0A9FDA26832
:10E940001388ADF80430B2F88030ADF80830D369E0
:10E950004FF47A7105F5FA75B5FBF1F50544ADF89C
:10E960000A5041F27070A3F57A75854299BFB3FBE6
:10E97000F1F303F5506340F2E241B3FBF1F39BB2D4
:10E98000ADF8063092F8863233B12069C31C049387
:10E990000AF035FC8DF81400A2689DF80C3092F84E
:10E9A000852262F300038DF80C3001A8A369984713
:10E9B000A3680499002283F8862283F8852271B126
:10E9C00093F884225AB993F88620342A07D09DF808
:10E9D000142022B10878FF2827D11B2A2CD9A3683C
:10E9E00093F80E21FE2A4FD1002E4DD193F88820A6
:10E9F000073A012A48D993F818312BB3A36893F842
:10EA00001921A3F8BC6083F8102101210220FFF72F
:10EA1000D5FC39E0012180F88A10F4F789FC4DE734
:10EA2000022380F88A300121F7E70728D7D1022A8C
:10EA3000D5D14878FF28D2D1012083F88402C3F8C9
:10EA4000881283F88722CAE7A06890F88730A3F17C
:10EA50001105EDB20C2D40F26781836FDA0705D501
:10EA600031460920D3E700BF641A0020990740F11E
:10EA7000FD8031460C20FFF7A1FCA26892F8C93056
:10EA800043F0010382F8C930A568B5F8C83195F89C
:10EA9000CC810133A5F8C831B8F1000F00F0A9828C
:10EAA000F3F708FB10B10023A5F8C831A368188854
:10EAB0000CF010F8A16891F88A30B1F83280012B7F
:10EAC000824640F2E48291F88830082B40F0B2820E
:10EAD000B1F8B830022B40F2DA82B1F8BA50013501
:10EAE000ADB2B1F88030DFF8A8922B44A1F8C03164
:10EAF000D9F80030002B00F0CE82B8F1010F40F2BF
:10EB0000CA82F3F7CDFA0246A068D9F80090B0F8AF
:10EB10008010C84700F101091FFA89F9A36893F82A
:10EB2000CD21002A3DD1012D3BD993F887200AB190
:10EB30000C2A36D193F886209ABB93F8882082BBA2
:10EB400093F88A20022A2CD193F8CF214ABB586926
:10EB500008F0AFF928B3A36893F80E21FE2A20D15C
:10EB6000B3F8C221012A1CD9B3F8C8119A8C91427A
:10EB700017D2BAF1000F02D0BAF80E0088B9521AB3
:10EB800092B2013DADB2B5FBF8F5954228BF1546EE
:10EB900018FB0599003D18BF01251FFA89F983F874
:10EBA000CA51A368B3F880008144A3F8C4912288B5
:10EBB000A36855065BBFB3F8D421B3F8C611002291
:10EBC0005218A3F8D42193F818312BB9A36893F8FD
:10EBD0008830073B012B07D8A368B3F8BC20B3F8F3
:10EBE000C6110A44A3F8BC20A36893F8C20030B150
:10EBF000B3F8BE20B3F8C6110A44A3F8BE2093F9B7
:10EC0000C6100029C1BFB3F8C420B3F8C6515219C9
:10EC1000A3F8C42093F8A9205AB9002F40F08582A8
:10EC2000227F022A40F03A8293F81021062A18BF68
:10EC30001622A36893F8A8302BB9A368554883F827
:10EC4000A920FDF793FEA0680BF0C8FD524B1B688E
:10EC50001BB1524AA06811689847A368002283F844
:10EC6000CB2106B0BDE8F047FCF782BB5A0702D5BE
:10EC700031461320CBE6190706D590F8083180F805
:10EC8000103131460720C2E61A0602D500211B20AA
:10EC9000BDE613F030013CD090F81B31002B40F062
:10ECA0004A82A36893F81A31E3B1A06890F88730DC
:10ECB000262B00F58D7100F2922228D090F8863034
:10ECC000A3F1260CDCF1000343EB0C030AF029FC52
:10ECD000A268936F23F0200343F01003936700238F
:10ECE00082F81A31A068836FDA0640F1248200F2BC
:10ECF0004111FDF711FAA368B3F85620A3F81021CB
:10ED0000B3F85A20A3F81221002115207FE6012331
:10ED1000DCE713F0400201D0242078E6DB0540F167
:10ED20000A8211461E2072E6123B0B2B55D8DFE8F3
:10ED300003F00654545409115454545454450021BA
:10ED40000B2064E6FDF786FE00283FF49DAE00210F
:10ED500004205CE690F88032012B08D100210520C8
:10ED6000FFF72CFBA368002283F880228CE6A368BF
:10ED700093F88032022BD8B27FF486AEA36893F862
:10ED8000C850062265B183F810210021E8E700BFD2
:10ED9000800B0020681A00203C0B0020F0040020AB
:10EDA000A04803210AF00DFDA36893F8D83013F0B2
:10EDB000040F294614BF11200D20D1E700210620A1
:10EDC00025E60021112022E693F82421012A04D10E
:10EDD00093F82531002B00F0BF81A36893F88620BB
:10EDE00082B993F88720113A0C2A40F2BC8193F83B
:10EDF000B620002A00F0B7810121122007E6002189
:10EE0000202004E60A2A40F0AA8193F8092183F819
:10EE10001021012136E7A36893F82A319BB1A3683A
:10EE200093F8C93013F003050DD101210C20FFF731
:10EE3000C5FAA36893F8C92042F0010283F8C920FB
:10EE400083F82A5192E7A36893F81A3153B3A36861
:10EE500093F81B3133BBA06890F88730262B00F560
:10EE60008D7100F292221BD090F88630A3F1260C0F
:10EE7000DCF1000343EB0C030AF053FBA368002210
:10EE800083F81A2101211420FFF798FAA368B3F838
:10EE90005620A3F81021B3F85A20A3F81221F3E565
:10EEA0000123E9E7A36893F82421012A74D193F898
:10EEB0002531002B70D1A06890F88720A2F12103A2
:10EEC000062B69D92F2A67D090F86C104B1EDBB245
:10EED000032B09D890F86D50DFF84CE1013DEDB2FD
:10EEE000032D1EF803C004D94FF450710620F1F72A
:10EEF000B7FABCF1020F90F8263114D0BCF1030F21
:10EF000013D0BCF1010F04D1012B14BF0023012346
:10EF10006BB9A2F14403012B26D90B3A042A23D959
:10EF20000121162073E5022BEFE7042BEDE71EF815
:10EF3000055090F82731022D24D0032D24D0012D27
:10EF4000E7D1012B14BF00230123002BE1D0B0F83F
:10EF5000803000F52472B0F8280109F0A7FB0146C3
:10EF6000A8B93048FCF774F8A36893F88620002A03
:10EF70007FF48AAD93F88432002B3FF485AD0121F4
:10EF8000FF2044E5022BDDE7042BC2D1DFE7A368B5
:10EF9000282283F8862077E5A36893F82E3113B1F1
:10EFA0000121222033E5A36893F82C313BB11F4B9C
:10EFB0001B681C489847FE28D6D0012127E5A36886
:10EFC00093F8363113B101211D2020E5A36893F891
:10EFD000373113B10121262019E5A36893F88C324B
:10EFE00013B10121EA2012E5114B1B68002BE0D17F
:10EFF000BAE7F3F74FF808B1A5F8C881F3F762F85C
:10F0000000283FF453AD95F8CF310133DBB2022B2A
:10F0100085F8CF3182BF0023A5F8C83185F8CF31FC
:10F0200044E500BF681A0020B8B40200880B002035
:10F03000580B002091F8B6301BB191F88630102B98
:10F0400025D1B1F8BA50B1F8B8300135ED1A01F157
:10F0500078004FEA8809A5EB88050BF05FFBC0B18B
:10F06000D1F8B020D1F8AC00531C1B1AA3EB090354
:10F070009D42A8BF1D46BAF1000F05D0BAF80E3068
:10F08000043B9D42B8BF1D46012D3FF729AD012528
:10F0900027E52B46ECE74FF001093FE5012A09D1AE
:10F0A00093F88920002A7FF4C4ADA0680021F4F70A
:10F0B0003FF9CBE55EB1F00635D4310735D4B20661
:10F0C00035D4B30735D14FF4196131200FE738B18A
:10F0D000B3F8BE00B3F8C020904201D32222A8E5C5
:10F0E000002905DDB3F8C410B3F8C0209142F5D271
:10F0F000B3F8BC10B3F8BA2091420BD2A36893F8CE
:10F100008A10B3F8B82051B1B3F8BA309342CCD8D2
:10F1100008228EE593F81831002BDFD1EEE7052A9F
:10F12000C3D93E2285E51E2283E53D2281E52322C7
:10F130007FE52A227DE5A36893F887202B2A3FF4F8
:10F140005EAE322A3FF43DAE232A7FF446AE93F8FA
:10F150002421022A7FF438AE0021172057E40C2D19
:10F160003FF602AF90E40C2D7FF68EAC93F82B3176
:10F17000002B3FF450AE01210E20FFF71FF9A368CA
:10F18000002283F82B21F1E573B56A4D0024012696
:10F190002E71A8602C802C752C77FF2380F8CB3142
:10F1A000AB681888FCF7A2F8AB681888FCF7CAF8B7
:10F1B000AB68B3F8C221EAB193F80E21FE2A19D147
:10F1C00093F81831B3B1AB6893F88820073AB2428C
:10F1D00010D993F81921A3F8BC4083F8102102201C
:10F1E0003146FFF7EBF8AB68022083F8CA41FEF71F
:10F1F000C5FF04E0AB6893F80E01FE28F7D1AC68B8
:10F20000B4F8C611B4F8C821638E013989B2B1FBD4
:10F21000F3F31344A4F8C831B4F8B8300B44A4F89D
:10F22000B83004F178000BF079FA20B1D4F8AC30A2
:10F230000B44C4F8AC30B4F8C231012B9CBF01338D
:10F24000A4F8C231002609B184F8CF6194F8873060
:10F2500084F8CA61A3F10B02012A1FD8B4F88030E8
:10F26000B4F890229B1A190432D404F2922104F1CA
:10F270008E0009F0C6FCAB6883F88760FF2283F834
:10F28000C320A968B1F8C62101F1780009F0FFFC9C
:10F29000A0B340F61B113120F1F7E2F8262B17D16D
:10F2A000B4F89022B4F880309B1A1A0410D484F871
:10F2B0008760FEF78FFFAB68014630B983F8240101
:10F2C00002B0BDE87040FFF7C9BA83F82461D8E7FF
:10F2D00094F88630262B01D0282BD2D1B4F8803078
:10F2E000B4F890229B1A1B04CBD4002384F88630F8
:10F2F000FEF770FF01460028C3D1E1E70E4B0F492E
:10F30000009303C90E4B0F4AF2F7EAFC296A19B1C0
:10F3100095F8240002F0B6FCAB6893F88730123BF6
:10F320000B2B04D802B0BDE87040F2F7D1BC02B09C
:10F3300070BD00BF641A00205DE80000681A00205C
:10F34000F5E30000B9E00000D0F89832C2699342BA
:10F3500073B5044612D1D0F89C62426AB61A18BF3F
:10F36000012694F8A452002D42D020880BF0B2FB65
:10F3700030B940F6B8313120F1F772F80126F0E7E4
:10F38000B4F8A022638E9A421CD1B4F8A2328289CA
:10F390009B1A18BF012394F88650442D16D094F878
:10F3A0008720442A10D0002502212046FCF7F4FAD9
:10F3B000002D44D0002384F88630032384F88A305B
:10F3C00002B070BD0123E6E73343ECD01D4B1B6850
:10F3D00013B940F6C331CEE7A5F144025542554179
:10F3E00001228DF800200194002168469847DBE750
:10F3F000002ED8D02288A4F89621A3F57A7141F284
:10F40000707291429DBF4FF47A72B3FBF2F303F531
:10F41000506340F2E24288BFB3FBF2F39BB2A4F820
:10F420009831B4F89C32A4F89A31B4F89E32064967
:10F43000A4F89C3104F5C6700AF033F8B4E784F8F8
:10F440008750BAE7600B002011990100154B5B68EB
:10F4500093F8C20028B1B3F8BE10B3F8C0209142AF
:10F460001ED293F9C6202AB1B3F8C410B3F8C02055
:10F47000914214D2B3F8BA20B3F8BC1091420ED224
:10F48000B3F8B80093F88A3023B9052894BF002058
:10F490000120704782428CBF00200120704701206C
:10F4A000704700BF8C1A0020194B5B681B2883F83B
:10F4B0000E0116D8174AC240D1071BD4112806D115
:10F4C00093F8102152B10022A3F8BE2070470728FC
:10F4D00010D009280ED0152803D10022A3F8C4208B
:10F4E0007047A0F11E02D2B2092A04D9EB2801D03C
:10F4F000022806D8704740F2412121FA02F2D207D1
:10F50000F8D40022A3F8BE20012283F8C220F1E73C
:10F510008C1A002000100809C278012A07D1124A6B
:10F520005268B2F8F6214272120A827270473AB9F2
:10F530000D4A5268B2F8FC214273120A8273704776
:10F54000EB2A07D1084A5268B2F8FC210272120A6B
:10F5500042727047182A05D1034B5B68B3F8F81163
:10F5600009F029BF704700BF8C1A002070B5204DEC
:10F570006B6893F8FA1109B993F86C1093F8FB21B2
:10F580000AB993F86D2083F86C1083F86D20FF2280
:10F5900083F86E20174B1B680BB1686898470021F1
:10F5A0001348FBF755FD6868343009F0B1FF064693
:10F5B000686800F24111FCF7AFFD68680421F9F7B3
:10F5C00045FE6868343009F0A3FF864204460CD239
:10F5D00003F018FE0146A01B322838BF322005F088
:10F5E000A5FEB0FA80F0400970BD0120FCE700BF25
:10F5F0008C1A0020A80B002037B590F88620A2F1C5
:10F600004403012B04461BD990F88730443B012B5F
:10F610008CBF002301230E3A012A00D9ABB3B4F802
:10F620008020B4F8FC11013292B291422DD194F8AD
:10F63000102262B333B94FF407713620F0F710FF90
:10F640000123E8E72B4B1B6813B940F21D21F4E7B7
:10F6500000218DF80010019468469847002584F831
:10F66000115202212046FCF7F9F903212046F9F74F
:10F67000EDFD94F88630A3F14402012A02D90E3B35
:10F68000012B2ED8002384F8863003B030BD2388A8
:10F69000A4F89631D4F8043241F27072A3F57A716D
:10F6A00091429DBF4FF47A72B3FBF2F303F55063BE
:10F6B00040F2E24288BFB3FBF2F39BB2A4F8983168
:10F6C000B4F80832A4F89A31B4F80A32A4F89C319C
:10F6D0000023094984F8953104F5C67009F0E1FE6C
:10F6E000BCE794F88730443B012B98BF84F88750DF
:10F6F000CBE700BF640B0020119901000E4B0246BE
:10F70000187AA0B9012A08D15B68B3F85C20B3F875
:10F7100040309A420ED8F9F78BBD5A89520708D566
:10F720005B6893F88800073818BF012070470020F5
:10F7300070470120704700BF8C1A00203A4A0346E8
:10F7400008465189194370B5518103F0030103291B
:10F7500004D140F6DD113620F0F782FE13F00201ED
:10F7600018BFD060DC0748BF106121B1C1780629FD
:10F7700021D00B292CD0990644BF08211172DB053A
:10F7800050D55368C17893F87640B3F880509A8C7E
:10F790002CB3DE694AF6C874B4FBF6F414445A8EEE
:10F7A000012912FB045292B21BD1A3F8F621BDE845
:10F7B0007040FFF7B1BE516891F886401A2CDAD13B
:10F7C00000240025C1E93A45012481F88C40D2E7A4
:10F7D000516891F88640142CCDD10024F5E7062419
:10F7E000DCE709B1EB2902D1A3F8FC21DFE71829F6
:10F7F000DDD1B3F8FA1199B193F8FA41E11E01296C
:10F800000BD893F86C10CD1E012D06D88C4204D075
:10F8100093F8FB11002908BF0022A3F8F821C6E7DE
:10F820000A46FAE770BD00BF8C1A002010B50B79AC
:10F830004468232B94F88610024610D8112B10D957
:10F84000A3F1120011280CD8DFE800F00D0B0D0B0E
:10F850000D0B0B0B0B0B0B1C0B200B0B0B13EB2BC8
:10F860001CD0002010BDBDE81040012118460BF04F
:10F870001CB82929F5D10C4B1B68002BF1D0104680
:10F880009847EEE73329ECD1084BF5E72D29E8D16D
:10F89000074B1B68002BE4D02046F1E7054B1B68A3
:10F8A000002BEDD1DDE700BFAC0B0020A00B00204A
:10F8B000980B0020B00B0020002908BF1F2125282D
:10F8C00070B535D8112803D803283CD0002433E084
:10F8D000A0F11203132BF9D801A454F823F000BFB0
:10F8E0003DF90000CDF800003DF90000CDF8000022
:10F8F0003DF90000CDF80000CDF80000CDF8000083
:10F90000CDF80000CDF80000CDF80000B3F90000FC
:10F91000CDF80000BFF90000CDF80000CDF80000E0
:10F92000CDF80000A3F90000A3F90000A3F900003E
:10F93000FE2814BF00240224204670BDBDE870409C
:10F9400000210AF0B2BF254D6B6893F88620182A73
:10F9500001D0152A3FD193F8C820002A3BD183F863
:10F96000C72083F8C22093F8A63103F0FF0423B127
:10F9700040F2A7313620F0F773FD6B681A88A3F8C0
:10F98000A82183F8A71183F8AA4183F84242686846
:10F99000134900F5CF7009F07BFD6B6883F8864052
:10F9A000CAE7104B1C68002CC6D02346BDE8704047
:10F9B00018470D4B1C68002CBED01D20F5E70B4BE3
:10F9C0001C68002CB8D0054B0A4658681F212346F6
:10F9D000BDE8704018470224AEE700BF8C1A002033
:10F9E000379A0100A40B00209C0B0020940B0020F0
:10F9F0000E4B09795B6893F886300246A3F111003B
:10FA00000C280BD9292B0BD01E2B0BD0052B0BD080
:10FA1000212B14BFFE201620FFF74EBF0320FBE76B
:10FA20002320F9E71420F7E71220F5E78C1A0020CD
:10FA30002DE9F3419F4CB4F80A800E46616818F432
:10FA4000007F0ABFB1F8B8200023013201F1780528
:10FA5000074614BFA1F8B830A1F8B82028460AF02C
:10FA60006EFE28B1434601F59C722846FDF774F9F5
:10FA7000638903F4C06343B1606890F88A3023B9A6
:10FA8000012180F88A10F9F7E1FB002F40F0EE81A8
:10FA9000002E40F0EB8163895A0708D5626892F81E
:10FAA0008810072902BF0121217582F888609D070F
:10FAB00011D5E368D87807280AD0112825D0FCF79B
:10FAC000E3FE034628B940F27A513620F0F7C8FC2D
:10FAD000794B784898476389180740F1C58060687A
:10FAE00090F80E312A2B37D81B2B10D8012B5AD067
:10FAF000032B6CD0002B44D0636893F80E21FE2AB0
:10FB000040F0968040F28651DFE76C4BE1E71C3B0A
:10FB10000E2BF1D801A252F823F000BFE7FB000042
:10FB2000F9FA0000F9FA0000F9FA0000F9FA000009
:10FB3000F5FB000003FC0000F9FA0000F9FA0000F0
:10FB4000F9FA0000F9FA000023FC0000F9FA0000BD
:10FB5000F9FA0000E7FB0000EB2BCDD1B0F8FC2157
:10FB6000B0F880309B1A1A0402D4002380F81132B6
:10FB7000636893F88620442A0DD1002283F8C220BE
:10FB8000BAE7B0F8FC11B0F88020521A1104B3D4CF
:10FB900080F81132B0E793F88730442BACD1454858
:10FBA00009F0FCFDA8E7B0F88030B0F8F6219B1A08
:10FBB0001B04A1D4D0F8F021137813B940F27221BC
:10FBC00083E7013B1370002380F8863094E790F8B8
:10FBD0008630152B90D003F0FD03182B8CD000231A
:10FBE00080F84232D6E7002380F82C31626882F830
:10FBF000C23081E7324B1B68002B3FF47DAF984742
:10FC00007AE7002380F82E312E4B1B682BB16068F9
:10FC100000F5977100F58A709847264809F0A5FD10
:10FC20006AE7294B1B68002B3FF466AF2148E6E7E3
:10FC3000FE2283F80E2193F88620262A38D02DD86C
:10FC40000C2A2FD00E2A31D093F88720442A04BFE3
:10FC5000452283F8872093F88820082A01BF0222D2
:10FC60002275002283F888206389DD0747D5636801
:10FC7000256993F8861093F8C8000AF003FE28B3AC
:10FC8000EB78023B0F2B75D8DFE803F020742020BF
:10FC9000207474747420742074747420442AD3D132
:10FCA000452200E00D2283F88620CDE70F22FAE7F7
:10FCB0002722F8E78C1A00206BA801004FA801004A
:10FCC000900B0020480B0020B40B00202846FBF7C7
:10FCD00089FF20B92946BA4809F09DFD0EE0E87871
:10FCE0000D2841D0112841D0072841D0FCF7A8FDAC
:10FCF00003460028EED0B248294698470646237AA4
:10FD0000180715D5636893F8861093F8C8000AF0B1
:10FD1000B9FD054680BB009069460320F2F7D8F98B
:10FD2000009B2BB11D720C2261680098FCF782F9D0
:10FD30006068FFF761FC636893F80E21FE2A40F0CB
:10FD4000958093F88820073A012A40F28F8093F833
:10FD5000183103F0FF058BB163680022A3F8BC20C3
:10FD60000220FFF7A1FB81E0964BC4E7964BC2E768
:10FD7000964BC0E70826C2E70826D9E7606890F8E6
:10FD8000862022B990F8B61061B11220E9E7252A41
:10FD900000F09F8053D8142A59D04CD8032A5ED043
:10FDA000132A56D0113A0C2A60D990F88720332AAA
:10FDB00000F2E8801E2A00F2A280013AD1B20529A1
:10FDC00040F2CE80636893F80E21FE2A4ED193F85C
:10FDD0008620002A40F05E8293F81132002B00F05A
:10FDE0007D81636893F81022002A40F07281636875
:10FDF00093F8870009F0EBFC002840F06F816368FE
:10FE000093F88710312900F0698193F8101279B1C5
:10FE100093F8DF10C1F34005890740F16D8144215B
:10FE20000122A3F8BE0083F8861083F8C220EB20DD
:10FE3000FFF73AFB2EE21A2AB4D1062091E7312AC5
:10FE40005BD0322A4FD02E2AACD1212089E70B205B
:10FE500087E7D0F81422C0F80021032081E790F84A
:10FE6000092180F81021072280F80E21656895F895
:10FE7000183123B995F88830073B012B04D8B5F821
:10FE8000BC300133A5F8BC3095F8C21021B1B5F8EB
:10FE9000BE300133A5F8BE3095F9C62022B1B5F8C1
:10FEA000C4300133A5F8C430002F40F01A83237DFD
:10FEB000022B00F01283012B40F0B582636893F8A7
:10FEC0008930002B40F0C48260680021F9F7BEF948
:10FED0000FE300F5FC7008F006FCFFF7E5FA636835
:10FEE000A3F8BE50C2E7012280F810211120FFF7CD
:10FEF000DBFA636883F88650B8E7272031E71F3ABA
:10FF0000142A3FF65FAF01A353F822F0E3FF00008D
:10FF1000E3FF0000C5FD0000C5FD00006500010015
:10FF2000C5FD0000C5FD0000C5FD0000C5FD0000C9
:10FF3000C5FD0000BF000100C5FD0000C5FD0000BB
:10FF4000C5FD0000C5FD0000C5FD0000C5FD0000A9
:10FF5000C5FD0000CF000100A3000100CB0001009F
:10FF6000052A3FF62FAF01A353F822F0A1FF0000AE
:10FF7000D1FF00008FFF0000B7000100C5FD0000A9
:10FF8000BB000100442A7FF41DAFEB207DE090F818
:10FF9000082180F81021072280F80E2100221DE0A0
:10FFA0000C2280F80E2190F8C920002142F00102B5
:10FFB000A0F8C41080F8C92080F8871002E700BFBD
:10FFC0008C1A0020F1F900002FA901002DF8000083
:10FFD000132280F80E210022A0F8C42080F8872088
:10FFE000F0E690F81B31002B7FF4ECAE636893F8D9
:10FFF0001A31C3B1606890F88730262B00F58D71F7
:020000040001F9
:1000000000F5FD722CD090F88630263B012B8CBF7A
:100010000023012309F085FA6368202283F88720F2
:10002000002283F81A21606890F88730202B7FF433
:10003000C9AE00F24111FCF76FF86368B3F85620BF
:10004000A3F81021B3F85A20A3F812211520FFF7C6
:100050002BFA63680022A3F8C42083F88720B1E656
:100060000123D7E790F82421012A11D190F82531F6
:1000700073B963685A6ED3F82611B14808F035FB9E
:10008000606800F5FC7008F02EFBFFF70DFA99E6AA
:10009000636893F82421022A7FF494AED3E91921EE
:1000A000EBE7002580F810511120FFF7FDF9636898
:1000B00083F8875086E609226EE71B226CE724202E
:1000C000FFF7F2F963680022C7E71E20F8E7272050
:1000D000DBE793F82B31002B3FF489AE636893F88C
:1000E0004232F3B1636893F88B20A2B193F88C305D
:1000F0007BB940F27C61E8E4924B1B6813B940F293
:100100006D61E2E48E481A219847636883F81152C2
:10011000C0E00A208CE6D3F81422C3F800210320A3
:1001200086E6636893F82B310BB1082080E662689D
:10013000D2F84432BBB113F8512C012A02D040F25C
:100140009461C2E413F8283C13B140F29561BCE419
:10015000606890F8DB309B0601D51F2068E67A4B7B
:100160001B68984796E092F82A3183B1626892F84A
:10017000C93013F0030140F08D800C2043F00103DF
:1001800082F80E0182F8C93082F82A11C0E763684C
:1001900093F81A3133B3636893F81B3113BB60686B
:1001A00090F88730262B00F58D7100F5FD7217D081
:1001B00090F88630263B012B8CBF0023012309F0E9
:1001C000B0F96368002283F81A216368B3F85620F7
:1001D000A3F81021B3F85A20A3F81221142027E61F
:1001E0000123ECE76368564D93F82421012A40F07F
:1001F000AF8093F82531002B40F0AA80636893F814
:10020000870009F0E4FA002840F0A280606890F8C6
:100210006C104B1EDBB2032B09D890F86D20DFF871
:100220002CE1013AD2B2032A1EF803C003D94FF4DD
:10023000507106204AE4BCF1020F90F8263109D033
:10024000BCF1030F71D0BCF1010F01D1012B07D01C
:100250001620EDE5022B14BF00230123002BF7D05D
:100260001EF8022090F82731022A60D0032A60D0BD
:10027000012AEDD1012BEBD1B0F8803000F5FC72F2
:10028000B0F8280108F012FA0146002853D12C4892
:10029000FAF7DEFE636893F80E21FE2A7FF4E6ADDE
:1002A00093F88620002A7FF4E1AD93F8F431002B17
:1002B0003FF4DCAD636893F8870009F088FA002802
:1002C0007FF4D4AD6368B3F880300A2B7FF6CEADEF
:1002D0006846FBF757FC00283FF4C8AD6568052267
:1002E00005F18F01684605F001FF002800F09880B5
:1002F000D5F8F031194611F8012B002A00F0898059
:100300000522684605F0F2FE00287FF4AFAD636871
:10031000D3F8F0211378013313700120FFF7C4F8EC
:100320006368002283F8F421A0E5042B93E7022BF5
:10033000A1E7042B9FE76B68282283F88620A9E7B2
:100340008C1A0020640B0020980B0020CDB4020012
:10035000636893F82C3133B1684B1B686848984741
:10036000FE2897D064E5636893F836310BB11D2001
:100370005EE5636893F82E314BB363680921B3F8E7
:100380003001F0F749FD18B9636883F82E01BFE624
:1003900090F8F03103F0FF021BB9636883F82E2157
:1003A000B6E690F8C831032B0DD8DFE803F0070755
:1003B000020A6B6893F8343180F8F1316B680022DF
:1003C000ECE7222034E540F24561FFF77EBB63682D
:1003D00093F83731C3B1636893F81132A3B96368F6
:1003E00093F8DC305D0608D5464B1B68002B3FF4C4
:1003F00051AF4348984727201AE5434B1B68002B11
:100400003FF448AF3E48ACE6404B1B68002BA5D1FB
:1004100040E70098C3F801009DF804300B7176E7BF
:1004200085F8F40180E75EB1F00658D4310758D45E
:10043000B20758D1B30658D440F66621FFF745BB42
:1004400009B3B5F8BE10B5F8C03099421BD92223C4
:100450002B4885F8A930FCF789FA0023A5F88630E7
:1004600085F88A3060680221F8F7F0FE636893F837
:100470000E21012A3DD1D3F8F0211378BBBB40F601
:100480009721FFF722BB2AB1B5F8C420B5F8C030D8
:100490009A42DCD8B5F8BC20B5F8BA309A420FD2EF
:1004A000B5F8BC20B5F8C0309A42D0D295F88A2071
:1004B000B5F8B83052B9052B7FF606AD3E23C7E735
:1004C000636893F81831002BC1D1E9E7B5F8BA2079
:1004D0009A423FF6F9AC0823BAE71623B8E71E2381
:1004E000B6E73D23B4E72A23B2E72323B0E7013B75
:1004F000137002B0BDE8F041FAF73ABF8C0B002050
:100500008C1A0020B80B0020BC0B00205C0B0020D4
:10051000F0B55B4D00232B7085B004466860008801
:100520006B812B722B75FAF7E1FE6B681888FAF76E
:1005300009FFB4F8E2216968013292B201F1780052
:1005400008F0A5FB2E4620B140F27B113620EFF7D4
:1005500087FF94F88730A4F8E201262B13D1B4F872
:100560008030B4F8F8219B1A19040CD484F8870061
:10057000FEF7FCFFB8B900210846FFF759FA00243E
:10058000204605B0F0BD94F88630263B022B0AD8F1
:10059000B4F8F821B4F880309B1A1A0403D400236D
:1005A00084F88630E4E794F886300C3B012B20D8A1
:1005B000B4F88030B4F8F6219B1A1B0419D4D4F88F
:1005C000F01104F18E00013108F01BFB94F8863025
:1005D0000D2B0BD1D4F8F021137813B940F2A311ED
:1005E000B4E7013B1370002384F88630FF2384F8BE
:1005F000C330FEF72BFF044608B10124C0E76B6847
:1006000093F80E71FE2F25D003A8FAF775FE10B9E6
:1006100040F665019AE732222146039805F0CCFDA9
:100620000398032108F0EDFD0398037823F01003ED
:1006300003703946FBF7F0FA039911483A46FBF785
:1006400035FFFAF76FFE10B940F671017EE70398A7
:10065000FEF762FF0B4B009396E803000A4B0B4A30
:10066000F1F73EFB6B6893F8861093F8C8000AF028
:1006700009F904460028C0D0F1F72AFB80E700BF43
:100680008C1A002031FA0000FDF600003DF7000052
:10069000B0F8E2310B4470B5A0F8E231B0F8B830F0
:1006A00000F178060B440446A0F8B83030460D46F9
:1006B0000AF045F8A0B1D4F8AC300B44C4F8AC3023
:1006C0002146304609F04DFBD4E92B239A4207D34B
:1006D00000231649C4F8AC3004F59C7008F0E1FE24
:1006E00094F8C23023B1B4F8BE302B44A4F8BE3025
:1006F00094F9C63023B1B4F8C4302B44A4F8C43004
:1007000094F8183123B994F88830073B012B04D8AA
:10071000B4F8BC302B44A4F8BC302046FEF76CFF84
:10072000B4F880100D44A4F8805070BDC99C01003D
:10073000014B1873704700BFF81A0020034B0021CB
:100740004FF480521970A3F8012070476C1B0020F1
:1007500070B50646022014460D4600F00DFA064B11
:1007600001221A70054B033CC3F81045C3F8086515
:10077000C3F8045570BD00BF6C1B002000F00040A2
:1007800008B5022000F0F8F909480A4B0A494FF071
:10079000010C80F800C000224FF40000C3F80021D3
:1007A000C3F80421C3F80821C1F8040508BD00BF3F
:1007B0006C1B002000F0004000F00140114B1A7843
:1007C0006AB1114A11494FF40000C2F80805D1F886
:1007D00000213AB91021002099705A701870002039
:1007E00000F0CAB9D1F80421002AF3D0D1F80821C9
:1007F00012B110210022EEE7D1F800140122C9B293
:10080000E9E700BF6C1B002000F0014000F0004051
:1008100008B5022000F0B0F9064B0748002201217C
:100820000170C3F80021C3F80421C3F8082119603E
:1008300008BD00BF00F000406C1B002008B5114B44
:100840001A78587892B1104AC823D2F8001141B1F1
:10085000D2F8040120B1D2F80801B0FA80F04009C2
:1008600008BD013B13F0FF03EFD101E0022803D1E3
:10087000EF213B20EFF7F4FDA0F10100B0FA80F08A
:10088000400908BD6C1B002000F000400A4B1A789C
:100890007AB10A4BD3F800214AB1D3F8042132B11E
:1008A000D3F808211AB9D3F80004C0B27047102059
:1008B00070479878704700BF6C1B002000F0004024
:1008C000024B00221A809A70704700BF701B0020F4
:1008D0002DE9F843044601201D460E469DF8209060
:1008E0002F4F904600F048F904F0030040EA05401D
:1008F00040F08070C7F80405C7F80865294E3571C7
:1009000005F0BCFA38B9D7F8182522F0FF0242EA00
:100910000802C7F81825244B244AC3F8082514F008
:10092000FB0F05D1224AC3F89825FC3AC3F89C2551
:10093000B9F1020F2FD81F4B13F80950B9F1000F6E
:1009400020D1174B012CC3F8205506D00123022CCF
:100950007370F4700BD9BDE8F88303F58033164942
:10096000164AC3F89815C3F89C257470F4700C4BA4
:10097000012200213270C3F80011C3F800121A607E
:10098000BDE8F8830AF093F90028DAD140F2E511C6
:100990003C20EFF765FD4FF4EE713C20EFF760FD72
:1009A00000F00040701B002000F001400000020237
:1009B00000F10040D0B50200501100400CF00040A2
:1009C000284B5A7870B5002A42D0274AC2F80C1535
:1009D000C2F81005DC7801259D70ECB1042C13D011
:1009E000197881B31B79023B0021012BC2F8041155
:1009F00005D81E480323C0F85011C2F81C351C4B03
:100A00001C4AC3F8042570BD00211D70C2F80411F2
:100A1000C2F80052156070BD1B78F3B1144BC2F8D8
:100A200004414FF40034C3F80445D2F8006116B114
:100A30005560C3F808450B7803704B780433437056
:100A40008B78837070BD4FF483713C20EFF708FD05
:100A500040F20A213C20EFF703FDDA213C20EFF7BA
:100A6000FFFC00BF701B002000F0004000100040A1
:100A700000F00140000002020A4B1A786AB10A49EC
:100A80000A48C1F808050022C1F89825C1F89C253C
:100A9000C1F89825C1F89C251A700022A3F80120FE
:100AA000704700BF701B002000F0014000000202F0
:100AB000F8B51B4B1B786BB31A4CD4F8043113BB3D
:100AC000194B0222C4F804231F691A6942F010026C
:100AD0001A61D4F8043107F0100753B9134E4FF4DC
:100AE0000045C6F880510AF0FDF8D4F80431002B17
:100AF000F7D027B90C4A136923F010031361094B8F
:100B00000222C3F80823074BD3F80004003818BFAB
:100B10000120F8BD40F279213C20EFF7A1FC00BF95
:100B2000701B002000F0004000ED00E000E100E05C
:100B3000014B01229A60704700F0004008B50B4B52
:100B40004FF40042C3F88020BFF34F8FBFF36F8F85
:100B5000074B0022C3F80025C3F80025FFF78CFFE0
:100B6000044B4FF40002C3F8082508BD00E100E083
:100B700000F0004000F0014038B5144C0023C4F8E8
:100B80000035C4F800350546FFF776FF104B4FF4EB
:100B90000002012DC3F8082503D0022D08D085B925
:100BA00038BD0223C4F800350A4BC4F81435F7E702
:100BB0000321C4F800150749C4F81415C3F8042527
:100BC000EEE784213D20EFF74BFC00BF00F0004032
:100BD00000F00140751B00204FF08053D3F8A000B7
:100BE00000F00100704700BF4FF08053D3F8A420FD
:100BF000D3F8A830511C9BB203D14FF6FF718B4242
:100C000003D002608380012070470020704700BF3E
:100C10004FF0805330B4D3F89050D3F89440D3F8C9
:100C20009810D3F89C2005EA04030B4013400133CD
:100C300002D1002030BC7047056044608160C26012
:100C400030BC0120704700BF4FF0805330B4D3F860
:100C50008050D3F88440D3F88810D3F88C2005EA6C
:100C600004030B401340013302D1002030BC704715
:100C7000056044608160C26030BC0120704700BFE5
:100C8000094B9B78012B0CD0022B09D1830706D48A
:100C90000649074B00200122C1F840051A61704740
:100CA00070474207F4D57047801C00200080004048
:100CB0000010004030B52F4A431E83B0044682F82E
:100CC0002400032B51D8DFE803F046413C022A4BB5
:100CD0000520C3F81005294B274D5B5C92F92520B0
:100CE000C5F80835204601ABC5F8541501F07CFC69
:100CF0009DF9040001F0DCFB9DF8050001F0F6FC15
:100D000070BB40F2031240F25B63C5F83425C5F8AE
:100D1000383505F0DFF890B14FF08052D5F88835BE
:100D2000D2F820231449022C0CBFC2F30662C2F38E
:100D3000062223F4FE4343EA0223C1F8883503B0B8
:100D400030BD0D4B0620C3F81005C4E70A4B042044
:100D5000C3F81005BFE7084B0320C3F81005BAE736
:100D600040F20A613E20EFF77BFB40F6E1513E2066
:100D7000EFF776FB801C002000100040D4B5020085
:100D800070B5514E431E82B0054686F82400032BF1
:100D900000F29480DFE803F044493F024B4B052208
:100DA000C3F810254A4A494B525CC3F80825C3F8DA
:100DB00054157378012B6CD0444CD4F80032FF21C9
:100DC00043F4887386F84C1040F20312C4F80032E2
:100DD00040F25B63C4F83425C4F8383505F064F894
:100DE00088B1EB1E012B32D9D4F83C3723F00043F5
:100DF000C4F83C37D4F87C37002223F0004386F84F
:100E00004B20C4F87C37284601F0D6FB05F062F889
:100E100080B102B070BD2D4B0622C3F81025C1E78A
:100E20002A4B0322C3F81025BCE7284B0422C3F841
:100E30001025B7E705F05EF80028EAD1234AD2F87A
:100E4000683543F4C023C2F8683502B070BD012292
:100E5000C4F80423D4F83C3786F84B2023F0004331
:100E600023F0FF0343F0004343F07D03C4F83C3715
:100E7000D4F87C3786F84A2023F0004323F070032F
:100E800043F0004343F06003C4F87C37E26322641C
:100E9000B9E796F92520F07801AB01F0A5FB9DF9A3
:100EA000040001F005FB9DF8050001F01FFC00287F
:100EB00082D040F20A613E20EFF7D2FA40F6E151CB
:100EC0003E20EFF7CDFA00BF801C0020001000404C
:100ED000D4B502002DE9F0430D4683B0174606460F
:100EE000002837D104230DEB03088DF804308DF86A
:100EF000060002F087F901284FF0FF3088BF00207C
:100F00008DF80500404605F06DFA002840F0F080AD
:100F1000964C4FF0010994F8261084F85D903846FD
:100F2000FFF7C8FE237884F802904B4500F0BC80A0
:100F30008F4A02EB47078F4AB98E01F5FA71A2FB7F
:100F40000121A5EB9111002B5BD18B4B8B4AC3F890
:100F5000AC2530E000234FF002098DF804908DF8A5
:100F6000063002F04FF901280DF104084FF0FF3070
:100F700088BF00208DF80500404605F033FA0028B0
:100F800040F0B6800123794C9E4284F85D3040F0F9
:100F9000DE8094F826103846FFF7F2FE237884F8B6
:100FA0000290012B00F08B80A5F129014BBB724B05
:100FB000734AC3F8AC25236B6F4A1944714BC3F8CD
:100FC000401503F5A073C2F8A835236C43F4002341
:100FD00023644FF40023C2F8043594F8493043F0F9
:100FE0000202DB0784F8492000F19680654B01225C
:100FF000DA64D3F84C358B422CD3002003B0BDE823
:10100000F083236B5C4A19445E4BC3F8401503F52B
:10101000A073C2F8A835236C43F4002323644FF473
:101020000023C2F8043594F84930DF07DED59D0768
:1010300072D45807DAD5504B534AC3F8AC25A3F500
:10104000B833D3F84031002BD0D040F241613E207C
:10105000EFF706FA238D952B0DD9002E4DD0012EDA
:101060007AD14A4801F129034949C36001F02CFBB8
:101070000130012866D8404605F0C0F9002870D13B
:10108000A3789DF80420012B59D0022B08D1920798
:1010900006D43C49394B00200122C1F840051A61B1
:1010A000012003B0BDE8F083314A02EB4707314A23
:1010B0003B8D03F5FA73A2FB0323A5EB9315216B7C
:1010C000304B2D4A2944C3F8401503F5A073C2F8EC
:1010D000A835236C43F4002323644FF40023C2F8A3
:1010E000043594F8493043F0040384F849309CE710
:1010F00040F616313E20EFF7B3F9244801F12803FA
:101100002349C36001F0DAFA01300128B3D940F273
:1011100064713E20EFF7A4F9184BD3F8002242F097
:101120000102C3F80022D3F8503503F0F603022B76
:101130007FF45CAF40F253613E20EFF791F9510725
:10114000A7D5ADE740F26E713E20EFF789F940F682
:1011500014013E20EFF784F940F272713E20EFF760
:101160007FF940F64E313E20EFF77AF9801C0020DF
:10117000D4B50200D34D621000F0014000100040D1
:10118000041000400080004008100040FC040020D3
:1011900014B602001B4B10B560220021184605F062
:1011A0000BF845F6FF72A0F84C2004F049FE10B988
:1011B00004F050FE60B114482422FF2104F0FCFF2B
:1011C0004FF080430022C3F8082EC3F8102E10BD44
:1011D00004F04AFE0028EED104F066FE78B904F06F
:1011E00059FE044658B908483822FF2104F0E4FFAC
:1011F0004FF08043C3F8084EC3F8104E10BD0248AC
:101200004022DAE7801C0020000E0040962808B536
:1012100002D8044B188508BD4FF403713E20EFF748
:101220001FF900BF801C0020024B185C00F51660FF
:10123000704700BFD4B50200014B93F83C007047E3
:10124000801C002030B40C4B0C4A93F83C105D6BB2
:10125000986B02EB8102401BD36ED2F88040916DF7
:10126000074A03F2E7331B1B0844A2FB032300EBEE
:10127000931030BC704700BF801C0020D4B5020022
:10128000D34D6210024B986B1B6BC01A704700BFA6
:10129000801C002010B50F4C82B003F08DFAA36DB6
:1012A0000093D4E9142304F0ABFAD4E90C1394F8B6
:1012B0003C20094C5B1A094901EB8201CA6E896D19
:1012C00002F2F3125B1AA4FB0212A3EB9213181A98
:1012D00002B010BD801C0020D34D6210D4B50200B6
:1012E00010B50C4A0C4B92F83C10546B03EB810385
:1012F000116BD86E9A6D094B641A00F2F310A41AA0
:10130000A3FB0030A4EB901403F056FA201841F12F
:10131000000110BD801C0020D4B50200D34D621026
:10132000013908B5C9B2144B032983F848001DD808
:10133000124B134A03EB810140F00070D1F89C304E
:1013400043F4801343F4847340F44030C2F81435FE
:10135000C2F81805D2F8503503F0F703032B00D07C
:1013600008BD40F21B313E20EFF77AF84FF441718F
:101370003E20EFF775F800BF801C0020D4B50200B6
:1013800000100040224BD3F8002222F0020242F467
:10139000801210B5C3F800221E4C1F4AC4F8A025C5
:1013A00002F5DE421C32C4F8A4254FF48022C4F8B2
:1013B00004250278032A26D1012919D0D3F814452F
:1013C0001649427824F47024C3F81445086A02F0E0
:1013D0003F0242F40C3240F0030042F420720862F3
:1013E000C3F80009C3F81029012381F85C3010BD4F
:1013F000D3F81415427821F4702040F400200749F6
:10140000C3F81405E2E74FF45C713E20EFF728F8CB
:101410000010004000F001402C110040801C002012
:1014200008B504F057FD50B1054AD2F8743723F0DF
:10143000807323F0010343F08073C2F8743708BD52
:1014400000100040F8B5444B0222C3F88020BFF3DF
:101450004F8FBFF36F8F414C00220123C4F8FC2F44
:10146000C4F8FC3F04F046FD28B1D4F83C3743F4FF
:101470008063C4F83C3704F001FD60B1374AD2F80C
:101480003C3723F0004323F0FF0343F0004343F0D5
:101490009603C2F83C3704F01DFD40B12F4AD2F844
:1014A000403723F47F4343F4B053C2F840372B4C0A
:1014B0002B4BC4F8783701F029F938B14FF080533D
:1014C000D3F83033591C18BFC4F84C374FF01023F1
:1014D0001B6E5A1C0AD02149D1F88C251B0403F439
:1014E0007F0322F47F021343C1F88C351D4C1B4D42
:1014F0001D4A0123C5F8303584F824300323107CBD
:10150000C5F81035022740F20123C5F85036C5F85A
:10151000007201F001F9154B154AC3F804250026A5
:10152000A687A66384F8496003F04CF996232063EC
:101530002385D5F800392362226E074B84F85C605E
:101540001021C3F88071C5F804131F6002B19047E1
:10155000BDE8F84001F0A6B800E100E0001000404E
:101560002C000089801C0020FC04002000F00140B9
:101570000000020C026838B52C4B2D4C110E1202E3
:10158000C3F82415C3F81C254268C3F83C25027A29
:1015900084F8262090F809C0827A84F848200CF15B
:1015A000FF31C9B203293CD8224D05EB810142F03D
:1015B0000072D1F89C1041F4801142F4403241F4A1
:1015C0008471C3F81415C3F81825D3F8502502F018
:1015D000F702032A20D0BCF1030F84F824C00DD0F9
:1015E000BCF1040F11D0BCF1020F14BF032204227E
:1015F000C3F81025C37A84F8253038BD0622C3F815
:101600001025C37A84F8253038BD0522C3F810258B
:10161000C37A84F8253038BD40F21B313E20EEF706
:101620001FFF4FF441713E20EEF71AFF00100040FB
:10163000801C0020D4B50200014B83F825007047C0
:10164000801C0020034B020E0002C3F82425C3F8BF
:101650001C05704700100040014B83F826007047BE
:10166000801C00202DE9F0415F4C94F84930DD07E3
:1016700082B040F1AA8000280CBF0422022200237D
:1016800005460E468DF804208DF8063001F0BAFDAF
:1016900001284FF0FF3088BF00208DF8050001A819
:1016A00004F0A0FE002840F08B8094F849304F4FA2
:1016B00043F0020384F84930D7F800324FF00108B4
:1016C00043EA080384F85D80C7F80032002D39D062
:1016D000012D57D0464BD3F84C75238D952B7ED8D2
:1016E00001A804F08BFE002874D1A3789DF8042093
:1016F000012B24D0022B14D0206B381A1DB12930B5
:1017000002B0BDE8F0813B493B4A01EB4606B38E8F
:1017100003F5FA73A2FB032300EB931002B0BDE8BC
:10172000F0819307E8D4324A304B0021C2F84015CB
:1017300001221A61206B381A002DE0D1E3E752072D
:10174000F1D5D9E794F826103046FFF7B3FA284BC5
:1017500084F80280C3F84C80C7F80080D3F84C7539
:10176000238D952BBCD92548254907F12803C36053
:1017700000F0A4FF01300128B2D940F264713E208C
:10178000EEF76EFE94F826103046FFF7F9FA184B84
:101790000222A270DD647D60D3F84C75238D952BF9
:1017A0009ED91648164907F12903C36000F08CFF43
:1017B0000130012894D940F26E713E20EEF750FEC0
:1017C00040F616313E20EEF74BFE4FF4F5613E2019
:1017D000EEF746FE40F64E313E20EEF741FE40F277
:1017E00072713E20EEF73CFE801C0020001000408D
:1017F00000800040D4B50200D34D6210FC040020EC
:1018000014B6020008B5FFF765FB00B108BD054B33
:1018100005490122C1F840051A610220BDE80840CF
:10182000FAF728BC0010004000800040F8B51E4DBB
:1018300095F83D309BB304461646084654B1012C3A
:101840001CD00020296B3246411A2046FFF742FB8C
:1018500048B1F8BD012BAF6B95F83C1017D000F0E4
:101860002FFE3844EEE7114B11490122C1F8400523
:101870001A610220BDE8F840FAF7FCBB012BAF6B00
:1018800095F83C1007D000F049FE3844DAE700F044
:1018900035FE3844D6E700F021FE3844D2E740F662
:1018A00092013E20EEF7DCFD801C0020001000407D
:1018B000008000404D4A4E4970B502234D4C4E4EBB
:1018C000D2F804534FF0FF30C2F80803C1F880315A
:1018D000C2F8003200214FF46023C6F84015C4F866
:1018E0000835D2F85035454CDBB282B005F0100512
:1018F00084F84910002B44D1238D952B04D9A3786B
:10190000012B68D0022B5CD0384B0022C3F8102189
:10191000D3F83C1784F84B2021F00041C3F83C1762
:10192000D3F87C17227121F00041C3F87C1794F89A
:101930005C102280A270E9B184F85C20D3F8002208
:101940002C4922F4801242F00202C3F800224FF424
:101950008022C1F80825D3F81415226A21F47021D9
:10196000C3F8141522F0030225492262C3F80029A6
:10197000C3F810191DB11D4B1022C3F8042302B087
:1019800070BD01238DF80700C2F8101113619DF896
:1019900007304BB90CE09DF80730013BDBB28DF806
:1019A00007309DF807301BB1D2F81031002BF2D070
:1019B0009DF80730002B9FD140F6D2013E20EEF774
:1019C0004FFD00F08DFE013001289DD940F6E90160
:1019D0003E20EEF745FD00F07DFE0130012893D951
:1019E00040F6E3013E20EEF73BFD00BF0010004053
:1019F00000E100E000F0014000800040801C002079
:101A000080320200264B10B50022264CC3F8482530
:101A1000C3F84425C3F84025C3F84C25FFF74AFF17
:101A200000F046FE94F85D3023B104F0E1FC68BBA1
:101A300084F85D00002004F0E7FC60BB226C1A49CA
:101A4000174B42F0446242F40032C1F80825174AAD
:101A5000C3F8480502212064C3F844052076C3F882
:101A60004005A063C3F84C056063C3F84801C3F8A0
:101A70004401C3F84001C3F84C01C2F88010BFF321
:101A80004F8FBFF36F8FC2F8801110BD40F27651B7
:101A90003E20EEF7E5FC40F279513E20EEF7E0FC07
:101AA00000800040801C002000F0014000E100E0C8
:101AB000014BC3F83C0570470010004010B50446C8
:101AC000074804F0A1FC28B994E80F00054C84E80D
:101AD0000F0010BD40F634113E20EEF7C1FC00BFF0
:101AE000810C0100E41C002008B5174B174993F83E
:101AF0004920C1F8040542F0010C5864900783F8AE
:101B000049C00AD4530707D5114A1249124BC2F8EB
:101B1000AC15D3F840318BB908BDD1F8003243F091
:101B20000103C1F80032D1F8503503F0F603022B5F
:101B3000F2D140F644113E20EEF792FC40F24161B2
:101B40003E20EEF78DFC00BF801C002000100040FE
:101B500000F00140081000400080004008B5184B1C
:101B6000184993F84920C1F8040542F0010C586463
:101B7000900783F849C00BD4530707D5124A13497D
:101B8000134BC2F8AC15D3F84031A3B9012008BDFE
:101B9000D1F8003243F00103C1F80032D1F85035DA
:101BA00003F0F603022BF1D1FFF784FE0320FAF7CE
:101BB00061FA002008BD40F241613E20EEF750FC82
:101BC000801C00200010004000F001400810004080
:101BD0000080004038B5154B196B9A6B084482425F
:101BE0001ED2134901244C64D1F844251C760532D9
:101BF0008242D86105D30F4BD3F8042102B91C618E
:101C000038BD1A6C0C4C0025C1F8445142F48002D6
:101C1000C1F844054FF480011A64C4F8041538BDB6
:101C200040F657113E20EEF71BFC00BF801C002041
:101C3000008000400010004000F0014010B50F4C43
:101C400094F83DC094F83C100222BCF1010F034609
:101C50002276208D94F824200BD000F08DFCE061DA
:101C6000A36B074A00210344C2F84411C2F844356B
:101C700010BD00F063FCE061F2E700BF801C0020B3
:101C800000800040C30003F1804303F5F83310B433
:101C9000084A094CC3F81025012202FA00F0226C10
:101CA000C3F81415054B0243226410BCC3F80405A5
:101CB000704700BF04110040801C002000F001406C
:101CC000044BC3F86005D3F8002242F04002C3F889
:101CD0000022704700100040054BD3F8002200217D
:101CE00022F04002C3F80022C3F86015704700BF1D
:101CF00000100040044BD3F84835024603F07F0340
:101D00005B420120137070470010004010B5274C53
:101D1000228DE170952A8CBF0023012382B02370AD
:101D200050B9A2788C46022A4FF0010161701BD095
:101D3000012B10D002B010BD0223952A6370F9D890
:101D4000012808D11A4AD2F8003243F00803C2F839
:101D5000003202B010BD164AD2F8003243F004033C
:101D6000C2F8003202B010BD94F9252094F8261074
:101D700001AB604600F038FC9DF9040000F098FBD0
:101D80009DF8050000F0B2FC58B9094AD2F80032BB
:101D9000FF2143F4887384F84C10C2F80032237892
:101DA000C6E740F20A613E20EEF75AFB801C002095
:101DB00000100040024B0022C3F84025704700BFCE
:101DC0000080004030B4044BD3E914459B6DC0E95A
:101DD000004530BC0B607047801C00202DE9F043AB
:101DE000B64BB74C0127DF64D3F84C55236B94F8FE
:101DF000486085B0ED1A03F043FA94F84A30206544
:101E00000022A5656265002B70D0AE4BD3F80401AB
:101E1000D3F8101100295FD1002840F02D81D3F8AC
:101E20000021002A00F03782FF22C3F800015F6121
:101E30000292029A2AB908E0029A013A0292029AA0
:101E40001AB1D3F81C21002AF6D0029B002B00F017
:101E5000FA829C4B94F84D10D3F8482502F07F028B
:101E60009142C0F07182974B01210020C3F81C0100
:101E700084F84C20C3F80813196499638F4B914977
:101E800001228020C1F804031A64D3F84025D3F856
:101E9000445502F56A521832954240F2E981D3F86E
:101EA0004025206C02F51C52103240F400202064C2
:101EB00001F5F031C3F840258348844A0025C3F872
:101EC00040514FF40023C1F8A805C1F8AC25C1F872
:101ED000043505B0BDE8F08384F84A2080217C4AAF
:101EE000C3F808134FF40023C2F80835238D94F883
:101EF00002C0952B40F28980BCF1010F7DD0BCF16E
:101F0000020F00F00E82724B226CC3F808256D4957
:101F10000023236484F84930D1F80022237E22F480
:101F20008E7222F00102C1F8002243B1634BD3F854
:101F30004431003B18BF0123BCF1010F7DD0BCF13F
:101F4000020F07D000275F4BD3F81021D2B147F022
:101F5000100718E05B4AD2F80C110029D2F80014DF
:101F600007BF042700220222062711F0010F18BF25
:101F700017462BB107F00B0242F0010247F00107B0
:101F8000002AE0D04F4B0022C3F80021C3F80C21F7
:101F9000C3F81021C3F80421C3F80821C3F86C2149
:101FA000464BD3F84825D3F84435BCF1020FC4E9B9
:101FB0000D3200F04C8194F82410637884F83C10C2
:101FC00084F83DC0002B00F03C8117F0110F40F069
:101FD000A481207994F80080B3F1010918BF4FF073
:101FE0000109012800F0E380022873D0002850D0B6
:101FF00040F6D9213E20EEF733FA00F06BFB0130BA
:10200000012800F22F8294F802C0314B226CC3F8F1
:1020100008252C490023236484F84930D1F8002294
:10202000237E22F48E7222F00102C1F80022002BDE
:102030007FF47CAFBCF1010F81D1224BD3F80C218E
:10204000002A40F01381D3F81071002F9AD0C3F802
:102050000021C3F80C21C3F81021C3F80421C3F8F0
:102060000821C3F86C21154BD3F84825D3F8443523
:102070003027C4E90D329EE7154A8020C3F80803D3
:102080004FF40023C2F8083584F84A1005B0BDE8C3
:10209000F083208DBCF1000F00F0E981012B01924B
:1020A00040F04A81BCF1010F00F0BE8100F008FA57
:1020B000019A8118206B091A10E000BF00800040CF
:1020C000801C00200010004040810040141000409F
:1020D00000F00140B248FFF74DFA61690023B8F102
:1020E000010F2380A370237108D13B358D4200F28C
:1020F000A380AC4A84F80080C2F84031E2784846B8
:10210000FEF7E8FE0546002800F0FC80002594F864
:102110005C30FBB1A44BA549D3F8002222F4801215
:1021200042F00202C3F800224FF48022C1F80825D1
:10213000D3F8142522F47022C3F81425226A22F061
:102140000302C3F800292262994AC3F81029002328
:1021500084F85C30FB076CD4B80748D417F0280F1C
:1021600000F0BC8087F02001E36EC1F340112846E7
:102170009847A378022B89D1237E002B86D0022B8F
:1021800000F00781012B40F06881E369A26B934264
:1021900040F25E81834AC2F84435236C834A43F49B
:1021A00080034FF480012364C2F804156EE77C4875
:1021B000FFF7E0F994F83D30002B00F03F81012B50
:1021C00000F01A8194F83C307A4A02EB8302D4E999
:1021D0000C31C91AD36E926D891A774A03F2F31340
:1021E000A2FB0323A1EB93116069014476E703F09E
:1021F00071FE002878D103F07DFE002874D16A4B6F
:10220000D3F85034D9016FD51A0705D013F0F00F69
:1022100002D013F4706F67D1634AD2F85414C3F339
:102220000442012A60D101295ED0C3F34253022B3C
:102230005AD8636E98479CE75B4B4546C3F81080BD
:1022400065E72380A370237123761D465FE794F82A
:102250002410CB1E012B3FF6B0AE534BD3F81434F1
:1022600013F0060F0CBF04210321A6E6082789E618
:102270004E4C00224FF40025C3F84025C3F84021FE
:10228000C1F80803C4F80855C3F84021C1F8080391
:10229000C4F80855FAE6D3F8481594F84B00C3F88B
:1022A0001C2101F07F0184F84C1000285CD194F8C7
:1022B0004D20D3F874358A4200F280809AB20F2AFA
:1022C00002D9B3F5003F79D3374B01221A649A63E0
:1022D000354BD3F81C310393039BCFE5FB067FF509
:1022E00048AF236F984744E7636C5B78B34298BF6D
:1022F00087F00400A36E94BFC0F38000002029463D
:10230000984736E7274BC3F84005A3F5E043012281
:102310001A610220F9F7AEFEF9E6FFF7CBFA0025C5
:10232000F5E600F0DDF9013001287FF66CAE40F6ED
:10233000E9013E20EEF794F8BCF1010F79D000F0EE
:10234000EDF8019A8118B5E6D3F83C1721F0004169
:10235000C3F83C17D3F87C17002021F0004184F823
:102360004B00C3F87C177EE594F84D008842AFD24D
:10237000D3F83C1784F84B2021F00041C3F83C17F8
:10238000D3F87C2722F00042C3F87C271F649F63A8
:102390009EE7A36BE169034A0B44C2F84435FCE6AF
:1023A000881C0020008000400010004000F0014028
:1023B00080320200D4B50200D34D6210314AD2F807
:1023C0003C3723F0004323F0FF0343F00043012197
:1023D00043F07D0384F84B10C2F83C37D2F87C37C9
:1023E00023F0004323F0700343F0004343F0600305
:1023F000C2F87C3711646BE794F83C20531ED9B2C5
:10240000032939D8204B03EB820203EB4103906D83
:10241000B3F89420D4E90C13591A1C4B091AA3FBE6
:10242000022301EB9311DFE600F068F8019A8118AE
:1024300040E600F053F8019A81183BE640F29F71A4
:102440003E20EEF70DF840F6DE313E20EEF708F8BC
:1024500040F6BA413E20EEF703F840F6B9413E207F
:10246000EDF7FEFF40F6E3013E20EDF7F9FF40F601
:1024700092013E20EDF7F4FF40F2B2213E20EDF74D
:10248000EFFF00BF00100040D4B50200D34D621032
:10249000024B03EB8003986D704700BFD4B5020078
:1024A000024B03EB8003D3F880007047D4B50200E1
:1024B000024BC0B2C3F80C05704700BF00100040CB
:1024C00010B504460846FFF7EBFF034BA3FB0030B3
:1024D000A4EB901010BD00BFD34D6210054B064A0F
:1024E00033F8113003F2E733A2FB0323023800EB89
:1024F0009310704794B60200D34D6210054B064A04
:1025000033F8113003F57A73A2FB032300EB931029
:10251000704700BF94B60200D34D621010B5044658
:102520000846FFF7BDFF044A00F2E733023CA2FB76
:102530000330A4EB901010BDD34D621038B50C4D94
:1025400035F8111005EB8205EC68214401F6B7312E
:102550004FF47A7404FB001406481D46A0FB0434B3
:102560001046FFF795FF0535A4092C44204438BDDB
:1025700094B60200D34D621070B506460846154663
:10258000FFF78EFF0A4B03EB85034FF47A71DC688B
:10259000084B04F6B734024601FB0644A41A284649
:1025A000A3FB0434FFF774FFA4090530204470BD79
:1025B00094B60200D34D621010B5044603F074FCCB
:1025C00078B1084AD2F84037E01E23F000430128D2
:1025D0009EBF23F47F4343F0004343F44443C2F8D7
:1025E000403710BD001000402DE9F04F244C83B05F
:1025F000064698460D46174600F0B0F82378B342D9
:10260000814602D16378AB4224D0731EDBB2032B28
:1026100031D81C4A2946D05C0DF107033A4600F038
:10262000A3F8824618BB28469DF907B0FEF7FCFDCB
:10263000534602464146584600F05EF8B8F800306E
:1026400026706570A380A071A77084F8039003B012
:10265000BDE8F08F94F90230BB42D6D1E3788342D3
:10266000D3D1A38894F90600A8F80030EFE73D2104
:102670007520EDF7F5FE40F2B7410620EDF7F0FECC
:1026800014050020B4B60200014B18609980704711
:10269000F41C0020024BD86019745A82704700BFA6
:1026A000201D0020014B1B685B681847C00B0020F1
:1026B000014B1B689B681847C00B0020014B1B682F
:1026C0001B691847C00B0020014B1B685B6918474A
:1026D000C00B0020014B1B689B691847C00B0020F2
:1026E000014B1B68DB691847C00B0020014B1B68BE
:1026F0009B6A1847C00B002010B4034C2468E468A0
:10270000A44610BC604700BFC00B0020014B1878E6
:10271000704700BF5022002000220F4938B5044600
:10272000134644FA02F0C007D5B248BF581C02F164
:10273000010244BFCD54C3B2042AF2D1064DC3F105
:102740000402042BD2B24FF0FF0188BF0022E81828
:1027500003F032FD2C7138BD5C220020014B187D46
:10276000704700BF401D0020042810B511D883B168
:1027700004280CBF10242824A1420AD2064C54F885
:10278000200018B141568A42A8BF0A461A7000209C
:1027900010BD6FF01500FBE7401D002030B503466B
:1027A000114890F91C209A4219DD90F924209A4290
:1027B00017DA9A1A846AA05C0C4A15569D420DD00D
:1027C0000E32002918BF01309442C0B206D129B19F
:1027D000013BDBB2012B01D80130C0B230BD0D206E
:1027E000FCE70020FAE700BF401D0020B8B6020059
:1027F00008B5054B93F91C30984203DAFFF7CEFF7A
:10280000024B1B56184608BD401D0020B8B60200FA
:1028100010B51C4C94F82C3073B9012384F82C307B
:1028200003F022FB48B1184BA362D823236284F83B
:1028300024300823A361237710BD03F02BFB00286D
:10284000F1D103F031FB0028EDD103F0EFFA38B1FC
:102850000E4BA362D823236284F824300423E9E7D3
:1028600003F0EEFA0028F3D103F0F4FA0028EFD1D8
:1028700003F004FB0028EBD14FF4DF71742003F068
:102880009BF800BF401D0020F3B60200C6B6020050
:102890004FF08042012353600023C2F80031014A07
:1028A000137070476D1D0020014B01221A70704794
:1028B0006D1D00204FF08043D3F8003123B9034B46
:1028C000187800F0010070470120FAE76D1D002024
:1028D00070B50A4D012604462E70FFF7EBFF30B9A4
:1028E0004FF080436E706C60C3F8046370BD002CC1
:1028F000FCD0A04700236B60F8E700BF701D0020EC
:10290000024B00221A705A705A607047701D0020E6
:1029100010B5034C208100F03BFC608110BD00BF6E
:10292000701D0020014B9889704700BF701D00206A
:10293000014B1889704700BF701D0020014B58895A
:10294000704700BF701D002010B5EFF3108472B601
:10295000064A937B0133DBB29373937B012B01D146
:1029600008F027F904B962B610BD00BF701D002041
:1029700038B5FFF7E9FFFFF79DFF094C4FF08045A1
:1029800040B108F040F901232B610423E3730023D5
:10299000237438BD0323E3730123C5F80433F6E73A
:1029A000701D002010B5EFF3108472B6094A937BB6
:1029B00023B940F2E3116D2002F0FEFF937B013B4F
:1029C000DBB29373937B0BB9FFF762FF04B962B676
:1029D00010BD00BF701D0020024BD87B003818BF0F
:1029E00001207047701D002073B51B4D6B7C63B9CF
:1029F000E86900F0030008F0F6F830B1EFF3108357
:102A000072B6EA7B1AB103B962B602B070BD012298
:102A1000EA7303B962B64FF080430822C3F8082373
:102A20004FF42073ADF80630BDF80640A4B2631E23
:102A30009BB2ADF80630002CF6D14FF08046074827
:102A4000C6F80C4108F015F985F82140FFF790FF12
:102A50000823C6F80433D8E7701D0020901D00201D
:102A60002DE9F041384C94F82230002B69D04FF01A
:102A70008043D3F80071D3F8046157B10122C3F841
:102A8000082363782BB16368002565700BB1984704
:102A900065604EB14FF080430022C3F8042102224A
:102AA000C3F80823FFF7A0FF4FF080462748D6F869
:102AB0000C8194F82150EDB208F0DFF820B14FF40A
:102AC00021716D2002F078FF47B1E37B032B05D124
:102AD0000423E37308F097F801233361B8F1000F82
:102AE00016D04FF080430022C3F80C21E37B042B67
:102AF00002D040F2A221E4E703F0E0F9C0B14FF0C8
:102B000080430022C3F8342C0223E373FFF74AFF0B
:102B10004DB1002384F82130E37B022B01D1FFF774
:102B200027FFFFF73FFFBDE8F041084808F0B4B8C1
:102B300003F0A4F90028E2D103F0B6F90028DED1B1
:102B4000E2E7BDE8F08100BF701D0020901D00206D
:102B500010B5054CE06900F0030008F044F80028C7
:102B6000F8D0002010BD00BF701D0020F8B505464C
:102B700050B10278042A07D8437842B9013B1F2B91
:102B800002D88378212B07D96FF0150097E0002B2E
:102B9000FAD18378002BF7D1854B0127C3F88070D9
:102BA000BFF34F8FBFF36F8F4FF08046C3F8807134
:102BB000804C4FF0FF33C6F808330023C6F80031CD
:102BC000C6F80431C6F80C31A373AB88A38107F0B3
:102BD000F5FF08B12770A773D6F80C24D6F80C348B
:102BE000D20303D5DF0701D5FFF75EFE4FF4AF60D8
:102BF000FFF78EFE2B78A97863740022E261A1743E
:102C00002274042B2CD8DFE803F0050319272900D0
:102C10000123E36107F0D9FF002851D007F0DCFF62
:102C2000E36903F0030398424AD1AB79EBB9FFF7AC
:102C30008FFF00281EDA40F21F4113E0FFF784FEE9
:102C40004FF08043D3F80C14D3F80C24CE03F9D5FD
:102C5000D007F7D50223DCE7574BDAE7574BD8E725
:102C600040F211416D2002F0A7FE4FF08043022296
:102C7000C3F80423A37C6BB12B785BB9FFF71AFE72
:102C8000054603F019F86FF00043002D00F08D8029
:102C9000C4E905034FF08043D3F80C24D3F80C3477
:102CA000D20303D5DB0701D5FFF7FEFD404A012320
:102CB0000020E07384F82230C2F880311360F8BD40
:102CC0004FF080430122DA600022C3F80421E26958
:102CD000C3F8182503F0AAF810B34FF080534FF053
:102CE0008042D3F84432C3F34233C2F83C3503F098
:102CF0009DF810B34FF080430122C3F84C254FF0EC
:102D0000804301229A600222C3F80423AA79002A90
:102D1000B0D1D3F8042391071CD44FF47171A1E70B
:102D200003F08EF80028D8D103F094F80028D4D10D
:102D300003F0A4F80028D0D1D9E703F081F80028E7
:102D4000D8D103F087F80028D4D103F097F80028F1
:102D5000D0D1D4E71A4A1669116941F01001116106
:102D6000D3F8043106F010060BB907F0BDFF4FF0A1
:102D70008047D7F8043133B1FFF7EAFE002805DABF
:102D800040F2DE316EE707F0ADFFF2E726B90C4AFC
:102D9000136923F0100313614FF080430222C3F83C
:102DA00008230022C3F8042164E7C4E9053071E771
:102DB00000E100E0701D002001000200010003009E
:102DC00000ED00E010B50D4C04F1200007F055FFB8
:102DD00048B9E37B022B01D1FFF7CAFDBDE81040E3
:102DE000074807F059BF074A012384F82130BDE89E
:102DF0001040C2F80031FFF7A7BD00BF701D0020D2
:102E0000901D002000E100E0094B1A7810B504463F
:102E10001AB142216F2002F0CFFD5A7832B9012257
:102E20005A70FFF791FD2046FFF752FD002010BDBC
:102E3000941D002038B5084C25781DB158216F200D
:102E400002F0BAFD637823B1FFF75AFD6570FFF712
:102E5000A9FD002038BD00BF941D002008B501B3B6
:102E6000F0B14FF0FF331A46E0FB01320E498A42BF
:102E700003D990216F2002F09FFD180D40EA023027
:102E8000C3F30F134FF22441B0FBF1F203EB004008
:102E9000064B03FB1200B0FBF1F040EA02400130A8
:102EA00008BD0846FCE700BF3F420F00000024F4C5
:102EB000014B5B68184700BF941D0020014B9B68C5
:102EC000184700BF941D0020014BDB68184700BF66
:102ED000941D0020014BDB69184700BF941D0020A2
:102EE000014B9B69184700BF941D0020034B1A78C3
:102EF0000AB9FFF717BD188D704700BF941D002059
:102F0000034B1A780AB9FFF713BD188A704700BF40
:102F1000941D0020034B1A780AB9FFF70FBD988D56
:102F2000704700BF941D0020024B1B780BB9FFF7C0
:102F30005BBD7047941D0020014B5B69184700BFC3
:102F4000941D002010B5144C2378A3B1236A984730
:102F5000002806DB94F82A3023B1012384F82E30B0
:102F6000002010BDFFF7E8FF0028F6DA4FF49F714C
:102F70006F2002F021FD094B6361094BA361094BEE
:102F8000E361094B6360094BA360094BE360FFF702
:102F9000EDFD0028E1D0E4E7941D0020512B010055
:102FA000C52D0100D929010049290100A5290100E9
:102FB0002DAC0100064B10B51C7824B140F29D11D8
:102FC0006F2002F0F9FCFFF7A3FC204610BD00BF04
:102FD000941D0020014B1879704700BFC81D0020C8
:102FE000054B1A79824283BF1B6800EB400003EB5C
:102FF00000100020704700BFC81D002043F6095292
:10300000C0F3080302FB03F3400A03F5807302FBDD
:1030100000F000EB5320704743F6095CC0F3080250
:1030200010B50CFB02F2C0F34E24030E43EA012359
:103030000CFB04F0090E02F580724FEA411C00EB14
:1030400052205A01B2EB030E4CEAD36C6CEB010434
:103050004FEA841C4FEA8E12B2EB0E024CEA9E6CD1
:103060006CEB040C4FEACC0C4CEA527CD200D31827
:1030700041EB0C01DA03C903801841EA534141F1E5
:10308000000110BD430B48F2376C0CFB03F34FEA11
:10309000134C00B5104B43F6095E0EFB1C0000FB01
:1030A00003F35B0D0EFB03FE03EB4C230EF5745C88
:1030B0000CF1080CB0EB5C2F08D80EF5807EA0EB6D
:1030C0005E20C0B20B6010705DF804FB013300207D
:1030D0000B6010705DF804FB6F0C0100F8B5274D14
:1030E000A94246D8264E274F450F45EAC105A6FB03
:1030F0000514C0F34F31A40B01EB054107FB14117C
:10310000A6FB0151890B41EA04411F4C04FB110449
:1031100048F2376C600B0CFB00F04FEA104C43F6A2
:10312000095E1A480EFB1C4505FB00F0400D0EFB26
:1031300000FE00EB4C200EF5745C0CF1080CB5EBB6
:103140005C2F12D80EF5807EA5EB5E2E5FFA8EFE08
:10315000069D85F800E00D0628184FEA112141F17F
:103160000001186059601460F8BD01304FF0000E86
:10317000EEE796219B2002F01FFC00BFFF7F841E1C
:1031800083DE1B43000024F40080841E6F0C0100CA
:10319000420B48F2376303FB02F2120C43F6095C60
:1031A000074B0CFB120101FB0333013B5B0D0CFBD6
:1031B00003FC5002B1EB5C2F88BF0130184470470C
:1031C0006F0C01001F2810B59FBF054B18246043EA
:1031D0001C189DBF195062600120002010BD00BF67
:1031E000D01D002008B5064B93F80023202A03D1F8
:1031F0002D21022002F0E0FB83F8300308BD00BF60
:10320000D01D002008B5064B93F80023202A03D1D7
:103210003321022002F0D0FB93F82E0308BD00BF3B
:10322000D01D002010B5094A92F80033202B03D19D
:103230003E21022002F0C0FB18214B43D018BDE80C
:103240001040D35840680321184700BFD01D00200C
:103250000C4B0D491B78012B14BF4FF4E0224FF4A7
:10326000C022C1F8482318BF0023C1F80823074A29
:1032700099000A440021012B42F8041B00D1704739
:103280000123F8E71021002000B0004040B10040C9
:1032900070B5EFF3108472B6094A0A4B0025D2F8D4
:1032A0000415D2F804612EB1596801315960C2F891
:1032B0000451F4E75B6804B962B6C0E9001370BD5D
:1032C00000B0004010210020094BD3F80435C01A8B
:1032D00020F07F4323F001033BB120F07F40B0F5A5
:1032E000000F8CBF0220002070470120704700BFF4
:1032F00000B0004008B5124BD3F8042522F00302B9
:10330000C3F80425D3F8082542F00302C3F80825C2
:10331000102292FAA2F2B2FA82F2092A04DD0948D6
:1033200040F2A73102F03EFBC3F810250122DA601B
:10333000054B4FF48072C3F880211A6008BD00BFAE
:103340000080004074DB020000E100E0114B4FF40C
:103350000062C3F88020BFF34F8FBFF36F8FC3F8B5
:1033600080210D4B01225A609A60D3F80425002A6F
:10337000FBD10A49C3F808134FF4E021C3F84813FE
:10338000C3F84021C3F84421C3F84821C3F80421FD
:10339000704700BF00E100E000B0004002000700FD
:1033A0000D4B4FF48072C3F88020BFF34F8FBFF3F3
:1033B0006F8FC3F88021094B01214FF0FF32596014
:1033C000C3F808230022C3F84025C3F8402119613F
:1033D000034B1A72704700BF00E100E0008000401C
:1033E000102100202448FF2310B54FF0FF320024A5
:1033F00043724FF0FF33C0E9042304704460FFF7C9
:10340000CFFFFFF7A3FF1D4A1D4BC2F800424FF448
:103410000061196080691B4930B901230B60194BA9
:103420000222C3F8042310BD174B184CC3F8A8455B
:10343000C3F8AC05C3F85C194FF40021C3F80415B8
:103440000521C2F8401501211160D2F84011002970
:10345000FBD04FF40021C3F8081501215160D16061
:103460000021C2F84011C2F84015C3F8A815C3F8EE
:10347000AC15C3F8AC15D2E7102100200080004045
:1034800000E100E000B0004000F001404081004059
:10349000014BD3E90401704710210020014BD3F800
:1034A0000405704700B0004013B56846FFF7F0FE12
:1034B000DDE90004FFF7A2FD024B0021E4FB03015C
:1034C00002B010BD0080841E70B50F4B0F4D104A26
:1034D000104C0026C5F80061C3F8A8254FF400225F
:1034E000C3F8AC45C3F8042507F0B5FBD5F80031A7
:1034F0002BB10123C5F800616360E360F4E701309C
:1035000041F1000170BD00BF00F0014000B000407B
:1035100000B1004000800040B1F1FF3F08BFB0F1B2
:10352000FF3F2DE9F041334C05460E461ED1324B8C
:10353000D3F80031ABB1314B314AC3F80825FFF75E
:1035400087FE00236372FFF72BFFFFF7D3FEFFF721
:10355000BBFF0223C4E904012370FF236370BDE8AD
:10356000F08107F078FBC51C41F10006D4E9047333
:10357000B34208BFAF42F2D0204B214AC3F808251E
:10358000FFF766FE1C4A4FF4803125F07F48002388
:10359000C2F808134046C2F84813C2F84031FFF79A
:1035A00093FE20B140F209316C2002F005FAC2F816
:1035B0004085C2F844132378012B06D127F07F47BA
:1035C0003846FFF781FE0128FAD000236372FFF727
:1035D000E7FEFFF78FFE094A01234FF000412370F9
:1035E000C2F8041504226270034AC4E90456C2F802
:1035F0004833B4E71021002000B0004000F0014043
:103600000000088037B540B1041FE4B2022C13D982
:103610004FF46B716C2002F0CFF9214B4FF48032E4
:10362000C3F80823C3F84005C3F84001D3F840317C
:103630000093009B03B030BD1A4D2B7893B16A788C
:1036400082420FD1184A1949C2F80815012B01D13D
:10365000FFF7A6FE00232B704FF0FF324FF0FF3331
:10366000C5E90423124A4FF48033A340C2F808335B
:10367000C2F8483304F5A87352F82300FFF724FE7C
:10368000012818BF0B4B22B24FEA84041CBF002153
:103690001951084B53F822300193019BCAE700BF30
:1036A000008000401021002000F001400000088050
:1036B00000B0004040B1004070B52C4B30B1041F49
:1036C000E4B2022C2AD940F267310BE0D3E90401BD
:1036D000B1F1FF3F08BFB0F1FF3F06D11B7A23B91C
:1036E00040F23F316C2002F067F912B940F24331E9
:1036F000F8E71F4B4FF480310120C3F80413C3F8DF
:1037000040255864D3F8441500248A42C3F8444540
:1037100003D82046FFF776FF204670BD197829B1FF
:103720005B78834202D140F26331DBE7114B124EEA
:1037300022F07F41A20013444FF48035A5400022BF
:10374000C6F808530846C6F848531A60FFF7BCFD90
:1037500048B904F5A874012046F82410C6F80453AB
:10376000C6F84453D9E71046D7E700BF1021002020
:103770000080004040B1004000B0004008B5FFF7B5
:1037800067FD054B4FF0FF32C3F808230022C3F852
:103790004025C3F8402108BD0080004008B5012243
:1037A000084B10B1C3F8442308BDC3F84823FFF702
:1037B000F7FD054B4FF0FF3118704FF0FF30C3E9B4
:1037C0000401F1E700B0004010210020F8B5164DCB
:1037D000164E00244FF48037D5F8043307FA04F26C
:1037E0001A4212D056F824307BB1002346F8243018
:1037F00004F5A87355F82300FFF766FD28B1201DD6
:10380000C5F80823C0B201F02BFC0134032CE3D12E
:10381000054BD3F8042132B10022C3F80421044A35
:10382000536801335360F8BD00B0004040B1004020
:103830001021002010B51C4C637AFF2B2DD023786B
:1038400083B10122022B227221D1184B4FF40022A6
:10385000C3F80825002323704FF0FF324FF0FF33E9
:10386000C4E90423124BD3F80423D2031BD5D3F8A5
:103870004021C2B14FF480320020C3F80823C3F8BE
:103880004001FF236372BDE8104001F0E9BB022351
:1038900060782370FFF7B6FEE4E7054BD3F80433F6
:1038A0000BB10720EFE710BD1021002000F0014010
:1038B000008000402DE9F04F95B01C460492CDE900
:1038C0000201FFF7E5FD182301910646C0490820D3
:1038D00004EB440213FB0404631801EBC202083238
:1038E00065581F7BD3F8048093F80D9005970FCA95
:1038F0000EAC25F07F4A84E80F005046FFF77EFBB0
:10390000B44B7C1C9842044400F298819C4200F322
:103910009380002C55DBFFF7D7FAB9F1010F8346EE
:1039200008D0AD4FD7E90223B3F1FF3F08BFB2F192
:10393000FF3F4BD0FFF7EEFA019B0690B3F1FF3F3C
:1039400008BFB6F1FF3F03D0B54278EB030378D24E
:10395000029B0322EB1A934269DBBBF1000F00F0DC
:10396000F88000230793029BB5EB030B039B68EBE6
:103970000307FFF7CFFA0930C217834577EB02033D
:1039800080F0EB80049B012B00F0F180079B002B63
:103990005AD1019BB3F1FF3F08BFB6F1FF3F53D0AF
:1039A000721B63EB0803042A73F1000180F2388173
:1039B000012A73F100033ADADDF81CB026F07F4AE1
:1039C00052E004F1F45404F59024A4E70028B1D1A6
:1039D000FFF7A0FA019B0690B3F1FF3F08BFB6F1D5
:1039E000FF3F00F0B380B54278EB0303C0F0AE8038
:1039F0003B7C002B069B14BF00221A463346EB1A71
:103A00009A4214DC01230793D7E90232B2F1FF3F57
:103A100008BFB3F1FF3FA6D00699EB1A68EB02028C
:103A20008B4272F100039ED2B9F1010F9BD00024AA
:103A3000204615B0BDE8F08F04F1614404F5F704A9
:103A400069E73346002285E728464146FFF764FDD3
:103A50004FF0000BB8F1FF3F08BFB5F1FF3F00F09A
:103A6000F2802E46CDF804805046FFF7C7FA5B4B34
:103A7000221A9A420ED3001B9842C0F08C80554BFC
:103A80009A4200F2C280984240F2E780C0F161425F
:103A900002F5F702D3170020FFF70EFE04460028B8
:103AA000C5D04D4FB9F1010FD7E9022375D0BBF155
:103AB000000F40F09780B3F1FF3F08BFB2F1FF3F26
:103AC00000F0B5800120FFF769FE3B7C002B40F041
:103AD000A1806A1E68F100030620FFF7EDFD0028B3
:103AE00051D0B9694FF0804200230B60C2F808350D
:103AF00000238DF8483008934FF0FF324FF0FF332A
:103B0000CDE90A23DDF814A08DF84590CDF83C806E
:103B10008DF844A00E9508AF0FCFDFF8C4904E4645
:103B20000FC60FCF0FC697E80F0086E80F00284694
:103B30004146FFF771FA534601331B1841F100016A
:103B40002046C9E9043115B0BDE8F08F029BC21CC4
:103B500055E7214FCDF81CB056E7B9F1010B2846C7
:103B6000414618BF4FF0010BFFF7D6FC72E7019BEF
:103B7000B3F1FF3F08BFB6F1FF3F73D026F07F4A95
:103B80004FF0000B70E7BA694FF080410123C1F894
:103B900008351360ACE742427CE7B3F1FF3F08BF52
:103BA000B2F1FF3F24D1BBF1000F8ED0069BF21A79
:103BB000019B4FF0050063F10003FFF77DFD002836
:103BC00046D03B7C002B84D101233B7481E700BFAE
:103BD000D01D0020FF7F841E302100200040420FB6
:103BE000D8200020B3F1FF3F08BFB2F1FF3FDDD086
:103BF000FFF764F94FF0FF324FF0FF33C7E90223BC
:103C0000BBF1000F3FF461AFD0E702F1F45202F5CF
:103C100090223FE70520FFF7F5FC00233B7458E7AF
:103C200028464146DDF81CB0FFF776FC12E7FFF7A7
:103C30003FF907F010F8C7E9020143E740F22E41CF
:103C4000702001F0B9FE40F24371702001F0B4FE23
:103C500040F23121702001F0AFFE40F60B017020E0
:103C600001F0AAFE40F2A761702001F0A5FE00BF9E
:103C70002DE9F04F8D4F7C7C04EB44033B4483B033
:103C80005D78202D48D08A4BE6B26400002B00F00E
:103C90008980884BDFF82092002B5FD005EB46121D
:103CA00007EB420A4FEA46189AF81C30013BDBB298
:103CB000052B34D8814A12F803B0BBF1080F2ED07F
:103CC000AFF30080EFF3108372B634443C449AF8AB
:103CD0001D206270A278AA4204BF2022A27013B9EC
:103CE000AFF3008062B6A84405EB450509EBC502B9
:103CF00007EB4808506859F835300122594688F8D2
:103D00001C2098477C7C04EB44033B44E6B25D787E
:103D1000202D4FEA4404C1D103B0BDE8F08F40F23A
:103D20007261702001F048FE62B6A84405EB4505BB
:103D300009EBC50207EB4808506859F835300122F5
:103D4000594688F81C2098477C7C04EB44033B448C
:103D5000E6B25D78202D4FEA4404DDD005EB461233
:103D600007EB420A4FEA46189AF81C30013BDBB2D7
:103D7000052BD4D8514A12F803B0BBF1080FCED0AE
:103D8000AFF30080EFF3108372B634443C449AF8EA
:103D90001D206270A278954204BF2022A270002BE1
:103DA000C3D1C1E7434BDFF814B1DFF80CA14FF0EA
:103DB0002009002B4FD005EB461207EB42024FEAD9
:103DC0004618137F013BDBB2052BA8D81BF8031064
:103DD0000829A4D0EFF3108372B634443C44527FD8
:103DE0006270A278954208BF84F80290002B52D0EE
:103DF000A84407EB480805EB45050AEBC5025AF84D
:103E000035305068012288F81C2098477C7C04EBF0
:103E100044033B44E6B25D78202D4FEA4404CAD106
:103E20007AE762B6A84405EB45050AEBC50207EB45
:103E3000480850685AF83530012288F81C20984705
:103E40007C7C04EB44033B44E6B25D78202D4FEAD2
:103E500044043FF461AF05EB461207EB42024FEA20
:103E60004618137F013BDBB2052B3FF658AF1BF81A
:103E7000031008293FF453AFEFF3108372B63444B4
:103E80003C44527F6270A278954208BF84F8029049
:103E9000002BC7D1C5E70191AFF3008062B6A844FB
:103EA000019905EB450507EB4808A6E730210020FE
:103EB0000000000000000000D01D002024B7020018
:103EC0002DE9F04F85B0DFF80C81019301EB410340
:103ED0004FF0200C18F8034003916445924682F895
:103EE00000C073D04B01DFF8F09006469B4610E00F
:103EF000727B012A02D0427D012A57D00BEB0403CA
:103F000008EB43038AF800405B7F202BA4465DD07A
:103F10001C4604EB440009EBC000D0E9032387688A
:103F20003568716813EB070E42F10002754571EBBD
:103F300002024FEA4403DBD21D46019B83F800C016
:103F4000039B4FEA431B281909EBC0003768B3688D
:103F5000D0F808A07268C168DB1942F100029A45E6
:103F600071EB020310D3437D012B02D0737B012B35
:103F700003D0012005B0BDE8F08FFEF7CBFFAAEB20
:103F8000070701308742F4DA019A254409EBC50599
:103F90001470A97DB27B0BEB0403914208EB430341
:103FA00010D95C7F202CE4D06500CCE70293FEF7AB
:103FB000B1FFED1B01308542A0DA029B9AF800C0E8
:103FC0001D46BAE7002005B0BDE8F08F019B1C70CC
:103FD000CFE700BF30210020D01D00202DE9F04F99
:103FE00083B00C4615461E469DF83070FFF7D0F89A
:103FF00022686368451946F10006954276EB030393
:1040000042D3DFF88C8005E05D4576EB09033BD3B6
:10401000C4E900B90DF107030DF106023946204647
:10402000FFF74EFF88BB9DF8073003EB430308EB17
:10403000C303D3E902A01A691AF1030B40F100008F
:1040400012EB0B0B627B40F10009012ADCD05B7D97
:10405000012BD9D1FEF75EFFABEB0A03013083429F
:10406000D2DA9DF8073003EB430308EBC303D3E92F
:1040700002B9FEF74FFF013010EB0B0B49EBE07973
:104080005D4576EB0903C3D2002003B0BDE8F08F95
:10409000D01D00202DE9F04715461C4612782F7AD6
:1040A00095F809C088B00023E360C4E90033A77322
:1040B0009DF8408084F80DC00646A360E2730F4669
:1040C000002A3AD1FEF7A8FFD5E9042C3C4BC318CF
:1040D00041F1000E9A427CEB0E030AD3013E47F1F8
:1040E000FF37C4E900674FF47A73A36008B0BDE8F6
:1040F000F087263041F1000182427CEB0103EDD3D1
:10410000501E04F10C036CF10001009304AA06ABED
:10411000FEF7E4FF049B686802330DF10F0205A966
:104120001844FEF7AFFFDDE9053207999B1A23F02B
:104130007F43C4E90021A360D8E7224804F10C02C0
:1041400006A9FEF79FFF204B1B78202B24D01F4988
:104150008B69D1E90721083342F1000A13EB010909
:104160004AF1000A6B68207B1844023005AA04F16A
:104170000801C4E9009AFEF785FF2869CDF80080A0
:1041800032463B462146FFF729FF0028AED1C4E95D
:10419000006708B0BDE8F087637B16F1080947F1B6
:1041A000000A012BDED0FEF78FFE0028DAD1FEF7E1
:1041B000B1FE10EB090399464AF1000AD2E700BFAD
:1041C0000040420FFF7F841ED0200020D820002016
:1041D0002DE9F04700EB4003344DDFF8D480EC5C70
:1041E00006464700FFF75AF94FF0200C4FEA461EEB
:1041F00004EB440108EBC1010EEB0403D1F808A065
:104200000A69AAEB000929F07F49B9F5000F05EB0F
:1042100043030DD812EB0A02121A22F07F42B2F5C4
:10422000000F05D8BCF1200F0AD12046BDE8F08769
:104230005B7F202BA4461C46DAD1BCF1200FF4D0C2
:104240000CEB4613BA1905EB430315F802805B7FAC
:10425000AB54710144464FF0040E0B1905EB4303B8
:1042600022469445204683F81CE05C7FF5D1BB19BB
:104270002B440A4493F802E0BEF1200F5FFA8EFC53
:1042800018BF8C443E4418BF05EB4C0C05EB4202B2
:10429000354408BF83F801804FF0200318BF8CF825
:1042A0001D80A87053772046BDE8F087302100209C
:1042B000D01D00202DE9F04101EB41034A4DEE5C99
:1042C000202E82B00C4680464FEA410740D1474B32
:1042D0000BB1AFF3008006F0BEFCAB7C0191202B4C
:1042E0000AD0434BD3E906E210F1020C41F100037E
:1042F000E64572EB030330D3202E0AD04246334604
:10430000FFF7D8FA00283DD00220AE7402B0BDE815
:10431000F081D5E90223B3F1FF3F08BFB2F1FF3FBF
:104320001FD12B7C43BB0420FFF76CF9FFF726FA63
:104330000020FFF733FAA9694FF080422020A874CB
:10434000002301200B60C2F8083502B0BDE8F081FF
:104350000846FFF73DFF8642B9D0002002B0BDE815
:10436000F081FEF7ABFD4FF0FF334FF0FF32C5E9B0
:1043700002232B7C002BD6D00520FFF743F9002326
:104380002B74D0E73A1906EB441305EB430315F8F9
:1043900002C05B7FAB5461016246042013468A1859
:1043A00005EB42029E421077527FF7D13A192A4418
:1043B0003C449678F0B2202E18BF4018194418BF1C
:1043C00005EB400005EB4101254418BF80F81DC0F6
:1043D000AB704FF000004FF0200308BF82F801C01F
:1043E0004B7702B0BDE8F0813021002000000000D2
:1043F000D820002038B5164A164D4FF0FF304FF048
:10440000FF310023C2E90201C5E90201202142F285
:104410002000A970136082F82830A9741C462880F7
:104420006B742B7405F11C0202F814300134202C3B
:10443000FAD1094801F07EFC084B094A1C70107043
:1044400001F068FDA861FEF7CDFF0123EB7438BDD4
:10445000D820002030210020713C0100D020002015
:10446000082100202DE9F04F83B006F0F4FBA44FA3
:1044700006460C46FFF782F94FF0FF334FF0FF324C
:10448000C7E9022397F82830BBB9BB693A6AF969D2
:104490009C48023341F100019B1802F5DF62A0FB4A
:1044A00002024FEA922241F100019B1841F1000102
:1044B0009E4274EB010380F00E814FF0FF304FF00D
:1044C000FF31FFF729F8904A92F800B0BBF1200FB6
:1044D00000F011818D4D20231370AB746B7C002292
:1044E0003A6003EB43025FFA83F915F802805B0040
:1044F000B8F1200F00930BD0DFF814A208EB4803AB
:104500000AEBC3034FEA4802D97D012900F0B780C6
:10451000009BDFF800A203EB09062E444FEA49187E
:104520003478202C04D04846FFF752FE8442F7D15D
:10453000BAF1000F01D0AFF3008006F08CFBAB7C2A
:10454000202B09D0D7E9062310F1020E41F1000C0F
:10455000724573EB0C03E3D3202C19D023460122C0
:10456000FFF7A8F9002860D008EB0B0305EB430325
:10457000AC741A7F022A36D0FF23AB71009B4B44E8
:104580001D446B78202B40F08C8003B0BDE8F08F89
:10459000D5E90223B3F1FF3F08BFB2F1FF3F07D0D7
:1045A000FEF78CFC4FF0FF324FF0FF33C5E90223DA
:1045B0002B7C002B5DD10420FFF724F8FFF7DEF8F9
:1045C0000020FFF7EBF8A9694FF08042002320207C
:1045D000A8740B60C2F8083508EB0B0305EB430326
:1045E0001A7F022AC8D14A4A0BEB4B0102EBC102E7
:1045F000527D022A6CD0009A4A442A440621197737
:1046000091782029CBB260D0434405EB430383F873
:104610001DB0009B4B442B44D84405EB480883F85D
:1046200002B0202388F81D30A6E708EB040305EB51
:10463000430330785B7F33700246042113464244C3
:1046400005EB42029C421177527FF7D1B178B370EB
:10465000CAB220291CBF424405EB4202434405EB89
:10466000430318BF50774FF0200208BF70705A778D
:1046700056E70520FEF7C6FF00232B749BE75B7D02
:10468000012B15D1033644F1000402EB08030AEBB9
:10469000C303D3E90202B042A24128BFC3E90264C6
:1046A00036E71D4B187803B0BDE8F04F01F06EBB44
:1046B0000192FEF709FC019A0028E3D1FEF72AFCDB
:1046C0008619019A44F10004DFE782F801B0A0E7FF
:1046D00001221A7750E70C4B0D4A1B78182101FB79
:1046E00003F3D01807214068D358984740F2B62109
:1046F000702001F061F940F2C121702001F05CF9F5
:10470000D82000209300DC92D0200020302100200F
:10471000D01D0020000000000821002038B505460B
:104720000C46FEF709FC002822DB14494B7C01F102
:104730001C0C5FFA83FE0CEB831C002302E00133A8
:10474000202B13D01CF81320D8B2002AF7D10C4A22
:1047500003EB4E1E03EB430301EB4E0142F83350D3
:1047600002EBC30301220A775C6038BD184638BDEE
:1047700040F21731702001F01FF900BF30210020F6
:10478000D01D00201F2808D80A494B7C00EB43139A
:1047900001EB43031A7F012A01D0002070474B7CB4
:1047A00000EB431301EB43034FF0000C104683F87A
:1047B0001CC0704730210020014BD3E90401704731
:1047C000D8200020014BD3F84005704700800040FE
:1047D0000378002B40F0D7802DE9F04F6F4A5368E3
:1047E000C3F3080389B08146002B40F0B8806C4EBB
:1047F0006C4FDFF8B4B106F11C0A27B1002140F27A
:104800005B40AFF30080757CEDB24FF00003B371F5
:1048100027B100214FF48C60AFF300800AEB851EB6
:10482000BEE80F006C1C04F001080AEB881CACE821
:104830000F00BEE80F00ACE80F00BEE80F00ACE8C8
:104840000F009EE80F0044468CE80F002DB227B100
:10485000002140F2EB30AFF3008005EB450504EB9F
:1048600044047319725B9B7832533444A37057B17C
:10487000002140F2EF30AFF3008027B1002140F279
:104880006540AFF3008006F0E6F9CDF8008004AB98
:104890004A4604460D46FFF7FDFB27B1002140F2D2
:1048A0006C40AFF30080414B1B78202B3FD0DBF8EE
:1048B0001830DBF81C20DBF82010083342F100022E
:1048C0005B1842F10002DDE90401984271EB020C31
:1048D000CDF8008022D3364822462B4604A9FFF7A4
:1048E0007DFB98B1DDE90401FEF796FB9DF81C30D5
:1048F00001331B1841F10001C9F81030C9F8141038
:1049000027B1002140F27F40AFF30080B379002B44
:104910007FF473AF012009B0BDE8F08FCDE9043218
:1049200004A922462B462248FFF758FBDAE79DF8F8
:104930001D1014F1080345F100020129C3D0CDE98F
:104940000232FEF7C1FADDE902320028BBD1FEF7E0
:10495000E1FA029B039AC31842F10002B3E7103B4D
:1049600059B2002911DB01F1604101F5614191F873
:10497000000340090028CED0094E0A4FDFF828B0C6
:1049800006F11C0A39E70020704703F00F03043BCF
:104990001344187E40090028EED1BCE700ED00E08A
:1049A0003021002000000000D8200020D02000206E
:1049B0000040420F2DE9F04FAC4A53688FB0C3F36B
:1049C000080383460491002B40F06281082303937F
:1049D000049B1B78012B00F23D82A54E26B10021DD
:1049E00040F24D50AFF300800023A24C05934FF0EE
:1049F000010926B1002140F25A50AFF30080B9F10D
:104A0000000F04D19C4B0BB1AFF3008062B6657C04
:104A1000EDB24FF00003A371039B002B40F0988090
:104A2000A84626B1002140F26E50AFF3008006F098
:104A300012F9049A00950AAB8246FFF72BFB26B1C8
:104A4000002140F27650AFF300800BEB481904EBE5
:104A500049094FEA481799F81C30013B012B75D8DA
:104A60000A992AF07F4AA1EB0A0222F07F4323F041
:104A70000103002B40F0BD8008EB4802224407EB05
:104A80000B03907804EB43030421202819774FEAA5
:104A90004803C1B200F09681394404EB410181F82A
:104AA0001DB0434423445F4404EB470783F802B03E
:104AB00020237B7700230593012726B1002140F2B4
:104AC0007B50AFF300806D4B0BB1AFF30080EFF381
:104AD0001088C14672B6A379002B8AD1684B0BEBC4
:104AE0004B0C03EBCC0C0AAB0FCB0CF1080C8CE895
:104AF0000F008FB1039B002B00F0EA80059B23B1D0
:104B0000604B1B78202B00F06081637CDB4303F05B
:104B100001036374FF23A371B8F1000F04D1564B56
:104B20000BB1AFF3008062B626B1002140F2B25063
:104B3000AFF30080002F4AD126B1002140F2BE50D1
:104B4000AFF3008038460FB0BDE8F08F0027B4E720
:104B50004D4B05F1010A0AF0010A03EB851E03EB38
:104B60008A1CBEE80F00ACE80F00BEE80F00ACE8FE
:104B70000F00BEE80F00ACE80F009EE80F002DB25A
:104B80008CE80F00D0460FFA8AF726B1002140F2D8
:104B9000EB30AFF3008005EB450507EB47076319E2
:104BA000625B9B78E2532744BB7056B1002140F210
:104BB000EF30AFF3008026B1002140F26450AFF334
:104BC0000080A379002B7FF414AF554629E7637C5E
:104BD00003EB43031C446378202BADD026B10021A6
:104BE00040F2B950AFF30080284B187801F0CEF8AE
:104BF000A2E722F07F42B2F5000F3FF63DAF0C9BDB
:104C00005B18A3EB0A0323F07F43B3F5000F3FF6D5
:104C100033AF0DF127030DF1260229460AA8FFF74D
:104C20004FF9059000285AD108EB4802224404238A
:104C3000907889F81C304FEA48032028C1B24344D9
:104C400018BFC91923445F4404EB470718BF04EB9E
:104C5000410183F802B04FF0200314BF81F81DB06A
:104C600082F801B07B77012727E700BF00ED00E065
:104C700000000000302100200000000000000000C3
:104C8000D01D0020D02000204C2100200821002031
:104C9000103B59B20029C0F28D8001F1604101F54D
:104CA000614191F800335B090393002B7FF490AED0
:104CB000704B1B78202B00F0D280049B1B78039351
:104CC000002B3FF48AAE40F24651702000F074FE93
:104CD000FF23A371B8F1000F7FF426AF1FE79DF803
:104CE00026C09DF827E0F44518D1BCF1200F00F054
:104CF0009E8007EB0C0304EB43035B7F89F81D30B8
:104D0000BC4404EB4C0C00228CF81DB05F4404EB57
:104D10004703059F059203221A77CEE6BEF1200FC6
:104D200000F0A28007EB0E0304EB4303BCF1200F5D
:104D3000597F00F0878007EB0C0204EB42024FEA38
:104D40004803507F069051774FF0050A3A1804EB5C
:104D5000420201468E45814682F81CA0507FF5D163
:104D600003EB08022244079192F802A0BAF1200F47
:104D70005FFA8AFE63D0BE4404EB4E0E069A8EF8AC
:104D80001D2003EB08022244079982F8029039445F
:104D900007EB0B024FF0200E04EB410104EB420243
:104DA000F44581F81DE05077AAD14344059A04F8F0
:104DB00003B0ABE703F00F03043B13441B7E5B0916
:104DC000039372E782F801B06BE629460220FFF7F1
:104DD00071FA00287FF499AE637C03EB4300204412
:104DE0000BEB431204EB420285780421DFB211770A
:104DF0005A015B00202DE9B23B4418BF89182344B7
:104E00005A4418BF04EB410104EB420283F802B09C
:104E10004FF0200318BF81F81DB0059F08BF80F830
:104E200001B05377B8F1000F7FF47EAE77E608EB60
:104E30004803E35C89F81D304FEA4803B5E706995B
:104E400051709EE708EB48024FEA4803A05C0690C9
:104E5000A15479E740F24A51702000F0ADFD40F2D4
:104E60004351702000F0A8FD40F2CF11702000F0F7
:104E7000A3FD00BFD02000202DE9F84F734CDFF8D0
:104E8000D08105464FF0010A04F11C0BB8F1000F68
:104E900004D000214FF4BA60AFF30080BAF1000FE4
:104EA00004D16C4B0BB1AFF3008062B64FF000033E
:104EB000A371B8F1000F04D0002140F2D550AFF338
:104EC0000080667C0BEB861EBEE80F0006F1010930
:104ED00009F001070BEB871CACE80F00BEE80F00E0
:104EE000ACE80F00BEE80F00ACE80F009EE80F0032
:104EF000B9468CE80F00B8F1000F04D0002140F251
:104F0000EB30AFF3008006EB460607EB4707A3192B
:104F1000A25B9B78E2532744BB70B8F1000F04D02A
:104F2000002140F2EF30AFF30080A37903F0FF01DE
:104F3000002B7CD1B8F1000F03D040F2DF50AFF36B
:104F4000008005EB491304EB43034FEA49161A7F2F
:104F5000032A6AD109EB4902A75CBD4271D0202F18
:104F600063D03B4601E0202B5FD0F21804EB4202F5
:104F70001946537F9D42F6D1202D56D073193144E6
:104F800004EB430304EB41015B7F4B77B8F1000F67
:104F90000CD0002140F25D30AFF30080B8F1000F7B
:104FA00004D0002140F2E450AFF300802E4404EB23
:104FB000460601233377B8F1000F04D0002140F2F8
:104FC000ED50AFF30080244B0BB1AFF30080EFF353
:104FD000108A72B6A379002B7FF458AFBD4203D17B
:104FE0001E4B1B78202B1AD0637CDB4303F001039C
:104FF0006374FF23A3710124BAF1000F04D1154B90
:105000000BB1AFF3008062B6B8F1000F04D00021FD
:1050100040F20F60AFF300802046BDE8F88F4946AC
:105020000220FFF747F90028DED10024E4E7B8F1B9
:10503000000F3FF433AF002140F2DB50AFF30080AC
:1050400024E7202DF1D05B7FA3549FE7302100207F
:10505000000000000000000000000000D020002040
:1050600070B586B007280DD8DFE800F0310C0C0CC5
:105070000C1D040E604B4FF080419A690123C1F86A
:105080000835136006B070BD5C4B5D4A1B7803EBBE
:10509000430302EBC30052F833304068042106B0EA
:1050A000BDE870401847544C237C002B49D0D4E90C
:1050B0000223B3F1FF3F08BFB2F1FF3F00F085804C
:1050C0000120FEF76BFB0023237406B070BD4A4C31
:1050D000D4E90223B3F1FF3F08BFB2F1FF3F56D03E
:1050E000464E0120FEF75AFB3378202B56D0454D13
:1050F00095F82520012A3BD0FDF7E6FE034600285F
:1051000035D194F89C200132D2B2312A84F89C2007
:105110006CD84FF47A7230786946CDE90032CDE927
:105120000233CDE90433FFF745FC002859D095F848
:105130002840012385F82830FFF794F985F82840A6
:10514000A0E72E4B2E4A1B782E4903EB43034FF06A
:10515000FF344FF0FF35C1E9024502EBC30152F8BD
:1051600033304868052106B0BDE8704018473378F1
:10517000234A03EB430302EBC30052F83330406889
:10518000002184F89C1006B0BDE870401847FDF778
:105190008FFE05F060FDC4E90201A1E7637C03EB2B
:1051A0004301DAB2635C202B16D003EB421204EB0E
:1051B0004202507F6054FF21A171124D33700221D1
:1051C0001177002285F8282092E7FDF771FE05F09F
:1051D00042FDC4E9020173E740F25221702000F061
:1051E000EBFB4FF4C761702000F0E6FB40F2346146
:1051F000702000F0E1FB00BF30210020D020002013
:10520000D01D0020D820002010B51B4B1B78202B70
:1052100086B026D0194CD4E90223B3F1FF3F08BF72
:10522000B2F1FF3F22D1D4E904310DF10B02C018D5
:1052300041F1000104AB009203AAFDF74FFF9DF876
:105240000B20DDE904130F2A94BF0022012252181B
:1052500043F100030520C4E90223FEF72DFA06B04E
:1052600010BD40F2DF71702000F0A6FB4FF4FC612E
:10527000702000F0A1FB00BFD0200020D82000202B
:10528000FEF70CB938B5254B93F800E0BEF1200FBE
:105290003FD0234D6B7C95F811C003EB43035FFABD
:1052A0008CFCEB5C202B25D01E4C4FEA4C1C05E0FF
:1052B000634405EB43035B7F202B1BD003EB4302CE
:1052C00004EBC202917D8142F2D80EEB4E0E04EB4C
:1052D000CE04D4E90213206940189168D26843F1E2
:1052E0000003C41C43F10003A14272EB030304D288
:1052F000002038BD4FF0FF3038BD0B4B081A033883
:105300001C68FDF77BFE04F132038342F0D8001BDA
:1053100038BD40F61B01702000F04EFBD02000206D
:1053200030210020D01D0020D82000202DE9F04F92
:105330008C4B1D7887B0202D019000F00D81DFF897
:105340002892DFF8288299F8113003EB43030646D0
:10535000D8F8000019F80340D8F8183003930DF17D
:105360001302D8F8203002938B46304405A9FDF78C
:1053700089FE7F4BA6F132029A426AD8DFF8F4A187
:10538000059BD8F81C6005EB45050AEBC505A86828
:105390001B182869D8F818501818401B20F07F43B4
:1053A000B3F5000F55D899F81120C8F82000202C2B
:1053B00088F826B0D2B200F0C2805201DC4620212B
:1053C000934604EB440240190AEBC20246F1000E78
:1053D000D2E90263864273EB0E034FEA440746D3D9
:1053E000537D012B03D098F82530012B35D00520B3
:1053F0000091FEF707F9009999F811004FF0FF327C
:105400004FF0FF332029C8E90223C0B240F0958055
:1054100000EB4000202419F80030524A99F811108E
:10542000127802EB411209EB42025377D8F80030B0
:10543000019A1344C8F80030FF2389F80630202C65
:1054400035D04D4B187800F0A1FC002007B0BDE826
:10545000F08F012007B0BDE8F08F0091FDF75AFDF5
:10546000751B013085420099C1DA98F826C027449F
:105470000AEBC707BB7D63450DD90BEB040309EBB2
:1054800043035B7F202B16D02146D8E90656D8F877
:1054900020001C4695E7DDE90231D8F818205B189A
:1054A0009B1A0220C8F8203007B0BDE8F08F00201A
:1054B00007B0BDE8F08F0520FEF7A4F84FF0FF32EB
:1054C0004FF0FF3399F81100C8E90223C0B204EB92
:1054D000401309EB430346005A7F00EB40034101B0
:1054E00019F803A009F803204FF0050C5346CF1814
:1054F00009EB47071A4694421D4687F81CC07B7F7C
:10550000F5D137184F440A4497F802E0BEF1200F56
:105510005FFA8EFC18BF8C44304418BF09EB4C0C6A
:1055200009EB420248444FF0200114BF8CF81DA043
:1055300087F801A0857051776FE70C46C7E7052013
:10554000FEF760F899F811004FF0FF324FF0FF338B
:10555000C8E90223C0B25BE740F64401702000F0C6
:105560002BFA00BFD020002030210020D8200020BE
:10557000CE3F420FD01D0020082100202DE9F84F1A
:105580009A4C637C00EB431304EB43031B7F002B1B
:1055900000F02781677CDFF858820546FFB2B8F13A
:1055A000000F04D0002140F6A500AFF300807E017B
:1055B00005EB471704EB4707B8F1000F40F0D9801F
:1055C000771904EB47073B7F012B08D0043B022BE4
:1055D00040F2C58005F086FB3B7F012BF6D1DFF85A
:1055E00014A24FF0010BB8F1000F04D0002140F6D7
:1055F000BC00AFF30080BBF1000F04D17E4B0BB1B8
:10560000AFF3008062B64FF00003A371B8F1000F52
:1056100004D0002140F6C100AFF30080667C0AEBA5
:10562000861EBEE80F0006F1010909F001070AEB2A
:10563000871CACE80F00BEE80F00ACE80F00BEE826
:105640000F00ACE80F009EE80F00B9468CE80F0091
:10565000B8F1000F04D0002140F2EB30AFF300802E
:1056600006EB460607EB4707A319A25B9B78E253BC
:105670002744BB70B8F1000F04D0002140F2EF3096
:10568000AFF30080A37903F0FF01002B40F0858089
:10569000B8F1000F03D040F6CB00AFF3008009EB68
:1056A000490323444FEA490B5E78B54200F08F80EE
:1056B000202E2CD04FEA491101E0202E27D08B1943
:1056C00004EB4303324637465E7FB542F5D1202DC9
:1056D0001DD00A44294404EB410104EB42024B7FF4
:1056E0005377B8F1000F04D0002140F25530AFF3EA
:1056F00000800BEB090323449B789E425AD0B8F1FB
:10570000000F0CD0002140F25D30AFF30080B8F103
:10571000000F04D0002140F6CF00AFF30080374BDC
:105720000BB1AFF30080EFF310839B4672B6A27902
:10573000002A7FF458AF84F81190FF22A27123B998
:105740002D4B0BB1AFF3008062B6B8F1000F04D05F
:10575000002140F6E100AFF30080BDE8F88F731937
:1057600004EB43030122DFF88CA01A774FF0010B02
:1057700039E73B7F012B3FF432AF043B022B16D9B4
:10578000002140F6B100AFF3008005F0ABFA002134
:1057900040F6B500AFF300800EE7B8F1000F3FF41C
:1057A0002AAF002140F6C700AFF300801BE70123BA
:1057B0003B77ECE7B8F1000F04D000214FF45670AE
:1057C000AFF300800BEB090323449F7097E7202D74
:1057D0009DD005EB491204EB42022027527F5A70FC
:1057E0007FE740F69C01702000F0E6F830210020B1
:1057F000000000004C21002000000000000000001C
:1058000070B586B063BB064610460D46FDF7F6FB45
:105810000DF10B030446009303AA04AB294630465E
:10582000FDF75CFC039A1349A31A8B420BD3121B9E
:105830008A420ED310498B420DD88A4215D9C2F143
:10584000614303F5F7030A9AA2F10F00C01A06B0EC
:1058500070BD5342F7E703F1F45303F59023F2E7E9
:1058600040F6E701702000F0A7F840F60B01702029
:1058700000F0A2F80040420FFF7F841EBFF34F8F5D
:105880000549064BCA6802F4E0621343CB60BFF3DC
:105890004F8F00BFFDE700BF00ED00E00400FA05F8
:1058A000094B01225A604FF0FF32C3F80823074B1F
:1058B0004FF48042C3F88020BFF34F8FBFF36F8F48
:1058C000C3F88021704700BF00E0004000E100E025
:1058D000094B01225A604FF0FF32C3F80823074BEF
:1058E0004FF48052C3F88020BFF34F8FBFF36F8F08
:1058F000C3F88021704700BF00C0004000E100E015
:10590000084B0022C3F8FC2F0122C3F8FC2F064BE2
:105910000222C3F88020BFF34F8FBFF36F8FC3F80D
:10592000802170470010004000E100E0F8B51B4EF8
:10593000337805460C46174663BB00F06BFAFCF75C
:1059400067FF17487760002D18BF28463472FFF7AD
:10595000D7FFFFF7BDFFFFF7A3FFFDF7F3FA0546FB
:10596000B0B9FEF747FDFDF7DFFA05F061F9002C4D
:105970000CDB04F01F026409A40004F1604404F588
:10598000614401239340C4F88031236001233370C4
:105990002846F8BD4FF0FF35FAE700BFD0210020C0
:1059A0002AB7020008B572B6024B5B6803B198478C
:1059B000FFF764FFD02100201FB572B6134B5D685E
:1059C0008DB9FFF75BFFB2FBF6F2DCB20133002AC0
:1059D000F9D104F110036B4403F80C2C0A2234B9FA
:1059E00001A8A847EDE7024600230A26EDE7631E5B
:1059F00004AEDCB256FA83F3B0FBF2F602FB1600FB
:105A0000303003F80C0C3046E9E700BFD02100200D
:105A1000074B93F90830002B09DB5A09012103F0E9
:105A20001F0301FA03F34032024941F82230704764
:105A3000D021002000E100E0014B1878704700BF42
:105A4000D02100202DE9F84FDFF8C4A0314C324DB1
:105A5000DFF8C890074601269AF800805FFA88F8B8
:105A6000FF238AF80030B8F1000F01D08AF8013026
:105A7000EFF3108272B600236660C4F80031C4F8F8
:105A80000431C4F8047526603AB962B605E0D4F86A
:105A9000043133B92B69DB0620D4D4F80031002B54
:105AA000F5D0D4F80431002BE2D1B8F1000F13D1B6
:105AB0009AF80130DBB28AF8018003214FF480426A
:105AC000C4F80813C4F80481C4F80081C9F880211F
:105AD0008AF80080002BBFD1BDE8F88F4FF48043D7
:105AE000C9F88031EFF3108B72B60323C4F8043386
:105AF000D4F8003113B9D4F804311BB1BBF1000F55
:105B0000CBD1C2E705F0EEF8BBF1000FC5D1BCE781
:105B1000DC21002000E0004000ED00E000E100E0BA
:105B200070B51646DA078CB01D4686468C4640F1A5
:105B3000A280C37B8DF80030837B8DF80130437BDE
:105B40008DF80230037B8DF80330C37A8DF8043072
:105B5000837A8DF80530437A8DF80630037A8DF814
:105B60000730C3798DF8083083798DF8093043798F
:105B70008DF80A3003798DF80B30C3788DF80C302E
:105B8000837842788DF80D3003788DF80F308DF8DA
:105B90000E20CA7B8B7B8DF810208DF811304A7B4C
:105BA0000B7B8DF812208DF81330CA7A8B7A8DF822
:105BB00014208DF815304A7A0B7A8DF816208DF85E
:105BC0001730CA798B798DF818208DF819304A79F9
:105BD0000B798DF81A208DF81B30CA788B788DF8E8
:105BE0001C208DF81D304A780B788DF81E208DF81A
:105BF0001F306C462046FFF725FFAB0731D59DF8D7
:105C00002F009DF82E109DF82D209DF82C3030701F
:105C100071709DF82B009DF82A10B270F3709DF8FA
:105C200029209DF82830307171719DF827009DF86A
:105C30002610B271F3719DF825209DF82430307242
:105C400071729DF823009DF82210B272F3729DF8D4
:105C500021209DF8203030737173B273F3730CB050
:105C600070BD0DF1200CBCE80F0030607160B260B7
:105C7000F3600CB070BDDEF80410DEF80820DEF82A
:105C80000C3000686C46A646AEE80F00DCF8000059
:105C9000DCF80410DCF80820DCF80C30AEE80F006B
:105CA000A8E700BF10B5002482B0CDE90044FFF79B
:105CB00037FF02B010BD00BF1B4B4FF4805270B5D0
:105CC000C3F88020BFF34F8FBFF36F8F174D184C71
:105CD0000021C5F80011C3F880212669236943F02B
:105CE000100323610123C5F8043306F010062B606E
:105CF000D5F80031A3B11EB9236923F01003236145
:105D00000A4B0122D3F808055A60C3F80823002281
:105D1000C3F80021044B4FF48052C3F8802170BDBA
:105D200004F0E0FFE4E700BF00E100E000C0004055
:105D300000ED00E038B50C49024605200138C0B23C
:105D4000FF2803D148216920FFF736FE01EBC0038D
:105D50001D7905F0FF04002DF0D141F8302001221B
:105D60005C719C711A7138BDE0210020042808B5CF
:105D700003D94F216920FFF71FFE034B03EBC0003F
:105D80000023037108BD00BFE0210020042808B5EE
:105D900003D958216920FFF70FFE094B03EBC00020
:105DA0000379012B01D05921F4E74379827901333A
:105DB000DBB29A4218BF4371BDE80840FFF728BE26
:105DC000E021002070B5124C06250026013D15F09B
:105DD000FF0500D170BD94F8281004EBC1031A79B7
:105DE000012A09D158799A79904205D05A79D2B2CC
:105DF0009A7154F83130984794F828300133DBB267
:105E0000042B94BF84F8283084F82860DEE700BFB4
:105E1000E02100204FF08052034BD2F8301119607E
:105E2000D2F834215A6070470C220020034B1868C6
:105E3000A0F10F0358425841704700BF0C220020C8
:105E4000034B1868A0F10A0358425841704700BF3D
:105E50000C220020034B1868A0F10E035842584151
:105E6000704700BF0C220020034B1868A0F11003FC
:105E700058425841704700BF0C220020044B18685C
:105E8000062803D0431C58425841704701207047F0
:105E90000C220020034B1868A0F10D035842584112
:105EA000704700BF0C220020034B1868A0F10803C4
:105EB00058425841704700BF0C22002008B5FFF738
:105EC000BFFF20B1024B5868B0FA80F0400908BD0E
:105ED0000C22002008B5FFF7D1FF38B1044B5868F9
:105EE000063810F1080F94BF0020012008BD00BF44
:105EF0000C22002008B5FFF7C1FF38B1044B5868E9
:105F0000063810F1080F8CBF0020012008BD00BF2B
:105F10000C22002008B5FFF789FF70B9FFF790FF4A
:105F200058B9FFF797FF40B9FFF7A8FF044A054BA0
:105F3000002808BF1346184608BD024BFBE700BF08
:105F400000E701400C05004008B5FFF797FF08B3D4
:105F5000EFF3108072B6104A1369116941F0100115
:105F60001161A2F5406203F01003D2F80011D2F8DB
:105F700004210A4300D040BF20BF00BF00BF00BFC4
:105F800000BF23B9044A136923F01003136100B959
:105F900062B608BD20BFFCE700ED00E0914270B59D
:105FA0003BD2B2FA82F33BB1C3F1200420FA04F4ED
:105FB0009940214398409A40160CB1FBF6FC06FB31
:105FC0001C1424041FFA82FE030C85B204EB10405B
:105FD0000CFB0EF4844206D9201A90428CBF02209A
:105FE0000120ACEB000C03EB01410CFB1211B1FBE7
:105FF000F6F006FB101105EB014100FB0EFE8E458D
:106000004FEA0C4C06D9AEEB010E96458CBF02222E
:106010000122801A40EA0C0070BD73219620FFF720
:10602000CBFC00BF70B51D4604461646FFF7B6FF11
:10603000049B286000FB16441C6070BD2DE9F843EA
:106040001C4652EA040349D0074615460E467CB961
:10605000914208D321463046FFF7A0FF04462A4666
:10606000384604FB1561FFF799FF2146BDE8F88328
:10607000B4FA84F9B9F11F0F34DC4FF0010808FAC3
:1060800009F2A2FB051320FA08F002FB043226FAFB
:1060900008F140EAC670FFF781FFC9F11F03D8403D
:1060A0004FF0000118D0431E8C4661EB010105FB47
:1060B00001F203FB042280461846A5FB033EFB1AAF
:1060C000724466EB02061F46AF4276EB040324BF20
:1060D00040466146BDE8F8838446F5E7CA2196202C
:1060E000FFF76AFCE7219620FFF766FC92B1013AC0
:1060F00017D010B5034600EB020C01E09C450BD015
:106100008E461C4611F8012B13F8010B9042F5D076
:10611000801A10BD1046704760789EF80120801AE2
:1061200010BD00780A78801A704700BF10B5441A75
:1061300094422BD34AB34B1CC31A022B31D9531EA2
:10614000072B2ED922F003048C4686460C445CF8BB
:10615000043B4EF8043BA445F9D122F003039A42D4
:1061600002F0030400EB030C01EB030E0DD0CA5C3C
:10617000C254012C09D09EF801308CF80130022C59
:1061800003D09EF802308CF8023010BD002AFCD0FB
:106190008B18024413F801CD02F801CD8B42F9D1DE
:1061A00010BD4B1E0244014613F8014F01F8014B8C
:1061B0009142F9D110BD00BF2DE9F04184075FFA8B
:1061C00081FE5FD0002A59D0034601E0002A55D055
:1061D00003F801EB990702F1FF32F7D14EEA0E24E2
:1061E000032A44EA04443ED9151FAE08172D06F1D0
:1061F0000106C3F3800147D99846002940D048F8EA
:10620000044B771A03EB810C79080CEBC101CCE944
:1062100000440CF1080C6145F9D127F0010C08EBA2
:106220008C016745CCEB8C7805EB880517D02F1FC8
:10623000032F0C6013D9A5F10807032F4C600ED96A
:10624000A5F10C07032F8C6009D9A5F11007032FC6
:10625000CC6004D9143D032D0C6188BF4C6102F061
:10626000030203EB86034AB1013A83F800E005D04C
:10627000012A83F801E018BF83F802E0BDE8F0814D
:106280001546BEE70346A9E719461546CFE700BF06
:10629000844641EA000313F003037DD1403A51D311
:1062A0002DE9F000F0C9F0C0F0C9F0C0F0C9F0C0AD
:1062B000F0C9F0C0403AF5D2F0BC43E0403A41D3D7
:1062C00051F8043B40F8043B51F8043B40F8043BD0
:1062D00051F8043B40F8043B51F8043B40F8043BC0
:1062E00051F8043B40F8043B51F8043B40F8043BB0
:1062F00051F8043B40F8043B51F8043B40F8043BA0
:1063000051F8043B40F8043B51F8043B40F8043B8F
:1063100051F8043B40F8043B51F8043B40F8043B7F
:1063200051F8043B40F8043B51F8043B40F8043B6F
:1063300051F8043B40F8043B51F8043B40F8043B5F
:10634000403ABDD2303211D351F8043B40F8043BFF
:1063500051F8043B40F8043B51F8043B40F8043B3F
:1063600051F8043B40F8043B103AEDD20C3205D30F
:1063700051F8043B40F8043B043AF9D2043208D007
:10638000D2071CBF11F8013B00F8013B01D30B8879
:1063900003806046704700BF082A13D38B078DD057
:1063A00010F003038AD0C3F10403D21ADB071CBF29
:1063B00011F8013B00F8013B80D331F8023B20F893
:1063C000023B7BE7043AD9D3013A11F8013B00F8CC
:1063D000013BF9D20B7803704B7843708B78837054
:1063E00060467047014B1B681B681847040C00206F
:1063F000014B1B685B681847040C0020014B1B68AD
:106400009B681847040C0020014B1B681B69184748
:10641000040C002053B94AB9002908BF00281CBF4A
:106420004FF0FF314FF0FF3000F00CB8ADF1080C29
:106430006DE904CE04F084FCDDF804E0DDE902231C
:1064400004B07047704700BF38B505460C46EAF700
:10645000CDFA30B13E2D04D12046BDE83840EAF7F0
:1064600005BB38BD1FB5014601A800F006F801A81C
:1064700002F0D4FF05B05DF804FB0B88C3F30B03F7
:1064800083804B88C380002242724B78C3F3011390
:10649000012B02D0022B18BF134604310372016096
:1064A000704710B58B880370437803F0F003437096
:1064B0008A88C2F3032213434370CA888270CA8851
:1064C00003F0CF03120A4370C2700A7A120102F07D
:1064D0003002134303F03F0343704A7A43EA8213C6
:1064E00043700C4609680430814205D0E288FB2ADB
:1064F00028BFFB22FFF7CCFEE0880430C0B210BDFD
:1065000010B48B880370437803F0F00343700A469D
:106510008988C1F303210B434370D1888170C1780E
:1065200001F0C001C170D488C4F30524214303F0F5
:10653000CF034370C170147A240104F03004234364
:1065400003F0BF034370547A43EA841301F03F0120
:1065500003F07F034370C17011680430814203D09F
:10656000D28810BCFFF794BE10BC70472DE9F843E9
:106570000B78013B05460C46822B00F27582DFE862
:1065800013F099009D00A100520173021A0120012D
:1065900026012C0132013601380148014E018300E9
:1065A0007302A6007302AA003C0142015C01620171
:1065B00056017302680173027B01AB01B101B7019F
:1065C0007302BD01C901CF017302FC010A0232024C
:1065D000100224022C0216021E0267026D0238020B
:1065E0003E02560244027302730273027302730284
:1065F00073027302730273027302730273027302F3
:1066000073027302730273027302730273027302E2
:1066100073027302730273027302730273027302D2
:1066200073027302730273027302730273027302C2
:1066300073027302730273027302730273027302B2
:1066400073027302730273027302730273027302A2
:106650007302730273027302730273027302730292
:106660007302730273027302730273027302730282
:106670007302730273027302730273027302730272
:10668000730273024A0250020E23B1F803200B700A
:1066900042F283039A4209D1062363706678023678
:1066A000324621462846FFF7F3FD5AE03121C72044
:1066B000E9F7D6FE0C230B700823EEE71A230B70C4
:1066C0000123EAE73E230B700223A370E6E73E2393
:1066D0000B700B23F9E72920EAF7C8F928B13E230C
:1066E0002370222363702923EFE70A20EAF7BEF91B
:1066F0003E2305F1080204F108012B70A0B30A2320
:10670000AB70E378EB70A3882B71A3881B0A6B71C5
:10671000A379AB71E379EB71A368AB608B8893804D
:10672000D4F80E30C5F80E30638A6B8263696B61F2
:10673000238B2B83638BAB76638B1B0AEB76A38B4C
:106740002B77A38B1B0A6B77E38BAB77E38B1B0A4F
:10675000EB7794F8203085F820301F226A700232DF
:1067600096B23046BDE8F8830123AB70E378EB7056
:10677000A3882B71A3881B0A6B71A379AB71E37992
:1067800003F00103EB71A368AB608B889380638B8C
:10679000AB73638B1B0AEB73A38B2B74A38B1B0A4A
:1067A0006B74E38BAB74E38B1B0AEB7494F82030AF
:1067B0002B751322D2E73E230B7004234B70142356
:1067C00083E73E230B700C234B7004237DE73E23AD
:1067D0000B700A234B70032377E73E230B700D23C6
:1067E0004B70052371E705232370042355E7082325
:1067F000FAE730230B7003234FE73E230B700B2384
:106800004B70072361E73E230B7006234B700C236C
:106810005BE713230B708B789B0001333DE7572315
:106820000B70022339E73E230B700D234DE73E2307
:106830000B7001234B70112347E73E230B70062397
:106840004B70122341E73E230B7009234B70132337
:106850003BE73E2303702420EAF708F9002815BF20
:1068600024230E2313260F263246AB70A11CE81CEE
:10687000FFF70EFD721C71E73E2303702520EAF737
:10688000F5F8C0B12523AB70D4F80230C5F8033059
:10689000D4F80630C5F807306389A5F80B300A260E
:1068A000F01CE27A04F10C012844FFF7F1FCE27AD3
:1068B0000132324452E70F23AB706388A5F80330EE
:1068C00023796B716379AB71A379EB71A37A2B7226
:1068D000E37A6B720726E3E73E230B7003234B70CA
:1068E0001023F2E63E230B7005234B702023ECE6C9
:1068F0003E230B7009234B702123E6E63E230370F1
:106900002620EAF7B3F8002815BF262318231726F8
:106910001326A9E73E230B7004234B702723D4E6EC
:106920003E230370282383708146D1F8023049F852
:10693000033F4FF000084646AA795FFA88F39A426F
:1069400005D8721D92B2002A3FF4A8AE06E7B21D28
:10695000331DA118A25849F8032009EB03008B88C6
:10696000838047793A460637063106303E44FFF7C2
:106970008FFCB6B208F10108DEE73E230B702A2037
:10698000EAF774F818B12B2363702A239DE61D23C0
:106990006370192399E63E230B7007234B701A236B
:1069A00093E63E230B7014234B7022238DE63E2387
:1069B0000B700B7C5B000F334B701D2385E63E2371
:1069C0000B7003234B701E237FE63E230B700B7D61
:1069D0005B0013334B701B2377E63E230B700323BE
:1069E0004B701C2371E63E230B7005234B701F2355
:1069F0006BE6FF230B700B234B70A22365E6FF238E
:106A00000B7005234B70A3235FE6FF230B700D2350
:106A10004B70802359E6FF230B700D234B708223AC
:106A200053E6FF230B7002234B7083234DE6FF23B5
:106A3000037081238370D1F80330C21C03F1280155
:106A400053F8040B42F8040B8B42F9D1292285E656
:106A50003E230B700C234B70232336E63E230B7032
:106A60000E234B70FD2330E640F242211FE608B5AD
:106A700010B1FFF7F7FC10B96FF0150008BD00204A
:106A8000FCE710B50C4648B141B1E9F73BFF0028DF
:106A9000207014BF00206FF0220010BD6FF01500B1
:106AA000FBE708B5E9F7C0FF002008BD00F06ABFAA
:106AB00008B5E9F7CBFF002008BD01F04ABB01F0A3
:106AC0006CBB034602221A709A7089225A716FF0C9
:106AD00065029A715022DA716FF075021A726FF0C6
:106AE0006A025A72012200209A726FF06302587093
:106AF000D8701871DA72704700F094BF38B5044648
:106B0000FAF76AF801281BD1601CFAF76DF8B8B1E2
:106B1000A37963F03F03A3710020F4F77DFCE51D2A
:106B200040B1102200212846FFF746FB01232370C5
:106B3000002038BD2846FAF76BF80028F1D0F5E7B9
:106B40000023F4E710B5102204460021FFF734FBC0
:106B500004F11003102200211846FFF72DFBFAF76D
:106B600073F80020F4F758FC20B12046FAF750F8EB
:106B7000002010BDFAF730F80028F6D0F8E710B57D
:106B80000446FFF799F8B0F5007F09DA10F5007FA9
:106B900008DD031EB8BF03339B102370002010BD17
:106BA0007F23FAE76FF07E03F7E71FB50023CDF8E8
:106BB0000A30D0F80230417841F64B5293428BBFF5
:106BC00040F2E2424FF47A72B3FBF2F3B3FBF2F31A
:106BD000027898BF03F5506342EA01229BB2ADF8F8
:106BE0000020ADF80230ADF80430C279837943EA71
:106BF0000223ADF80630427A037A684643EA02235C
:106C0000ADF8083000F0E6FF05B05DF804FB01F0D8
:106C10003ABB0078003818BF012000F0C5BFF4F778
:106C200079B88178008801F0F9BA01F015BBF4F762
:106C300079B837B505460C4600880DF1060100F01D
:106C4000B8FF2B882380BDF80630638003B030BDC9
:106C5000F4F770B8F4F77AB8F4F796B801F042BBDD
:106C600000F079BE00F0D3BE08B5E9F7F7FE0020CA
:106C700008BDF3F725BA00F0E7BEF3F7CDBF00F08B
:106C8000B2BE01F004BA01F0CEB901F015BAF3F7C3
:106C9000ADBB00F06FBFF3F7CDBDF3F731BE00F031
:106CA00009BE00F00EBE00F01ABE00F036BE00F0C5
:106CB00091BF00F0F9BF00F0D5BE01F04BB800F075
:106CC0009DBE00F059BE01F06BB803880B8001F047
:106CD00025BA03880B8001F02FBA00F0E8BEF3F765
:106CE00069BA00F01CBF00F06DBEF4F767B801F0A0
:106CF000DABAF3F7EFB9F3F78BBAF8B5941C0C4492
:106D00006343B3F5004FA8BF4FF0FF330E4610F0BA
:106D10000301054617469CB203D0B0211420E9F7C1
:106D20009FFBB4F5004F01D9B121F7E714220430DD
:106D3000FFF742FAEF746C802E80F8BD70B50688BC
:106D4000C58803898E42C5F30E02C3F30E0403D235
:106D5000D2211420E9F784FB5D40C5F30E030BB983
:106D60002D0409D4A24209D2C37CA41A0233E41A26
:106D7000A14203DD00238374184604E01832012386
:106D800081528374104470BD023101444A43B2F50C
:106D9000004FA8BF4FF0FF3290B21B3020F003002D
:106DA000B0F5004F34BF00B24FF0FF30704740885D
:106DB0001B3020F00300B0F5004F34BF00B24FF09D
:106DC000FF3080B2704738B503888B4204D24FF44D
:106DD00085711420E9F744FB857C65B1C388C3F352
:106DE0000E031833C25A8A4207D3C152811DE9F7F4
:106DF00065FE00238374284638BD0025FBE7034663
:106E0000F0B59C88A5B2C4F30E06DC88AC4200F154
:106E1000180002D10020D881F0BD5F89DC7C855B41
:106E20003C4402343444ED1B20440C88ADB2AC42E7
:106E300088BF0D805C89B4FA84F4640914700A88F0
:106E4000DA81E9E7F8B58288C389002604460D4651
:106E500092B20E60CBB1C2F30E024189183287188C
:106E60000B44825A9BB29342438104D940F257119A
:106E70001420E9F7F5FA04D1011DE9F71FFE468158
:106E80002F600023E3810120F8BD1846FCE78288CB
:106E9000038992B2934210B5014608D0C3F30E03A2
:106EA00018330831C45AE9F709FE204610BD002402
:106EB000FBE78388C0889BB2C31A58425841704789
:106EC000828873B5C48895B2AC42C2F30E0202F157
:106ED000180212D04189C689835A314499420EDB87
:106EE0000DF10601ADF80650E9F7E8FDBDF8060022
:106EF000001B18BF012002B070BD0020FBE701207D
:106F0000F9E770B50589C488C4F30E066C40C5F373
:106F10000E02C4F30E050346183025B9240402D529
:106F20000020188270BDB2421C8806D9DD7C921BFD
:106F30000235521B9442A8BF14469D890DB1825B55
:106F4000A41AA142ECDCDA7C1982023235442A44CC
:106F50001044E7E7F8B5038A002B38D08B4236D3CC
:106F6000C488858900F11803C4F30E041E1995B96D
:106F70001D55757085891E5B0D44ADB23144858108
:106F80001953D2B1811DE9F799FD002383810023B4
:106F900003820120F8BD1E5BAE4204D040F2012105
:106FA0001420E9F75DFAC57C878A2644023535440A
:106FB0005E195F53857DB570DCE7C27C2C440232DC
:106FC00014441A191B5B838293788375DFE70020D2
:106FD000E0E78388C2889BB29A4206D0428922B9F0
:106FE000C3F30E0318331844704700207047C37C66
:106FF000088802330B44136070470230704738B57D
:107000008388C2889BB29A4209D043893BB9C5891B
:107010003DB9011DE9F752FDC581012038BD0020B1
:10702000FCE71846FAE703881380C388C3F30E030E
:10703000183303440B60808970470368002223B92A
:10704000C0E90132031D0360704759681B680A4498
:10705000F5E7072938B5034604D84FF4EC7115203D
:10706000E9F7FEF90068A8B1D0E900248C4212D0FB
:107070002AB901F10805AC4204D210460AE00346E1
:107080001046F1E742501A6845181268641A6C609D
:1070900042501D6038BD1A60FCE70023C1E9003290
:1070A00003680B600160704730B590B18478B1FB24
:1070B000F4F304FB131300EB430252898A4201D11B
:1070C000D8B230BDC27822B900F10A03D0B28442EE
:1070D00001D8FF20F5E733F8025BA94202F1010273
:1070E000F4D1EEE78278038805324B4303EB420389
:1070F0001844704713B50023CDE9003304468DF8DA
:1071000006006846E9F7C2FE08B102B010BDBDF83E
:1071100004002146E9F796FE0028F2D040F215213E
:107120001720E9F79DF970B50D4609211E46FFF7B6
:107130002BFE3246044609212846FFF725FE002C87
:1071400003DB002801DB204470BD4FF0FF30FBE77C
:10715000D31D23F0070370B5083390B110F0070476
:1071600003D058212220E9F77BF90460C280818096
:1071700000F108040A464FF6FF75013A92B2AA429E
:1071800003D103FB01F0083070BD0668266004607F
:107190001C44F2E718B1C2888188FFF7D9BF704755
:1071A0000346EFF3108272B6006830B101681960CF
:1071B0000023037043708370C37002B962B67047D6
:1071C000EFF3108372B602680A60016003B962B619
:1071D0007047012303707047F8B50546084600283C
:1071E00011461E4614BF00240224FF23AB702B1946
:1071F0001B7D012B04D001342B191B7D012B19D1D0
:1072000005EB44073B8B3A8C9819904204DD2C44E3
:10721000002038832075F8BD05EB84043246606891
:107220001844FFF735F83A8B16443E830023AB70C1
:107230000120F0E70020EEE7002910B514BF00237D
:107240000223FF218170C1180C7D012C07D10C3362
:1072500020F8132002230B750023837010BD013327
:10726000C1180C7D012CF2D04FF48C710920E9F784
:10727000F7F830B50246837803F0FF00F3B9137DC9
:10728000022B19D0537D022B19D10346012089B15D
:10729000D5180C3300242C7522F81340131803243E
:1072A0001C7502EB80035B680B6000F10C0332F885
:1072B00013308B80012002E00123E8E7002030BD7D
:1072C00030B58378E3B9837D022B17D0C47D022CBF
:1072D00016D1032381B105190C3400222A7520F838
:1072E0001420C2180324147500EB83020C33526877
:1072F00030F813300A608B80012002E00324E9E7B4
:10730000002030BD037D012B01D1008B7047437DF0
:10731000012B0CBF408B00207047837D012B01D1D6
:10732000808B7047C37D012B0CBFC08B0020704742
:10733000038B23B9408B003818BF01207047012010
:107340007047838B23B9C08B003818BF012070476A
:1073500001207047027D022A01D1008B7047437DD6
:10736000022B01D1408B7047032AF6D0032BF9D0B2
:1073700000207047827D022A01D1808B7047C37D37
:10738000022B01D1C08B7047032AF6D0032BF9D012
:10739000002070472DE9F041064606989DF81C70C4
:1073A000984643070D46114602D010F0030003D063
:1073B00025214C20E9F754F84FF48B72FFF7C8FEF3
:1073C000002F06AB044600FB08F10CBF1846002056
:1073D000E9F798FB17B9069B33602C60BDE8F08194
:1073E000E9F724BF00EA400303EA430303EA430347
:1073F00003EA430303EA430313EA43030CBF0120F8
:107400000020704708B503468B42104609D03AB1B8
:1074100083EA010002F030F901288CBF002001202E
:1074200008BD0120FCE737B50023CDE90033044651
:107430000D466846E9F72AFD30B10023CDE9003357
:1074400002238DF8063011E0009B2A46196A204677
:10745000FFF7D8FF0028ECD003B030BD009B2A46D0
:10746000196A2046FFF7CEFF0028F5D16846E9F7F4
:107470000DFD0028F2D00023CDE9003304238DF860
:10748000063007E0009B2A4619682046FFF7BAFF3E
:107490000028E1D16846E9F7F9FC0028F2D0002382
:1074A000CDE9003305238DF8063007E0009B2A461E
:1074B00019682046FFF7A6FF0028CDD16846E9F7F6
:1074C000E5FC0028F2D00023CDE9003309238DF834
:1074D000063008E0009B2A46D3F8B8112046FFF793
:1074E00091FF0028B8D16846E9F7D0FC0028F1D018
:1074F0000023CDE900330B238DF8063007E0009B15
:107500002A46D3F8E4102046FFF77CFFE8B9684626
:10751000E9F7BCFC0028F2D000224FF44023CDE96B
:1075200000236846E9F7B2FC30B10023CDE900330F
:107530000A238DF8063014E0009B2A46D3F8E410A5
:107540002046FFF75FFF0028EBD0012084E7009B77
:107550002A46D3F814112046FFF754FF00287FF481
:107560007BAF6846E9F792FC0028F0D0002073E773
:1075700070B523260025F4F757FE0446F2F774F899
:1075800040B100212046FFF74EFF68B92046F2F7D0
:10759000A1F82546013E01D00028ECD035B940F2D3
:1075A00015210F20E8F75CFF0020F3E7284670BDA7
:1075B00010F0FD0F14BF0120002070476FF45063DE
:1075C000C318062B8EBF40F2E243A0F550604FF483
:1075D0007A735843704790F8E031DBB290F8A820F6
:1075E0002AB913F0FB0F14BF0120002070470020C0
:1075F000704790F8FC31DBB290F8A8202AB913F05C
:10760000FB0F14BF0120002070470020704713B506
:1076100001210020E9F700FC044688B90121084651
:10762000E9F7FAFB0446C0B90023CDE90033032390
:107630008DF806306846E9F729FCC8B100200AE059
:10764000A830F0F7B5F90028E8D02046EEF7F4FFAF
:107650000028E3D0012002B010BDA830F0F7A8F94F
:107660000028E1D02046EEF7E7FF0028DCD0F1E764
:10767000009C2046ECF70EF80028DBD0204602F0F4
:10768000A9FE0028D6D0E5E707B50023CDE90033F1
:1076900003238DF806306846E9F7F8FB08B10020AF
:1076A00004E00098EBF7F6FF0028F4D003B05DF893
:1076B00004FB07B5002340F6881201A9FBF71CF86C
:1076C00003B05DF804FB10B5044638B1F3F792FC43
:1076D00034EA00030CBF0120002010BD0120FCE7AC
:1076E00038B505460C462AB11F2901D8002038BDFF
:1076F0001220FCE7E9F7C6FCA04211D3284602F0AD
:10770000B5FE08B11F2CF3D8284602F01AFE48B186
:107710002146284602F040FE0028E7D14520E6E752
:107720000720E4E74220E2E738B5054602F009FE0B
:10773000E8B12846EBF7AEFF08B9002038BD28466F
:10774000EBF7C8FB04462846EBF706FD88B9002C8A
:10775000F3D02088F3F7BCFD20880221E9F772FB03
:107760000028EAD041F65B213920E8F779FE422073
:10777000E4E70C20E2E710B50446FFF785FF58B9AF
:1077800001210020E9F748FBE8B901210846E9F7A3
:1077900043FBF0B9012013E0F3F704FC68B1F2F702
:1077A000BBFA044602F04CFE58B9204602F044FEF3
:1077B00080F00104E4B204F00104002CE0D10020C8
:1077C00010BD0024F7E7A830F0F7F2F80028DCD06D
:1077D000F5E7A830F0F7ECF880F00100C0B2EFE771
:1077E0002DE9FF4107468846008802A901F01DF9EE
:1077F000064618BB039C94F8653103F0FF061BB1E5
:10780000B8F1020618BF012694F88730232B94F8AC
:10781000D93043EAD3030CBFC6F10102002203F0C2
:10782000010313433CD0BD7815B9F3F7E3FB0546DC
:10783000F878B8BBF3F7DEFB25B90926304604B06B
:10784000BDE8F0810028F8D094F8752032B115F029
:10785000020500F00200F0D00028EED0FF2284F8EC
:107860002521DEB994F8242102F0FF06B2B984F88C
:10787000270184F8248184F82651BA888DF8050000
:10788000A4F8282101A920468DF80450ADF806205F
:1078900001F04EF9002384F82531CFE73A26F9E7C5
:1078A0001A26CBE7002DCFD1C7E708B5F3F758FB71
:1078B000002008BD10B50446F5F73EFB20700020FF
:1078C00010BD10B5FFF7A3FE044630B9F5F72EFB47
:1078D0002046F3F7BFFE204610BD0C20FCE738B56C
:1078E0000546FFF794FE0446A8B92878012803D975
:1078F000FF280BD0122038BDFFF75AFE691CF5F7A0
:1079000021FB002814BF00200720F4E70120F3F733
:10791000A1FE2046EFE70C20EDE738B50546FFF75E
:1079200076FE0446A8B92B78012B03D9FF2B0CD087
:10793000122038BD1846FFF73BFE691CF5F732FBF5
:10794000002814BF00201220F3E7F3F783FE20463F
:10795000EFE70C20EDE710B503460E2404706FF03E
:107960000C0110220020DC70592459709A701C718F
:1079700058719971DA7110BD08B50821E8F7B4FFA4
:10798000002008BD73B506460C460088694601F024
:107990004CF80546A0B9B3786BB9019B93F87430E5
:1079A000A370338894F902002380F4F7AFF8A07035
:1079B000284602B070BD7F20FFF77BFEA070F0E785
:1079C0000225F5E710B504466FF07F00FFF771FE62
:1079D000F4F79CF820707F20FFF76BFEF4F796F821
:1079E0006070002010BD10B50446F2F795F902F062
:1079F00020FDF4F78BF82070002010BD08B50A4672
:107A0000072300F11001FEF74DF9002008BD10B565
:107A1000014604460020F3F7E7FC08B92060A08087
:107A2000002010BD10B50446F3F794FA28B90020E1
:107A30002146F3F7C1FC002010BD0020FFF79BFE9C
:107A40000028F4D10C20F7E710B504460120FFF719
:107A500092FE28B101202146F3F7AEFC002010BDB4
:107A60000C20FCE7F7B50C4605466946008800F097
:107A7000DCFFA21C034690B9019901F18F0781F840
:107A8000C33038681060387910712888208091F8E8
:107A9000C36006F0FF00002EF1D103B0F0BD00235B
:107AA000C4F802300220137123706370F5E7F7B554
:107AB00006460C460088694600F0B7FF0546A0B9A7
:107AC000019F87F86E5097F86C00F1F7EBFEA070FD
:107AD00097F86D00F1F7E6FEE07097F86E3003F06E
:107AE000FF00002BEDD13388238003B0F0BD10B52B
:107AF0008388022B044610D8C078FFF7E4FD08B94C
:107B0000112010BDA078FFF7DEFD0028F8D0204638
:107B10000121BDE81040FFF763BE1220F1E713B565
:107B20008378C178027903F0010451EA040C03F070
:107B300002031DD052EA030C1AD0002C18BF0021FA
:107B4000002B18BF00228DF80320037842788DF8AF
:107B5000021043EA0223ADF8003043798279684687
:107B600043EA0223ADF80430FFF7C1FF02B010BDB5
:107B70001120FBE707B5037842788DF8003000212B
:107B8000012B8DF80120ADF80210ADF8041007D1DB
:107B9000012A07D86846F1F7D1FE03B05DF804FB6F
:107BA000002BF7D01220F8E708B5EAF76DFA0020AD
:107BB00008BD13B50C46694600F037FF30B9019B8C
:107BC0009DF80020B3F8803012B9238002B010BDB8
:107BD0000133FAE770B586B0054604A9008800F0C5
:107BE00024FF10B1022006B070BD9DF81030012BAB
:107BF00050D0059C2046FFF7EEFC0028F2D0AA8862
:107C00001046FFF7DBFC0646002C41D0E3699842A2
:107C10003ED1638E0393AB8902936B8901932B89C9
:107C200000936988EB882046F1F784FD034698B3FA
:107C300094F8112202F0FF0082BBAA886FF4506111
:107C40000A4492B2062A40F2E24294BF6422002320
:107C5000B24225D22BB1B4F86C1040F20223994203
:107C600020D1A4F8FE210022C4E98026E979AB796D
:107C700043EA0123A4F808322B7A697A84F81022A7
:107C800043EA0123A4F80A32FF2384F81132AAE759
:107C90000123BFE71120A6E73020A4E73A20A2E79E
:107CA0001220A0E70C209EE713B5044600F0D5FE95
:107CB00000284DD02046F3F775FF0023CDE90033AF
:107CC000FF246846E9F7E2F850B300244FF440334C
:107CD000CDE90043FF246846E9F7D8F820B3002037
:107CE0004FF48023CDE90003FF246846E9F7CEF87E
:107CF000F0B100214FF4C023CDE90013FF24684602
:107D0000E9F7C4F8C0B100224FF42023CDE90023E5
:107D1000FF246846E9F7BAF890B1002002B010BD20
:107D2000009B83F8F441CCE7009B83F88A40D2E7BC
:107D3000009B83F83440D8E7009B83F83440DEE7AB
:107D4000009B93F83820032AE3D183F82240E0E730
:107D50001220E3E713B50088694600F066FE01468D
:107D6000D8B99DF80030019C8BB19DF80030012BF3
:107D700003D10198FFF73DFC70B194F82B3103F06B
:107D8000FF0253B9FF2384F82B31114605E020464A
:107D9000FFF721FC0028E8D10221084602B010BDFF
:107DA00070B5002105460088E9F736F8044688B327
:107DB000FFF711FC10B90C26304670BD94F8423222
:107DC00003F0FF0643BB94F8D830DB0726D5D4F880
:107DD0001431002BEFD1D5F80230C4F83832D5F881
:107DE0000630C4F83C326B89A4F8403204F50A72BC
:107DF00005F10C031C3553F8041B42F8041BAB427D
:107E0000F9D10C2104F50570E8F76EFDFF2384F825
:107E10004232D1E70226CFE73A26CDE71A26CBE752
:107E20002DE9F341054690F8018000780321E8F739
:107E3000F3FF0446002800F08780F3F7B3F808B397
:107E4000204602F0D4FAEE78864228BF0646B6B243
:107E5000B8F1040F5DD0E06CFFF754FA8719BFB298
:107E6000F3F7A0F8B8B9EB7873B9204602F0BFFA7F
:107E7000874210D9204602F0F9FA50B9072002B023
:107E8000BDE8F081EE78E3E7204602F0C2FA002870
:107E9000EBD11220F3E7F3F785F839460246204686
:107EA000FFF71EFC0028EAD1A8F10303012B2DD80F
:107EB000204602F0DBFA6B78032B2DD108F0FD078A
:107EC000012F3AD1204602F0D1FA002833D1B8F17F
:107ED000010F08BF0227E16C3A466846E9F7EAF865
:107EE0006A68E06C33460121FFF776F90028C5D0B7
:107EF0006B78023B012B07D8E06CFFF703FA0121F6
:107F00000246E06CFFF798F90020B8E7002ECFD1C9
:107F1000BFE7002ECCD0BCE70028BAD1042BCDD1CE
:107F20002046EBF7B7FB0028B3D0E06CFFF700FA70
:107F30000028C3D1ADE70027CDE7B8F1040FCFD1BA
:107F4000204602F0D0FADFE7422098E72DE9F34718
:107F50000746467890F8039000780321E8F75CFF25
:107F6000044600283BD0F3F71DF830B1204602F05C
:107F700067FA002808BF4FF00009E06CFFF7CDF961
:107F800000EB09081FFA89FA1FFA88F8F3F70AF8D4
:107F900060B1F3F707F8414602462046FFF7A0FB21
:107FA000054668B1284602B0BDE8F087FB78002B93
:107FB000EFD0204602F044FA0028EAD11225F1E77A
:107FC000042EFBD0032E10D0B9F1000FF6D02046BE
:107FD000EBF760FB38B10C25E4E704220EE0422504
:107FE000E0E70725DEE7012E0CD1204602F03EFA3D
:107FF0000028F2D1012E0CBF06220522E16C684652
:10800000E9F758F87A68E06C53460021FFF7E4F886
:108010000028E6D0023E012EC4D8E06C4246002182
:10802000FFF70AF9BEE713B50446F1F775FE4FF402
:108030004073ADF8003000238DF80230684614F824
:10804000013B8DF803300194FFF780FF02B010BDB3
:1080500038B5032105460078E8F7DEFE0446A0B1F6
:10806000EBF718FB28B92046691C02F0B8F900208C
:1080700038BD204602F0E4F908B10C20F8E72046AC
:1080800002F0DAF90028F8D1EDE74220F0E713B565
:108090000446F1F741FE14F8013B8DF803304FF42C
:1080A0004073ADF80030684600238DF8023001942B
:1080B000FFF7B6FE02B010BD73B50546F1F72CFE12
:1080C0002B78044663B100230DF1010101208DF8E6
:1080D0000030F3F789F918B16846FFF7B9FFA0B986
:1080E000002620468DF8006002F0AEF9B04214BFC1
:1080F00080233346ADF801302B788DF80360012BD7
:1081000005D169462046F1F7FFFE02B070BD1BB9EC
:108110002046FFF709FBF8E71220F6E710B5022129
:1081200004460088E8F778FE20B1A11CBDE81040A5
:1081300002F061BB022010BD08B500880221E8F7FB
:108140006BFE20B1BDE80840002102F054BB0220C4
:1081500008BD37B504460D4600880921E8F75CFEE6
:1081600010B10C2003B030BD20880B21E8F754FE7D
:108170000028F6D120880C21E8F74EFE0028F0D127
:108180002088694600F051FC0028EBD123882B8021
:10819000019BB3F8B4306B80E4E737B504460D4675
:1081A00000880921E8F738FE10B10C2003B030BD7B
:1081B00020880B21E8F730FE0028F6D120880C211A
:1081C000E8F72AFE0028F0D123882B8098B2638834
:1081D0000BB91220EAE7694600F027FC0028E5D138
:1081E0006488019A42F21071A3B2D5694B43518E53
:1081F0006943958C05FB01118B42EAD3D569D1699E
:10820000A942FBD10025013B0B44C2F8AC50B3FBA3
:10821000F1F3A2F8B440C2F8B030C7E710B50C468D
:108220000221E8F7F9FD88B1022C11D804F001030E
:10823000C4F3400480F8CD3180F8CC4123B190F8EC
:10824000CA313BB1EAF7EAFF002010BD0220FCE78B
:108250001220FAE71846F8E710B504460078FF2820
:108260000AD00321E8F7D8FD58B16378A27843EA31
:108270000223C384002010BDB4F80100EBF710FA0C
:10828000F8E74220F7E710B504460078003818BF39
:108290000120F0F7CFFE2078003818BF0120EAF760
:1082A00085FF002010BD10B50446F2F77BFE50B1EB
:1082B000F1F732FD6178C1F3400201F0010102F0F3
:1082C00016F9002010BD20780321E8F7A5FD00284D
:1082D000F0D14220F6E70820F2F76ABE02F07EBB3A
:1082E00002F0B3BA08B5C378013B0246D8B20428FD
:1082F00001D9FE2806D11378042B03D1EFF718FB20
:10830000002008BD1220FCE710B5044604B910BDDA
:10831000236898476468F9E703680BB90160704700
:108320001A465B6813B18A42FAD170478A4218BF75
:108330005160704708B5F0F77BFEF1F7BBFEEDF733
:1083400037FFBDE80840F1F743B808B5FE20EFF766
:10835000EFFABDE80840FFF7EDBF08B5EAF7BEFD4C
:10836000F5F744FB20B140F22B110120E8F778F833
:10837000BDE808400320FEF7BDBE08B50220FEF7A9
:10838000B9FE0020FEF7B6FEE8F70AFEF2F794FF0A
:10839000E9F78CFC20B140F20B110120E8F760F8FE
:1083A00008BDFFF7EABF08B5FFF7D7FFF6F738FAC1
:1083B00020B14FF4A0710120E8F752F808BD08B5CC
:1083C000FFF7B8FF02F006FB20B14FF4CC7101209B
:1083D000E8F746F808BD08B5FFF7B7FF02F0FAFA6C
:1083E00020B140F28D110120E8F73AF808BDFFF7FF
:1083F000C4BF08B5EDF774FFF2F7E8FCF2F702FD31
:1084000002F0EAFABDE80840F3F7F2BD08B5EDF76F
:108410006FFFF2F7DBFCF2F7F5FC02F0DDFABDE8E6
:108420000840F3F7E5BD10B5C378044691B163B9D0
:108430000388012B01D95B082380F3F7DDFE238835
:10844000B0FBF3F202FB1300A070E37883F00103AA
:10845000E37010BD002BF8D10388FE2BEDD85B0034
:108460009BB2FF2B88BFFF23E6E783780BB1013B6C
:1084700083708078B0FA80F0400970470123038050
:1084800040F2011343807047FAF730BD0B461522C6
:1084900003F8032BD0F80920C1F80320427B1A719E
:1084A0007047012804D1012914BF00200120704722
:1084B000022801D10229F7E7042801D10429F3E7B2
:1084C0000020704730B585B004460D46F3F714FC24
:1084D00080B36FF4AE731C4402A92088ADF800008D
:1084E00000F0A3FA18B12F217E20E7F7B9FF039B14
:1084F00093F868208DF80220022193F86920B3F8E0
:108500006A308DF803206846ADF80430FFF768F94B
:1085100008B14521E8E78DF808009DF808308DF88E
:108520000900002063F307009DF8093063F30F2072
:1085300005B030BD30232B70D4F80930C5F80330B6
:1085400004238DF80830E8E708B5436893F88620DF
:108550001AB188217E20E7F783FF212283F8862045
:1085600008BD034610F0010005D19A0702D403F0BC
:10857000040070470220704730B585B0CCB2C1F31B
:1085800007220190C5B2C0F3072311462046FFF72A
:1085900088FF20B919462846FFF783FFF0B12B402A
:1085A000234002EA03010B4688071BD411F00102A5
:1085B00001D101F00402990716D413F0010001D192
:1085C00003F00400042A04D1BDF80630012B08BFD3
:1085D0000322D2B242EA002005B030BD05EA020112
:1085E0002340E1E70222E6E70220EBE72DE9F84F1E
:1085F0000546104693461F46FFF7B3FF064608465A
:10860000FFF7AFFF46EA00095FFA89F9B9F10009FF
:10861000DDF828808A46044618BF4FF00109F2F7BA
:10862000E9FC10EA0B0F08BF0026F2F7E3FC95F80F
:108630006C2010EA0A0F08BF0024B24214BF334670
:10864000002388F8003095F86D20A24208BF00246E
:10865000234388F801400AD1B5F88030013FFF1A62
:10866000BFB247F6FD739F4288BF4FF00009BEB905
:1086700095F86C00F1F726F903280ED195F824310E
:10868000012B0AD1B5F82831012B95F86C3009D1AE
:10869000032B09D0032388F800304846BDE8F88F43
:1086A000042EEAE7042BF8D00423F4E7042905D1CB
:1086B00001280CD10321518013807047032906D172
:1086C000012804D00421518013800120704700202C
:1086D0007047012806D0022804D0033801288CBF37
:1086E000002004207047182070477FB5CDE9002195
:1086F0004468019894F86C6094F86D501146FFF747
:108700003BFFC3B2C0F30720B34208BF002385423A
:1087100008BF002084F8FA3184F8FB0104B070BD72
:108720002DE9F341446894F8878005460F46B8F177
:10873000000F69D194F88630253B022B2DD901A872
:10874000F2F706FEE0B1019BDB788DF803300DF106
:10875000030194F886001622F3F798FD064688B1C7
:1087600002461621284601F02CF8322384F887307F
:10877000284601F003F84646304602B0BDE8F081D5
:108780004146E6E7384600F001FE48B9394628463A
:1087900002B0BDE8F04101F03EB84FF02008EAE732
:1087A0003B7903F0070384F864307B7903F0070317
:1087B00084F8653094F82531DBB994F82431012B25
:1087C00017D094F86D3094F86420D91E012998BF11
:1087D00004239A4214D194F86C30DA1E012A94F8DA
:1087E000652098BF04239A420AD16B68022283F85D
:1087F0002421232384F88730284600F0BFFFBBE7FD
:108800002846F2F743FCF4E70126B5E7F8B54468DB
:1088100094F88750A5F12103062B06460F4647D949
:108820002F2D45D0002D41D194F88630262B3FD0F6
:10883000084600F0ABFD28B9F9783046BDE8F840AD
:1088400000F0D8BF7B7903F0070384F865303B79EB
:1088500003F0070384F8643094F82531D3B994F811
:108860002431012B16D094F86D3094F86420D91E71
:10887000012998BF04239A4214D194F86C30DA1E6F
:10888000012A94F8652098BF04239A420AD1022352
:1088900084F82431232384F88730304600F06EFFBB
:1088A0002846F8BD3046F2F7F1FBF3E70125F7E77C
:1088B0002025F5E737B5436893F88630212B044629
:1088C0000D4626D1084600F06CFD616868B9A1F834
:1088D000FA016368012283F8C22000202522A3F850
:1088E000BE0083F8862003B030BD2A796B79D1F8B9
:1088F000261102F0070203F007030020ADF806007E
:108900008DF804208DF80530019A2046FFF7EDFE22
:10891000DFE70120E7E710B5436893F88720B3F855
:10892000FA11232A044615D181B983F8871093F8E8
:108930002431012B01D1F2F78BFB6368002283F80D
:1089400024212046BDE8104000F028BF262283F8ED
:108950008720F6E793F88620252A0DD141B983F8C0
:108960008610F2F775FB6368002283F8C22010BD01
:10897000262283F88620F6E740F2D7317E20E7F7FB
:108980006FFD08B5436893F88720232A05D022B1EC
:1089900040F2E5317E20E7F763FD242283F887204B
:1089A00008BDF2F789BC704730B542400C781878A2
:1089B0005D7844404878684004449D7888786840F1
:1089C0000444DD78C878684004441D7908795B79EF
:1089D0004979684004444B402344D3420CBF0120F2
:1089E000002030BD034600200139C9B2FF2900D163
:1089F00070475A5C82F001021044C0B2F4E708B537
:108A0000F2F718FD082803D0BDE80840F2F736BD9C
:108A100008BD08B5F7F712FF18B1BDE80840F7F731
:108A200035BF082008BDF7F709BF70B50D46002116
:108A30000646E8F7F1F90446686010B10020287096
:108A400070BD02213046E8F7E7F9686018B10123EC
:108A50002B702046F4E70220F2E770B5047934F079
:108A60001F040ED1461E051D16F8010F00F039FE39
:108A7000AE420444E4B2F7D1012C94BF002001209F
:108A800070BD0020FCE7F8B5D0E9047605460C4639
:108A9000FBF79EFE20B94FF482712920E7F7E0FC36
:108AA000F4B1D5E90431DA1B61EB0603012A73F155
:108AB00000014FF0000115DB6FF00100904271EBF7
:108AC000030302DA4FF48771E7E7631E1344B3FB35
:108AD000F4F35C43E41946F10006C5E904461C467C
:108AE0002046F8BD0C46FBE7CB1E012B10D803290E
:108AF00014BF4FF41673962303F5BC7314BF4022C2
:108B00001022984212D9C01A90FBF2F080B270473E
:108B1000022905D13C2809D93C38C0F38F007047A1
:108B2000702803D97038C0F3CF0070470020704719
:108B30000346086898667047022908B5024615D0B2
:108B400006D801290AD040F27F112920E7F788FCD6
:108B500003390129F7D840F6A66008BD40F6C413D2
:108B600040F2E240002A18BF1846F6E740F6C4106B
:108B7000F3E76FF4AD7C6044884298BF091A186827
:108B800088BF491A00EB5100186013680129A3EB54
:108B90005103136094BF002001207047C3B293FAC1
:108BA000A3F3000A90FAA0F01B0E000E43EA002087
:108BB00070470131F8B5C9B2821D0023012512F8B2
:108BC000010B884216D312F8066C002405FA04F74C
:108BD00037421CBF01F1FF31C9B2E0B269B10134C3
:108BE000082CF3D10133DBB2052BE8D199214620C3
:108BF000E7F736FC091AC9B2F4E700EBC300C0B2CC
:108C0000F8BD0B6870B5C0F801300B7903F01F0395
:108C1000437100230446C372451C861D15F8010BE1
:108C200000F05FFD2871E37AB5421844E072F5D197
:108C300070BD70B581EA114189B2C57A0446032638
:108C400082EA0100FFF7AAFF013E00EB00100A18BC
:108C500016F0FF0690B2F5D141402522B1FBF2F3A8
:108C600002FB1313C3F3C4022244D8B2567803F0B4
:108C70000703012202FA03F31E4207D1694320468B
:108C8000C1F30741BDE87040FFF793BF70BDF8B571
:108C900090F821506B1E242B044656D8002A56D03B
:108CA000807D18B1012846D01F2019E094F82310C8
:108CB00094F8223002FB03132522B3FBF2F102FBEE
:108CC0001133DBB204EBD30284F82330D17D0126CB
:108CD00003F0070206FA02F2114202D084F82430AF
:108CE000F8BDB3FBF5F205FB12330133024604F184
:108CF0001C01D8B211F8013B834219D311F8067C4C
:108D0000002306FA03FC1CEA070F1CBF00F1FF302A
:108D1000C0B2DDB220B905EBC20284F82420DFE73F
:108D20000133082BEDD10132D2B2052AE2D1BBE7E3
:108D3000C01AC0B2F7E72289096A04F11600FFF7EA
:108D400078FF84F824000020CAE71220C8E7104604
:108D5000C6E7034612EA010003D013F03F0018BF34
:108D6000012070470B68C0F803308B88A0F80730EB
:108D70007047D0F803300B60B0F807308B80704735
:108D80000B68C0F809308B88A0F80D307047037865
:108D9000890123F0400301F040010B430370704749
:108DA0000078C0F380107047037803F07F0343EA34
:108DB000C113037070470078C00970471F2A38B587
:108DC0000546144603D9C1212A20E7F749FB09309B
:108DD0000634FDF75DFA6C7038BD1F2A38B50546BC
:108DE000144603D9E3212A20E7F73AFB0930063479
:108DF000FDF74EFA6C7038BD30B5037803F00F0301
:108E0000032B024640D0052B1FD1C37F90F82000D2
:108E1000034392F82100034392F82200034392F89F
:108E2000230020F01F0018432DD05378222B0CD1A3
:108E3000B2F81930B2F81740907D41B1B3F5506FD8
:108E400005D940F607518B420ED900201BE0991F2F
:108E500089B240F67A45A942F7D8411E0729F4D8CD
:108E60008342F2D9A342F0D3B2F81B30B3F5FA7FB4
:108E7000EBD2B2F81D000A3880B240F67643984231
:108E80008CBF0020012030BD4078A0F10C03584277
:108E90005841F8E72DE9F04190F8038018F03F07BA
:108EA00005460E4600F09180072900F28E80DFE82B
:108EB00001F004101A242E38424C01790122404658
:108EC000FFF747FF00280CBF344605242046BDE8C5
:108ED000F081017902224046FFF73BFF044600285B
:108EE000F4D0052462E0017904224046FFF731FF07
:108EF00004460028EAD0052450E0017908224046C3
:108F0000FFF727FF04460028E0D005243EE0017962
:108F100010224046FFF71DFF04460028D6D0052446
:108F20002CE0017920224046FFF713FF0446002879
:108F3000CCD034461AE0017940224046FFF709FFC1
:108F400004460028C2D0052408E0017940224046AA
:108F5000FFF7FFFE00280CBF0524062429792022F4
:108F60004046FFF7F6FE08B11234E4B22979102228
:108F70004046FFF7EEFE08B10334E4B22979082237
:108F80004046FFF7E6FE08B10234E4B22979042234
:108F90004046FFF7DEFE08B10134E4B2297902222F
:108FA0004046FFF7D6FE08B10634E4B22979012223
:108FB0004046FFF7CEFE08B10634E4B2072E85D155
:108FC000231F9F42B8BF002480E700247EE770B5CE
:108FD0000C46064611461D4624B940F2EB212A20D4
:108FE000E7F73EFAFFF756FF10B94FF43B71F6E78B
:108FF000031F2B443F2B02DD40F2ED21EFE72A4611
:1090000021463044BDE87040FDF742B910B5044632
:10901000FFF740FF00B1204410BDC37803F03F03C9
:1090200043EA8113C370704730B5C1F38003C1F3C5
:1090300080142344C1F3001404EB44042344C1F31B
:10904000401404EBC404C1F3400503EB4403C1F333
:1090500000042C4404EB4404C1F3C0052C44134425
:1090600003EB440313F0FF031CBF01330171C1780C
:1090700018BFDBB221F03F0103F03F042143C17070
:10908000591C41701AB104339B1A013AC25430BDC5
:109090004378C078013B00F03F00181AC0B2704717
:1090A000F8B507460E461946FFF7F2FF451AECB22F
:1090B000944228BF14464EB1FA7802F03F020432BF
:1090C0001144394422463046FDF7E2F82046F8BD07
:1090D0002DE9F047C678017901223046FFF739FEC5
:1090E000022205463046FFF734FE202282463046F3
:1090F000FFF72FFE082207463046FFF72AFE102210
:1091000081463046FFF725FE042204463046FFF72D
:1091100020FE402280463046FFF71BFE07EBC707C4
:1091200005EB0A034F4404EB4404404403EB4303C0
:109130003B44204400EB430010F0FF001CBF013013
:10914000C0B2BDE8F08738B5C578AB09032B04463B
:109150001ED0437805F03F05AB4219D9FFF7B8FFA1
:10916000A84215D895B12379DB060FD504212046F6
:10917000FFF74CFF48B1037803F03F03242B07D8D7
:1091800080785F288CBF0020012038BD0120FCE7DB
:109190000020FAE70278437802F00F02072A12D87B
:1091A000DFE802F0080408111111080E0C3B5842C8
:1091B00058417047063B1F2B8CBF00200120704791
:1091C0000BB1FFF7C0BF00207047027802F00F021A
:1091D000072A0AD0082A0AD0042A0ED14078063875
:1091E0001F288CBF002001207047FFF7ACBF4078DC
:1091F000A0F10E0358425841704700207047407854
:109200007047037801F0030123F003030B4303705D
:109210007047007800F0030070470378490123F09D
:10922000200301F020010B43037070470B7883701B
:1092300070471B2A08B504D940F263412A20E7F79A
:109240000FF94270BDE808400330FDF721B8B0F8CF
:1092500007007047B0F809007047C172090A01732E
:109260007047B0F80B00704770B5B0F80730B0F831
:109270000950B0F805600479B0F80B0091B1B3F56E
:10928000506F0FD940F60752934218D8B5F5FA7FC0
:1092900015D20A3880B240F6764398428CBF00203F
:1092A000012070BD9A1F92B240F67A418A4206D8D8
:1092B000621E072A03D89C4201D29E42E5E70020A5
:1092C000EFE70B6843600B790372704743680B60EC
:1092D000037A0B717047B0F8090070470079704746
:1092E0000B6843604B688360704743680B6083681A
:1092F0004B6070470B888381704783890B80704770
:109300000B68C0F80E304B68C0F812307047D0F8C8
:109310000E300B60D0F812304B607047C0F816105A
:109320007047D0F816007047FFF7DABFFFF7DDBFD0
:10933000C1607047C0687047007970470171090AC1
:10934000417170478171090AC17170470172090A40
:10935000417270478172090AC1727047043001F18D
:10936000200351F8042B40F8042B9942F9D10B88C3
:109370000380704738B515460446FFF7EFFF2B68AA
:10938000C4F826306B68C4F82A3038BD0379024629
:1093900013F0070004D0507910F0070018BF012027
:1093A0007047FFF7F3BF0171704700797047417153
:1093B0007047407970478171090AC1717047C08850
:1093C00070470279437902F0070203F00703511E48
:1093D0000A40591E0B4013430CBF01200020704768
:1093E000017170470079704741717047407970474B
:1093F000FB2908B504D940F646012A20E7F730F8E2
:10940000417008BD037843B1406890F8CA3123B178
:10941000002380F8CA31E9F701BF704708B5017A27
:1094200019B101290DD0002008BD0368C2880221AE
:109430008088F2F70FFC0028F6D1F2F70DFE01202C
:10944000F2E70368C288F3E702230B7001238B70F5
:109450007047F2F77BBD10B521B94FF40F711020A2
:10946000E6F7FEFF4A600B72EFF3108472B6031D3D
:109470000B6042681AB1127A012A08BF03600368C0
:109480001960016004B962B6BDE81040F2F7AABDE8
:109490000222F2F7CFBD0322F2F7CCBD0422F2F78D
:1094A000C9BD0222F2F70ABE0322F2F707BE142357
:1094B0000B706FF4A07318440388A1F80330B0F860
:1094C0004030A1F80530B0F84430A1F80730B0F8CA
:1094D0004230A1F80930B0F84630A1F80B3070479F
:1094E00008B5CB1E012B04D8800100F5747080B242
:1094F00008BD012902D10E30C000F8E7022902D1CF
:109500000F308000F3E740F286210620E6F7A8FF3F
:1095100040687047033901298CBFC08A4FF4296025
:10952000704770B590F86C608D880C89033E012EF1
:1095300004D943B11678033E012E04D8B5F5296F3E
:1095400038BF4FF4296590F86D60033E012E04D9B1
:1095500043B15378033B012B04D8B4F5296F38BFCE
:109560004FF42964CB884A88A0F85420A0F85830DA
:10957000A0F85650A0F85A4070BD38B5CB1E012B4C
:10958000044610D9C38B458C9D4228BF1D46207AC6
:10959000FFF7A6FF6389AB4228BF2B46984238BF2E
:1095A000184680B238BD4FF42965F0E72DE9F04147
:1095B00006460D46B0F8400011461F469046FFF79C
:1095C0008FFF4146044606F13400FFF7D6FF844280
:1095D00028BF04463946B6F84800033FFFF780FF2E
:1095E000012F8CBFB6F84A304FF429639842A4B2D9
:1095F00028BF184614FA80F0063510FA85F0BDE849
:10960000F08190F8763090F86C20002B18BF4D2137
:1096100090F86D3008BF9621FFF7C8BF90F87630FC
:1096200070B5002B0C460CBF96264D261546FFF74D
:10963000E8FF30442844A04294BF201A002070BDA7
:1096400038B504460D46FFF7DCFF2844A06338BD5B
:10965000006801F19C03984283BF401A9C3840087F
:1096600000207047002803DB814204DC08B202E0DE
:1096700049428142FADC704700F05533400800F05F
:109680005530034403F033329B0803F033331A445C
:1096900002F00F33120902F00F32134403F0FF10EF
:1096A0001B0A03F0FF13034403EB1343D8B27047C4
:1096B00045F2555300EA030203EA5000104443F216
:1096C000333200EA020302EA90021A4440F60F73B2
:1096D00002EA030003EA1213184400EB1020C0B2A0
:1096E000704700F05503400800F05500184400F0A2
:1096F0003303800800F03300184400F00F0303EB3D
:109700001010704780EA6000FFF7B6BF40F34E03C9
:109710009BB25840FFF7CCBF322809D006D80128A9
:1097200006D9162814BF002001207047EA28F9E75F
:109730000120704708B50346FFF7EEFF40B1084629
:10974000FFF7EAFF20B18B4214BF2A20232008BD77
:10975000EA2904D1262B14BF00202A20F7E7EA2BA0
:1097600001D12629F7E70020F1E74368002283F8BA
:10977000862083F8C220A3F8BE2070470278436891
:109780002AB9A3F8C420012283F8C620704700221A
:10979000A3F8C42093F8C6200132F5E708B5037892
:1097A000426813B982F8C63008BD92F8C630013B52
:1097B0005BB2002B82F8C630F6DA52214A20E6F777
:1097C0004FFE436883F80B1183F80A217047A0F11C
:1097D0000B03042B0CD9A0F14403012B08D9A0F1F1
:1097E0002103062B04D9A0F12F035842584170479A
:1097F000012070474268936F10B513F0080408D138
:1098000043F00803936782F80811FFF7B7FF20467B
:1098100010BD0120FCE710B5436893F887404CB9B0
:10982000CA7883F80821032283F88720FFF7A6FF70
:10983000204610BD0124FBE738B50C460546B1F8BB
:109840005810FFF77BFDB4F812112846FFF77AFD98
:10985000B4F854102846FFF779FDB4F810112846E3
:10986000BDE83840FFF776BD10B5446894F88830FD
:10987000073B012B07D90846FFF730FD072384F883
:10988000890084F88830002010BD426892F8883042
:10989000073B012B84BF082382F888307047F8B556
:1098A000476897F8876004460D4616BB0846FFF7E1
:1098B00012FD6168A7F89002B1F89032B1F88020EB
:1098C000013B9B1A9BB247F6FD72934207D92823AE
:1098D00081F8A9302046F3F749F83046F8BD01F287
:1098E00092212846FFF7F2FC63680B2283F8872059
:1098F000F3E70126F1E708B5436893F886201AB12B
:109900002A215520E6F7ACFD0C2283F8862008BDFD
:109910000B46082203F8032BD0F80920C1F80320D6
:10992000D0F80D205A60427C1A720023CB70704729
:109930002DE9F041436893F8875006460C46002D08
:109940006AD193F875102046FFF78EFC074628B9B8
:10995000E1783046BDE8F041FFF74CBF7268B4F8DB
:109960000D30B2F88010A2F89032C9430B449BB27C
:1099700047F6FD718B4208D9282382F8A93030467A
:10998000F2F7F4FF2846BDE8F0812046FFF75FFCC0
:109990006FF45063C3189BB2062B8EBF40F2E243B4
:1099A000A0F550604FF47A73D6F804808CBF58430A
:1099B0005843C8F8980288BF2F46237907B303EBB2
:1099C000830303EB83039B00A8F89232B4F80530BD
:1099D000FFB164225343C8F894322046FFF73AFCA3
:1099E000A8F89C0220467768FFF73BFC7368A7F84D
:1099F0009E02002283F8A4220E2283F88720C1E76A
:109A0000C3EB431203EB820303EB83035B009BB2C4
:109A1000DAE740F2E242DDE70125B3E708B5436843
:109A200093F886201AB161215620E6F719FD0E221F
:109A300083F8862008BD0B230B70D0F80930C1F8DD
:109A4000023070470B460C2203F8022BB0F80920B5
:109A50004A80C27A9A70704710B50446406890F800
:109A60008630182B14D100F1F00200F506710523A1
:109A700000F50A70FCF716F9636800200021012246
:109A8000C3E9380183F88B201A2283F8862010BDA1
:109A90000220FCE770B50D46416891F88630152B21
:109AA000044610D101F508712846FFF73FFC28460F
:109AB0006668FFF73FFC6368C6F80401182283F864
:109AC0008620002070BD0220FCE7436893F88620C2
:109AD000112A01BF0020142283F88B0083F886200E
:109AE00018BF0220704708B5436893F88620142AEF
:109AF00004D04FF486711F20E6F7B2FC012283F8F0
:109B0000C820132283F8862008BD38B5436893F82F
:109B10008740054634B1123C0B2C94BF0824012425
:109B2000204638BD93F88C20002AF9D0D3F81431A0
:109B300033B9FFF723FE6B68122283F88720EFE723
:109B40000C220A21FFF73DFE6B68322283F8872042
:109B50002846FFF713FEE3E708B5436893F887202C
:109B6000162A04D04FF4BD711F20E6F779FC0122BC
:109B700083F8C720172283F8872008BD436893F82D
:109B80008720132A03BF1422002083F88720022095
:109B9000704710B5436893F88730192B044607D1F6
:109BA000FFF7FCFD63681D2283F88720002010BDAD
:109BB0000220FCE708B5436893F88720122A04D0F6
:109BC00040F2A3111F20E6F74BFC012283F8C720C7
:109BD000132283F8872008BD08B5436893F88720CF
:109BE000172A04D040F2AB111F20E6F739FC1922E6
:109BF00083F8872008BD08B5436893F886201A2AA1
:109C000004D040F2DB111F20E6F72AFC1C2283F867
:109C1000862008BD08B5436893F8862022B140F23B
:109C2000E1111F20E6F71CFC012283F8C720112256
:109C300083F8862008BD08B5436893F886203AB1BA
:109C400093F8C82022B94FF4F4711F20E6F708FCFE
:109C5000012283F8C720152283F8862008BD0B4611
:109C6000072203F8032BD0F80920C1F80320D0F80D
:109C70000D205A60B0F811201A81C27C9A72704788
:109C800008B5436893F886201AB1C1211C20E6F775
:109C9000E7FB042283F8862008BD08B503784268F4
:109CA00033B992F887305BB1C9211C20E6F7D8FBA5
:109CB000936FD90701D4CD21F7E723F00103936710
:109CC000BDE80840FFF76ABD0E23A0F59C700B703D
:109CD00003884B8070474368017893F8862051B918
:109CE000052A01BF002283F8B62083F8C22083F83A
:109CF000862000207047102AF3E738B504784568BD
:109D000054B995F8873053B9FFF738FD4CB90223A1
:109D100085F88730204638BDAB6F5B07F4D501244A
:109D2000F8E7AB6F43F00403AB670024F2E7037876
:109D300023B14268936F23F004039367FFF72EBDAE
:109D400008B5436893F886201AB170214B20E6F7D6
:109D500087FB0278002A0CBF0522102283F8862098
:109D600008BD10B5D0E90D42A24206D38B8C498EB6
:109D700005334B43121B934202D3012380F83E303C
:109D800010BD01230B7000238B7030F8CA3CA1F882
:109D90000330437A4B714389CB8083890B817047B1
:109DA00010B5446894F8C92092070ED494F8863010
:109DB0001BB174214020E6F753FB012284F8862072
:109DC00084F8C220A4F8BE3010BD037843B994F8DB
:109DD00087300BB9FFF7E2FC002384F82A31F3E760
:109DE000A36F9B07F8D5FFF7D9FCA36F23F00203FD
:109DF000A367F1E710B50B794C790A68012843EAAB
:109E0000042108BF41F48031104610BD07B5FFF7AB
:109E1000F1FF0DF10702F3F733F803B05DF804FB2F
:109E20000B46062203F8032BB0F80920A1F8032003
:109E3000C27A9A7070470B46172203F8032BD0F8AA
:109E40000920C1F80320D0F80D205A607047332351
:109E500001F8033B00F10903293053F8042B41F8C2
:109E6000042B8342F9D11B880B807047F0B506465E
:109E7000D92E344628BFD9243034BDF81470A4B28A
:109E8000FF2C07F0010507F0020028BFFF24BF07E1
:109E900001F5A57100F0B08048B3042A21D0032A4F
:109EA00022D0022A0CBF4FF496744FF414740C4461
:109EB000D11EC9B2022934BF282000209C340129B8
:109EC000044440D804F535649834002D48D0042A61
:109ED00040D0032A41D0022A0CBF6421C0210819B6
:109EE000F0BD41F2D024E2E740F2CE54DFE783B187
:109EF000042A08D0032A09D0022A40F6480408BFE1
:109F00004FF48564D3E744F29024D0E741F2BE14C5
:109F1000CDE7042A05D10534A4B2A40104F5C87420
:109F2000C5E7032A05D10534A4B2240104F5BF74A2
:109F3000BDE7022A0BBF0B340A34A4B2A4B20CBF93
:109F4000A400E400B3E7022A0CBFB4204FF4B070C1
:109F50000444B9E74FF4CA61C1E740F2AE21BEE75D
:109F600093B1042A0AD0032A0BD0022A40F64800F3
:109F70000CBF4FF485610146601812E044F2902155
:109F8000FAE741F2BE11F7E7F12E354628BFF12579
:109F9000042A1FD105F1130080B2800100F5C875B5
:109FA0002819D92E9CD9D93EB6B2F721002B57D00B
:109FB000042A06F1F606B6FBF1F64BD0032A4CD084
:109FC00040F2725340F69211022A18BF0B4603FB6F
:109FD000060085E7032A05D11335ADB22D0105F53D
:109FE000BF75DDE7022A0BBF19351835ADB2ADB22A
:109FF0000CBFAD00ED00D3E78BB1042A09D0032AD2
:10A000000AD0022A40F648000CBF4FF4856404468B
:10A01000B2E744F29024AFE741F2BE14ACE7042A61
:10A0200005D10534A4B2A40104F5C874A4E7032A39
:10A0300005D10534A4B2200100F5BF749CE7022AC3
:10A040000BBF0B3404F10A05A0B2ADB20CBF840003
:10A05000EC0091E744F2DA33B9E741F20833B6E7AE
:10A06000042AB6FBF1F3DBB21CD0032A1DD040F268
:10A07000725140F69214022A18BF214601FB0300D8
:10A08000C3EB4311C3EBC103F61AB3B2002B3FF489
:10A0900027AF0833042A9BB20AD19B0103F21A436B
:10A0A00018441DE744F2DA31E8E741F20831E5E708
:10A0B000032A03D11B0103F54673F1E7022A0BBF04
:10A0C0009B00DB0003F5BB7303F5CD73E8E78B88DA
:10A0D00073B513F0180506460C461ED1086820B962
:10A0E00040F2CA312D20E6F7BBF900F08EFA217C50
:10A0F000F2F7D4FFA388627C009301462B463046DA
:10A10000FFF7B4FED4E90223BB30824273F10003AF
:10A110002CBF0120002002B070BD0120FBE738B544
:10A120000B46132203F8032B0C4600F109022930D9
:10A1300052F8041B43F8041B8242F9D112781A70BA
:10A14000A5880123A37102212846E6F765FE70B1B8
:10A15000E37863B10088F1F7BBF802212846E6F7FF
:10A1600071FE20B140F223212D20E6F779F938BDA8
:10A1700038B5CB690446A3F57A75104641F2707282
:10A1800095429DBF4FF47A72B3FBF2F303F550632F
:10A1900040F2E24288BFB3FBF2F39BB2A4F8AC30CA
:10A1A0008B8CA4F8AE30CB8CA4F8B03091F8B931D8
:10A1B00084F8B230637F04F1A00263B394F868308E
:10A1C000012B28D194F86E3003F0C003402B22D12C
:10A1D000D4F86930C4F8A030B4F86D309380236AA5
:10A1E0009A7884F89920082803F1030504F19A026B
:10A1F000D3F8033004F1A60118D0C4F8A630AB8818
:10A200008B8004F19901F1F753FA40B940F6973188
:10A210002D20E6F725F90023C4F8A030DEE794F8F6
:10A22000993043F0020384F8993038BDC4F89A306D
:10A23000AB8893800023C4F8A6308B80F5E70B46EB
:10A24000162210B503F8032BD0F80920C1F803201B
:10A25000427B1A71CB78BBB130F8B43C1B0713D4E6
:10A26000B1F8054002212046E6F7D6FD60B100882E
:10A27000F1F72EF802212046E6F7E4FD20B140F286
:10A2800063212D20E6F7ECF810BD0121F3F7B0BAF9
:10A29000FFF7FBBF08B590F894300BB1012008BD63
:10A2A00090F8CC30002BF9D190F8BE3003F0FF00CD
:10A2B000002BF4D0F0F776FE80F00100C0B2EEE79C
:10A2C00030B54FF4B47285B004460D460021FBF75B
:10A2D00073FFFF2323701323638042F21073E38420
:10A2E000E6F7A4FE00220146E0646846E6F7E2FED7
:10A2F000E06C00220121FCF79FFFE16C042268461C
:10A30000E6F7D8FE0022E06C1146FCF795FF04F159
:10A310003000E57400F023F902A8F1F733FC20B90E
:10A3200040F206312D20E6F79BF802A904F1360031
:10A33000FEF767FC05B030BDFF23C86C0B70FCF75F
:10A3400048BF0078FF3818BF01207047F7B50446B2
:10A3500030300E4600F059F96188CA06074605D527
:10A360002822F3F789FE6D3003B0F0BD8B07E06C57
:10A370000FD5FCF7FFFF217905463846F2F78EFE30
:10A38000638800930146627933462846FFF76EFDE5
:10A39000E9E7FCF7DFFFEEE7034630B55A8812F035
:10A3A000180F87B0084610D1D3E9024503F13001F8
:10A3B00000919B88ADF804206946CDE90245ADF8CF
:10A3C0001030FFF784FE07B030BD0120FBE7D0E975
:10A3D00002017047007D003818BF012070470B68EC
:10A3E000C0F816308B884383012303777047438876
:10A3F00013F0100005D013F0040F14BF00201F202D
:10A4000070479A0704D4DB0701D4E6F73BBEEE2081
:10A41000704708B5FFF7EBFF003818BF012008BDF3
:10A420000023A0F8483043881D2B08BF0021417449
:10A43000704790F913007047408800F001007047A2
:10A440004088C0F3400070474088C0F3C0007047A8
:10A4500010B54488C06CE30654BFC4F34004002424
:10A46000FCF76FFF002C08BF012010BD4088C0F32F
:10A47000001070474088A0F10903584258417047C6
:10A480004079C31E012B05D8B1F86A30012B0CBFEF
:10A4900003200420704710B50446F1F7ADFEC0F369
:10A4A0000B00A042F9D010BD10B50446F3F7E0FC54
:10A4B00020460021F3F79CF92046BDE81040F2F752
:10A4C00071BE90F8683001624B72D0F86930C1F803
:10A4D0000A30B0F86D30CB8170477047F2F73ABF61
:10A4E00080F888107047FF2380F88B30704780F821
:10A4F000241080F825207047C0F34002C0F3800389
:10A50000134400F0010018447047022808B507D032
:10A51000042807D0012807D039212E20E5F7A0FF15
:10A52000262008BD2720FCE72520FAE7827803468D
:10A5300012F0010002D0D978C9070FD5900702D5D3
:10A54000D978890709D512F0040007D0DB7813F019
:10A55000040F14BF0020042070470220704700231E
:10A56000C0F8023001234370037070478170704758
:10A5700010B50170427080781446FFF7BDFF10FBE4
:10A5800001F104FB01F2FE2A03DD5C212E20E5F738
:10A5900067FF10BD0023C37043710371704710B58E
:10A5A0000446FFF7C3FF637962780133DBB29A4256
:10A5B00063710FD1E378A1780343DBB29942E37072
:10A5C00008BF23794FF0000208BF0133627104BF56
:10A5D000E2702371BDE81040FFF797BF38B5014620
:10A5E0008078FFF789FF0446C8784D78FFF784FF2D
:10A5F0000A790B789B1A13FB05F34A7913FB04F3D2
:10A600009B1A00FB1530C0B238BD08B501468078F2
:10A61000FFF772FF4B780A7813FB02F313FB00F08D
:10A62000C0B208BD40F2EF20704740F25A335843A1
:10A63000704738B553680E3814460D4693F8862097
:10A6400009283FD8DFE800F0053E3E3E0F3E173EAA
:10A650003E26042A05D12046FFF787F82046F2F768
:10A660003FFB002038BD102AFBD120460021BDE869
:10A670003840FFF730BB1E2AF3D12046FFF775F8AC
:10A68000002DEED0626892F8D83023F0200382F8D3
:10A69000D830E6E793F88720242AE2D1002583F812
:10A6A00087502046FFF77AF8636893F82431012B2E
:10A6B00003D129462046F0F7CBFC6368002283F8DB
:10A6C0002421CEE740F237213120E5F7C9FE08B555
:10A6D000436893F88720172A04D040F20A513120AA
:10A6E000E5F7BEFE1B2283F8872008BD08B5436846
:10A6F00093F88720322A06D1002283F88720BDE80C
:10A700000840FFF74BB8172A03D11B2283F8872094
:10A7100008BD40F21F513120E5F7A2FE037D63B969
:10A72000C37B90F85000A3F11102032A05D928B188
:10A730001D2B8CBF00200120704701207047037D36
:10A7400063B9837B90F85000A3F11102032A05D965
:10A7500028B11D2B8CBF00200120704701207047BD
:10A7600070B5426892F8D83043F00403044682F88A
:10A77000D83008460D46FEF739FE06462846FEF755
:10A7800031FE22463146BDE87040F3F779BD38B559
:10A790000C460546D1E90501E6F7EEFB94F81402F4
:10A7A00020280BD0FAF7EAFE94F81402F9F7EAFF32
:10A7B00020B940F682013120E5F752FE0D212846EE
:10A7C000E6F740FB0E212846E6F73CFB28460F2122
:10A7D000BDE83840E6F736BBE7F72CBC0022A0F80E
:10A7E000862080F88A2090F8CB3113B10221E8F757
:10A7F0009FBD0321FBE738B50446084694F8803234
:10A8000013B10C25284638BD94F88730163B012B30
:10A81000F7D894F8B03203F0FF05002BF1D191B1D5
:10A8200094F8E63123B940F6E5113120E5F718FE3A
:10A83000052304F1F00204F5EB71FBF733FA012371
:10A8400084F88032DEE70223FAE7F1F717BE4368A7
:10A8500093F810212AB1002283F8862083F8C220C1
:10A86000704783F88720FEF799BF436893F88620E6
:10A87000032A05D1002283F8C22083F8862070477E
:10A88000FEF78CBFA1F11303012B0AD910B91729C8
:10A8900002D87047132906D91C298CBF002001203B
:10A8A0007047012070470020704738B5536814285E
:10A8B00093F886300D4614460BD0162819D012286E
:10A8C00030D1052B13D1BDE8384000211046FFF7E9
:10A8D00002BA1E3B022B0AD81046FEF746FF35B1DE
:10A8E000626892F8D83023F0200382F8D830002034
:10A8F00038BD212BFBD11046FEF737FF6DB16268E2
:10A9000092F8D93023F0010382F8D930626892F8C6
:10A91000D93023F0080382F8D9301A212046F0F705
:10A9200097FBE4E740F229413620E5F799FD70B541
:10A93000426892F8D83043F00403044682F8D830D5
:10A9400008460D46FEF752FD06462846FEF74AFD2C
:10A9500022463146BDE87040F4F7AEBF08B5F4F7C3
:10A9600075FD18B9BDE80840E7F764BB0021BDE8F4
:10A9700008400846F5F75CB838B50C460546D1E9FD
:10A980000501E6F7F9FA94F8E10120280BD0FAF76F
:10A99000F5FD94F8E101F9F7F5FE20B940F61A113A
:10A9A0003620E5F75DFD04F5DC742046EEF71AFD70
:10A9B00010B12046EEF726FD0D212846E6F742FAB3
:10A9C0000E212846E6F73EFA28460F21BDE838401A
:10A9D000E6F738BA00207047F1F778BCF1F736BDDA
:10A9E000014638B5448E91F88A30B0F8B800A4001A
:10A9F00013BBC0F1060591F8B6302D1B1BB191F8C1
:10AA00008630052B1CD101F17800FFF798FEC8B104
:10AA1000D1E92B031B1A1C1BAC420888A8BF2C468B
:10AA200000F058F820B1C389043B9C42B8BF1C46D3
:10AA300024EAE47080B238BDB1F8BA502D1ADAE7D2
:10AA40000024E9E72C46E7E770B50E4604210546E9
:10AA5000E6F7E2F9044648B906212846E6F7DCF9AC
:10AA600020B116B190F8BD3003B90446204670BD40
:10AA7000037C0BB900207047037C012BFAD0007CCB
:10AA8000073818BF0120704708B5027C012AD3B2ED
:10AA900004D0FFF7EDFF00F0010008BD1846FAE70B
:10AAA00010B51D23C3700446F0F7CAFA207110BD1B
:10AAB00010B51E23C3700446F0F7C2FA207110BD12
:10AAC00001234380038000238380C3804FF44863C5
:10AAD000038170470E21E6F79FB973B569460546B5
:10AAE000FDF7A3FF044618B11F215420E5F7B8FC79
:10AAF0002846019EFFF7EEFF28B10123738684816B
:10AB000044810482C48102B070BD0023012203800D
:10AB10004380038143814FF44863C28082808381F4
:10AB2000704708B5F6F736FBF6F708F8F5F706FEB6
:10AB3000BDE80840F5F7C4BE08B5FBF76BF9BDE802
:10AB40000840F7F765BE801A00F3070038B540B239
:10AB50000D4659B21446F7F74BFE002328702044E7
:10AB60006B7040B238BD002303607047704700200F
:10AB700070474FF0FF3070474FF0FF30704770471D
:10AB80004FF0FF30704700207047002070470023CF
:10AB9000037070470022FFF7D6BF002070474FF0C8
:10ABA000FF3070474FF0FF3070474FF0FF30704775
:10ABB00070474FF0804301221A6070474FF0804386
:10ABC000D3F8080400F0010070474FF08043D3F839
:10ABD000140400F0010070474FF08043D3F81C04C8
:10ABE00000F0030070474FF080410246D1F818048E
:10ABF000D1F8181410F4803004D001F00300831A47
:10AC000058425841704708B5FBF758F928B14FF042
:10AC100080430222C3F8342C08BDFBF72FF900282B
:10AC2000F5D1FBF741F90028F1D1F5E7F7F742BE7E
:10AC300070B5F8F7CFF9002405462646E0B2854204
:10AC400000D870BDF8F7CCF90134868480F826600E
:10AC5000F4E7F8F729BC07B56846F8F719FBDDE912
:10AC600000024FF080730021E2FB030103B05DF8A6
:10AC700004FB0346002018707047EFF3108272B691
:10AC800003780121DBB2017002B962B6012B0CBF5F
:10AC90006FF0220000207047EFF3108372B600229D
:10ACA000027003B962B600207047FBF78BB808B595
:10ACB000FBF7BCF8024688B9FBF7C2F8014658B961
:10ACC000FBF7C8F8024658B9FBF7D8F820B9FBF7EC
:10ACD000EBF880F00100C2B2104608BD0022FBE78D
:10ACE0000A46F9E7FBF730B9FBF72EB900280CBF8D
:10ACF0006FF0150000207047002070470723037095
:10AD000000207047002070470020704710F8012B8A
:10AD100011F8013B012A28BF9A42F7D0D01A704798
:10AD2000034611F8012B03F8012B002AF9D17047D3
:10AD3000034613F8012B002AFBD1181A013870477B
:10AD40002DE9F04786468C460846089E154674460F
:10AD50001946002B40F0C2808542B2FA82F245D9F2
:10AD60004AB1C2F1200300FA02FC2EFA03F3954027
:10AD700043EA0C0C94404FEA154EA8B2BCFBFEF817
:10AD8000230C0EFB18CC08FB00F943EA0C43994551
:10AD900028D9EB1808F1FF3704D2994502D9A8F158
:10ADA00002072B44A3EB0903A4B2B3FBFEFC0EFB8A
:10ADB0001C330CFB00F044EA0344A04214D92C19C4
:10ADC0000CF1FF3304D2A04202D9ACF102032C44AF
:10ADD000241A43EA07401EB1D44000233460736054
:10ADE000BDE8F0874746DDE76346F1E792BB431BCA
:10ADF00001214FEA154EAFB2B3FBFEFC200C0EFB57
:10AE00001C330CFB07F840EA0343984562D9EB1862
:10AE10000CF1FF3004D2984502D9ACF102002B446A
:10AE2000A3EB0803A4B2B3FBFEFC0EFB1C330CFB2C
:10AE300007F744EA0344A7424ED92C190CF1FF331B
:10AE400004D2A74202D9ACF102032C44E41B43EA2A
:10AE50000040C0E7C2F1200320FA03F19540904082
:10AE60002EFA03F303434FEA154EAFB2B1FBFEFCDB
:10AE70000EFB1C10190C0CFB07F841EA0041884539
:10AE800004FA02F422D969180CF1FF3004D2884583
:10AE900002D9ACF102002944A1EB08019BB2B1FB3D
:10AEA000FEFC0EFB1C110CFB07F743EA01439F421B
:10AEB0000ED9EB180CF1FF3104D29F4202D9ACF14C
:10AEC00002012B44DB1B41EA004192E76046E3E7C5
:10AED0006146F7E76046A3E76346B7E7834206D9D2
:10AEE00016B9002108467BE7C6E900E0F9E7B3FAA6
:10AEF00083F78FB9834201D3724508D8BEEB0204B1
:10AF000060EB030301209C461EB9002168E7384628
:10AF1000FAE7C6E9004CF8E7C7F1200CBB4022FA7B
:10AF20000CF41C432EFA0CF120FA0CF3B840014348
:10AF30004FEA14490EFA07F5B3FBF9F81FFA84FE3D
:10AF400009FB18300B0C08FB0EFA43EA00439A4544
:10AF500002FA07F240D9E31808F1FF3004D29A450B
:10AF600002D9A8F102002344A3EB0A0389B2B3FB80
:10AF7000F9F809FB183308FB0EFE41EA03418E4540
:10AF80002CD9611808F1FF3304D28E4502D9A8F1FB
:10AF90000203214443EA0040A0FB0298A1EB0E010A
:10AFA0004145CE46434602D306D14D4504D2B9EBC6
:10AFB000020E68EB04030138002EA6D0B5EB0E029A
:10AFC00061EB030101FA0CFC22FA07F34CEA0303DC
:10AFD000F940C6E9003198E74046C5E74346D9E75E
:10AFE0002DE9F041836805469E880C4A0C480D4FB8
:10AFF000DFF82C80334603210DF04DFB0024A642E0
:10B0000001DCBDE8F081AB681B681B5D03213A469B
:10B0100040460DF040FB0134F1E700BF40BC0200A8
:10B020005CB102005EBC020010B588B0264A274819
:10B0300003210DF027FB002003F04CFF04460028FD
:10B0400038D10321224A21480DF01CFB602202ABBB
:10B05000CDE9024405A8ADF80A2030220593ADF8E9
:10B060000C2004948DF81840079401F0D7FC19487F
:10B0700001F068FB184919486A4602F0CDFC6946A0
:10B08000022001F06FFB034658B1154A0F48032117
:10B090000DF001FB4FF0FF314FF0FF300FF007FDD7
:10B0A000F8E70146022001F0D5FB03460028F1D065
:10B0B0000C4AEBE70C4A0346012104480DF0EBFA79
:10B0C0004FF0FF3008B010BD64BC02005CB102005C
:10B0D000ADBC0200800D0020D1BC0200D8BC020033
:10B0E000EABC020013BD02008DBC02002DE9F04F46
:10B0F00091B08407009302F004030293C2F3C203E9
:10B1000003F10103DDF86880039205460E460593BE
:10B1100040F0BA81041D30B1072909D86FF01B0037
:10B1200011B0BDE8F08F01F007063444C6F10806FF
:10B13000009B4FF00009591E4FF0040A4FF0FF33F7
:10B140000193CDF810904F46CB4653460DB1009A6F
:10B1500022600598002800F3E8809848009A82420F
:10B1600003D397488242C0F0E080039AA4EB050E17
:10B1700092074FEA9E0000F103810F2F00F2B18089
:10B18000002D00F0058107F140020DEB020C019A41
:10B190000CF8200C0CF8102C049801300490E7E017
:10B1A0007A285DD84B280ED8472859D829282DD879
:10B1B000252852D054D820287AD02338D0F1000B3B
:10B1C0004BEB000B74E04C382E2849D8DFE800F038
:10B1D0007048484848484848484848484B484848C4
:10B1E000484848484859484B4B595959704B6D4845
:10B1F0007048184B184848827F4B48484B487F009E
:10B2000000204FF0000B4FF0040A38E02A38C0B29B
:10B21000012202FA00F010EA0E0F49D110F0625C30
:10B220002FD110EA020B43D06046013C5444B4FBDA
:10B23000FAF40AFB04F4002D61D0A3EB050CA4443E
:10B24000B4453FF66BAF002868D1042B47D158F8BE
:10B25000043B2360043404232AE0019A013A01925A
:10B260004FF0000B24E011F8010C6C2834D111F8D8
:10B27000023C00206C2B8346C5D14FF0080A534690
:10B28000D3E708F1070828F007080734F8E802AB0D
:10B2900024F0070435B106982044B0423FF63EAF93
:10B2A000C4E900AB08344FF0000B4FF0080A5346D6
:10B2B00011F8010F002878D0BBF1000F7FF470AFB8
:10B2C0002528F5D1019B013301934FF0010B4FF07D
:10B2D000040AECE7584694E700208346A5E7082BCC
:10B2E00002D06FF015001BE708F1070828F00708E7
:10B2F000F8E80223C4E9002308340823D8E768B932
:10B30000042B02D108F10408A4E7082BE9D108F1C5
:10B31000070828F0070808F10808EDE7059A013A40
:10B32000059258F8042B009210E7039A900720D555
:10B33000A4EB050E4FEA9E004FF0010CBEF5007F16
:10B34000CFD20F2FCDD8F5B107F140020DEB020E91
:10B35000C0B2019A0EF8200C0EF8102CBCF1000FB0
:10B360003FF41AAF60F07F000EF8200C09F10109DC
:10B370000137C5F10802043406924FF6DA7E97E7EA
:10B380004FF0000CDAE7BCF1000F01D00136EFE717
:10B39000029802360028EBD10098CDE90631FFF77C
:10B3A000C7FCDDE906310644E2E7631BB3F5806FB5
:10B3B00097D23DB9A6F10804E018B1E684AE0200C8
:10B3C000B8DB0200029A28609B082B709DF81030B1
:10B3D000C2B1EB7085F80290B9F1000F05D008A852
:10B3E0000022C5F1010C97420ED1C5F101030DF108
:10B3F00020084FF0000A01930DF1300B574512D190
:10B40000601B8DE66B70E5E710F8013B190608D567
:10B410000CEB040EB64503F07F033FF67FAE04F855
:10B42000013B0132DFE7B9F1000F03D098F90020AA
:10B43000002A17DB029BD3B11AF80B2004F8012B6A
:10B440000022019B18191044B0423FF667AE98F8ED
:10B45000000004F8010B0099039220460FF076FCDF
:10B46000039A14440AF1010A08F10108C6E798F8A2
:10B47000002055F822300093029B45F822300098B6
:10B48000FFF756FC421CDCE76FF00D0048E600BFFA
:10B490002DE9F04F97B000AF90F802A0D7F880B038
:10B4A0003B62CBF3C0030446FA62BB61894641B9F3
:10B4B000457800780AEB800020444D4517D8A0EB72
:10B4C0000409E378FB61BAF1000F02D01BF0010F11
:10B4D00016D1FB6953BBFB6A1BB13A6A4946204649
:10B4E00098474D4628465C37BD46BDE8F08F461C60
:10B4F0003046FFF71DFC0130304409F10109DCE75B
:10B50000237862687A62FA6A9900796104EB8301B0
:10B51000002A40F000814D460E4601EB0A094FF02B
:10B5200000084E454CD101EB0A0610E01BF0020F5B
:10B53000D1D023789A007A6162687A62FA6A04EB61
:10B540008301002A77D14D4601EB0A0690461BF095
:10B55000050F0CBF02230123FB62FB6906EB430AC4
:10B560000BF00203BB625645BCD016F8021B16F85E
:10B57000013C54F82390994B994502D3984B994537
:10B5800036D3BB69002B40D0786A0CF006FC00284B
:10B590003BD0E9468AB06A46924B53617B6AC2E966
:10B5A00006314FF4007313848F4B42F8103F8F48DD
:10B5B00000234FF4125100F023FD023DCD46D2E7A7
:10B5C00016F8013BF96254F82300FFF7B1FBD7F8F6
:10B5D0008430F96A01304BB1D7F8883098453EBFC6
:10B5E000D7F8843023F8180008F10108054498E7DB
:10B5F000BB6923B1786A0CF0D0FB0028C9D11BF0DD
:10B60000010F05D1FB6AED1AADE7BB6A002BAAD08A
:10B610004846FFF78DFBD7F8843053B1D7F8883010
:10B6200098453FBFD7F88420431C22F8183008F112
:10B630000108054497E7BAF1000F72D01BF0040629
:10B6400072D0D046002607F1480052463B61B962ED
:10B650000FF07CFBB96A3B6901EB0A02BA62FA6936
:10B66000F9695200FA60BA6A02EB41023A610BF0E2
:10B670000202BA603A69B96A8A4257D162787A623C
:10B680001BF0020F32440CBF4FEA580100211BF09F
:10B69000010FD2B240F09F801BF0040F14BF404650
:10B6A0000020BB616270A070E1703A6A7969FB6A40
:10B6B00020469847051EFFF615AFBB6923707B6ACD
:10B6C0006370FB69E37041463A6AFB6A84F802A042
:10B6D00007F148009847B0F10008C0F2BB807B69D1
:10B6E0003A6AA9EB0A01C91AFB68C91AD7E90A0321
:10B6F00098470028C0F2B080A84408EB00054FF03E
:10B70000000B07F1380AB34572D300213A6AFB6A8D
:10B7100008469847E6E656464FF0000807F138001D
:10B7200093E75646D04697E7B04695E7BA6A12F8CF
:10B73000021BBA6212F8015C284A54F825009042B4
:10B7400002D3274A90421ED3BA6932B1786A7B602D
:10B750000CF023FB7B6800288CD1BA6802BB08F18F
:10B76000280207F1300C08F10100944407F1580257
:10B7700052FA80F008F102080CF8101C5FFA88F801
:10B7800000F8105C76E7BA693AB1786A7B600CF031
:10B7900004FB7B6800287FF46DAF1BF0010F09D01C
:10B7A00006F1280207F13000711C161806F8205C1B
:10B7B000CEB25FE71BF0040F3FF45CAF08F1280244
:10B7C00007F1300008F1010102EB000808F8105CF5
:10B7D0005FFA81F84EE7002063E700BF84AE020005
:10B7E000B8DB02003DBD020004000001CCB1020044
:10B7F0001BF80A3087F8373054F82390D7F8843094
:10B800002BB3D7F888309B4521D2D7F8843033F852
:10B810001B803A6AFB6A012107F13700984700282C
:10B820001ADB0544B8F1000F06D14846FFF780FA4D
:10B8300000F101081FFA88F83A6AFB6A4146484657
:10B840009847002808DB05440BF1010B5BE74FF03C
:10B850000008DEE7454645E6054643E6014B18602D
:10B86000704700BF880D002080B505460E4617467C
:10B8700098460BF0DDF903460FF0FAFADFF818905E
:10B88000044649F80030424630463946A84754F845
:10B89000090001F039FC00BF080000002DE9F04765
:10B8A000058B04462807904611D4022905F00705A8
:10B8B00040F0CC8020460CF064FD78B10138218B3B
:10B8C000042811D8DFE800F0C2106D859500012929
:10B8D0000CBF45F0100545F02005258388F311883D
:10B8E000BFF36F8FBDE8F08701F0070AAA4500F0AB
:10B8F000A5800027B9463E46A368002B00F0BC8017
:10B9000041F00801218388F31188BFF36F8FA1688C
:10B91000002900F0BA800D68002900F0B680D1F847
:10B920000480334652462046C047002D76D02B680F
:10B9300029461D46F0E701F007035A1F012A1BD8CC
:10B94000002221F00701062B276889B2C4E90022F2
:10B9500009D13B4603E0628B013262831B68002BF6
:10B96000F9D141F00201218320460CF00AFD0028A4
:10B970007AD041F0200176E0042B0AD121F00701B2
:10B9800089B2218320460CF0FCFC10B141F020016B
:10B990002183218B01F0070AAA454FD00027B94621
:10B9A000AAE7236921F0070141F00601062DD3F82B
:10B9B000009021832DD1B9F1000F3FD041F0080153
:10B9C000218388F31188BFF36F8F3A492046C84717
:10B9D00029E021F00701236941F0040189B2042D17
:10B9E000D3F804902183E6D000273E464FF0040AA6
:10B9F00082E721F00701236941F0050189B2052D95
:10BA0000D3F808902183D6D000273E464FF0050A90
:10BA100072E700273E464FF0060A6DE72B4687E7A0
:10BA2000B9F1000FD1D1EFF31188402383F31288CD
:10BA3000BFF36F8F238B23F008032383258BEA0644
:10BA40002ED525F01003238305F007056669218BA9
:10BA5000002EBFF670AF00232768C4E9003321F041
:10BA6000070141F001012183218B01F0070AAA455A
:10BA70004FF000097FF440AF002F9CD041F0080147
:10BA8000218388F31188BFF36F8F002FC8D03D68E2
:10BA900039463346524620460CF09FFC2F46F4E7C9
:10BAA000AB067FF51BAF25F02003238305F00705C8
:10BAB00000E700BF078402002DE9F047DFF8588057
:10BAC000044607464FF0010914B93846BDE8F0872F
:10BAD00094FAA4F5B5FA85F509FA05F32E0108EBF9
:10BAE00005156FEA030A24EA03042B7B002BEBD035
:10BAF00058F806301B694BB946440422736828463F
:10BB0000196807EA0A0700F067FADDE72846984750
:10BB10000028D9D1F0E700BF34B2020030B5104997
:10BB2000104889B000220FF082F80F4D0F49002213
:10BB30000023CDE9062300240E23CDE90334CDE90B
:10BB400001440B4B00944FF4407228460AF0D8FD94
:10BB5000084928460EF0F9FE204609B030BD00BF66
:10BB600079BB0100F026002068220020403F002021
:10BB70007DBE0100F1BD020001480AF01DBB00BFFF
:10BB8000AC0F00202DE9F04780461F480F460CF00F
:10BB9000F3FC0646002830D000252846BDE8F08793
:10BBA000237B6BB12368DB680BB120469847236881
:10BBB0001B69D3B9636804221968204600F00CFAA7
:10BBC000013610344C45EBD3B8F1000FE5D0002D11
:10BBD000E2D02846FFF770FF0546002FF7D000217E
:10BBE0004FF4A4700EF063FFF1E720469847002859
:10BBF000E0D00AFA06F31D43E2E7044CDFF81090A8
:10BC000005464FF0010ADDE72039002034B202007A
:10BC100054B20200014B53F8200070478CB7020069
:10BC200008B5034608462BB1044A136000F07EFCB9
:10BC3000002008BD6FF01500FBE700BF8C0D002051
:10BC400010B5044C237813B903480AF0B5FA012360
:10BC5000237010BDDA3D0020AC0F002010B5044663
:10BC60000B480CF089FC5CB1BFF35B8F094B53E8C8
:10BC7000001F013943E80012002AF8D1BFF35B8F9F
:10BC800005480EF0E0FF0548BDE810400AF094BA00
:10BC9000183900201C390020F0260020AC0F0020AD
:10BCA0000020064BBFF35B8F014653E8000F43E8CB
:10BCB0000012002AF9D1BFF35B8F704718390020BA
:10BCC00070B5FFF7EDFF084C084E0546B44200D3AF
:10BCD00070BD63685B792BB123685B6813B129463B
:10BCE000204698471034F1E734B2020054B2020003
:10BCF00010B5044C044920460CF08CF9034B1C6031
:10BD000010BD00BFEC0E002078B7020010390020F3
:10BD1000084A094808B500231370084A1360084A06
:10BD20004FF400411360FFF77BFFBDE80840FFF7C9
:10BD3000DFBF00BFDB3D0020758502001839002001
:10BD40001C39002001460022014800230CF083B971
:10BD5000EC0E002001480CF01CBA00BFEC0E0020D5
:10BD6000024B014618680CF068BA00BF1039002079
:10BD700001480CF09DBA00BFEC0E002070B5284BB6
:10BD8000187800284BD0FFF7E5FF054690B1BFF3C8
:10BD90005B8F244B53E8001F013943E80012002A4F
:10BDA000F8D1BFF35B8F204C204EB4422DD32846F0
:10BDB000FFF7D6FF1E4B1F4C1B68002B19DD0EF042
:10BDC000EFFE4FF47A72A0FB020302FB0131C30BBA
:10BDD000D4E9002043EA41439B1A4FEAD13140F2B3
:10BDE000E93261EB0001934271F1000101D3FFF7E9
:10BDF00067FFD4E9003213F57A7342F10002C4E917
:10BE00000032BDE87040FFF7B3BF63685B7923B1D0
:10BE1000236829461B68204698471034C5E770BD43
:10BE2000DA3D00201C39002034B2020054B2020076
:10BE300018390020E826002070B50D4D297861B929
:10BE40000120FFF79FFE0B4C0B4EB44206D3FFF7C9
:10BE500095FF0028FBD101232B7070BD63685B79CF
:10BE60001BB1236820469B6898471034EDE700BF5C
:10BE7000DB3D002034B2020054B2020000212DE963
:10BE8000F0470846FFF77EFE044658B340F2676865
:10BE90004FF000090EF0ECFF1B4B1C4A1B581360BF
:10BEA00033B11B4B1B68092B02DD1A480AF084F9D9
:10BEB000194FDFF860A0002544B12046FFF7FCFDD4
:10BEC000044618B94FF0FF384FF0FF39FFF756FF1F
:10BED000064628B9B5B942464B4650460AF0A0F985
:10BEE0003546E9E74FF0FF384FF0FF39D2E72B68CE
:10BEF0009B691BB100221146284698471035BD4268
:10BF0000F5D3E8E7054DFAE70800000014390020F2
:10BF10001C390020AC0F002054B2020034B20200E1
:10BF200013B518480CF028FB174B1B7873B1EFF3CF
:10BF30001184402383F31288BFF36F8FFFF71EFF36
:10BF400084F31188BFF36F8F02B010BD0F4B1B68D5
:10BF5000002BF9D050B900220023CDE900230C4872
:10BF60004FF4004200230BF02FF9EDE70928EBD145
:10BF700007480EF068FE074802B0BDE810400AF01E
:10BF80001BB900BF1C390020DB3D00201439002004
:10BF9000F0260020AC0F002010B5064B1B680446AD
:10BFA00098472146A06004480CF0D4F8BDE8104042
:10BFB000FFF7B6BF8C0D0020EC0E0020044A054BA5
:10BFC0009B1AB1EBD30F34BF52F8310000207047F9
:10BFD0005CB1020034B20200084BC31A10B41B114A
:10BFE00044680133237143689A7143681960436858
:10BFF00001225A7110BCFFF723BE00BF34B2020009
:10C000002DE9F04F8FB004AFC1F34A28B8600D4658
:10C0100091467B600C0DB8F1000F63D0002607F14C
:10C0200014034FF0040B4FF00A0AC7F80C80C7E95D
:10C0300007667E620193CDF808B0CDF800A007F145
:10C040001C03F96832464846FFF722FAB0F5006F44
:10C0500003461CD36C468AB0D9F8041004AB2648BA
:10C06000C3E9050140F2FF71D9611A464FF400712E
:10C070001984224B42F8103F214833464FF41251A5
:10C08000FFF7BEFFA5462C37BD46BDE8F08FC0F3D5
:10C090000A0804F11700184420F0070080083B60EC
:10C0A000FFF750FE68F35325044690B13B68154AEC
:10C0B000C7E9083600F1100107F11403F961CDE971
:10C0C00000A3CDF808B0F96807F11C034846FFF754
:10C0D000DFF968F353257B68B9682A4620460CF0DF
:10C0E00081FAD0E704F1170020F007008008FFF77D
:10C0F00029FE0446EDE700BF06BE02000400000171
:10C10000DCB10200B98502002DE9F04F87B0DDE90E
:10C110001279DDE9105A0446039193469846BFB15F
:10C12000CDF800903B46524610210020CDF81490E7
:10C13000FEF7DCFFB0F5006F06460AD3184A19482F
:10C1400040F2FF73022107B0BDE8F04F0CF0A3BA34
:10C150003E4605F11700304420F0070004F00704C4
:10C160008008FFF7EFFD0BF0070BE40044EA8B14A7
:10C1700044EA462444EA0554054640B13FB1CDF8AF
:10C1800000903B46524631461030FEF7AFFF039910
:10C1900043462246284607B0BDE8F04F0CF022BACD
:10C1A00045BE0200DCB10200406820B1034BC01A5A
:10C1B00040F3CF0070474FF0FF3070475CB1020092
:10C1C0000EB403B503AB014653F8042B04480193A6
:10C1D00001F042FA02B05DF804EB03B0704700BF13
:10C1E000F9860200CA0605D48B064CBF02490349F2
:10C1F000FFF7E6BF704700BF7EBE02007DBE0200B3
:10C200002DE9F04F89B09B46149B06939DF84CA0F6
:10C21000159B0593169B179E049304460D46904666
:10C22000BAF1000F00F09D8006F4807307930CF0C4
:10C23000C1F906F00209024600283ED09149204685
:10C24000FFF7BEFF0746B9F1000F08D016F0440F04
:10C2500035D18D492A462046FFF7B2FF074406F044
:10C26000010353B1894B8A4953F82A20894B204650
:10C27000002A08BF1A46FFF7A3FF06F48073002BBD
:10C2800049D006F00803002B63D1B8F1000F66D047
:10C29000814942462046FFF793FF0546069B3D44F1
:10C2A000002B6DD1049B002B73D1F30700F1E480C8
:10C2B00031462046FFF796FFD8E00746C3E7774BA5
:10C2C00018680028CAD0764B4FF47A791B68B5FB02
:10C2D000F3F54FF46163B5FBF0F100FB115509FB79
:10C2E00005F54FF03C0CB1FBF3F203FB1211B5FB6B
:10C2F000F0FEB1FBFCF300FB1E550CFB131109FB18
:10C3000005F50091B5FBF0F56649CDE901E520465C
:10C31000FFF756FFA2E706F00803EBB1624B634953
:10C3200053F82A202046FFF74BFF0546B8F1000FCF
:10C3300005D0594942462046FFF742FF0544BBF16C
:10C34000000FABD05A495A462046FFF739FF054443
:10C35000A4E74FF0000BE1E706F00805E6E74546E5
:10C360009CE7BBF1010F069B06D1002B64D1049B17
:10C37000002B7BD000250CE0002BF8D04D485CE072
:10C380004D48069B4D4922460BF0D6FC049B002BE2
:10C3900068D0DFF82C81DFF82C91049F3146102FF4
:10C3A000204628BF1027FFF71DFF4FF0000B5D450B
:10C3B00045DC059B49461A782046FFF701FF4FF000
:10C3C000010B1BF0070F03D141462046FFF7F8FE93
:10C3D0005F453BD9059B494613F80B202046FFF7E4
:10C3E000EFFE0BF1010BBBF1100FEAD136492046ED
:10C3F0004FF0000BFFF7E4FE5A46059B9A5CA2F152
:10C4000020015F2928BF2E2230492046FFF7D8FEA1
:10C410000BF1010BBBF1100F1DD01BF0070F03D167
:10C4200041462046FFF7CCFE5F455A46E5D84146D7
:10C430002046FFF7C5FEEBE71F485546A1E74146FA
:10C440002046FFF7BDFE0BF1010BB0E72049204667
:10C45000FFF7B6FEC5E7059B3B440593049BDB1B3A
:10C4600004939AD1BAF1000F7FF41FAF204609B0B0
:10C47000BDE8F04F0CF033B9064A05492046FFF7F6
:10C480009FFE15E785BE020089BE02009CB7020030
:10C49000ECC8020080BE0200AEBE020028390020B7
:10C4A0002439002092BE0200B0B70200B2BE0200E2
:10C4B000B8BE02002F870200F986020059D601009B
:10C4C000C5BE0200BDBE0200C7BE0200C9BE02005A
:10C4D000C3BE020073B542F20F738B4228BF0B46F6
:10C4E00005680F4A0446052168460AF0EFFE6368B6
:10C4F0000C495B6806460B2228460CF0E2F863689C
:10C500003246694628465B680CF0DBF863680649EA
:10C510005B681B2228460CF0D4F802B070BD00BF47
:10C520003BDA0200E8BE0200CCBE0200074A00214E
:10C530000123904206D8064A01B901231360054B36
:10C540001860704740085B000121F2E740420F008D
:10C550002439002028390020014B01221A7070472D
:10C56000DC3D0020014B002019607047403900205D
:10C570000148FFF7AFBF00BFE0B7020010B5064BA0
:10C5800018680C46FFF746FB21460346BDE81040FD
:10C5900002480F22184700BF40390020E0B70200D0
:10C5A000F8B5094D094B0A4ED5E9004701221A702A
:10C5B0000CB92C60F8BD214630463A4600F01EF812
:10C5C000241A0644F4E700BF34390020DD3D002082
:10C5D000DE3D002010B9074B18707047064B1B78E2
:10C5E0001BB141F288300DF0FCBEA42000210EF0FA
:10C5F0005EBA00BFDC3D0020DD3D00202DE9F047A4
:10C60000DFF878901E4F80460E46042499F80050BB
:10C61000A5B90DF0D9FE324682464146284609F0BA
:10C620006BFA054650460DF0D7FEE5B101233B708D
:10C6300099F8003073B93046BDE8F087324641467C
:10C64000002009F059FA0546EFE72046FFF7C2FF40
:10C65000651E2C46002009F093FA0028EBD03B78A9
:10C66000002BF2D1E7E73B78002BE4D0013C2046D9
:10C67000FFF7B0FF3B78002BC8D1DCE7DD3D0020A1
:10C68000DC3D0020F8B5074F0D4604464618B4427D
:10C6900001D12846F8BD14F8011BBB6801485B684E
:10C6A0009847F4E76CAF0200014B0360002070472D
:10C6B00024B8020008B504480BF098FBBDE8084018
:10C6C00002480BF093BB00BF3EBF020073BF0200E5
:10C6D0001FB5094A1068516801AB03C39068074A47
:10C6E00001AB044603CBC2F82640C2F81E00C2F8D4
:10C6F000221004B010BD00BF60B2020078390020E3
:10C70000044B18225A852822DA624FF4C8721A861E
:10C71000704700BF78390020F8B5094B1C68054602
:10C720000E46174654B154F8043C1B68043C1BB138
:10C730003A463146284698476468F3E7F8BD00BF9B
:10C740007039002050B100234360054B5968021D29
:10C7500011B9C3E9002270470A605A60704700BFF0
:10C760007039002070B5054692B00C46002951D0B2
:10C770002A484FF0FF324FF0FF3309F023FC022D1F
:10C780000DD044D9033D022D8CBF6FF015046FF01E
:10C790000B04224809F08EFC204612B070BD204DDB
:10C7A000EB7A002B33D120686860A379A2882A81B4
:10C7B000AB72237807AE032B23D8DFE803F0021C0B
:10C7C0001E2018493046FEF7ABFA059663780493AD
:10C7D000A3780393E3780293237901936379009319
:10C7E000A379114A1E210AA80AF070FDEB7A0133E1
:10C7F000EB720024CDE70D49E4E70D49E2E70D496E
:10C80000E0E70D4A0A2130460AF060FDDDE76FF0EF
:10C810000B04BEE76FF01504BEE700BF980F0020C1
:10C8200078390020A1BF0200BCBF0200D1BC0200C9
:10C83000A8BF0200B2BF0200B7D50200044B00221D
:10C840005A70DA701A735A745A75DA75704700BFE5
:10C850007839002008B583061ED0FFF7EFFF104B94
:10C8600010F0020F1CBF01221A73C20744BF01223D
:10C870005A70C20644BF0122DA70420744BF012247
:10C880005A74020744BF01225A75820644BF01222E
:10C89000DA751976002008BD6FF01500FBE700BFC0
:10C8A0007839002070B586B000230E460546019306
:10C8B0000BF0BBFF154B0FCB02AC84E80F0001ABB4
:10C8C000134A2146304604F007FB0835114B50B19E
:10C8D0001C68C4B154F8043C9B68043C0BB1284666
:10C8E00098476468F5E7019E1C684CB154F8043C15
:10C8F000DB68043C13B13146284698476468F4E786
:10C90000019803F08BFE06B070BD00BF6CB2020050
:10C91000A2390020703900202DE9F04F3B4D95B031
:10C92000064650220C46684600210EF01DFA2A7B6E
:10C930002B7E8DF80330338992BB03F001038DF811
:10C94000043020460CF069F83149B4F804800746F9
:10C950006A46204601F0FEF8A368A4F8048013FAA2
:10C9600087F72C4B2760CDE903349DF803303468FA
:10C9700002969DF80460BBB39DF801209DF800303D
:10C980009A4235D1324605A902A8FFF7C5FE2B7F92
:10C990001BB121466846FFF785FF15B0BDE8F08F53
:10C9A00001221340D6F800A095F80B908DF80020D6
:10C9B0008DF804302F1D4FF00008C845C1D239460C
:10C9C000072250460EF0D8F9BB46073748B9012375
:10C9D000CDF830B08DF801308DF82C308DF8023064
:10C9E000AFE708F10108E8E79DF80230002BC9D154
:10C9F000094B1C68002CD0D054F8043C5B68043C04
:10CA000013B1314602A898476468F3E778390020EB
:10CA100027880200A23900207039002038B5174C51
:10CA20000546174803F03EFB1C22002120460EF06D
:10CA30009BF9E5B12B7923772A688AB11368C4F88A
:10CA40001E305368C4F822309368C4F82630AA68B0
:10CA50004AB11368C4F82A3053680A4A536038BD93
:10CA6000FFF736FEF3E7BDE83840FFF749BEFFF7B2
:10CA70002FFEFFF745FE2577F1E700BF783900204C
:10CA8000980D0020A23900202DE9F047064600AF9E
:10CA90000C46002936D0E9468AB0D1E90012A368D5
:10CAA0006D462148A8464FF0050AC5E90501C5E9CC
:10CAB000072348F810AF1D48424600234FF4215188
:10CAC000FFF79EFACD46D4E903126369AD461848D4
:10CAD000C5F810A0C5E90501C5E9072313480023DF
:10CAE00042464FF42151FFF78BFACD46E369114AD4
:10CAF0000E4801210BF0CFFDA3690F4A0B4801211D
:10CB00000BF0C9FD012E07D1EFF305830B4A07484F
:10CB1000103B31460BF0BFFD2146304609F060F86E
:10CB2000BD46BDE8F08700BFEBBF02001CB20200AB
:10CB30001AC0020049C0020058C0020086C00200AC
:10CB400030BFFFF7FDBF00BF2DE9F0410B4EDFF80E
:10CB5000308006EB0807CC1B0546324609492046C3
:10CB60000EF0F4F8A01942460021083C0EF0FCF843
:10CB70006C6707F10800BDE8F08100BF000000000D
:10CB80000400000054B20200074A936893F90E10A3
:10CB9000002907DB526993421FBF044A536843F0E0
:10CBA00080535360704700BF7C3D002000ED00E0E3
:10CBB00070B5294C06460D46284829490BF042FE1F
:10CBC000A36AD9043CD5254826490BF03BFE172023
:10CBD000A36A1A0504D5214823490BF033FE182017
:10CBE0001D4CA36A9B0512D51C4820490BF02AFE58
:10CBF000A36BA26A100409D51D4A184801210BF045
:10CC00004AFD1EB1A36A23F40043A3621920124C0B
:10CC1000A36A590504D5114816490BF013FE1A20D2
:10CC2000A36ADA050ED50D4813490BF00BFE1B2045
:10CC3000094A936A43F47F43936200232B7070BDCB
:10CC40001620C5E7A36A9B04F2D504480B490BF0F4
:10CC5000F9FD1C20ECE700BF00ED00E01CB2020073
:10CC600099C00200AFC00200C0C00200D3C00200E1
:10CC7000ECC0020001C102001CC1020034C102006C
:10CC800010B5204C204921480BF0DCFDA36A990126
:10CC900036D51E481E490BF0D5FD1E20A36ADA01C9
:10CCA00004D51A481B490BF0CDFD1F20154CA36A73
:10CCB0001B0304D5154818490BF0C4FD2120A36AB5
:10CCC000590304D5114815490BF0BCFD22200D4C29
:10CCD000A36A9A0304D50D4811490BF0B3FD232034
:10CCE000A36ADB0304D509480E490BF0ABFD2420F1
:10CCF000044A936A6FEA03436FEA1343936210BDD9
:10CD00001D20CBE700ED00E063C102001CB2020071
:10CD10007BC102008EC10200A8C10200C6C1020090
:10CD2000EBC1020005C202002DE9F843364D8046F2
:10CD300089463648364917460BF084FDAB6ADE0655
:10CD400027D5344931480BF07DFD1124AB6A1D070E
:10CD500004D531492D480BF075FD12242A4DAB6ADC
:10CD6000980718D52D4929480BF06CFD6E6BAB6AFE
:10CD7000190646D52A4A2548334601210BF08BFC7B
:10CD8000B9F1000F03D0AB6A23F08003AB62132428
:10CD900003E01024DAE76FF015061B4DAB6ADA07E3
:10CDA00004D5204919480BF04DFD1424AB6A9B06AD
:10CDB00004D51D4915480BF045FD1524124B9A6A00
:10CDC000D50602D49A6A90070AD55B68190507D57B
:10CDD0004146304600F074FA10B180F3098802240D
:10CDE000094B9A6A920642BF5A6A22F400525A626A
:10CDF0009A6A42F0FF029A6200233B702046BDE827
:10CE0000F8836FF01506C2E700ED00E01CB20200E7
:10CE100030C2020046C20200C0C0020079C2020055
:10CE200091C20200A7C2020034C102002DE9F04104
:10CE3000664B8AB0D3F8048000AF0446C8F30805F7
:10CE4000002686F31188BFF36F8F02F07F43B3F1A2
:10CE50007F4F07D102F00C03082B12D15C495D48CB
:10CE60000BF0F0FC002634460023FB71EB1E092B6F
:10CE700000F28A80DFE803F00A80837C8888888853
:10CE8000888610074CBF0C460126EDE752495148F1
:10CE90004E4D0BF0D7FC0023FB71EB6A9A0705D5CA
:10CEA0004E494C480BF0CEFC002332E0EB6A002BDD
:10CEB00001DA4B49F5E7EB6A5B00F5D5494945488E
:10CEC0000BF0C0FC6B69A26943F480736B61BFF324
:10CED0004F8FBFF36F8F6B6932F8022C23F480738E
:10CEE0006B61BFF34F8FBFF36F8F4DF602739A42A2
:10CEF00008D0AB6ADBB273B3FA1D01212046FFF7FD
:10CF000013FF37E02368384A324801210BF0C3FB96
:10CF10002368FA79DAB907F1080504F1200C2068D2
:10CF200061682A4603C2083464451546F7D17A6A17
:10CF3000002E45D0C2F3080121B96FEA52226FEAF0
:10CF400042227A6207F108011846FFF79DFD283753
:10CF5000BD46BDE8F081AB6A13F47F4F04D0F91DE4
:10CF60000120FFF725FE05E0AB6AB3F5803F9BD3B8
:10CF7000FFF786FE0346CCE7FA1D0021BEE7F91D48
:10CF80000020EEE719498CE7194A1A4B18F4F87F8C
:10CF9000E8468AB018BF13466A461749C2E9051326
:10CFA0004FF400731384103D144BD56142F8103FC9
:10CFB000084800234FF41151FFF722F8C54673E7E4
:10CFC00022F4FF7222F00102BBE700BF00ED00E097
:10CFD000F4C202001CB202001FC3020036C30200EA
:10CFE00057C3020065C3020084C30200A0C302004D
:10CFF000DBC20200C6C20200C4C30200040000017A
:10D00000044B5A6942F010025A615A6922F0080230
:10D010005A61704700ED00E0EFF30880EFF30981FB
:10D0200001B57246FFF702FF01BD00BF002080F38B
:10D030001488BFF36F8F0F4880F3088808F04EF80C
:10D0400000200D490860BFF34F8F00F02BF84020FF
:10D0500080F3118809484FF40461401880F309886F
:10D06000EFF314800221084380F31488BFF36F8F1D
:10D0700000F0EEF8C064002094ED00E0004B0020CA
:10D080000749D1F890200023C2F3072218469342A3
:10D0900000DB7047C1F89830C1F8A0000133F6E713
:10D0A00000ED00E008B572B6002383F31388FFF7A4
:10D0B000E7FF144B4FF0FF32C3F88020C3F8842001
:10D0C000C3F88820C3F88C20C3F89020C3F89420BC
:10D0D000C3F89820C3F89C20C3F88021C3F88421AA
:10D0E000C3F88821C3F88C21C3F89021C3F8942198
:10D0F000C3F89821C3F89C2162B6BFF34F8FBFF3EA
:10D100006F8F08BD00E100E0084B9B6883420BD1A4
:10D11000EFF3058343B1064B5A6842F080525A60E0
:10D120005A6A22F400425A6209F088BD7C3D002010
:10D1300000ED00E015498A684FF030001044EFF32D
:10D14000098C80E8F01F402080F31288BFF36F8FB6
:10D150000F4F4FF000664A698A603E604FF07404DA
:10D16000141920680B4C2060906F0023936780F3A4
:10D17000118804B5104600F007F9BDE8044002F13B
:10D18000300090E8F01F8CF3098870477C3D002048
:10D1900004ED00E0AC3900201EF0040F0CBFEFF3EB
:10D1A0000880EFF30980816911F8021C0229FFD081
:10D1B00001B572460BF03BFB01BD00BF40B2002839
:10D1C00007DB044A4109012300F01F00834042F8B5
:10D1D0002130704700E100E040B200280CDB430939
:10D1E000064900F01F0020330122824041F823202D
:10D1F000BFF34F8FBFF36F8F704700BF00E100E0B8
:10D20000054B420900F01F0053F82220012303FAC6
:10D2100000F01040704700BF00E100E040B2D307CB
:10D2200054BF023100210028ACBF00F16040074A22
:10D230004FEA4113ACBF00F5614000F00F00DBB2D4
:10D24000B4BF135480F80033704700BF14ED00E002
:10D250000B4A08B50B4B22F07F029A60BFF34F8F49
:10D26000BFF36F8FD3F8882022F47002C3F88820B0
:10D2700008F0A2FD09F002FE00F05CF808F0E0FD05
:10D280000000000000ED00E042F8203C009B42F866
:10D290001C3C0A49019B42F8183C029B42F8143C92
:10D2A00021F001014FF0807342F8043C42F8081C61
:10D2B0000023203A02658367704700BF69B8010008
:10D2C000094A0346906870B113F1160F406E05D0FD
:10D2D000A0F140029A4205D8834203D2814228BF7E
:10D2E00000207047002070477C3D002008B515469F
:10D2F000094A0A4B9060426F1A600E4600F044F8EB
:10D300002C4686F309880020054B984720460021CB
:10D3100000220023034C20477C3D0020AC39002034
:10D320005588020069B80100014B10221A6170474C
:10D3300000ED00E0044800234021C2180133272BF0
:10D3400082F80013F9D1704700E100E008B5EFF36F
:10D350000583064A103B02EBC30152F833004968CB
:10D360008847BDE80840FFF70FBC00BF94AF02003C
:10D37000024B034A0348012100F08AB80000012053
:10D380000000002024B80200426E054B403A1A60AB
:10D39000044A4021C3E901121846012100F082B875
:10D3A000B039002000000B1508B503461048D0F82E
:10D3B0009020C2F30722013A934207D90D480E4A42
:10D3C00001210BF068F96FF0150008BDC0F8983026
:10D3D0000A6822F01F021A4342F01002C0F89C2093
:10D3E0008A6842F00102C0F8A0201846EDE700BFAD
:10D3F00000ED00E0FCB10200DBC30200F0B50E4618
:10D4000085B01F4604460025B5420DDA606810B3AA
:10D4100097B1431E18420AD0104A11482B460121E9
:10D420000BF039F96FF01502104605B0F0BD1F285A
:10D43000F2D921680B42EFD1236801930BF02DFA4A
:10D44000A36801A90343D0B20393FFF7ADFF10F126
:10D45000160FE7D0421C01350C34D5E701C4020099
:10D46000FCB10200044B0522C3F89420BFF34F8F98
:10D47000BFF36F8F704700BF00ED00E0BFF35F8F19
:10D48000024B0022C3F89420704700BF00ED00E07B
:10D4900010B5034C01232278FFF7B0FF207010BDB8
:10D4A000EF3D002008B50B4A00231278FFF7A6FFD6
:10D4B00010F1160F07D0084A0021D2F89030C3F3BC
:10D4C0000723984200DB08BDC2F89800C2F8A010FC
:10D4D0000130F2E7EF3D002000ED00E02DE9F043E0
:10D4E00057485849D0F890300D68C3F307239D4240
:10D4F00085B000F2A180FFF7C1FF49680022954284
:10D5000001F10C011AD1504C504F25706846FFF7BD
:10D51000CBF8DFF83C81DFF83C9106460025AE42AF
:10D520001FD1237846490020D1F89020C2F307226A
:10D5300093427BDBFFF796FF00204CE0C0F8982079
:10D5400051F80C3C23F01F03134343F01003C0F8C1
:10D550009C3051F8043C43F00103C0F8A030013284
:10D56000CDE7009800EB05114FEA051CCB683B4066
:10D57000B3F5000F44D00AD8B3F5001F2ED0B3F591
:10D58000800F34D0B3F5801F10D00135C7E7B3F159
:10D59000807F3ED0B3F1007FF7D150F80C3088681F
:10D5A0004A680BF07AF940F4802009E050F80C301A
:10D5B00088684A680BF071F940F0885040F43020D8
:10D5C000039001A92078CDE90123FFF7EDFE0028A3
:10D5D00028DA6FF0150005B0BDE8F08350F80C3084
:10D5E00088684A680BF059F940EA0800E8E750F803
:10D5F0000C3088684A680BF050F940EA0900DFE710
:10D6000050F80C3088684A680BF047F940F0827097
:10D61000D6E750F80C3088684A680BF03EF940F0C5
:10D620008870CDE7237801332370AEE7C1F89830D6
:10D63000C1F8A000013377E74FF0FF30CBE700BF20
:10D6400000ED00E030B80200EF3D00200000F0FFE8
:10D650000000081100000207F0B587B007460E462B
:10D6600014460021102268461D460DF07DFB022362
:10D670008DF802302A46054B019321466846CDE9D4
:10D68000047609F04FFE07B0F0BD00BFBB88020072
:10D6900008B5024B1B689847002008BDBC39002024
:10D6A000034B044A1860937843F002039370704769
:10D6B000BC390020A40D002008B50649064821F019
:10D6C0000701C1F1005202F580320AF0DDFA0020B4
:10D6D00008BD00BF07780020C039002070B541693F
:10D6E000867A0B4D044659B1437ADB0706D42C23C6
:10D6F00003FB06535B6A1B689B68984700236361C2
:10D700002C20214606FB0050BDE870400DF009B802
:10D71000F40F0020024B2C2202FB0030704700BFA8
:10D72000F40F0020827A064B2C2101FB02339A6A07
:10D730001B7F1B33801A23F00303B0FBF3F0704709
:10D74000F40F002038B5074B827A2C2404FB0233F7
:10D750005B6AD3E901240C601568FFF7E3FF04FB63
:10D76000005038BDF40F00202DE9F04385B0054688
:10D770006846039190461C460DF014FADDE90067F7
:10D78000EFF31189402383F31288BFF36F8F6B8B04
:10D79000002B41D02A8B9A4225D90022002328460B
:10D7A00008F0D8FC0446F0B189F31188BFF36F8FFD
:10D7B000039B002B41D032463B4668460DF016FADB
:10D7C000A27A264B2C2101FB023320465B6A1B68A0
:10D7D00003A91D68DDE90023A847606170BB2046EE
:10D7E000FFF77CFF24E0698B4B1E6B8389F3118864
:10D7F000BFF36F8F2B7F2A8BAC6A1B3323F003039D
:10D80000521A02FB0344154B154AEB1A9B10534363
:10D81000A3722B7FE372CBE789F31188BFF36F8F7D
:10D8200023464246284608F095FC04460028BFD10E
:10D830000024204605B0BDE8F08363610123002584
:10D840002381039B6382E27A6560294604F1180014
:10D850000DF08AFA63692582E360EAE7F40F00209D
:10D86000A38B2EBA70B50C4C2C2500B970BD037A71
:10D870004668013BDBB20372002BF7D1C360436003
:10D88000837A05FB03431B6A13B198473046ECE7E4
:10D89000FFF724FFFAE700BFF40F0020044A01233A
:10D8A000C2F840354FF080420020C2F8783570470A
:10D8B00000E0014020B1034B800143F00103184711
:10D8C000704700BF60B7020008B504480CF08EFD39
:10D8D00000280CBF6FF01200002008BD44AF02000A
:10D8E0000E4B402970B528BF40210D4C46181D46EF
:10D8F000B04203F1020304D1002305F811300748B8
:10D9000070BD02781209A25C03F8022C10F8012BFA
:10D9100002F00F02A25C03F8012CE9E70E3E0020A2
:10D9200068C4020030B503788BB0044607AD032B02
:10D9300021D8DFE803F0021A1C1E12492846FDF721
:10D94000EFF9059563780493A3780393E378029342
:10D950002379019363790093A3790B4A0B481E2125
:10D9600009F0B4FC09480BB030BD0949E6E70949A4
:10D97000E4E70949E2E7094A0A21284609F0A6FC3A
:10D98000DFE700BFA1BF0200BCBF0200F03D0020E6
:10D99000D1BC0200A8BF0200B2BF0200B7D502008E
:10D9A0000378012B30B513D0022B27D07BB9194B4C
:10D9B0000A4603F1100453F8045B42F8045BA342E7
:10D9C000F9D11B78137043884B731B0A8B7330BDDE
:10D9D000104B0A4603F1100453F8045B42F8045B51
:10D9E000A342F9D11B78137043684B73C3F307222A
:10D9F0001B0CCB731B0A8A730B74E8E700F110034E
:10DA000050F8042B41F8042B9842F9D103780B709D
:10DA1000DDE700BF79C4020038B50C46511C15463D
:10DA20000BF063F800280BDB1C492046FDF76EF96C
:10DA300020B11B492046FDF769F940B92870002044
:10DA400038BD0120FAE70220F8E70320F6E7154980
:10DA50002046FDF75BF90028F3D013492046FDF777
:10DA600055F90028EDD011492046FDF74FF900285F
:10DA7000E9D00F492046FDF749F90028E3D00D49C8
:10DA80002046FDF743F90028DFD00B492046FDF77B
:10DA90003DF90028D9D06FF01500D1E7A1BF0200F1
:10DAA0008AC40200D1BC020093C40200A8BF0200D5
:10DAB0009CC40200B2BF0200A8C4020008B50BF06B
:10DAC00045F808F0BBFF044B1B680BB10A209847D0
:10DAD000BDE8084008F0C6BFCC39002038B505467F
:10DAE00005480AF0FBFE044620B101210C300AF083
:10DAF0004AFF2576204638BDD010002010B50446D8
:10DB000008F09CFF024B1C60BDE8104008F0AABF63
:10DB1000CC3900200F2810B50ED80D280ED90B488F
:10DB20000AF0DCFE044628B101210C300AF02BFF7C
:10DB300002232376204610BD1328F0D009B10448F3
:10DB4000EEE7BDE810400220FFF7C8BFFC10002040
:10DB50004C100020F0B5054685B00E461746AB8840
:10DB6000012B0ED928460AF048FF044648B1AB887D
:10DB7000984208D90E4A0093022103460D480AF044
:10DB800094FD05B0F0BD28460AF037FF013C2B6834
:10DB90008DF80800394602A88DF809400393B04774
:10DBA0000028EED0214628460AF017FFD7E700BF2D
:10DBB000BBC4020084B10200C368034A1B78034857
:10DBC00002210BF033B800BFE6C4020094B102009A
:10DBD00070B5C6683378B6F80140A3B90F21204666
:10DBE00002F056FEF178054670B90C4A138813B15D
:10DBF000538843B901236FEA04506FEA105022F8AA
:10DC00001300074AD15470BD4172012102F030FD6A
:10DC10002846BDE8704002F001BD00BFB43D0020C1
:10DC20008F3E002070B5C3681D788DBBB3F80160CE
:10DC30000F21304602F02CFE044638B93346154A0F
:10DC40001548BDE8704001210AF0F0BF294602F0F6
:10DC50000FFDA378012B04D02046BDE8704002F0F0
:10DC6000DDBCBFF35B8F6368BFF35B8FDB07F3D56E
:10DC70000321204602F0FCFC03200BF064F903466C
:10DC80000028E9D0054A044802210AF0CFFFE3E763
:10DC900070BD00BF0EC5020094B1020034C5020081
:10DCA00010B5C368B3F801400121204602F0F0FD31
:10DCB00038B92346054A0648BDE8104001210AF05C
:10DCC000B5BFBDE8104002F0A9BC00BF5AC50200B4
:10DCD00094B1020010B501210C300AF086FEBDE8B7
:10DCE00010400378024A034801210AF09FBF00BF99
:10DCF0007EC5020094B10200014610B508480AF042
:10DD0000F1FD084908480CF0C8FD031E06DABDE81D
:10DD10001040064A064801210AF088BF10BD00BF26
:10DD20005C0D0020C40D002028270020A0C50200A3
:10DD300094B1020010B5084C0146062294F86F0019
:10DD400003F09CF838B994F86F000449BDE810401E
:10DD5000052203F093B810BD100C00204EC4020041
:10DD6000024A034801210AF05FBF00BFBDC502009F
:10DD700094B10200B0B50B460D8A00AF04462946A7
:10DD8000D868FFF7ADFD8AB06A46094BC2E9053491
:10DD900040F202439384074BC2E907504FF43251DB
:10DDA00042F8103F04480AF059FFBD46B0BD00BF1D
:10DDB000D7C502000500000194B1020070B5C56826
:10DDC000B5F801600121304602F062FD044638B921
:10DDD00033460D4A0D48BDE8704001210AF026BFC8
:10DDE0002B783BB9D5F80330C0F89530D5F807301B
:10DDF000C0F89930201D4FF480310AF019FF2046F9
:10DE0000BDE8704002F00ABC5AC5020094B102009D
:10DE100037B502EBC303044608469A4202D16FF0BD
:10DE20005E0010E0114611F8085BA54211D1038A8B
:10DE30005178994209D90848084A009401210AF00A
:10DE400034FC6FF0150003B030BD536898470020D4
:10DE5000F9E70A46E1E700BF94B10200F9C5020004
:10DE600073B53D480AF053FD0446002872D0017E88
:10DE7000022948D008296AD1038A032B05D8374ADA
:10DE8000374801210AF0D2FE13E004210C300AF0D9
:10DE9000ACFDFF23428806886376238AC6F30B0015
:10DEA0009A42A08309D02E48009201212D4A0AF0FF
:10DEB000FCFB2046FFF7D6FC12E00F2102F0E8FC45
:10DEC000054610B9A38B284ADAE702F029FD320B88
:10DED00060762146284602F06DFA284602F09EFB45
:10DEE000224BD3F84C31002B34D0214921480CF07F
:10DEF000D4FC031E2EDA204A1948012102B0BDE8E5
:10DF000070400AF093BE038A012B01D81B4AB7E781
:10DF10000C300AF06AFD054600780AF073FE10F036
:10DF200002060DD1164A1749174840F6CE3309F0BC
:10DF30006AFF86F31188BFF36F8F0323184602DF51
:10DF4000124A2878042321460AF097FEB1E7104AC6
:10DF50000B4695E702B070BD5C0D00201BC60200A9
:10DF600094B102003CC6020060C60200100C002002
:10DF7000C40D002028270020A0C5020082C6020090
:10DF80009EC60200D2C6020000C70200ECB8020022
:10DF90001DC7020010B5012104460C300AF025FD12
:10DFA0002146034A0078BDE8104007230AF065BE09
:10DFB0000CB90200F8B5012100AF04460C300AF09C
:10DFC00014FD0678114A002321463046FFF720FF52
:10DFD0005F3018D1258AE0682946FFF781FC6C463E
:10DFE0008AB06A460A4BC2E9053640F2024393847E
:10DFF000084BC2E907504FF4325142F8103F06482F
:10E000000AF02CFEA546BD46F8BD00BF44B902008B
:10E0100031C702000500000194B102002DE9F74F5D
:10E02000DFF82CA1BFF35B8F80468946174600239B
:10E030005AE8004F4AE80032002AF9D1BFF35B8F5B
:10E04000264644B9434A44484346012103B0BDE84B
:10E05000F04F0AF0EBBD2046FFF764FB3F4D4FF059
:10E060000C0B0BFB0050438843451FD02046FFF7A5
:10E0700059FB0BFB00504388394A0093364843460E
:10E0800001210AF012FBBFF35B8F5AE8003F4AE818
:10E090000062002AF9D1BFF35B8F002B54D01E46DB
:10E0A000304603B0BDE8F04FFFF7DCBBA7420FD00E
:10E0B00020460AF00EFC04F10C0802230121404620
:10E0C00023760AF060FC3A8AF96840460AF06CFC54
:10E0D0002046FFF727FB0C2707FB00504368ABB136
:10E0E000B9F1000F12D12046FFF71CFB07FB0050CF
:10E0F00001214268D2E90003127A03F01F07B940F8
:10E100005B09DAB100EB83000AF092FD2046FFF7CD
:10E1100009FB0C2707FB00508368002BC0D020466A
:10E12000FFF700FB784305F800902046FFF7FAFA66
:10E1300007FB0055A86808F03FF8B1E7C94300EBBA
:10E1400083000AF08EFDE1E703B0BDE8F08F00BF69
:10E15000580D002063C7020094B10200D03900209E
:10E160008BC702002DE9F84FD0F80C80018A98F88F
:10E170000040012303EB84038B4200AF5FD96D465F
:10E180008AB06A463048C2E907310523C2E905046E
:10E190004FF4215142F8103F2C480AF05FFDAD4684
:10E1A000BD46BDE8F88F2A4A28484B4601210AF0AF
:10E1B0003DFD013598F800309D42F1DA08EB85030A
:10E1C0000F21B3F80190B3F80360484602F060FBFA
:10E1D00004460028E7D000F1C0095EB1204602F0F5
:10E1E00089F807F0E9FF636943B918485A460121E5
:10E1F0000AF01AFD204602F011FADAE7A1691A685E
:10E2000062618B4208BFA261C3F800A0226A9AB97A
:10E21000C4E90733BFF35B8F59E8003F013B49E88E
:10E220000032002AF8D1BFF35B8F00212046013E67
:10E2300002F06CF8B6B2D0E713602362EAE700257B
:10E24000DFF810B0AA46B5E7BEC7020094B10200DD
:10E25000E8C7020004C8020073B5C568B5F80160DC
:10E260000121304602F014FB044640B93D4A3E48C5
:10E270003346012102B0BDE870400AF0D7BC2B78CC
:10E280001A2B00F1040619D1C378012B4ED14FF49B
:10E29000804130460AF0CCFC42040FD4D4F88830D8
:10E2A00000936946D4F890300193204603F0C0F9FA
:10E2B000204602B0BDE8704002F0B0B92B78ABBB8D
:10E2C000B5F80320A4F8862093B2B5F80520A4F889
:10E2D0008C20B5F80720A4F88E209A1F92B240F641
:10E2E0007A418A4204D9214A1F4802210AF09EFC41
:10E2F000B4F88C30B3F5FA7F04D31D4A1A480221D2
:10E300000AF094FCB4F88E30A3F10A0292B240F6FF
:10E3100076418A4204D9174A134802210AF086FC42
:10E320006FF4805130460AF09CFC17E0BFF35B8F1E
:10E330006368BFF35B8FDB04F2D52B78202BEFD122
:10E3400094F89430002BEBD0013B84F894304FF4D8
:10E350002032002304F1400008F04CF9204602F07E
:10E3600053FCA5E75AC5020094B102001BC8020085
:10E3700043C802006AC8020008B501F027FDBFF3D8
:10E380005B8F084B1A68BFF35B8F02F00902BFF383
:10E390005B8F53E8001F43E800200028F9D1BFF34A
:10E3A0005B8F08BDE40C002010B5C1E900239DF887
:10E3B00008300B720C46FFF7B5F9034B0C2202FB39
:10E3C00000335C6010BD00BFD03900202DE9F0475C
:10E3D0004FF0FF3206464FF0FF33184888460AF0E8
:10E3E0007DFA044638B300F10C07012138460AF0E3
:10E3F000CAFA012323762046FFF794F9104D4FF017
:10E400000C0909FB00504FF0000A46802046FFF738
:10E4100089F909FB0050C0F808A02046FFF782F9EF
:10E4200009FB005503213846C5F804A00AF0B6FAE6
:10E43000068080F802802046BDE8F087A410002006
:10E44000D039002070B50C4D06460FCD90B001AC10
:10E450000FC40FCD0FC40FCD0FC495E807000E2ECB
:10E4600084E807009BBF10AB03EB8606034856F811
:10E470003C0C10B070BD00BF7CB2020096C8020018
:10E48000034B0146D3F86C0182689268104700BFC5
:10E49000100C00202DE9F843044600F10C0630462C
:10E4A0000AF0BBFAB4F81080B8F1010F05460AD89B
:10E4B0001A4A1B48434601210AF0B8FB2046BDE832
:10E4C000F843FFF7CFB9304602210AF08EFA07462B
:10E4D00000780AF097FB10F0010906460DD1114AA9
:10E4E0001149124840F6EE7309F08DFC89F311884A
:10E4F000BFF36F8F0323184602DF05230C4A3878D9
:10E5000021460AF0BAFBB307D8D56369A4F8108096
:10E5100013FA85F5E560BDE8F88300BF82C6020006
:10E5200094B102009EC602009EC8020000C702000D
:10E53000C4B8020038B50C4608F080FA237E022BDE
:10E5400005D0082B14D12046FFF7D6FB0BE0E3687B
:10E5500018780AF057FBC207054602D52046FFF798
:10E5600099FFAB07EFD4002408F07CFA204638BDB1
:10E57000054A064801210AF059FB2046FFF772F9C7
:10E580006FF01504F0E700BFB7C8020094B10200B5
:10E590002DE9F84F3E4C3F483F4D00AF04210AF0B3
:10E5A00047FB01F013FCE2793C4B2046012A88BF6F
:10E5B0001D466E46FFF7B6F98AB06A46384BD06101
:10E5C000C2E90535374B1362374B42F8103F3748E5
:10E5D000DFF8DC80DFF8D4904FF423510AF03EFBE3
:10E5E000B546344EA3460125E3799D420BF1070B56
:10E5F00038DB94F870502846FFF724FF6E468CB045
:10E60000B4F87210B4F876306A46DFF8ACC05362E2
:10E61000C2E90751294B4FF40075C2E905C01585C1
:10E620004FF4535142F8103F20480AF017FBB5460B
:10E6300094F871603046FFF705FF8AB0B4F8743083
:10E640006A461F499584C2E907631E4BC2E905105B
:10E6500042F8103F15484FF433510AF0FFFABD4617
:10E66000BDE8F88F5846FFF75DF9EA468AB06A467A
:10E6700040F20133C2E90565D06113844FF41351B0
:10E6800042F8108F48460AF0E9FA0135D546ABE763
:10E69000100C0020E40C00207FBE0200CBC802005A
:10E6A000CFC80200000201030400000294B102007E
:10E6B00004000001DEC80200EFC8020006000001ED
:10E6C0002DC90200050000010048704754C902002E
:10E6D000014807F021BF00BFB40D002038B5054642
:10E6E0000C4619B9FFF772FE0446D8B140F635431F
:10E6F0009D420FD12046FFF7C3FE054640B10346B9
:10E700000A4A0B4801210AF091FA2046FFF7AAF8BD
:10E71000284638BD074821460BF0F8FF0025FFF7D3
:10E72000D7FFF5E76FF06805F2E700BF59C90200AF
:10E7300094B10200640D002073B5C368D9789A784B
:10E740001E8842EA0122ADF8002059791A7942EA7E
:10E750000122ADF80220D9799A7942EA0122ADF876
:10E7600004201A7A5B7AB4B242EA032301212046DC
:10E77000ADF8063002F08CF8054658B91C481D4A21
:10E78000012123460AF052FA022120460AF0ABFA90
:10E7900002B070BD694602F081FA38B91E212046E8
:10E7A0000AF0A1FA284601F039FFF1E70E2142F202
:10E7B0002000FFF70BFE04460028F3D00E210C309A
:10E7C0000AF0ECF800230680C0F80A30BDF80030EB
:10E7D0004380BDF802308380BDF80430C380BDF8AB
:10E7E00006300381214642F22000FFF777FFD9E788
:10E7F00094B102005AC5020038B502460B462B4DB3
:10E80000D5F8541109B9002038BD05F5987007F006
:10E8100007FD0028F7D10022002305F5AA7007F0B4
:10E8200099FC044668B9224A2249234840F6DD3360
:10E8300009F0E9FA84F31188BFF36F8F03231846B8
:10E8400002DFD5F848315BB11C4A1D4801210AF0AE
:10E85000EBF9D5F84801FFF705F80023C5F8483172
:10E8600020460AF06AF8C5F848012046FFF708FE7E
:10E870000346C8B1134A124801210AF0D7F91248D9
:10E8800007F09AFC2046FEF74DFF104B0C2202FBCE
:10E890000033588818B122461F21FFF7BFFB2046DE
:10E8A000FEF7E0FFFFF714FF0120ADE7100C00209A
:10E8B0009EC60200B7C4020000C702007BC9020066
:10E8C00094B1020059C90200400D0020D039002047
:10E8D0002DE9F04F87B0054600AF16460C4631B91A
:10E8E000FFF774FD044648B96FF0680092E0887A3B
:10E8F000FEF710FF534B834240F09E80012200211F
:10E9000038460BF01CFF2046FEF70CFFDFF838A15D
:10E910000C2303FB00A0876020460AF00EF8014696
:10E920004A480BF0F3FEFFF7D3FE0CF0A1FA484B78
:10E930001A58484B9A4220D1DFF81CB143480BF0DB
:10E94000FAFE002181464FF4A020FFF755FF8046D4
:10E9500088B9424A42484FF4D873594609F053FAED
:10E960004048294609F04FFA88F31188BFF36F8FAA
:10E970000323184602DF4C45E0D14FF4A0220023C8
:10E98000384607F04DFC804698B14FF4DB73334AAC
:10E990003549334809F037FA34484246294609F0E8
:10E9A00032FA002383F31188BFF36F8F03231846D5
:10E9B00002DF2046FEF7B6FE0C2358431AF800800B
:10E9C000B8F1000F30D06E468AB06A46284BC2F8C4
:10E9D0001C80C2E90535274B136240F20243938441
:10E9E000254B42F8103F25484FF432510AF036F9D2
:10E9F0002046B546A8F10908FEF734FFB8F1090F23
:10EA00000FD8DFE808F01C0E0E0B050E0E0E0E19C7
:10EA10006FF00B001C37BD46BDE8F08F6FF00C00A7
:10EA2000F8E76FF00400F5E716B134600020F1E775
:10EA30002046FEF717FFF9E76FF01500EAE76FF0E1
:10EA40006E00E7E7A4100020D0390020640D0020FC
:10EA500008000000D037002096C902009EC60200C0
:10EA600000C702009EC90200BEC90200C7C9020059
:10EA70000CCA02007FBE02000500000194B1020032
:10EA8000F0B5002283B0114600AF40F60340FFF717
:10EA90001FFF044600285BD1FFF76EFC21463A1D9C
:10EAA00041F20300FFF714FF0446002850D17A68B2
:10EAB000A84DD168D1F80100D1F8051005F178030F
:10EAC00003C31046FEF7CEFE21463A1D41F2010077
:10EAD000FFF7FEFE044600283AD17868C3685A78EA
:10EAE00085F870205A88A5F872201A7985F8712067
:10EAF000B3F80720A5F87420B3F80530A5F87630F0
:10EB0000FEF7B0FE21463A1D41F20200FFF7E0FE9B
:10EB10000446E8B9D7F804C0DCF80C2005F18006FB
:10EB2000531C413218685968344603C40833934271
:10EB30002646F7D16046FEF795FE95F87C305806DC
:10EB40000AD4854A854801210AF06EF86FF0120454
:10EB500020460C37BD46F0BD3A1D002142F20300AD
:10EB6000FFF7B6FE04460028F2D17B687C4EDA68D7
:10EB7000D2F80100D2F8051003C61846FEF772FE5F
:10EB800021463A1D42F20200FFF7A2FE0446002889
:10EB9000DED17C68E368B3F8012091B249B1D9783D
:10EBA00039B1A5F80421DA78114606F128000BF0F6
:10EBB000C6FD2046FEF756FE95F87C601F2316F032
:10EBC0002006A5F8203117D1022140F66D40FFF74D
:10EBD000FDFB044600287BD002210C3009F0DEFE4C
:10EBE0000123037046702146324640F66D40FFF720
:10EBF0006FFE04460028ABD195F89C30190712D55A
:10EC00003A1D002142F21C00FFF762FE0446002874
:10EC10009ED17868C368D3F80120D3F80530C5E9E0
:10EC20003823FEF71FFE082142F20100FFF7CEFB5A
:10EC3000044600284CD008210C3009F0AFFE95F8AE
:10EC4000D83095F8D92013F0020F14BF2F230F23CB
:10EC500012F0090F18BF43F40063002203701B0A6F
:10EC600043708270C270027142718271C27121461A
:10EC700042F20100FFF72CFE044600287FF468AF43
:10EC800095F87C30B5F804119A0624D4C9B93A1D18
:10EC900041F20500FFF71CFE044600287FF458AF40
:10ECA000B5F804317C684BB9E368B3F80120A5F8E6
:10ECB00004219A882B4811460BF041FD2046FEF7AF
:10ECC000D1FD082140F60140FFF780FB044660B902
:10ECD0006FF068043CE70029F3D1234A1F48012163
:10ECE00009F0A2FF6FF0040432E708210C3009F0AC
:10ECF00055FE102303708823002243700226202330
:10ED00008270C670027142718271C371214640F6F1
:10ED10000140FFF7DDFD044600287FF419AF0146EE
:10ED20003A1D4FF60140FFF7D3FD08B30F4A0B48D9
:10ED3000022109F079FF00F047FE044600287FF425
:10ED400007AF02F0F3F9044600287FF401AFFFF7A4
:10ED50001FFCFDE6100C00202BCA020094B102003B
:10ED6000E80C0020180D00204FCA020072CA0200F1
:10ED70007B68DC68B4F80130032B96BF434A4449F2
:10ED800052F823106E468AB06A464248D3614FF467
:10ED900000731384404BC2E9050142F8103F3F481D
:10EDA0004FF4135109F05AFFB4F80120B4F80330BE
:10EDB000022AB54649D1052B47D8394A52F82310C3
:10EDC0006E468AB06A463748D3614FF400731384A5
:10EDD000314BC2E9050142F8103F4FF413512F485F
:10EDE00009F03CFF637994F806C0D4F80900032BBE
:10EDF000B54698BF2C4AB4F8076094BF52F8231068
:10EE000023496C468CB06A46DFF8A0E0C2E9073CB3
:10EE10004FF400739385264BC2E905E1C2E909600E
:10EE20004FF4735142F8103F1C4809F017FFA546F4
:10EE30007868FEF717FD3A1D00214FF60240FFF7F4
:10EE400047FD044618B11B4A71E71149B8E77868D5
:10EE5000C368B3F80130A5F8C130FEF703FD95F89B
:10EE6000C1305B077FF567AF3A1D21464FF603407F
:10EE7000FFF72EFD08B1104A59E77868C3685B7840
:10EE800085F8C030FEF7EEFC55E700BFB4B80200CD
:10EE900096C8020096CA02000400000194B1020064
:10EEA0009CB80200AFCA02008CB80200C7CA0200B8
:10EEB00007000001F4CA02001DCB020010B5FFF7E5
:10EEC000DFFD034B1B6813B1BDE81040184710BDB0
:10EED000E839002073B52A4D0646D5F86C010BF0D1
:10EEE00085FA48B9274A2848012109F09DFE6FF0AC
:10EEF0001204204602B070BD6FF0020105F1D4008B
:10EF000009F0AFFE012109F093FE10EA010434D1AB
:10EF10001E4B1E600A4605F598700BF010FC05F5B7
:10EF2000AA700BF0E7FB1A480BF0E2FC19491848ED
:10EF300000946FF007034FF4806207F0F3FA16496C
:10EF400013480BF002FDD5F86C01144983681B6867
:10EF50009847044630B10346114A0B48012109F095
:10EF600065FEC6E726B902B0BDE87040FFF788BD70
:10EF700005F1C40007F0D0FABBE76FF07704B8E7FB
:10EF8000100C002046CB020094B10200E8390020AA
:10EF900028270020804200205ECB020035E50100DA
:10EFA00067CB0200F7B5144B93F99B30002B054655
:10EFB0000C461DDA14B9204603B0F0BD082C01AA96
:10EFC0004FF0000142F21800264628BF0826FFF73E
:10EFD0007FFC0028F0D1019FF968324601312846B4
:10EFE0000BF0B4FE3846FEF73DFC3544A41BE1E7C8
:10EFF0006FF08500E0E700BF100C0020F0B587B08F
:10F0000006460DF10B01002000F01AFC0446002812
:10F010003BD1192142F20D00FFF7D8F90746B8B3EA
:10F0200019210C3009F0BAFC2146054619220BF0D3
:10F030009BFE9DF80B30184A2B7306F17001681D7A
:10F0400009F005FE93892B80D3896B80B6F8883050
:10F05000A5F80D30B6F88A30A5F80F30B6F88C3028
:10F06000A5F81130B6F88E30A5F8133001230093BF
:10F07000D432072303A93846FFF796F922463946CA
:10F0800042F20D00FFF724FC0446204607B0F0BD15
:10F090006FF06804F9E700BF100C0020F8B53C28B9
:10F0A00000AF04461AD100F0F5FC6FF0800110307B
:10F0B00009F0D7FD0020FEF73DFE054630B9334A82
:10F0C0003348012109F0B0FDBD46F8BD447200216E
:10F0D00001F0CEFA284601F0A1FAF5E702283FD167
:10F0E00000210246084601F0C9FE054680B9294ABA
:10F0F0002748012109F098FD032009F024FF034669
:10F100000028E1D0244A2248022109F08FFDDBE7E4
:10F11000BFF35B8F4368BFF35B8FDB0706D503212B
:10F1200001F0A6FA284601F079FAE5E740300BF045
:10F13000F1FB10F00C0608D11548184A214609F0D9
:10F1400073FD6C7231462846EAE72846FFF756FF02
:10F150000028E7D0124A0E48012109F065FDE1E7D9
:10F160006D468AB06A460F4BC2E905300E4BD3613B
:10F1700040F2013313840D4B42F8103F04484FF422
:10F18000125109F06BFDAD469EE700BF83CB020034
:10F1900094B10200A4CB020034C50200C2CB02002D
:10F1A000E8CB020004CC02007FBE02000400000194
:10F1B00030B5002187B042F20E00FFF707F9044690
:10F1C00070B10025084A009503A90723FFF7ECF862
:10F1D0002A46214642F20E00FFF77AFB07B030BD07
:10F1E0006FF06800FAE700BFE40C00202DE9F0475B
:10F1F00084B0774AB0F80190118849F4704399427D
:10F2000000AF054600F0AE805188994240F0AC80D6
:10F210000123002122F813106E4A12F80380EB78C4
:10F22000012B08BF6C4B05F1040630460CBF93F868
:10F230006F40002409F086FC3146002800F09780DA
:10F2400007F1080009F073FCD5F81130C7F8013058
:10F25000B5F81530A7F8053001233B70E878002891
:10F2600040F09280022207F1080101F007FEEB78DE
:10F27000012B04460AD100F00DFC6FF0800182469C
:10F28000103009F0EEFC504609F054FEEB7823B93B
:10F2900052486FF0800109F0E4FC002C76D0204643
:10F2A000B5F8013020F8703B07F1080109F0CFFCF8
:10F2B000B5F81730A4F88630B5F81930A4F88C30BA
:10F2C000B5F81B30A4F88E30EB78E3700022012BE8
:10F2D000627217D1394604F1770009F0B8FC00F0EA
:10F2E000D9FB217A3C4AC1EBC101114404F17E00F3
:10F2F00009F0ADFCD2E9381303F03F03194301D004
:10F3000000F0CCFBE3786BB9394604F17E0009F0DC
:10F310009EFC217A304BC1EBC101194404F1770006
:10F3200009F095FC0721204601F0A2F9B8F1000F81
:10F3300005D084F809800121204601F099F9204682
:10F3400001F030FB204601F069F9E378BBBB0320F4
:10F3500009F0F9FD034690B3214A2248022109F041
:10F3600065FC2CE0002354E74FF0000857E72046E7
:10F3700009F063FD014607F1080009F068FC314619
:10F38000384609F064FC69E701281CD03046FEF7D6
:10F39000C9FA6C4688B06A46134BC2E905304FF48F
:10F3A00000739383114B0F4842F8103F4FF4E25122
:10F3B00009F054FC1321A546484609F0B1FC10376A
:10F3C000BD46BDE8F08707F10800FEF7B3FC4EE745
:10F3D000B43D00208F3E0020100C0020E40C0020E3
:10F3E00034C5020094B1020020CC020003000001E9
:10F3F00000B5C168087889B020B109B05DF804EBA8
:10F40000FFF74CBEB1F80130ADF80130CB788DF884
:10F4100000008DF80330B1F80B30ADF81730B1F8BB
:10F420000D30ADF81930B1F80F30ADF81B304B7C12
:10F430008DF81D30043101A809F009FC084B68461D
:10F440001A689B88CDF80B20ADF80F30CDF811204D
:10F45000ADF81530FFF7CAFE09B05DF804FB00BF38
:10F4600062C4020038B5042104460C3009F0BDFA2C
:10F47000034640885D7818B119782246FEF7CEFD24
:10F4800035B1044806F098FEBDE83840FFF720B9D2
:10F4900038BD00BF400D0020B0B50321044600AFC9
:10F4A0000C3009F0A2FAE3680578B0F80100197889
:10F4B00040F63543984215D16C468AB06A460F4BE8
:10F4C0000F48C2E905310F4BD36140F20133138479
:10F4D0000D4B42F8103F4FF4125109F0BFFBA54607
:10F4E000BD46B0BD10B12246FEF798FD002DF7D005
:10F4F000064806F061FEFFF7EBF8F1E73CCC0200AE
:10F5000094B102007FBE020004000001400D002003
:10F51000F8B50A4DEF7906460024E3B29F4202D8BF
:10F520006FF0010007E02946304609F06CFC073512
:10F53000631C08B12046F8BD1C46EEE7100C002005
:10F5400070B5194E0622314605460BF015FC30B356
:10F55000062142F20500FEF739FF044608B30622F1
:10F5600029460C3009F020FA2146002242F205001B
:10F57000FFF7AEF9044648B110F10D0F04D10B4A64
:10F580000B48022109F047FC204670BD33462A682B
:10F5900043F86929AA88B280012283F868200024F0
:10F5A000F2E76FF06804EFE7790C00207BCD0200F2
:10F5B0009CB1020037B504460D4689B1184928466A
:10F5C00009F021FC60B9174A2968C4EBC404A318E8
:10F5D0001151AA889A80AA799A71002003B030BD8F
:10F5E000684609F074FA0028F8D16846FFF790FFE2
:10F5F0000028F5DA0B4A00989DF80610C4EBC40405
:10F60000A3181051BDF8040098809971002DE4D022
:10F6100012592A609A88AA809B79AB71DDE700BFF6
:10F6200055C40200100C002070B50446B1B9C0B139
:10F630001F4909F0E8FBA0B92046FFF769FF002841
:10F640002FDA2378012B04D1A37903F0C003C02B58
:10F6500007D0184A1848012109F0DDFB6FF01500AA
:10F6600070BD164DEB79012B1ED005F1D40009F0C9
:10F67000D4FBC30707D4002CF0D00D49204609F075
:10F68000C2FB0028EAD1EE792146731C3046EB71AB
:10F69000FFF790FF08B93046E2E7EB79013BEB71E9
:10F6A000DEE76FF07700DBE76FF00B00D8E700BF15
:10F6B00055C402008ACD02009CB10200100C00204B
:10F6C0002DE9F341044640B91A4A1B48022109F0CA
:10F6D000A2FB002002B0BDE8F08101AA002141F2A6
:10F6E0000900FFF7F5F8054608B1144AEDE7019E59
:10F6F0001349D6F80C8008F10107062238460BF0B2
:10F700003BFB28B10F49062238460BF035FB18B9F0
:10F710003046FEF7A7F8DCE7D8F80130C4F801302E
:10F72000BB88A4F8053030462570FEF79BF8012011
:10F73000D0E700BFB8CD02009CB10200D1CD0200DD
:10F7400062C402005CC4020007B56846FFF7B8FF58
:10F75000044BD87118B169460020FFF72BFF03B0A6
:10F760005DF804FB100C0020F0B5304DEC7989B049
:10F77000002C53D195F8C26016F0010610D12C4A26
:10F780002C48022109F047FBEC71162600240127C2
:10F79000EB79E0B298422CD3002B3FD000203BE025
:10F7A0006A4621464FF60940FFF792F808B1224A0F
:10F7B000E6E7DDF800C0DCF80C104B7823B96046B2
:10F7C000FEF750F81D4ADBE78B1C02AA01F1120478
:10F7D00018685968174603C70833A3423A46F7D159
:10F7E000186838609B88BB806046FEF73BF834465B
:10F7F000CAE708AB06FB0033694653F8182C33F808
:10F80000143CCDF80120ADF805308DF80070FFF7FD
:10F81000D1FE01340028BBD009B0F0BD002108465C
:10F8200009B0BDE8F040FFF7FFBE00BF100C00209C
:10F83000EFCD02009CB102001BCE02003BCE0200C5
:10F8400038B50C4661B108480578012D04D1013066
:10F85000FFF776FE08B138BD002525700020FAE7D5
:10F860006FF01500F7E700BF100C002070B50646DA
:10F870000D46C1B109F0D7FA10B10024204670BD81
:10F8800009F0E8FA044658B1002EF7D109F0CBFA96
:10F890000028F3D0054A06482346022108F0FBFE63
:10F8A00001232B70E9E76FF01504E7E764CE02004F
:10F8B0009CB102002DE9F0410E4617461D46044654
:10F8C00050B14BB10A03037813D54C0709D53A4A16
:10F8D0003A48012109F09FFA6FF015042046BDE86F
:10F8E000F08109F0CDFA04460028F7D101232B70EE
:10F8F000F4E7F1072FD532480FB1B20608D4C3EBB5
:10F90000C302825C012A13D002B92A700024E5E701
:10F9100090F8D82051064BD5C3EBC302825C012A74
:10F9200006D002B92A702B7843F002032B70EDE762
:10F930004FF00108072111FB03810144204609F023
:10F9400081FA04460028C9D185F80080002FDDD057
:10F95000B206DBD5E7E716F0040213D01849C3EB73
:10F96000C3028F5C012F0AD1072212FB03731944D3
:10F9700009F068FA04460028B0D12F70E8E7002F9C
:10F98000E6D1FAE70F4809F048FA83060BD510468E
:10F9900000F034FA204609F073FA0446012028707A
:10F9A00000F02CFA9AE7204609F06AFA04469DE72F
:10F9B0006FF0850492E700BF9ACE02009CB102006E
:10F9C000100C0020E40C002038B5104DEB7913B179
:10F9D0000024204638BDFFF7B7FE044628B10C4A84
:10F9E0000C48012109F017FAF3E7EB79002BEFD16E
:10F9F000FFF7BAFE04460028F1D1681CFFF7A0FD0E
:10FA000004460028E5D0044AEAE700BF100C0020B5
:10FA1000B9CE02009CB10200D8CE020008B504495C
:10FA2000072209300BF0A8F9003818BF012008BDE3
:10FA300055C40200F8B5154B067883F86F6004468C
:10FA40000D46FFF7EBFF70B91149304601F062F93E
:10FA5000044610B96FF00B00F8BD052100F008FE58
:10FA60002C600020F8E704F109073946304601F020
:10FA7000A1F940B92078394601F04CF90446002834
:10FA8000E8D00621EAE76FF01500E5E7100C00204A
:10FA90004EC4020000487047280C002073B535485A
:10FAA000344C09F00DFA10F4804F38D0204609F09C
:10FAB00007FA030633D4204609F002FA46052ED58C
:10FAC00001A9A4F11000FFF7B5FF40BBA4F110009D
:10FAD000FFF7A4FF0246204609F0F2F9C0F3803197
:10FAE000204609F0EDF981F0010145054FEA410199
:10FAF000204848BF41F0010109F0E2F9800448BF05
:10FB000041F004011C480DF10303FFF7D3FE054645
:10FB100038B11A4A03460121194808F0BCFD02B069
:10FB200070BD1548012109F0E0F9019E28B9304661
:10FB300002B0BDE8704000F071BD2946304600F0CB
:10FB400097FD6FF480410B4809F0C0F90546304637
:10FB500000F064FD6B04E2D5BFF35B8F54E8003F17
:10FB600043F4804344E80032002AF7D1BFF35B8FAF
:10FB7000D5E700BF380C0020280C0020FBCE020087
:10FB800064B1020070B5054686B00E4642F20C0024
:10FB90000221FEF71BFC0446A0B102210C3008F044
:10FBA000FDFE0A4A4670057003A92046009505230C
:10FBB000FEF7FAFB0022214642F20C00FEF788FE17
:10FBC00006B070BD6FF06800FAE700BFE40C0020DB
:10FBD00008B50C4B0246400903EB800009F0ADF973
:10FBE00002F01F0340FA03F313F0010006D122B91B
:10FBF000054809F0A2F940F3C01008BD6FF0770086
:10FC0000FBE700BFEC390020E40C00200A4ABFF3F8
:10FC10005B8F430902EB830200F01F000123834046
:10FC2000DB4352E8000F184042E800010029F8D1F8
:10FC3000BFF35B8F704700BFEC39002030B587B051
:10FC40005C480022002306F0BDF9002840F09180B6
:10FC50005948594D09F071F910F0010344D02B1D9A
:10FC600093E8070006AB03E90700544809F065F97B
:10FC7000C0F34013504809F060F9014600286AD0EB
:10FC800073B10C224E490DEB02000BF075F8002801
:10FC90006AD000210846FFF775FF0446002864D1AA
:10FCA00000239DF80C00ADF80930BDF80E30ADF81A
:10FCB0000530BDF81030ADF80730431E8DF8040054
:10FCC00058420DF109015841FFF7D0FD04460028C4
:10FCD0004BD1072142F20B00FEF778FB05460028C6
:10FCE00049D16FF0680440E03448364A09F025F9FC
:10FCF00010F0800F0ED09089D1891269ADF80E00F6
:10FD00004FF48074ADF80C40ADF81010ADF812301F
:10FD10000592AAE72C4C2068616803AB03C3A06876
:10FD2000186092F8D930180748BF0523224848BF09
:10FD30008DF80D3009F001F9810706D53023ADF8B3
:10FD400010306023ADF80E308FE71B4809F0F5F84E
:10FD50004207F3D489E73BB1FFF714FF044620B90B
:10FD6000174B2861C3E901000024124806F0A2F9EC
:10FD7000204607B030BD072201A90C3008F014FE60
:10FD80002246294642F20B00FEF7A2FD0446002857
:10FD9000EBD19DF80D10012001F00101FFF7F2FEFB
:10FDA00004460028E1D106AA12E90700044B83E8C3
:10FDB0000700D9E7083A0020EC390020E40C0020C5
:10FDC000FC390020100C002048B7020010B5094C87
:10FDD0004422002120460AF0C7FF04F11C000AF06B
:10FDE000FEFB04F130000AF0FAFB034B00221A601C
:10FDF00010BD00BFEC390020383A0020044B597C7C
:10FE0000003801F0010118BF0120FFF7BBBE00BFA1
:10FE1000EC390020032838B5054603D1BDE8384049
:10FE2000FFF70CBFFFF7D4FE0446C8B9BFF35B8FE2
:10FE30000C4B6A0903EB820305F01F0101228A4083
:10FE400053E8000F104343E800010029F8D1BFF345
:10FE50005B8FFFF7F3FE044610B12846FFF7D6FE8E
:10FE6000204638BDEC3900202DE9F04F00F10C069A
:10FE70008BB00446304608F0C0FDDFF8F8A180469C
:10FE8000B8F1000F02D10BB0BDE8F08F7A4809F04D
:10FE900054F8C007F7D5238A082B07D8774A784843
:10FEA00001210BB0BDE8F04F08F0ECBB0921304652
:10FEB00008F09BFD037A228A01339A420546EDD36E
:10FEC0000123ADF824307F238DF81E30037A0344DC
:10FED00000F101095B7A8DF81D30FF238DF81C308D
:10FEE0000023ADF8223002788DF81F20042A9CBF31
:10FEF000644B9B5CADF82030037A5F48019309F0B6
:10FF00001CF8C1070DD5BDF820305A0709D5297A4C
:10FF10003046013108F1FF3808F05FFD5FFA88F8DC
:10FF2000AEE7484608F00EFE002848D0494604A82F
:10FF300008F0FDFDDAF80030A3B1304608F06DFDA1
:10FF4000019B278A9DF81F202382834633469DF913
:10FF50001D10DAF800C004A8E0476369278213FA8D
:10FF60008BF3E36004AB0693474B1B68002B3AD03E
:10FF70001A6802B1083A53F8081CB9B11746A3F140
:10FF800008023046039208F048FD238A039A029340
:10FF9000019B238212688346314606A89047626916
:10FFA000029B238212FA8BF2E2603A46DAB197683A
:10FFB0001368B7B1083F002BE3D13A46F7E76B78F7
:10FFC000FF2B09D1314B186804909A889B798DF8E2
:10FFD0001630ADF81420ADE7494608F02EFF034671
:10FFE000F1E7002BCDD1002323480693BDF8203044
:10FFF00008F0A3FF10F0010789D1DB0787D50322A2
:020000040002F8
:1000000004A9384600F03AFF834600283FF47FAF4A
:10001000022008F098FFD5F80130CBF87E30B9F80F
:100020000430ABF8823099F806308BF884305846AB
:1000300008F074FEA8B11F238BF8093039465846E2
:1000400000F016FB584600F0E9FAFFF7F7FD03460B
:1000500000283FF45CAF0E4A0948022108F01BFB60
:1000600055E75846022100F003FB584600F0D6FA47
:100070004DE700BF383A0020EC39002038CF0200AD
:10008000ACB1020051CF0200303A002055C402004A
:1000900034C50200024B0020186008F054BF00BFB6
:1000A000383A00200A4B196800F1080231B9816022
:1000B000596839B9C3E90022002070478A4204D048
:1000C0000968F3E70A605A60F6E76FF010007047BE
:1000D000303A002008B5034808F02FFF00F0010077
:1000E00008BD00BFEC39002070B50C4B1C680546FC
:1000F00044B154F8143C143C13B1697A284698472B
:100100006469F5E7064C074EB44200D370BD23681E
:1001100013B1697A284698471834F5E7803A0020E9
:100120004CB102004CB1020010B50446FDF7FAFADA
:10013000044901EB0011204608F045FDBDE81040E0
:10014000FEF7C6BA3C3A002070B5D1E9015600224C
:100150000446C1E9012206480AF0D8FA3DB1314609
:1001600020462B466FF06D02BDE87040184770BD09
:10017000DC0F002070B5002205460E46094800231A
:100180000021FDF7F1FA044658B1FDF7CBFA064B12
:10019000324603EB001329462046BDE8704008F0C4
:1001A000EDBC70BD781000203C3A002070B50546CB
:1001B0000F480022002306F033F8B8B90D4B1C6835
:1001C00034B154F80C3C143C03B198476469F7E728
:1001D000094C0A4EB44204D32846BDE8704006F0EC
:1001E0009BB9A36803B198471834F3E770BD00BF0B
:1001F000C40F0020803A00204CB102004CB1020034
:100200002DE9F843DFF85480044640270025EFF33A
:10021000118387F31288BFF36F8FE16929B983F3E4
:100220001188BFF36F8FBDE8F883206A0A68E26126
:10023000814208BF226283F31188BFF36F8FD1E937
:1002400001694046C1E901550AF060FA1EB1002279
:1002500049462046B047FEF73BFAD8E7DC0F0020BE
:1002600013B504460430BFF35B8F50E8003F43F4FE
:10027000806240E800210029F7D1BFF35B8F5B0566
:100280002DD408F079FEC10315D5164B93F8D9305B
:10029000DA0724D5022300211A460091204608F0EF
:1002A0007CFD0346D8B1104A1048012102B0BDE8D8
:1002B000104008F067BEE37823B10A4B93F8D830BA
:1002C0001B07E2D5204608F04EFD034620B1084A40
:1002D0000648012108F056FEA37A072BD5D002B0BC
:1002E00010BD00BF100C002077CF02007CB10200CF
:1002F00056CF02000448B0F80431002B00F584709A
:1003000008BF0020704700BF100C002030B5044625
:100310000AF0AEFD0D460C490C4A095891428BB0CB
:1003200005D120460BB0BDE83040FFF769BF24344B
:10033000214610460AF0B1FA1DB1694620460AF07E
:10034000BCFA0BB030BD00BF08000000D037002061
:1003500038B5002204468A4202D10024204638BD26
:1003600004F1C8030120BFF35B8F53E8005F002D49
:1003700004D143E8000CBCF1000FF6D1BFF35B8F52
:1003800002D0D0340244E6E7002CE6D0C822002197
:1003900020460AF0E9FC04F1400004490AF0AEFAF4
:1003A000034904F124000AF04DFAD7E701100200D6
:1003B000B78F0200F7B50D46012116460446FFF738
:1003C000A5FF0021284608F066FC012E1BD0022E56
:1003D00045D123693BB13648364A012108F052F92C
:1003E000204608F00CFE284608F0A7FA2061226992
:1003F000138A012B3AD8208808F04FFC01212846A7
:1004000008F049FC0CE0206940B92B4A28483146E5
:1004100008F038F9204608F0F2FD01E02F8A2FB9E4
:10042000284603B0BDE8F040FDF71CBA0C3008F0D8
:10043000F8FA87420CD9214A1D48314608F022F9C2
:1004400021690022204601F0C7F800232361E7E775
:1004500020692A8AE9680C3008F0A6FAC7E7184A2A
:1004600013483346012108F08DFDD3E7D268168882
:100470000436B6B2B342BED32846FDF7F3F921697C
:100480000B8A9E420BD20F4A09480096012108F0C0
:100490000CF9204603B0BDE8F04008F0B0BD0023E1
:1004A00001222046236103B0BDE8F04001F094B87A
:1004B0007CB102008ECF0200ABCF0200C9CF020098
:1004C000F0CF02000ED0020038B50122044600F140
:1004D000BC03BFF35B8F53E8005F43E800210029B2
:1004E000F9D1BFF35B8F7DB908F092FD06F0A6FA53
:1004F000094BC4F8B850D3F8281104F1B80239B93F
:10050000C3E9492206F0AEFABDE83840FEF7E0B88C
:100510000A60C3F82821F5E7100C002070B53C4BA9
:100520005A8B32B13B4DD5F8244134B900242046D2
:1005300070BD1B68002BF5D1F8E754F8B83903B14A
:10054000B83B3549002601E01C461346B5F80421A6
:10055000002A5AD0D5F810214AB904F1B806002B68
:10056000E4D0D3F8B820002AEED0B83AECE70A6815
:10057000002AF2D0D4F8A420002AEED0D4F8A82083
:10058000002AEAD0D4F8AC20002AE6D0A37A072BC0
:100590000DD12046904750B104F1C00008F0ECFCAA
:1005A000022804DC2046BDE8704008F031BDD4F8D4
:1005B000B83004F1B80206BBD5F82811C5F82431CB
:1005C0008A4201D1C5F828310022C4F8B82004F1CC
:1005D000BC03BFF35B8F53E8001F43E800200028F3
:1005E000F9D1BFF35B8F2046D4F8AC309847002890
:1005F0009DD02046FFF768FF99E73360D5F8283192
:100600009A4208BFC5F82861DEE79368FFDE00BFA5
:1006100078100020100C0020DC0F002037B5C83007
:1006200010F8C65C10F8C54CBFF35B8F50E8003F74
:100630005A1E40E800210029F8D1BFF35B8F01A8C2
:10064000019308F099FC01280BD1074805F0B4FD8F
:10065000064805F061FF012D03D1012C01D1FFF700
:100660001DFA03B030BD00BFC40F0020E40D002010
:10067000F8B5857A8D4200AF04460E461AD1082D92
:1006800096BF784B784B53F825306C4688B06A4655
:100690007649C2E905134FF400739383744B42F813
:1006A000103F744800234FF4E451FBF7A9FCA54622
:1006B000BD46F8BD8172DDB1022D1FD0A37A082B93
:1006C00000F2CD8001A252F823F000BF41070200E2
:1006D00005080200D1070200B1060200B1060200BF
:1006E000B1060200B10602000B070200B1060200CB
:1006F0008378082BE2D008F08BFCDFE78378012BAE
:10070000DCD140300AF008F9D8E7A378042BCFD029
:100710005948002106F092FD0023C4E90D33E37827
:10072000012BC5D1A378012B04BF032384F8943097
:100730004FF42032002304F1400005F05BFFB7E7DF
:10074000A378042B03D12046FFF768FFB0E7082DFC
:10075000AED801A353F825F0C30702007D070200BD
:10076000B5070200A1070200470702004707020081
:10077000B5070200C3070200C307020004F14005E9
:1007800028460AF0C9F801212046FFF7BFFD2046A0
:1007900008F035FC00220023284605F05FFF87E7BC
:1007A000022008F0D0FB034620B1344A3148022130
:1007B00008F0E8FB637A002BC5D02046FFF794FCD5
:1007C000C1E72F4A33462B48022108F0DBFB6FE7D5
:1007D000A378012B7FF46CAF2A4B9D8A002D3FF448
:1007E00067AF0A235D434FF4004640F2E730002133
:1007F0004FF47A720023C5FB0601F5F70BFE0246A3
:100800000B4698E7637A3E2B0FD16D4688B06A4657
:100810001D4BC2E90534032342F8103F154800235D
:100820004FF4C451FBF7ECFBAD46164D05F584764D
:10083000616911B9FDF74CFF3AE7A2690B68636182
:10084000914208BFA3612046FFF77EFCB5F8043152
:10085000002B14BF3046002005F0AEFCE8E70B4A41
:100860003346B0E754B9020029D0020033D0020069
:10087000030000017CB10200F40D002044D002000E
:1008800075D00200100C00208CD00200B3D0020002
:1008900070B5024605460E460A48022108F0D3FB11
:1008A000044610B90024204670BD83781E42FAD158
:1008B000054A06482B46022108F064FB2046FFF754
:1008C000ADFEEFE7C8270020CFD002007CB10200C8
:1008D0002DE9F047DFF834A006460F469046002584
:1008E0004FF0D00909FB05A008F092FB044620B1A7
:1008F00083781E4206D1FFF791FE0DB1BDE8F08767
:100900000125EFE74146B8472046F4E7C827002015
:10091000024900220120FFF7DBBF00BFBD8F0200AC
:10092000034BC01A034B00115843C0B2704700BFBD
:10093000C8270020C54EECC470B51C4614430546BC
:100940000E460BD00AF094FA104908581049884214
:1009500006D1104A1048022107F094FE00221346E7
:100960000E49002D14BF2846084607F0B7FF04467D
:1009700030B90B4A0848022107F084FE204670BDBA
:10098000711D0C3007F0FFFFF8E700BF0800000002
:10099000D0370020E6D002007CB10200F40F002026
:1009A0000FD1020010B50446054805F0B5FD2046FC
:1009B00000F042FC2046BDE81040FFF795BB00BFA9
:1009C000D40D00202DE9F04F87B000AF0025FD6069
:1009D0007D61FFF7A3FD0446F8B1837A072B26D08B
:1009E0006E4688B06A46814BC2E90530032342F85F
:1009F000103F7F482B464FF4C451FBF701FBB5462F
:100A00004FF0FF31D4F8A43007F110022046984788
:100A1000014630B92046FFF701FE1C37BD46BDE850
:100A2000F08F7B69FA68204608F0AEFAE8E7DFF855
:100A3000C481D0F8A430B8F8041107F11002984727
:100A400006460028E6D0B8F804213B699A4208D34C
:100A50000146D4F8A85007F1140307F10C02204610
:100A6000A8477B697B60338AD7E903BA002B00F083
:100A7000BA80304608F0BDF88146E8B16FF0040353
:100A80006D4688B06A465C49D461C2E90513042307
:100A900042F8103F564800234FF40151FBF7B0FADB
:100AA000314620467B69FA68AD4608F06DFA13219D
:100AB000204608F0EAFAADE7B8F804314F48002BB9
:100AC00008BF00200022002305F0AAFB10B16FF040
:100AD0000B03D5E74A480022002305F03BFB0546FF
:100AE0000028F4D07B68C0F804B08360B8F804B183
:100AF000338ADA4598BF1FFA8AFB5B4545D93046F1
:100B000007F01BFF5946FFF735FBB8F8042194F8AE
:100B1000C430924594BF02334FF0010984F8C49069
:100B2000834698BFDBB204F1C00ABFF35B8F5AE87B
:100B3000002F01324AE800210029F8D1BFF35B8F72
:100B400000222A60A2691ABBC4E90555A278012ACD
:100B500021D104210BF10C007B6007F036FF7B688C
:100B6000228803F0FD0342EA03330380BBF8103010
:100B7000043B438004238BF818305846FDF780FC73
:100B8000814650B9FDF7A4FD44E759463046BAE71F
:100B90001560A561DAE76FF01509BFF35B8F5AE8BE
:100BA000003F013B4AE80032002AF8D1BFF35B8FD7
:100BB000294604F1140008F007FA4B46114A0C4884
:100BC000012108F0DFF95846FCF74CFE2046294683
:100BD000FFF7BAFAB8F804310848002B08BF002024
:100BE00005F0EAFA4AE76FF0790349E738D10200E5
:100BF0007CB10200100C00204FD10200180D002023
:100C0000DC0F002059C90200F8B5031D0446184640
:100C100008F0B2F9820419D5B4F88620B4F8881027
:100C2000914213D8B4F88A1091420FD3D4E9231219
:100C300091420BD1BFF35B8F53E8001F21F40051A9
:100C400043E80012002AF7D1BFF35B8F104B1D68F9
:100C50006DB155F8046C143D3EB1B4F88E30B4F863
:100C60008C20B4F886102046B0476D69F0E7094D36
:100C7000094FBD4200D3F8BD2E693EB1B4F88E30A5
:100C8000B4F88C20B4F886102046B0471835F0E749
:100C9000803A00204CB102004CB102002DE9F04135
:100CA000074608460D4607F0F9FF064618B9002624
:100CB0003046BDE8F081144B1C6884B154F8083C00
:100CC000143C0BB96469F8E7294638469847002870
:100CD000EDD0284607F0E2FF0028F3D1E7E70B4C00
:100CE000DFF82C804445E3D2E3680BB91834F9E708
:100CF0002946384698470028D9D0284607F0CEFF25
:100D00000028F3D1D3E700BF803A00204CB10200A5
:100D10004CB1020038B505460C460E480221FFF7DB
:100D200017FBB0B1057223680367A388A0F874307D
:100D3000A37980F8763001238370074BC0F8A43084
:100D4000064BC0F8A830064BC0F8AC30054BC0F8D5
:100D5000883038BDC82700206D130200658F02005F
:100D6000598F0200180028002DE9F041104D064669
:100D70000F464FF00008284608F04AF9044620B113
:100D80008378012B0CD0FFF749FCD035B8F1000F68
:100D900003D000242046BDE8F0814FF00108EAE7C7
:100DA0003A46314608F0C9F90028F3D12046EAE76F
:100DB000C8270020B0B500AF0D46FFF7D5FF0446A9
:100DC00008B32846FCF7AEFDA37A082B96BF0F4A5E
:100DD0000F4B52F823306D468AB06A460D49C2E97E
:100DE00007030D4B53620D4BC2E9051442F8103F47
:100DF0000B4800234FF44251FBF702F92046AD4661
:100E0000FFF70CFC0120BD46B0BD00BF54B9020085
:100E100029D0020072D10200010302040500000281
:100E20007CB1020038B50446134808F0A5F8420723
:100E300002D46FF00A0038BD084607F02FFF10B942
:100E40006FF01500F7E7FFF745F90028F1D10A48E0
:100E500008F092F80306C0F3C0150AD408F027F88A
:100E60000028EDD021462846FFF7A4FF0028E2D055
:100E7000E6E76FF07700DEE7E40C00202DE9F047AD
:100E8000DFF850A005460E46904600274FF0D009E7
:100E900009FB07A008F0BCF8044620B18378012BB9
:100EA00006D0FFF7BBFB0FB100240FE00127EFE7EF
:100EB00036B13246294608F040F908B92046F0E735
:100EC000A37A4345FAD1237AAB42F7D12046BDE855
:100ED000F08700BFC82700202DE9F04105460E46E7
:100EE00090461F46002B49D01B6823B1264A27484D
:100EF000022107F0C7FB41462846FFF793FF04464F
:100F0000002836D12846414608F0EEF8054600286C
:100F100037D096E80F001E4C04F1080C8CE80F0047
:100F2000A38A002B08BF4FF49673A382238A03B9C8
:100F3000A3892382638A03B9E38963820221284655
:100F4000FFF796FB284607F0E9FE0446A0B1002112
:100F500069722846FFF78CFB2846FFF75FFB0320EA
:100F6000FEF758FF034620B10A4A0848022108F05C
:100F700009F82046BDE8F0813D60FAE76FF01504FE
:100F8000F7E76FF00B04F4E7ABD102007CB102008D
:100F9000100C002034C5020038B5044608460D4642
:100FA00007F07CFE38B3154B93F8D830990707D477
:100FB000E37873B129462046BDE8384000F038BBDD
:100FC00094F895309A07F3D5201D07F0D5FF430418
:100FD000EED42946204608F0D2F858B92B88A4F858
:100FE00088306B88A4F88A30AB88A4F89030EB88FE
:100FF000A4F8923038BD6FF01500FBE7100C00200C
:10100000F7B510F8363C0446A0F140060BBB30465D
:1010100008F067F93E4B1D684DB155F8103C143D82
:101020001BB114F8371C304698476D69F4E7394D09
:10103000394FBD4205D3304603B0BDE8F040FFF75D
:10104000EDBA6B681BB114F8371C30469847183559
:10105000EFE710F83E3C012B39D110F83D3C23B9A5
:1010600003B0BDE8F040FEF7A3B8A0F13C05BFF324
:101070005B8F55E8003F23F4005245E8002100292A
:10108000F7D1BFF35B8F990429D5A36C0093694610
:10109000236D01933046FFF77FFF0346C8B9BFF3C6
:1010A0005B8F55E8003F23F4805345E80032002A67
:1010B000F7D1BFF35B8FBFF35B8F55E8003F43F47D
:1010C000006345E80032002AF7D1BFF35B8F03B01D
:1010D000F0BD124A1248022107F054FFEBE7114A13
:1010E0004FF4281369463046CDE90023FFF754FF3B
:1010F000034650B9BFF35B8F55E8003F43F480537C
:1011000045E80032002AD4D0F6E7074AE2E700BFFC
:10111000803A00204CB102004CB10200E0D1020044
:101120007CB102001800280005D2020038B51F4823
:1011300009F0E0FA1E491D4809F0E8FA1D491B486C
:1011400009F0E4FA1C49194809F0E0FA08F0BDFC7E
:1011500008F097FE054608BB08F028F9174807F085
:1011600057FF044638B1043007F006FFC20717D412
:101170002046FFF753FA124807F04AFF044668B1C9
:10118000043007F0F9FEC30705D5002323720321BD
:101190002046FFF76DFA2046FFF740FA284638BD93
:1011A000257203212046FFF763FAE1E7DC0F0020F8
:1011B0005C3A0020683A0020743A0020C8270020DA
:1011C0009828002008B50346034A0448012107F087
:1011D00062FA002008BD00BFB8D20200A4B102002C
:1011E00080B500AF88B06A46074BC2E905300323DB
:1011F00042F8103F054800234FF4C251FAF700FFB0
:101200006FF00B00BD4680BDE0D20200A4B1020029
:10121000074B1A6822B15A6D0AB1FFF7E1BF0122EC
:10122000542000FB0233034A5A6000200B607047D1
:10123000883A002098B90200F7B5274D274F044699
:101240000026BD4201D303B0F0BD6B6801A9204662
:10125000984700283BDB019B2A889A829A8403F1F5
:101260001002A868BFF35B8F52E8001F42E8006CD1
:10127000BCF1000FF8D1BFF35B8FC3E913669E6426
:101280009E60A16B03F1080219BBC4E90D221C602A
:10129000D86003F1300009F02DFA019843681B680B
:1012A00003B19847019BBFF35B8F103353E8001FD6
:1012B00041F0010143E80012002AF7D1BFF35B8F30
:1012C00001984368DB6913B100F1100198470C35B0
:1012D000B7E70A60A263DAE728B102004CB1020066
:1012E00030B5044652EA030008D009F0C1FD064DAE
:1012F0002D580648854204BF00221346204604317B
:10130000BDE83040FFF718BB08000000D0370020D0
:1013100073B5054618462B680BB39B7A072B1ED175
:10132000002A0E7A14BF022301239E4209DD0D4AD2
:101330000D480096012107F0B8F96FF0150002B0D2
:1013400070BDCB7A072BF8D9C8618A6105F13000EE
:1013500009F0DCF9284607F03CFF0020EFE76FF0CA
:101360007F00ECE707D30200A4B102002DE9F047AB
:10137000D0F8B04000AF0E4691464CB1483C236BCC
:101380006BB104F1300A504609F0D5F9054658B959
:10139000FDF79EF900252846BD46BDE8F0872046AA
:1013A00007F037FFA46CE8E707F023FC80B16C4638
:1013B00088B06A46294BC2E90535032342F8103F3D
:1013C000274800234FF4C251FAF71AFEA546E1E779
:1013D000236DB3B9A38CB5F81080403B9BB23F2B73
:1013E00003D8238D984528BF9846042105F10C00A9
:1013F00007F0EBFAA0F80080A38C438008F1040307
:101400002365236D2A8AB3420ED8934215D0A38C4C
:10141000403B9BB23F2B1ED9204607F0FAFE236BC0
:1014200013B1204607F0D5FE236DC9F800309E4267
:1014300034BF9E1B00262665ADE7002200235046E0
:1014400004F088FEA38CA3F140023F2AE4D8054AA9
:10145000AA61EB61E0E700221346F9E727D3020017
:10146000A4B102005D930200F0B50D4685B00646BA
:10147000042105F10C0007F0B8FA2B8A42889A4241
:10148000044607D0444800920121444A07F00DF970
:1014900005B0F0BD417839B9414A01213E4805B057
:1014A000BDE8F04007F0EEB80378122B1FD0132BE5
:1014B00019D0012BECD03B4A3748022107F0EBF85A
:1014C000617835680222012007F023FF04460028D6
:1014D000DED002210C3007F061FA00230370437064
:1014E0002146284621E0012AD2D82F4AD5E7072AEB
:1014F0003468EB6801D82D4ACFE7A27A072A02D0D8
:101500002B4A0221CAE7E778A7B10222012007F09F
:1015100000FF05460028BBD002210C3007F03EFA40
:101520000023037043702946204605B0BDE8F04013
:1015300007F021BF1A88ADF808205A88ADF80A20B4
:101540009A88ADF80C20DB88ADF80E30022213200B
:1015500007F0DFFE054600289AD002A92046FFF7D3
:101560009DFB0221064605F10C0007F017FA56B163
:10157000077047702946204607F0FDFE02A9204665
:1015800007F0FDFD84E701230370467029462046DD
:1015900007F0F1FE7CE700BFA4B102003FD30200D8
:1015A00060D30200CED3020081D302009DD302009B
:1015B000C0D3020008B50B8A032B06D8044A05489D
:1015C000012107F05FF8002008BDFFF74DFFFAE7A3
:1015D000F6D30200A4B1020038B50B8A032B0546EE
:1015E0000C4609D80F4A1048012107F04BF8204655
:1015F000BDE83840FCF736B9042104F10C0007F0CF
:10160000F4F94188284607F0C7FE30B9074A064872
:101610000B46022107F03FF8E9E7436821465B6982
:101620009847E4E714D40200A4B1020031D40200C8
:1016300070B5124B0C4619780131C9B2012938BF77
:101640000121054608221220197007F062FE0646A5
:1016500088B108210C3007F0A1F922880280628845
:101660004280A2888280E288C28031462846BDE856
:10167000704007F080BE6FF00B0070BD913E0020FF
:1016800023281FD81A2804D8431E182B0ED9062049
:101690007047A0F11B03082B1ED8DFE803F0051DDF
:1016A0001B231D19251D0500032070470F4A012328
:1016B00083401A40C2B90E4A1A40002A14BF0120C2
:1016C0000620704700F07F03522B05D100207047A1
:1016D000012070470520704710F0400F0CBF062016
:1016E000002070470420704702207047AAAA8A028F
:1016F00054554501011F014808F027BF4C0F002039
:1017000010B500F154030446BFF35B8F53E8001F8C
:1017100041F0010143E80012002AF7D1BFF35B8FCB
:10172000201F07F002FF04F17400044909F0E6F8F5
:101730002068BDE8104001F013BE00BF2127020061
:101740002DE9FF4105460E464FF000084FF42053A7
:10175000006817688DF8088002A91446ADF80A30B1
:1017600007F067F9A0B142F6010328688DF80C80F4
:1017700003A9ADF80E3007F05CF948B123691BB13D
:101780005A88B24200D25E80012004B0BDE8F081E8
:101790006168286807F04DF910B100232361F3E771
:1017A000E368A0681A786AB1B7F81AC0798D038A1D
:1017B0008C4594BFC3EB0C03C3EB0103934201DAE6
:1017C0000020E2E704210C3007F0E8F820610680F1
:1017D00023695E80074B00930194A2680023294689
:1017E000384607F0E5FE0028EADB2069003818BF1C
:1017F0000120CAE7919502002DE9F04182B000AFC7
:10180000044688463E4800220023394604F0ACFBDB
:101810000546B0B16D4688B06A463A4BC2E9053418
:10182000032342F8103F384800234FF4C251FAF71F
:10183000E7FBAD466FF00B0630460837BD46BDE806
:10184000F08109F015FB314B3E681A58304B2946A0
:101850001A60301D282209F087FA34603C682D4850
:101860007D60C4E90155C4E9095500220023391DF2
:1018700004F07AFB064688B123686C4688B06A4655
:101880002549C2E90513032342F8103F1E482B46A1
:101890004FF4C451FAF7B4FBA546CBE77B68014689
:1018A000B022184609F060FA1C4A8260603008F0E5
:1018B00021FF7B68BFF35B8F583353E8002F43E869
:1018C00000610029F9D1BFF35B8F7B681C60636AFC
:1018D0007D681BB904F10C0008F00CFF626AC5F8C2
:1018E000A820A26A05F1A803636202B9A3627B681B
:1018F00017225A855A830433C8F800309CE700BF8A
:10190000300F00206DD402006CB10200080000000E
:10191000783B00204C0F002092D40200040E0020DF
:101920002DE9F743176805468846006851687E68C8
:10193000144607F07EF88146002842D130469522B1
:10194000294608F056FA0646207540B1E3681B7830
:101950000BB184F81490002003B0BDE8F083A068B8
:1019600006F0EFFF02210C3007F018F8164B20614B
:10197000A0F8008000930194A268334629463846B7
:1019800007F016FE002807DA10F1FF0F26BF4042CD
:10199000C0B20E202075DEE72369002BDBD0A068E3
:1019A00007F00FFD7B8B7A8D9A4294BFC0EB02004B
:1019B000C0EB0300E3681B78984294BF002001202D
:1019C000CAE70120C8E700BFD393020073B50D46F4
:1019D000438D418B8B4202F1010228BF0B469A4294
:1019E000064609D91F48009202211F4A06F05DFEF3
:1019F0000024204602B070BD2846FFF741FE0228B1
:101A000010D004280ED009F033FA184B1958184B8F
:101A1000994217D0174B1B685A1A18BF4FF0FF3264
:101A2000134602E04FF47022002313480021FFF711
:101A300057FC044640B9114A0A482B46012106F0DA
:101A40002AFED5E70022EBE7FBF76CFE0C4B1822D1
:101A500002FB0033012104F10C009E6006F09EFFA2
:101A60000570C6E76CB10200B7D4020008000000A0
:101A7000D0370020783B002020100020B8D2020090
:101A8000303B00202DE9F04F91B0166880460F469C
:101A9000002542F601030068D6F804908DF82C501A
:101AA0000BA91446ADF82E3006F0C3FF002870D005
:101AB0004FF42053D8F800008DF82C500BA9ADF846
:101AC0002E3006F0B6FF38B1A3681BB15A88BA426F
:101AD00000D25F8001200EE06168084607F071FCCB
:101AE000728D738B9A4294BFC0EB0200C0EB03006F
:101AF000032803D8002011B0BDE8F08F084606F097
:101B000020FF0546606807F05CFC728B738D05F161
:101B10000C0B9A4294BFC0EB020AC0EB030A584672
:101B200006F07FFF824537D2606807F04AFC728D6D
:101B3000738B9A4294BFC0EB0200C0EB030070B9F4
:101B40006368987AFBF7E6FD0022002306F0C6FEE4
:101B500005460028CED00146606806F003FF00234A
:101B60000093D8F80460102302AA41464846B047C3
:101B7000061E0EDB227CE068B2422BD001460BA889
:101B800006F085FF60B9237C144A1548022106F04F
:101B900082FD0023A3609DE7584606F042FFCEE792
:101BA000F2B202A906A806F072FF10B90D4A334638
:101BB000EBE706A90BA806F03CFF0028E9D10023BB
:101BC0006374042105F10C0006F0E8FEA0600780B4
:101BD000A3687EE702A909F0CFF8EEE7DCD40200A3
:101BE0006CB10200FBD402002DE9F84F074608460D
:101BF0000C46FBF797FDDFF8BC80E16818234343F0
:101C000008EB03020646D2F808A0BFF35B8FB86D5D
:101C1000BFF35B8FC00709D4274A2848012107F08A
:101C2000EAFB6FF015052846BDE8F88FE0680078FC
:101C30001071002248F803200B78D22B0FD13B689B
:101C40002146186808F01AF9054640B11C4A1B489D
:101C5000012107F0D0FB2046FBF704FEE3E704F187
:101C60000C0006F0DAFE182303FB0683B4F810B06C
:101C70009F60002381461A462146381DFFF748FB26
:101C800005460028CFD010F1690F04D10D4A0B484A
:101C9000012107F0B0FB6369A4F810B013FA89F3CF
:101CA000E36018235E4308EB060348F80650C3F8C8
:101CB00008A0B8E7303B00201AD502006CB1020042
:101CC00034D5020047D502002DE9F14F0546FBF758
:101CD00029FD3D49182202FB00F3C81851F8038082
:101CE0000779B0F80690D0F810A00021D0E902469C
:101CF00009F03AF8A87AFBF70DFD6969834651B1FE
:101D00006B7AD80705D4DBF824301B6828469B681B
:101D1000984700236B612946584608F002FD002FC2
:101D200045D0002C43D02368002B40D01B68002BEB
:101D30003DD0B8F1000F08D0244A25484346012180
:101D400001B0BDE8F04F06F0A6BC201D07F0F6FD7F
:101D50003846FFF795FC052829D8DFE800F01E0378
:101D6000281E2803BFF35B8FA36DBFF35B8FDA07D9
:101D700007D4184A1648012101B0BDE8F04F07F01A
:101D80003ABBE36D9BB14FF47022002304F178005D
:101D900001B0BDE8F04F04F061BC23681D68BFF3DB
:101DA0005B8FA36DBFF35B8FDB07E2D556B901B044
:101DB000BDE8F08F51462846B0470134A3B299459B
:101DC000F8D8F4E70024F9E7303B00206AD5020098
:101DD0006CB102001AD50200F7B50B8A07680446F9
:101DE0000D463BB9294A2A48012107F004FB00208F
:101DF00003B0F0BD012105F10C0006F0F6FDBB7A41
:101E0000072B0646F3D154F8043C002BEFD003789F
:101E10002048043C002210F832709F4200EBC201BF
:101E20000FD12A8A48788F78904222D91848009397
:101E300001211346184A06F038FC012FD7D104239C
:101E400020E001320E2AE6D11148144A022106F0A0
:101E500022FC31780846FFF713FC0028C7D005287C
:101E6000C5D00029C3D006230022204607F0AAFDD2
:101E7000BDE74B68204629469847012F0346B6D157
:101E80000028B4D031780029B1D0EDE789D502001F
:101E90006CB10200C0B90200BED50200A4D5020098
:101EA000F0B51E4603680D46003987B0044618BFDA
:101EB00001211868174607F0BAFF40B904F158002D
:101EC00007F038FC002844D0002007B0F0BD002EF9
:101ED00041D018220021684608F046FF47BB23681E
:101EE0001E4A1B6800930023ADF812300C9B03932D
:101EF000BDF83430ADF8103001238DF81430314680
:101F00006B4630468DF8085007F0A8FA9DF814305B
:101F1000C3B1002FD8D00198FBF7A4FC9DF8143072
:101F2000002DD1D032462946204607F04BFDCBE7A5
:101F3000002239462046FFF749FD01900028CED106
:101F40001120C2E701990029BED0204607F02CFDE0
:101F5000BAE71220B9E70120B7E700BFFB93020000
:101F600008B5837A072B06D00C4A02210C4807F0EB
:101F700042FA002008BD042107F00EFA10B9094A00
:101F80000121F3E7BFF35B8F436DBFF35B8FDB078B
:101F900001D4054AF4E750F8040CEBE7C0D3020083
:101FA0006CB10200DDD502001AD50200F8B50F466B
:101FB0001646FFF7D5FFB0B1446A20461CB150F871
:101FC000A84904B1A83C731C194638B1428D458B11
:101FD000AA4228BF2A469A4207D264B90A4A0B4845
:101FE000022106F058FB0020F8BD32463946BDE814
:101FF000F840FFF7EBBCD4F8A85005B1A83D204647
:102000000B462C46E2E700BFF8D502006CB1020097
:10201000F8B54FF470220746002311480D4606F02C
:102020005DFC044638B90F4A0F482B46012106F0E3
:1020300032FB2046F8BD00F10C060921304606F0BF
:10204000A2FC2046FBF76EFB084B182202FB003374
:10205000012130469F6006F0A1FC0570E9E700BF52
:1020600020100020B8D202006CB10200303B0020EA
:102070002DE9F0410E8A043EF6B2022E04468CB0E1
:10208000084601D0102E64D104210C3006F0ADFCBE
:102090000DF1080805884788011D3246404606F0C4
:1020A000F6FC002857D09DB3002687B3AF422FD34C
:1020B0004FF4205301A940468DF80460ADF8063076
:1020C00006F0B7FC40BB1422002107A808F04CFE24
:1020D00011212046FFF79CFF0990002837D00121ED
:1020E0000C30CDE9074806F059FC00230A901B4A42
:1020F000037039460B93284607AB07F0AFF90A9BEC
:102100001B78FBB90998FBF7ADFB0A2301E03D46BC
:1021100001232A4610210EE042F6010307A940469A
:102120008DF81C60ADF81E3006F083FC0028CAD084
:1021300010232A461946204607F044FC00200CB024
:10214000BDE8F0810999204607F02EFCF6E7112042
:10215000F5E70420F3E70E20F1E700BF4117020086
:102160002DE9F043036885B004460D461868012147
:1021700007F05DFE40B904F1580007F0DBFAB0BB90
:10218000122005B0BDE8F08310220021684608F057
:10219000EBFD21212046FFF73BFF029048B3DFF81B
:1021A0005890009405F10C074FF001082B8A012B81
:1021B00004D80299204607F0F7FB18E0384606F0ED
:1021C00024FC6B464A46014606468DF80C8007F013
:1021D00045F99DF80C30002BE8D00298FBF742FB44
:1021E0009DF80C3032462021204607F0EBFB002002
:1021F000C7E71120C5E700BF999702002DE9F0431A
:10220000036885B004460D461868012107F00FFEEB
:1022100040B904F1580007F08DFAB0BB122005B0A8
:10222000BDE8F08310220021684608F09DFD0F21D3
:102230002046FFF7EDFE029048B3DFF85890009477
:1022400005F10C074FF001082B8A012B04D80299E5
:10225000204607F0A9FB18E0384606F0D6FB6B468F
:102260004A46014606468DF80C8007F0F7F89DF8BF
:102270000C30002BE8D00298FBF7F4FA9DF80C30F4
:1022800032460E21204607F09DFB0020C7E71120B3
:10229000C5E700BF53970200F0B51D46036885B03F
:1022A00004460E4618680121174607F0C0FD38B9EC
:1022B00004F1580007F03EFA48BB122005B0F0BD0B
:1022C00065B310220021684608F04EFD39462046CD
:1022D000FFF79EFE029018B3BDF82830ADF8043029
:1022E00001238DF80C300F4A00946B46294628468E
:1022F00007F0B4F89DF80C305BB10298FBF7B2FA26
:102300009DF80C302A463146204607F05BFB002042
:10231000D4E70299204607F047FBF8E70120CDE714
:102320001120CBE7539702002DE9F0410E8A043EBD
:10233000F6B2022E04468CB0084601D0102E76D19B
:1023400004210C3006F051FB0DF104080588478884
:10235000011D3246404606F09AFB002869D085B33D
:1023600077B3BD422DD86068012107F060FD0646B5
:1023700078BB8DF8000042F6020369464046ADF88E
:10238000023006F056FB20B342F6030306A940468E
:102390008DF81860ADF81A3006F04BFBC8B1012D6E
:1023A00003D14FF6FF739F4213D004F1580007F09A
:1023B000C1F9002814BF002012200CB0BDE8F08144
:1023C0003D4601232A460821204607F0FBFA00205B
:1023D000F3E7182200210DEB020008F0C5FC0921EB
:1023E0002046FFF715FE0890F8B101210C30CDE929
:1023F000064806F0D3FA0023099003700A238DF8EB
:102400002C300D4A06AB3946284607F027F89DF8D0
:102410002C302BB10898FBF725FA9DF82C30D1E72A
:102420000899204607F0C0FAD1E71120C5E704203B
:10243000C3E70E20C1E700BF211902002DE9F043D8
:102440000F4687B00446062107F10C0006F0CDFACE
:102450000588B0F802808288D7F80C90C5B10023B7
:10246000B8F1000F13D0454512D88DF800308DF823
:10247000043001A94FF420536846ADF80220ADF8AE
:10248000063006F0D6FA064660B10A2301E045465A
:1024900001232A460621204607F094FA002007B0BF
:1024A000BDE8F0830146142201A83F7C08F05CFCE3
:1024B00007212046FFF7ACFD0290D8B10A238DF822
:1024C00015300D4A019401AB41462846CDE9036918
:1024D0008DF8147006F0C2FF9DF815302BB10298EC
:1024E000FBF7C0F99DF81530D3E70299204607F0B5
:1024F0005BFAD3E71120D2E7851A02007FB5CB68DB
:102500001D885E88044685B176B1B5420DD810228B
:102510000021684608F028FC05212046FFF778FDD9
:10252000019058B9112007E0354601232A460421BD
:10253000204607F047FA002004B070BD6B46094AF8
:1025400000943146284606F089FF029B23B9019882
:10255000FBF788F90A23E9E70199204607F024FAF6
:10256000E9E700BF7394020013B50B460021019107
:102570000E49024608F07CFC0C680D4909580D48CC
:102580008C4208BF002201A908BF134603F0ECFCEF
:10259000014640B9019B1022184608F0E5FB0346AE
:1025A000184602B010BD0023FAE700BF783B0020B8
:1025B00008000000680F002010B50446806818B1BC
:1025C000FBF750F90023A36021460248BDE8104004
:1025D00007F0BBBF680F00202DE9F34704467830B1
:1025E0000E4617461D4608F097F9E06D58B9174A90
:1025F0001748022106F0FFFE206807F057F9002077
:1026000002B0BDE8F087134B98424FF0000802D1AA
:10261000C4F85C80F0E7D0F80490C0F80480E06D66
:10262000D0F80CA0FFF7C8FF2068C4F85C8007F062
:102630003DF9B9F1000FE2D02068CDF800A00068A4
:102640003B4632462946C847D9E700BF13D60200A9
:102650006CB102007C3B0020F7B550F8044C0546F5
:10266000002C59D000F1A40104F1240007F047F830
:102670002E1F05F15C0700220023384603F06AFD97
:10268000024678BBAB6D2BB101466FF06703304655
:10269000FFF7A2FF002345F8043C05F15403BFF304
:1026A0005B8F53E8001F21F0010143E80012002A6C
:1026B000F7D1BFF35B8F636A73BB04F10C06002292
:1026C0000023304603F046FD78B9666886B91348A2
:1026D0002660214607F039FF286803B0BDE8F040C6
:1026E00000F062BEFBF7BEF8C5E7FBF7BBF8E6E714
:1026F000A26833686360964208BFA36077683FB101
:10270000F3680093002320681A466FF06701B8470A
:102710003046FFF751FFD8E703B0F0BD300F00207F
:102720002DE9F04192B050F8783C06AF06461868A3
:1027300006F023FD037804463D1D032B47D8DFE850
:1027400003F00240424425492846F8F7E9FAA37904
:10275000059562780492A2780392E2780292227937
:1027600001926279009207F110081D4A1E2140462D
:1027700004F0ACFD6C4688B006AA1A4BC2E90538D5
:102780004FF400739383184B42F8103F00234FF42B
:10279000E2511648F9F734FCA6F17400A546FFF79C
:1027A0005BFF56F8740C132106F06FFC034620B152
:1027B0000F4A0E48012105F06EFF3037BD46BDE8D7
:1027C000F0810C49C0E70C49BEE70C49BCE70C4A54
:1027D0000A21284604F07AFDB9E700BFA1BF020034
:1027E000BCBF02002AD60200030000016CB1020047
:1027F00056D60200D1BC0200A8BF0200B2BF020040
:10280000B7D50200F8B51D460F461646FAF78AFFFF
:10281000044C182303FB0040C0E903760123C38066
:102820000575F8BD303B002070B50D4C2378834210
:1028300005460E4604D10722601C08F09DFA48B1F7
:10284000237BAB420AD107480722314608F094FAAD
:1028500020B901200C2303FB004070BD0020FCE7E1
:10286000C03D0020CD3D00202DE9F04180460F46BF
:1028700016461D46FFF7D8FF0446A8B91149FFF7D1
:10288000D3FF044630B9BDE8F0410F4A0F4801219B
:1028900007F08AB9034603F8018B3A68C0F80120B3
:1028A000BA889A80BA799A71228963891AB92BB940
:1028B0002681658104E0964238BF26819D42F8D882
:1028C000BDE8F08155C402007BD602008CB1020045
:1028D0000C48BFF35B8F50E8003F23F0020340E851
:1028E0000032002AF7D1BFF35B8FBFF35B8F036821
:1028F000BFF35B8FDB0704D500220023303803F0E1
:10290000ADBE7047B829002008B50346034A044805
:10291000022105F0C0FE6FF00D0008BD9AD602003E
:102920008CB102001FB51046074A19464FF4281310
:10293000CDE9022308230093BDF818206B4407F06B
:102940008FF905B05DF804FB180028002DE9F04769
:102950002B4B154682689A4207462BD1C668B38A2C
:1029600043B3741C06F115094FF00008B4F80730A2
:102970009BB114F8011C2246284606F0DEFBE0B9A4
:1029800014F8010C2146FEF7EFF930B1837A072BDA
:1029900008BF4FF00108FDF741FE0A344C45E5D170
:1029A000B8F1000F06D1B369A6F8148013B14146FF
:1029B000384698470120BDE8F08705F1700A287A6B
:1029C000514606F08EF990B90E4B9E4202D1284630
:1029D00007F01BF90C4B1A6822609A889B79A37147
:1029E0000023A28004F8013CA4F80730D5E72B6F40
:1029F0002360BAF80430A3809AF80630A371CCE7BC
:102A00005D2A0200340E002055C4020038B50C4681
:102A10004B1C054678B910490722184608F0ACF956
:102A200038B10D49072204F10B0008F0A5F980B96F
:102A30000A3420460EE009781A4606F07EFB00288C
:102A4000F7D1A17A04F10B02284606F076FB0028A4
:102A5000EED1002038BD00BF55C402002DE9F84377
:102A60001E46BDF82030D1F80C8081460F46002B61
:102A700050D1731E012B50D8012E4146157818BF36
:102A80001588FFF7C3FF0446F0B915B93046BDE815
:102A9000F8834146FFF7BAFF044638B92048214A77
:102AA000022107F081F86FF01000F0E7D9F87030DC
:102AB000C0F80130B9F87430A0F8053099F87630D4
:102AC000C37199F808300370D8F81C30B3B9258168
:102AD000B8F81430AB4203D04146384607F066F8E8
:102AE000002DD3D1104B25701A68C4F801209A88A4
:102AF0009B79A4F80520E3712581C7E72A4639466A
:102B0000484698470028C2DB01380128DFD96FF01A
:102B10000D00BCE76FF00600B9E76FF00C00B6E7F8
:102B20008CB10200C2D6020055C4020010B4194A8A
:102B3000BFF35B8F52E8003F43F0010142E8001011
:102B40000028F7D1BFF35B8FDB0721D4BFF35B8F86
:102B500052E8003F43F0020142E800100028F7D19C
:102B6000BFF35B8F13F0020307D10B480B490288B8
:102B70000B4CA14206D303B102800A490A4810BC9B
:102B800007F0BCBE4B681A4492B208310123F0E74B
:102B900010BC7047BC3B0020D83D00204CB1020067
:102BA0005CB1020021300200882900202DE9F041AB
:102BB000034648B1008A38B91249DFF84CE00124D5
:102BC0004FF0140C714501D3BDE8F081D1E90076D6
:102BD000BB4204D30CFB0672143A93420ED9344420
:102BE000A2B208311446EDE70CFB0578434507D047
:102BF00001356219B54292B2F6D1F2E70025F8E745
:102C00001046E1E74CB102005CB102002DE9F74F3C
:102C1000BDF83050009199464FF6FF73002D08BF64
:102C20001D46244B1B888342074690463CD203B086
:102C3000BDE8F08F73682344BB4232D29CB20836A1
:102C40001D4B9E42F6D3F2E789580193404605F0AA
:102C5000F0FE019B90B101340AF1010AA4B273683D
:102C60005345ECD9009B9C42E1D8BC423168F2D379
:102C70000BFB0AF28B18B8F1000FE5D1B9F1000F88
:102C80000BD1013DADB218460E9A0D9B21469847D7
:102C9000002DCCD00028DED1C9E7DA689145DAD121
:102CA000EFE74FF0000ADAE7044E01244FF0140B6F
:102CB000C6E700BFD83D00205CB102004CB1020065
:102CC00007B500230193FFF771FF411C89B2084645
:102CD000034A01AB07F082F8019803B05DF804FBEA
:102CE0006D9B02002DE9F04387B0837A072B02AF7A
:102CF00080460C46164640F0A58000233B7342F602
:102D000003032068FB8107F10C0105F092FE0546E4
:102D1000002834D1D4F80490B9F1000F05D14C4A01
:102D20004C48012106F040FF8CE00123009007F1A0
:102D300008022146C847031E11DA6E4688B002AA6F
:102D40004549D3610423C2E9051442F8103F4148C4
:102D50002B464FF40151F9F753F9B54672E0012BB8
:102D600005D03E4A3B48012105F095FC6AE03B7ADC
:102D700013F0300F66D02046FFF7A2FF0446002371
:102D800020683B7342F60213FB8107F10C0105F04A
:102D900050FE18B12046FFF793FF0446002542F687
:102DA000021920683D703946A7F8029005F041FEEF
:102DB00010BB002320683B7342F60213FB8107F12E
:102DC0000C0105F036FE054600283BD1D4F80490EE
:102DD000B9F1000FA3D00090022307F10C022146A5
:102DE0004046C847031EA8DB022BBAD1BB891E424E
:102DF00014BF0120002026E020683D7142F6030345
:102E0000391DFB8005F015FE0028D2D04FF4205369
:102E100020683D727B8107F1080105F00AFE002859
:102E2000C7D042F6010320683D73FB8107F10C0116
:102E300005F0FFFD0028BCD02046FFF741FF044607
:102E40000028AED100201437BD46BDE8F08300BF96
:102E5000DCD602008CB10200F0D6020016D70200C8
:102E60002DE9F84389465168B1F8128018F09408AA
:102E70000746154609D0284A2848022106F094FE44
:102E80004FF0FF352846BDE8F8830222FFF72AFFFE
:102E900038B9234A2148022106F086FE6FF0150555
:102EA000F0E74FF470200021AE8AFFF75DFB023699
:102EB000044688B11B4B4360C56032461D2138462D
:102EC000FFF774F8064650B91448174A022106F075
:102ED0006BFE2046FFF770FB6FF00B05D2E7012376
:102EE00042464146FFF78EFCA98A06F10C000231EA
:102EF00005F054FD20F8029BAA8A296907F026FFF5
:102F0000A6602146384606F014FE05460028B9D0D2
:102F10002046FFF751FBB5E72FD702008CB1020026
:102F200045D70200739B020070D7020030B5394BC1
:102F3000BFF35B8F1B68BFF35B8F5A078BB00446F0
:102F40000D4661D510B1837A072B60D16868059072
:102F5000FFF72CFE2A68ADF818003AB305A90291D4
:102F60002D4901910121002300914FF6FF71059336
:102F7000FFF74CFE059B1BB96FF001000BB030BD95
:102F80006B60059B186800238DF8103004A942F689
:102F90000303ADF8123005F04CFD70B90598C36815
:102FA0009B799B0605D46FF01500E7E70028E8D170
:102FB000E2E706F0CCFEADF81800BDF818003CB111
:102FC00001230146AB752A462046FFF749FFD5E7A6
:102FD0006FF07F0307930223ADF8203042F602130F
:102FE000ADF8123005ABAC7502930C4B0193012385
:102FF000009304AA23464FF6FF7109958DF81040FF
:10300000FFF704FE0798B9E76FF00A00B6E76FF024
:103010007F00B3E7E40C0020A19B020035320200E0
:1030200013B550F8082C01920346A0F1200100F1DD
:103030003004BFF35B8F54E8002F22F0010244E814
:1030400000200028F7D1BFF35B8F114A43F81C2CF6
:10305000104A43F8182C01AA002043F8102C04222F
:1030600023F8080C23F8060C23F80C2CFFF75EFF5E
:1030700058B9BFF35B8F54E8003F43F0020344E8C4
:103080000032002AF7D1BFF35B8F02B010BD00BF42
:1030900068BA0200D12802002DE9F047364B1568C6
:1030A00082689A4200AF044662D1D0F80C8008F1E1
:1030B000010608F11509B6F80730EBB116F8011C46
:1030C0003246284606F039F8B0B14FF495722146E1
:1030D000284606F08EFE032812D1EA4688B06A46DA
:1030E000264BC2E9053442F8100F254800234FF45F
:1030F000C451F8F785FFD5460A364E45DBD137E097
:103100004146204606F052FD1E4B984530D1287AA4
:1031100005F17001FFF788FB044648B303890BB93A
:1031200043892BB32846FDF7FBFB174A238922F876
:10313000203002EB8003618959801449144C182314
:1031400003FB001300B202EB800200EB40005C6066
:103150001A61104C9C60042201EBC00128469A823F
:10316000FFF7E4FE20B10C4A0548012106F01CFDE2
:103170000120BD46BDE8F0875D2A020097D7020016
:103180008CB10200340E0020B83D00208C3B0020A2
:1031900068BA0200F59B0200ABD70200F8B50F46F3
:1031A00051684B8A03F09403064614463BB11D4810
:1031B0001D4A022106F0F8FC4FF0FF30F8BD012255
:1031C000FFF790FD38B91748184A022106F0ECFCC9
:1031D0006FF01500F2E7A2891B2102323046FEF79C
:1031E000E5FE054638B90F48114A022106F0DCFC1D
:1031F0006FF00B00E2E7A1890C30023105F0CEFB45
:1032000020F8027BA289A16807F0A0FDD4E904128E
:1032100028460123FFF7F6FA29463046BDE8F84074
:1032200006F05ABC8CB102002FD7020045D702002D
:10323000C8D702002DE9F047434B144682689A42F2
:10324000804637D1D0F80C90404B99451AD1404D6B
:10325000404F002607223946284607F08DFD78B1F9
:1032600015F8010C07222946FDF708FE38BB236933
:1032700015F8010C1A69294653881288FFF7F4FAE9
:103280000C35D6B109F1010709F1150AB7F8072085
:10329000A3899A420BD117F8010C3946FDF764FD5A
:1032A000054620B1837A072B0CD0FDF7B7F90A3712
:1032B000BA45EBD10120BDE8F0870126CAE7FDF74A
:1032C000ADF9DDE7D9F8203023B14146984708B978
:1032D0002846EAE7B8F8123013F0940605D01E4AE3
:1032E0001E48022106F060FCF2E7A389022B15D1EB
:1032F000B7F8073013F0020604D12846FDF78EF91F
:10330000A660D4E72269A1882846FFF7A9FD0646F2
:1033100088B92269937D01339375EEE7012BECD1D7
:10332000B7F8073013F00106E7D02269A1882846D4
:10333000FFF734FF06462846FDF770F9002EA66019
:10334000B5DA0020B7E700BF5D2A0200340E002086
:10335000C13D002055C402002FD702008CB10200ED
:1033600007B5064A00906B4601204FF6FF718DF8B5
:10337000040006F033FD03B05DF804FB9930020051
:10338000F8B5084B1C6805460E4617464CB154F874
:10339000043C043C1BB13A463146284698476468D1
:1033A000F4E7F8BDC03B00200346034A4FF6FF7127
:1033B000012006F013BD00BF4D29020080B500AF0B
:1033C00088B06A46074BC2E90530032342F8103F34
:1033D000054800234FF4C251F8F712FE6FF00B00BE
:1033E000BD4680BD00D80200C4B10200074B1A6878
:1033F00022B15A6D0AB1FFF7E1BF0122542000FB50
:103400000233034A5A6000200B607047C83B00201B
:103410001CBB0200084B70B5C31A0D4607499B1030
:10342000044659430648402206F036FD2B46014625
:103430002046BDE870401847843C0020B76DDBB6DD
:103440001CAF020073B50C4C0C4A4023041B0093C4
:103450000D460B460A49A41061430646094806F08A
:1034600046FD011E05DA30462B4602B0BDE870402D
:10347000184702B070BD00BF843C0020579F020077
:10348000B76DDBB61CAF0200002270B50121044607
:103490001046F9F7C3FE0F4801F0FCFD0E4B9842B1
:1034A00015D106F0F8FE26690C49304604F0B8FF45
:1034B00000280BDB012535642469084904F11C0050
:1034C00004F0AEFF002801DBE564002070BD6FF062
:1034D0000400FBE7393602000000AD0B44BB0200DC
:1034E0007FB500220123CDE9022304ABCDE90433EB
:1034F000094ACDF800D06B46CDF804D006F024FD83
:10350000002805DB4FF480420023684602F088FE65
:1035100007B05DF804FB00BF6F9F020010B5074CB9
:1035200023782BB94FF4A57006F05BFF01232370BD
:10353000BDE81040002001F09DBD00BF923E00207C
:1035400010B5EFF31184402383F31288BFF36F8F1C
:10355000074A136823F00201DB07116002D401203F
:1035600006F094FE84F31188BFF36F8F10BD00BF87
:10357000D43C002030B4104B0C2202FB0033014637
:103580000020D3E90E529863EFF31180402484F3B6
:103590001288BFF36F8F1C6C04F0C00444F0020467
:1035A0001C6480F31188BFF36F8F1DB12B46034855
:1035B00030BC184730BC7047843C00201CAF020070
:1035C00010B4EFF31182402383F31288BFF36F8F9F
:1035D0001748016841F002040460C80707D482F369
:1035E0001188BFF36F8F012010BC01F043BD4FF075
:1035F0008041D1F80C04D1F80C14C907EFD5EFF3D2
:10360000118083F31288BFF36F8F0A490B6C03F0AC
:10361000C00343F002030B6480F31188BFF36F8F84
:1036200082F31188BFF36F8F002010BCFFF7A2BF99
:10363000D43C0020843C002010B1012804D0704705
:10364000034B1B6C5B0701D1FFF794BF704700BFB2
:10365000843C00202DE9F0413849BFF35B8F0746D9
:10366000012251E8003F41E800200028F9D1BFF3D2
:103670005B8F33B9324933484B60CB608A6004F0CA
:10368000E2FE7B1E012B2BD8012F07D14FF0804388
:10369000D3F81C3403F00303012B21D007F04FF9BA
:1036A0000546F8B9284B1B78E3B14FF0804302225E
:1036B000C3F808230646DFF894804FF08044D4F81E
:1036C0001824D4F81834D20315D503F00303012BC2
:1036D00001D0012F0FD155B386F31188BFF36F8F3F
:1036E000BDE8F081EFF31186402383F31288BFF326
:1036F0006F8F0125DFE7ADB1304605F0BFF8D4F894
:103700001835002BDBD1D4F80421002AD7D0C4F817
:103710000431D4F804310123C4F81835C8F88031D5
:10372000A360CCE70021212007F0C1F9E7E74FF0C3
:1037300080430222C3F80423D2E700BF803C00206C
:10374000703C0020A03C0020253F002000E100E06C
:1037500008B5074806F04AFE38B10648F9F7A0FF59
:103760000448F8F77BF8002008BD6FF01200FBE773
:103770006CAF0200793702000A2838B5074D0446BD
:1037800004D1AB680D215B6828469847AB680348B5
:103790005B68E1B29847204638BD00BF6CAF0200BD
:1037A000EFF31182402383F31288BFF36F8F0A4B2C
:1037B000D3F8001161B10021D3F80805C3F8001156
:1037C000D3F80031C0B282F31188BFF36F8F704716
:1037D0006FF00A00F7E700BF00D00040F0B50346E5
:1037E00010469C7893F803C0EFF31182402585F3CF
:1037F0001288BFF36F8F1F7893F801E0E41B04EA8F
:103800000C04A04288BFA0B23E180CEA06063D4652
:103810001E7082F31188BFF36F8F0A188A4216D187
:1038200077450CD1EFF31182402181F31288BFF369
:103830006F8F1978597082F31188BFF36F8F1B79DE
:10384000241AA34222BF064B01221A60F0BD5E1962
:103850000135767901F8016B05EA0C05DEE700BF5A
:1038600000D00040DB432DE9F04713F001050E4680
:10387000144604D02248FFF7B1FFBDE8F0879AB3A1
:10388000EFF31188402383F31288BFF36F8F0D206D
:10389000F9F7B6FC07460D20F9F79EFC88F311886E
:1038A000BFF36F8FDFF85CA0DFF85C80CAF80051CF
:1038B000DAF800314FF400590123CAF800302546E8
:1038C000C8F88091DAF8003183B1FFF769FF031E71
:1038D000C8F88091F6DB013DADB27355002DF1D1F2
:1038E00017B10D20F9F76AFC2046C6E7EFF3118007
:1038F000402383F31288BFF36F8F04F0BFFFE1E72B
:10390000083D002000D0004000E100E02DE9F0413A
:10391000124F0D46144607F1450814B92046BDE87C
:10392000F0814FF0FF334FF0FF32384602F078FC61
:10393000224629464046FFF751FF0646384602F028
:103940003BFC3EB94FF0FF324FF0FF33044802F02A
:1039500067FCE6E7A41BA4B23544DEE7D83C0020B0
:10396000F03C002038B5194C01221146204606F0E3
:10397000E6FE0122002104F1180006F0E0FE40F20C
:103980000743A4F848304FF0706323630C2384F896
:10399000343000250E4B84F84550A4F84650D3F837
:1039A000042522F00102C3F804250121C3F80051C7
:1039B000D3F80021C3F804132A4619600D20F9F743
:1039C0002DFC0D20F9F7FAFB284638BDD83C002025
:1039D00000D0004010B5FFF7E3FE002820DB174BB6
:1039E00093F8322093F8314093F83310141B31EAE6
:1039F0000404C0B20DD193F8472093F8464093F8E1
:103A00004810141B31EA04040BD10D4B01225A60FB
:103A10000EE09C180132114084F8350083F8321012
:103A200010BD9C180132114084F84A0083F84710F9
:103A30000448BDE8104002F0BFBB00BFD83C0020E6
:103A400000D00040F03C002038B545682B69B3B188
:103A50001035284601F00AFF044680B90146284681
:103A600001F0D0FE084B98420BD108492246284667
:103A700001F0B0FE224605210620F9F7CFFB002019
:103A800038BD6FF00400FBE70000AD0B913A020077
:103A9000430970B507D10B4B596821B101250C685A
:103AA000094E854001B970BD8A682A4002D04B6832
:103AB000304698471CB1236821461C46F2E723464E
:103AC000FAE700BF2C3D002030AF02002DE9F043A3
:103AD000476840F20636D0063B7B87B002EA06060E
:103AE00054BFC2F34010032001F01F05B6F5837FD9
:103AF000144645EA43158DF8030043D00FD8062E2F
:103B000018D007D8B6B1022E3ED06FF0150007B01E
:103B1000BDE8F083B6F5807FF7D101260AE040F2D8
:103B20000222964232D0B6F5407F31D0B6F5007F02
:103B3000EBD102260123220303FA01F12AD57B6887
:103B4000C3F808153B695BBB05F01F026D0974D112
:103B5000920002F1A04284F48031D2F80037C1F320
:103B60000041C4F3404423F4E16344EA410423F0F8
:103B700007031C4344EA800444EA0624C2F80047D1
:103B80000020C4E70726D5E70426D3E70526D1E7BA
:103B90000326CFE7630344BF7B68C3F80C15D1E766
:103BA00010370DF102022946384601F019FE14F4CF
:103BB000403F80460CD12946384606F0FCFB214B9D
:103BC0009845DDD19DF80210384601F059FED7E73F
:103BD00001AB4FF0000903AA29463846CDE9043964
:103BE000CDE90199CDF80C9001F0CEFC154B98422F
:103BF0008BD114F4003315D09DF803308DF80E30BE
:103C000084F48034C4F300444B4603AA2946384662
:103C10008DF80C608DF80D4001F066FD094B98425F
:103C2000CDD072E7CDE9043303AA0DF10303294691
:103C30003846039301F0A8FCF0E702F5E07253F870
:103C40002230FFDE0000AD0BF0B54068057B01F0CF
:103C50001F0444EA4514056987B0002D60D0B2F511
:103C6000001F00F1100506D12146284606F0A5FBED
:103C7000002007B0F0BD01AE0027B2F5800F01971C
:103C8000776038D1B3F1007F14BF052304238DF88A
:103C900004300023CDE904630393836823FA01F120
:103CA00011F0010119D1B2F1A07F16D104F01F0368
:103CB000620903F5E07339D14FF0A04252F8233086
:103CC000DB070AD40DF1030632462146284601F0EF
:103CD00087FD184B984219D0029603AA2146284620
:103CE00001F052FC144B98421DD101222146284676
:103CF00001F0D2FDBCE7B3F1C06F05D0B3F1007F96
:103D000014BF01230223C2E70323C0E7314628463C
:103D100001F0BCFD084B9842DED06FF00B00A8E725
:103D20006FF08500A5E76FF01500A2E751F823308A
:103D3000FFDE00BF0400AD0B0000AD0B2DE9F0432A
:103D40005B4E5C4F00EB810140F2FF15814202D1D6
:103D50000020BDE8F083046814F4804FC4F3C32C42
:103D6000C4F3080340F09080240E16F80CC0AB4258
:103D700008BF4FF0FF33192C00F28980DFE804F010
:103D80000D13191C1F251C87878787366387878734
:103D9000878787878787667B7E81C2F80C355C1CA6
:103DA0005ED10430D2E7C2F814355C1CF9D000248F
:103DB0005FE0C2F80835F2E7C2F81035F5E75C1CA1
:103DC000C2F80835EDD0002404E05C1CC2F80C35C4
:103DD000E7D001245FEA531E5CD14FF001084FF099
:103DE000A04E08FA03F9CEF80C950AE0C2F808359F
:103DF000BCF1000FD9D15C1CD3D00024A0464FF0F9
:103E0000060CD0F8009009F4004EBEF1000F1CBF64
:103E10004FF00008012403F01F0E5B0942D14FEA66
:103E20008E0E0EF1A04EC9F34129DEF800373B405B
:103E300043EA890343EA0C2343EA080343EA4403C1
:103E4000CEF80037ADE7C2F80C35D1E7C2F86035DF
:103E5000B3F1FF3F0468A4D0C4F30044002CB8D0F1
:103E60005C091BD101244FF0A04E04FA03F8CEF8F0
:103E70000885A046C5E7C2F86435E9E7C2F86835A9
:103E8000E6E7C2F86C35E3E76FF0150061E76FF025
:103E900085005EE70023C3F80C35FFDE0023C3F87E
:103EA0000835FAE70EF5E07E002353F82E30F4E7EC
:103EB00082D80200F0F8FCFF2DE9F0410446476883
:103EC0000D4606F03CFD4FF0400888B9264B1B78A4
:103ED00073B16426606806F0D5F8F0B9012006F0E9
:103EE000ECF9013EF6D10021212006F0E0FDF0E7DB
:103EF000EFF31186314688F31288BFF36F8F606845
:103F000006F0C0F8A8B986F31188BFF36F8FEFE70A
:103F100086F31188BFF36F8FE5E7EFF31186314623
:103F200088F31288BFF36F8F606806F0ABF8002843
:103F3000EED0BB691D706368BA691B680020C3F8C6
:103F400044250122C3F84825C3F82001D3F82041B5
:103F5000C3F85801D3F858019A6081F31188BFF370
:103F60006F8FBDE8F08100BF253F0020F7B5054603
:103F7000002201210220F9F751F90220F9F71EF978
:103F80006B6819681A69C1F824255A7D1B7D134393
:103F9000C1F86C356E68D6E9004313F0010350D0C8
:103FA0002F6907F1080006F094F9334B984208D0C6
:103FB0003248334A012104F065FB6FF0040003B07E
:103FC000F0BD387A04F10C0204F5907106F077F92F
:103FD000387A012707FA00F001F000FA0823C4F844
:103FE0000035B369C4F844350023C4F84835A760E8
:103FF000D4F85831002BFBD00021C4F800156B68B1
:10400000DC6801AA204606F010F8002805DB019BB9
:10401000226819791868FFF791FE6A681368082109
:10402000C3F80015117A51B9D269C3F834250122B9
:10403000C3F83825C3F81011D3F810111A60002006
:10404000BDE70822C4F80025B269C4F84425C4F8C5
:1040500048350123A360D4F82031002BFBD0002386
:10406000C4F82031D4F820310123E3604FF4807389
:10407000C4F80433BCE700BF0000AD0B2CB2020053
:104080008AD8020070B5012383400E4ABFF35B8FCC
:10409000DC4352E8001F01EA040542E80056002E06
:1040A000F7D1BFF35B8F4FF4803282400648C0F8EF
:1040B0000823BFF35F8FBFF36F8F0B4214BF012044
:1040C000002070BD483D00200010014070B40E4932
:1040D000D1E90034D01AC31844F1000422F07F461D
:1040E000C1E90034A6F50013B3F5400F09D2074B20
:1040F0001B681A0A1B069C19054B42F10005C3E90F
:10410000004570BC02F07ABFD02900204C3D002051
:10411000D829002011B3BFF35B8F0123104A8340DD
:1041200052E800CF4CEA030C42E800C10029F7D165
:10413000BFF35B8F0B4A4FF480338340C2F80433E4
:10414000094BBFF35B8F1B68BFF35B8FC340DB077B
:1041500042BF064B4FF40032C3F80021704700BF46
:10416000483D002000100140443D002000E100E0F7
:104170000D4B1868010A0006BFF35F8F0B4BD3F895
:104180000435181841F10001B3F5801F0AD2084B1D
:10419000D3E90023904271EB030303D210F1807046
:1041A00041F10001704700BF4C3D0020001001406C
:1041B000D82900202DE9F04F85B016461F469DF8FE
:1041C00040A00446FFF75EFF0190FFF7D1FFB04229
:1041D00071EB070354D23E4B301A67EB0101984252
:1041E00071F100014FD23B4B03EB0413D3E90223DF
:1041F0009F4208BF96425ED037494FF4803804F1A1
:10420000500508FA04F8AD00C1F848832046ADB265
:1042100005F069FF26F07F4B05F1804504F5A87392
:1042200005F58835DC464FF003090293029A2CF01D
:104230007F4341F82230C1F84483D1F80435274A3E
:104240006FF00200C01A604420F07F40904232D9E3
:10425000286868B1D1F804350393A3EB0B0020F074
:104260007F40B0F5000F26D9204605F03CFF039BA8
:10427000BAF1000F07D109EB030C09F10109D5E7E9
:10428000BAF1000F09D06FF0150520460199FFF72C
:1042900041FF284605B0BDE8F08F0123104ABFF367
:1042A0005B8FA34052E8000F184342E80001002949
:1042B000F8D1BFF35B8F07490E98230101EB04127D
:1042C000C8500F9B5360C2E902670025DDE700BFBD
:1042D00001008000C029002000100140FDFF7F0088
:1042E000443D00207FB51C4C1C4BC4F80833C4F877
:1042F00048331B4B00254FF0FF304FF0FF31C4F81F
:104300000855C3E902014FF48033C4F80433154B58
:1043100002264FF400320121C4F804631120C3F8CF
:1043200080212A46F8F77AFF1120F8F747FF0E4A56
:104330000123A360236013600C4B0D4A0093CDE969
:10434000015500232846FFF735FF3046FFF782F975
:10435000284604B070BD00BF0010014003000F00EC
:10436000C029002000E100E0483D0020CD400200CF
:10437000FFFF7F002DE9F7432B4CD4F80433990756
:104380000BD5D4F8043143B1284A0023C4F80431D2
:10439000D4F80431136801331360D4F80433DA031A
:1043A00023D5BFF35B8F224B53E8002F22F001018E
:1043B00043E800100028F7D1BFF35B8FD30702D486
:1043C000D4F840318BB10025C4F84051D4F84031C5
:1043D000FFF7CEFEEFF3108272B6164BD3E90267F9
:1043E000B042B94104D282F3108803B0BDE8F08333
:1043F0004FF0FF384FF0FF39C3E90289D3E90010CD
:104400001D604FF48033C4F84833C4F84051D4F8E9
:10441000403182F310880029E7D0009032463B46B5
:1044200028468847E1E700BF001001404C3D0020CE
:10443000443D0020C029002030B5431C124C85B0FB
:1044400005D08442A8BF0446012CB8BF0124FFF761
:104450008FFE0E4B0C4DD3E90013401AB0F5000F40
:1044600010D22218AA4228BF2A4652184FF0000044
:1044700007490091CDE9010043F10003FFF79AFEDF
:1044800005B030BD2A46F0E7FFFF7F00D0290020AD
:10449000CD40020008B5FFF76BFE024B1B68C01A47
:1044A00008BD00BFD029002002460B46014801F09C
:1044B00089BD00BF840F0020014801F0FBBD00BF93
:1044C000840F00200149024806F0E7B9543D00205E
:1044D00030360020094B93F84730042B02D1810776
:1044E00009D47047022B02D1020704D47047082B6D
:1044F00003D1830601D5FFF7E5BF7047953E002045
:1045000010B403460A46034881680C6819462346DE
:1045100010BC184744AF020098B500AF6C468AB093
:104520006A460D4BD161C2E905304FF40073138424
:104530000A4B42F8103F0A4800234FF41151F7F795
:104540005FFD0023A54683F31188BFF36F8F03231C
:10455000184602DFBD4698BDC7D80200040000011E
:10456000BCB102002DE9F0418AB0064600AF3A48DE
:104570000D463A4906F066F907F11400DCF728F910
:104580006C4688B06A46364B5361364B93614FF4A4
:1045900000739383344B42F8103F3449344807F199
:1045A0001403F7F72DFDA546324805F01FFF58B953
:1045B000314A2F48012104F065F86FF012042046BB
:1045C0002837BD46BDE8F0812C4BBB6007F10800E1
:1045D000DCF782F9034638B1294A2548012104F065
:1045E0005AF86FF01504EAE74FF0FF304FF0FF3153
:1045F000FFF75AFF04460028E1D122492248DCF7A0
:10460000A5F8044610B1FFF757FFD8E741F64C581C
:1046100007F10C00C7F80C80F2F701FB20B1FFF79F
:104620004BFF6FF08504CAE70123381D3B71F2F799
:10463000EEFA0028F3D107F11000C7F81080F2F766
:10464000F6FA0028EBD1FFF737FF33690F481D60FA
:10465000F9F754FAB3E700BF543D0020A3A10200CC
:10466000ECC80200ECD8020003000001C01C4001AD
:10467000BCB1020044AF020013D9020001450200A0
:1046800033D90200E02900209D470200D5440200F2
:1046900030B53F4887B0DBF743FF20B9DCF7AAF815
:1046A00018B16FF0850007B030BDDCF7B7F800280F
:1046B000F7D1DCF7C7F80028F3D1DCF7E3F80028DE
:1046C000EFD1DCF7EDF80028EBD1DCF7F7F8044682
:1046D0000028E6D1012503AA29468DF80C50DBF706
:1046E0006BFF0028DFDB03AA022120468DF80C5067
:1046F000DBF762FF0028D6DB082303AA0721204648
:10470000ADF80C30DBF758FF0028CCDB4FF01B1363
:10471000039303AA40F2032303210020ADF81030D5
:10472000DBF74AFF0028BEDB03AA042100208DF836
:104730000C50DBF741FF0028B5DB1F2303AA06213D
:104740000020ADF80C30DBF737FF0028ABDB03238C
:1047500003AA052100208DF80C30DBF72DFF00287F
:10476000A1DB40F64A43984210DD0A4A00902946F0
:10477000094803F09AFF002383F31188BFF36F8F7A
:104780000423184602DF6FF00B008CE700208AE755
:104790001945020057D90200BCB1020073B5474C5D
:1047A00094F8473023B394F84730042B5BD120783A
:1047B0003E2830D0FF2834D0002563780233472BC1
:1047C00034D9472200923E483E4A012103F06DFF52
:1047D0003D4A3B486FF00B03012103F05CFF0023CF
:1047E00083F31188BFF36F8F0423184602DF26E09E
:1047F0004FF0FF304FF0FF31FFF756FE48B904F19C
:104800004701204600F084FB0546FFF755FE002DCA
:10481000C9D002B070BDA578022D14BF00250125B6
:10482000CBE7A57805F0FD05802DF6E700220023F3
:104830002946F9F76FF9064648B9002DE9D000235B
:1048400084F8473002B0BDE87040FFF73BBE6278A5
:104850001A4902320C3004F0A7F81C4B1B68314691
:104860001B489847EBE7022B15D1002200230820B4
:10487000F9F734F905460028CBD063880433472B79
:104880009FD80E491A4605F10C0004F08DF80F4B25
:1048900029461B68E4E7082B09D1002300222020C9
:1048A000F9F71CF9638805460028E7D1B1E7094A02
:1048B0000348012103F0EFFEC1E700BF953E002051
:1048C000BCB1020079D90200D2D90200503D0020CB
:1048D00080AF020099D90200F7B5804E33780446C4
:1048E000002B40F00F8304238DF807307C4B0588A4
:1048F0001F68B7B10DF106030DF10702711CB8472F
:1049000001280ED09DF80630002B40F053819DF811
:104910000730B3700E2201237270F370B580B0714E
:1049200051E1B5F5105F4FEA95230AD2002B4ED026
:10493000013B072B08D8DFE803F00907367A0707A1
:1049400007C13F2B00F0D481012055E0204640F202
:10495000064230F9033B93420FD040F21D4293428E
:104960001ED0012040F206439D4200F0238140F218
:104970001D439D4200F01E813EE0F2F7BAF942F27B
:1049800064039D4240F2938242F285039D4233D8F4
:1049900042F267039D4200F29C8242F26603E8E71E
:1049A000F2F7A9F9EBE7204640F6634230F9033B02
:1049B000934230D00DDC40F6034293421FD040F6C4
:1049C0002D4293421ED040F60142934212D0012064
:1049D000F0E040F67B42934220D040F67C42934286
:1049E000F5D19DF807303F4902338DF80730F2F7D3
:1049F00066F801E0F2F755F80128E8D087E7DCF720
:104A00004FF8F9E79DF80730364903338DF8073042
:104A1000F2F74CF8F0E7F2F74BF8EDE79DF80730C6
:104A2000304904338DF80730F2F747F8E4E723887C
:104A3000A3F58053013B082BC9D801A252F823F0FB
:104A4000654A0200774A02008B4A0200CF49020001
:104A5000CF490200CF490200CF490200CF490200EE
:104A6000AB4A02009DF807301E4808338DF8073026
:104A7000F2F7F6F8C0E79DF807301A4840338DF892
:104A8000073005F090FB002041E79DF80730083320
:104A90008DF80730134B00221A605A60F37A23F026
:104AA000600343F06003F372EDE79DF807300D48B3
:104AB00006338DF80730F2F7D5F89DE7204642F22D
:104AC0004B0130F8033B1AB28A4242F2640143DCE4
:104AD000B2F5005F08DC8D4236E000BFDD3E00200D
:104AE000643D0020E43E0020A3F50053013B4A2B27
:104AF00027D8DFE803F0384049266D70737C7F8249
:104B000085888B8E919A9DA0A3A6A9B2B5BEC7CA6F
:104B1000D3DC2626262626262626262626262626D2
:104B20002626262626E5EEF12626262626262626D3
:104B30002626262626262626262626262626262615
:104B4000F40042F264039D423FF441AF40F2BF8162
:104B500042F28503012019E742F27C039A42BAD15E
:104B6000F2F7C5F801E0F2F77FF842F264039D42E4
:104B70007FF405AF1EE09DF80730CB4803338DF876
:104B80000730F2F776F8F0E79DF80730C6480833AB
:104B90008DF8073005F035FB42F264039D4208D0E2
:104BA00040F2848142F285039D4240F2A9810020B7
:104BB00022E700200F2373700423B3700123F070E9
:104BC0003371A6F8055001233370002003B0F0BD07
:104BD000F2F751F8C9E7F2F750F8C6E79DF8073049
:104BE000B14801338DF80730F2F749F8BDE7F2F725
:104BF00048F8BAE7F2F747F8B7E7F2F746F8B4E74C
:104C0000F2F745F8B1E7F2F744F8AEE7F2F743F808
:104C1000ABE7F2F742F8A8E79DF80730A248013366
:104C20008DF80730F2F73BF89FE7F2F73AF89CE788
:104C3000F2F739F899E7F2F738F896E7F2F737F82C
:104C400093E7F2F736F890E79DF807309649073377
:104C50008DF80730F2F72FF887E7F2F72EF884E7A0
:104C60009DF80730904910338DF80730F2F727F898
:104C70007BE79DF807308C4808338DF80730F2F752
:104C800020F872E7F2F71FF86FE79DF807308649C2
:104C900002338DF80730F2F718F866E79DF8073011
:104CA000814902338DF80730F2F713F85DE79DF87C
:104CB000073008338DF80730FF23F371F3726BE789
:104CC0009DF80730784904338DF80730F2F705F87E
:104CD0004BE7F2F704F848E7F2F703F845E79DF8E9
:104CE0000730714802338DF80730F1F7FCFF3CE7DD
:104CF00020464FF60B4230F8033B934222D8B3F5DF
:104D00007C4F01D801206BE0A3F57C43013B0A2BCB
:104D1000F8D801A252F823F0D14D0200ED4D020067
:104D2000054D0200054D0200054D02003B4E0200FC
:104D3000054D0200054D0200174E0200294E0200EB
:104D4000414E020003F2FE2292B21B2ADAD8A3F5EA
:104D50007D43023B1B2BD5D801A252F823F000BFA4
:104D6000534E0200594E02005F4E0200654E020093
:104D7000054D0200054D0200054D02006B4E02007C
:104D8000054D0200054D0200714E0200054D020066
:104D9000054D0200054D0200054D0200054D0200C3
:104DA000774E0200054D02007D4E0200054D0200C7
:104DB0008F4E0200054D0200054D0200054D020018
:104DC000054D0200954E02009B4E0200A14E0200CE
:104DD0009DF8073034480C338DF80730F1F771FE39
:104DE00025F008034FF602529342C3E59DF80730C1
:104DF00040338DF807302C4B00201880F37923F0D6
:104E0000230343F02303F371337A23F0070343F0C2
:104E100007033372E4E79DF80730234817338DF812
:104E20000730F1F76BFEDBE79DF807301E482033B3
:104E30008DF80730F1F786FED2E7F1F75DFECFE798
:104E40009DF80730184801338DF80730F1F797FEC9
:104E5000C6E7F1F7AAFEC3E7F1F7D9FEC0E7F1F71D
:104E6000D8FEBDE7F1F7DBFEBAE7F1F7DAFEB7E708
:104E7000F1F7DBFEB4E7F1F7DAFEB1E79DF80730B2
:104E8000094904338DF80730F1F7D3FEA8E7F1F7AD
:104E9000DFFEA5E7F1F7DEFEA2E7F1F7DDFE9FE713
:104EA000F1F7DCFE9CE700BFE43E0020002042F268
:104EB00019039D4218D842F20C039D427FF652AD71
:104EC000A5F500530D3B9BB241F2412206E00120C3
:104ED000EDE7A5F50153283B0C4A9BB222FA03F3F8
:104EE000DB077FF589AD65E642F232039D423FF470
:104EF00061AEA5F50153033B012B3FF67DAD59E6AD
:104F0000002045E54FF0FF3060E600BF2F804020D5
:104F100038B5094C23780D461BB9BDE83840F1F788
:104F2000B0BDA278611C023205F010FF00200423FE
:104F300020702B7038BD00BFDD3E002070B50546E7
:104F40000E46084C204605F051FA38B1A368B2B2BB
:104F5000294620461B68BDE8704018476FF01200D4
:104F600070BD00BF44AF020037B53223ADF8043046
:104F7000124A00230125192168468DF80630ADF844
:104F800000508DF80230F0F7D1FC044690B94FF490
:104F9000AF60EEF70FF82A4621460820F8F73EF9F1
:104FA0002A4621460B20F8F739F92A462146284699
:104FB000F8F734F9204603B030BD00BFD14F0200EE
:104FC0000149024805F069BC683D002030360020E8
:104FD00098B500AF6C468AB06A460D4BD161C2E904
:104FE00005304FF4007313840A4B42F8103F0A480F
:104FF00000234FF41151F7F703F80023A54683F37C
:105000001188BFF36F8F0323184602DFBD4698BD9A
:105010002ADA020004000001F4B1020037B50D4D98
:105020000D49002400946FF009034FF48062284674
:1050300001F078FA0949284605F087FC0849094833
:1050400005F000FC224604211920F8F7E7F8204675
:1050500003B030BD30360020C04600203EDA0200EA
:1050600039A20200683D0020014B00201B68184750
:10507000783D002020B1012806D10448EDF7C4BED8
:10508000034B01201B681847704700BF695002009E
:10509000783D0020014B186001487047783D0020A2
:1050A0000000AD0B4FF0704393F8E02F062A09D1B2
:1050B000D3F8E83FC3F30313033B042B02D8024A9F
:1050C000D05C70470020704761DA0200024AD2F8D3
:1050D0000034002BFBD0704700E0014010B505F014
:1050E000DDF840B14FF080538E4AD3F82433C3F338
:1050F0000423C2F84035FFF7D5FF10B18A4B8B4A25
:105100005A6705F0CBF848B14FF080534FF080421A
:10511000D3F84432C3F34233C2F83C35FFF7C2FF41
:1051200030B1834AD2F8FC3023F08073C2F8FC30EF
:1051300005F0B4F840B14FF080430022C3F80C21D1
:10514000C3F81021C3F83825FFF7ACFF20B14FF0AA
:1051500080430322C3F8A025FFF7A4FF60B1754B7D
:105160000522C3F810260122C3F888260022C3F8BE
:1051700018263F22C3F814264FF08053D3F830216D
:10518000511C09BF4FF07043D3F8343193F8E02F2E
:10519000D3F8E83F08BFC3F30313062A4DD1033BFE
:1051A000042B03D8644AD35C002B46D04FF08052C6
:1051B000624BD2F80414C3F82015D2F80814C3F8CF
:1051C0002415D2F80C14C3F82815D2F81014C3F81B
:1051D0002C15D2F81414C3F83015D2F81814C3F8EB
:1051E0003415D2F81C14C3F84015D2F82014C3F8B3
:1051F0004415D2F82414C3F84815D2F82814C3F87B
:105200004C15D2F82C14C3F85015D2F83014C3F84A
:105210005415D2F83414C3F86015D2F83814C3F812
:105220006415D2F83C14C3F86815D2F84014C3F8DA
:105230006C15D2F84424C3F8702505F02FF848B156
:105240004FF080534FF08042D3F8583203F04F03B1
:10525000C2F8E43E05F022F848B14FF08043D3F89D
:105260000024D20744BF6FF00102C3F800244FF0BE
:105270008053D3F83021062A26D1D3F83431033BAA
:10528000042B02D82E4AD35C63B12E4AD2F83C37A5
:1052900043F48063C2F83C374FF08053D3F8303189
:1052A000062B11D14FF08053D3F83431033B042B3C
:1052B00002D8254AD35C3BB14FF01023D3F8082223
:1052C0004FF08043C3F858254FF01023D3F8002245
:1052D000002A03DBD3F80432002B22DA1B49012316
:1052E0004FF01020C1F804351524FFF7EFFEC0F889
:1052F0000042FFF7EBFEC0F80442FFF7E7FE002391
:10530000C1F80435FFF7E2FEBFF34F8F0849104B99
:10531000CA6802F4E0621343CB60BFF34F8F00BF53
:10532000FDE710BD0030014000C007400DF0ADBAF0
:1053300000ED00E0005000405CDA020000C00040D8
:1053400057DA02000010004052DA020000E001408B
:105350000400FA0530B50468CCB1BFF35B8FB4FA32
:1053600084F3C3F11F03DBB201229A4024EA020254
:1053700050E8005FA54204D140E8002CBCF1000FCA
:10538000F6D1BFF35B8FE6D102480B7030BD024807
:10539000FCE700BF0000AD0B0200AD0B10B50368C9
:1053A000CB40DB0714D401238B400268BFF35B8F33
:1053B00043EA020150E8004F944204D140E8001C47
:1053C000BCF1000FF6D1BFF35B8FEED1014810BDE9
:1053D0000148FCE70000AD0B0400AD0B014BC3F826
:1053E0000405704700F0014070B500F108030C4C53
:1053F00034F81330DA0505460E4607D5C3F34323C8
:1054000004EBC30254F8333052689847A3682BB1B9
:10541000E26831462846BDE87040184770BD00BFBD
:10542000700E002010B4C0B2114A083032F81030AB
:10543000D9051BD5C3F3432123F4F85322F81030C8
:1054400002F10E04002034F8023F13F4807F03D0F1
:10545000C3F34323994209D001302028F3D100231C
:1054600042F83130034810BCFFF798BF10BC7047BA
:10547000700E0020C80E0020F0B50546002004463E
:10548000012607468C420BD1114BD3F87C2132B157
:105490000022C3F87C21D3F87C3140F00040F0BDFD
:1054A000E3B29B0003F580729B0806FA03F31D42EA
:1054B0000BD002F1804202F5C042D2F800C0BCF12C
:1054C000000F02D01760126818430134DAE700BFFA
:1054D00000600040CBB20246083308460C4931F860
:1054E0001330990611D599070FD410685B0B012171
:1054F0009940C0F80813126802EB8303D3F8102513
:1055000022F00302C3F810257047002104F036BFD3
:10551000700E0020F7B5CDB2174E0835074636F8A5
:105520001530DB070C4624D5FFF7D4FF36F81530CD
:105530009A0606D55B0B3A6803F5A273002142F880
:1055400023102046FFF76EFF002301A826F8153030
:10555000019404F0C0FE019B00EB8300074BD0F8E0
:105560000027134043F00203C0F80037044803B09B
:10557000F0BD0448FBE700BF700E0020F0F8FCFF10
:105580000000AD0B0400AD0B2DE9FF411368074689
:105590000C461546FBB1CEB2DFF83C81083638F830
:1055A000162002F02202222A22D00022CDE9002277
:1055B0008DF80E208DF80F200DF10E010DF10F0268
:1055C000204604F092FE38F8163023F0020343F030
:1055D000010328F816306B684BB393F800C05A6883
:1055E0003D4EE3B2083336F81310880702D5B2B146
:1055F0003A481FE021F02001C904C90C26F8131015
:105600006AB1BCF1030FF3D86A683868526812783F
:10561000BCF1000F11D102F5A27240F822C036F899
:10562000132022F01C0242EA8C0226F81320AB68F9
:1056300043BB2B4804B0BDE8F08100EB820041EA97
:105640004231D0F810E52EF0030EC0F810E53F68A7
:1056500007EB820741F02001D7F8100526F8131058
:1056600020F4473020F44070C7F810052002D7F826
:1056700010E500F4F85040EA0C4040EA0E00C7F88C
:105680001005CCE7D3E900672046FFF7CBFE002EDC
:10569000CFD0114DD5E90023964203D19F4201D1CD
:1056A000002209E00F480DF10F01FFF753FE0C4BEC
:1056B0009842BFD19DF80F2045F83260E4B205EB67
:1056C000C20308345F6035F8143043EA422343F4E0
:1056D000807325F81430ACE7700E00200400AD0B89
:1056E0000000AD0BC80E00202DE9FF4107460C4617
:1056F0001E4612B3CDB2DFF8D080083538F8153029
:10570000980701D4990621D413F01C0F02D05378C6
:10571000012B1BD001238DF80F300023CDE900238E
:105720000DF10F01931C2046013204F0DEFD38F824
:10573000153043F0030328F81530002E42D0E1B2B3
:10574000214D083135F81120930703D41F4804B0C8
:10575000BDE8F08196F800E0D7F800C022F0200202
:105760000EF5A270D2040023D20C4CF8203025F89C
:10577000112096F801C0BCF1000F23D03868B6782C
:1057800000EB8E004FEA0C4CD0F8103523F4981340
:1057900023F4F853C0F81035230203F4F8530CF443
:1057A000403C3605D0F8107543EA0C0306F4801629
:1057B00042EA4E32334342F020023B4325F81120A7
:1057C000C0F810350248C2E7700E00200400AD0B8F
:1057D0000000AD0B014BC3E902127047700E0020B0
:1057E000C9B20831044B33F81130990643BF5B0B43
:1057F0000248137002487047700E00200000AD0B85
:105800000400AD0B70B5164D95F8604006462CBBF4
:105810002146402205F1100005F0A6FA30682E6DF1
:1058200021468E420ED10023C0F87C31D0F87C3165
:1058300040F30730F7F7C2FC01230A4885F86030CF
:10584000AB6570BDCBB29B0003F580727C2B08BFAB
:10585000845001F1010108BF8358E2E70248F0E7F4
:10586000700E00200000AD0B0C00AD0B034B93F845
:105870006000003818BF0120704700BF700E002084
:105880000148FFF78BBD00BFC40E00200148FFF7A1
:1058900061BD00BFC40E002073B503680C46D3F889
:1058A00004130029A4BF4FF00041C3F80413E3B26E
:1058B0001D49083331F8133099061AD513F0020642
:1058C00017D15B0B9C00056804F580716E50695818
:1058D00001682144D1F8104544F00104C1F8104595
:1058E0002AB10168012202FA03F3C1F8043302B0BD
:1058F00070BDC3F38203042B12D0052B12D001A874
:10590000019404F0E8FC019AD0F81035D34003F07C
:105910000103991C204602B0BDE8704004F02EBD82
:105920000321F7E70221F5E7700E00202DE9F34788
:10593000544B554FD3F80403396DC0B240F00040CA
:10594000FFF79AFD051E18DA0023F96D00936846EB
:1059500004F023FD4FF0010897F85C30DA075AD4C1
:10596000396D4FF00040FFF787FDF96D684604F090
:1059700014FD0028F0D125F000450124002D69D147
:1059800002B0BDE8F08794FAA4F4B4FA84F4E00815
:1059900004F1080304F0070237F813901DF80030F3
:1059A000019408FA02F223EA02030DF8003001A87C
:1059B00004F091FC019B03F5E0734FEA990150F864
:1059C0002360C9F3820A4B07D146C6F3014626D5A8
:1059D00020465146FFF708FD01A8019404F07BFC26
:1059E000019B03F5E073F6B250F82330C3F3014393
:1059F0009E4207D10021204604F0C0FC31462046DB
:105A000004F0BCFC01A8019404F065FC019B08FAB9
:105A100003F3C0F82035009C002CB4D1A0E7022E7F
:105A20000CD10321204604F0A9FC0AF00503012B48
:105A3000E8D149462046FFF7D7FCE3E7022120469C
:105A400004F09CFCBAF1030FF3D0032EDAD1BAF1C3
:105A5000020FEDE795FAA5F3B3FA83F304FA03F224
:105A60009B0003F1804303F5C04325EA0205D3F808
:105A70001005D3F81015C0F30420C1F30141FFF75E
:105A8000B3FC7BE700600040700E00200146014837
:105A9000FFF760BCD40E002008B5124BA8220021ED
:105AA000184605F061F9032202610F4942610F4A6D
:105AB0008161C2614FF480620262002282624262AE
:105AC000C26201660A49416610218166094902677E
:105AD0000346C266426711F8010D98540132102A3C
:105AE000F9D108BD1004002066DA02001000002081
:105AF000000000207FDA02002DE9F84FDFF87C80FB
:105B0000182606FB008E00FB06664644DEF824409D
:105B1000DEF828C07368A44507468946154603EB9E
:105B2000040022D8DEF820B0ABEB040A0AF1FF3300
:105B30009A4203D805F00AF92C440FE063449A42D4
:105B400019D852462C4405F001F9B4EB0B0405D0EA
:105B50007068224609EB0A0105F0F8F8182303FBE8
:105B6000078301205C62BDE8F88F0CF1FF3CACEBD1
:105B7000040C9445DED20020F5E700BF100400209D
:105B8000034B182202FB00339A6A586A801A704746
:105B90001004002010B4084A08490023C85C12F819
:105BA000014D844204D10133102BF7D110BC704752
:105BB00010BCFFF771BF00BF7FDA020010040020A5
:105BC00010B50446F6F738F90348044A012102F0FB
:105BD00059FD204604F015FC1CB2020080DA0200D8
:105BE0002DE9F843044600AF0D46EFF3118840233A
:105BF00083F31288BFF36F8F0428294A98BF294B7B
:105C00009668117C94BF53F82030274BE9468AB040
:105C10006A462648C2E9073140F201339384244B97
:105C2000C2E9050442F8103F224800234FF43151E5
:105C3000F6F7E6F9CD4645B1EB69C3F3080323B1A6
:105C40001D4A1C48012102F01DFD2EB1304604F012
:105C50007FFE08B1037803B91848E9468AB06A465E
:105C6000174BD061C2E9053640F201331384154B5E
:105C700042F8103F00230F484FF41151F6F7C0F9D6
:105C80002946CD462046FFF79BFF88F31188BFF3D6
:105C90006F8F3046F7F738FABD46BDE8F88300BF8E
:105CA0007C3D0020D0BB02008FDA02009DDA0200AA
:105CB000050000011CB20200C5DA020096C802000D
:105CC000E6DA02000400000138B5094B53F8204021
:105CD000013053F82050A54200D838BD636823B185
:105CE000204604F096FB0834F5E723689847FAE766
:105CF000E4BB020070B52B4B2B4C2C4D012286B01F
:105D000003201A70FFF7E0FFF6F7D4FC04F09DFBC8
:105D10000420FFF7D9FF2646AE4204F1300410D329
:105D200000F08CFE204C224EAC4226D300F09AFEAE
:105D3000F5F77AF91F4A137B23F00103137306B0BA
:105D400070BD54F80C3C059354F8103C049354F87F
:105D5000143C039354F8183C029354F81C3C0193F0
:105D600054F8203C009354E90A2354E90C0100F054
:105D70007BFC54F8303C5E65CDE7D4E90A23B3F1EF
:105D8000FF3F08BFB2F1FF3F05D052EA0301206890
:105D900003D100F027FF3034C6E73146183001F058
:105DA000B7F8F8E7253F0020CCB00200CCB00200E5
:105DB00043AA02005037002008B50348034A0021D7
:105DC000121A04F03EFB08BD28110020283F0020D5
:105DD00070B5002386B00122CDE90423134E144D83
:105DE00001930F22CDE902321249142303FB00551F
:105DF00006EBC01604464FF4C07000FB04110E4BB6
:105E000000954FF4A072304600F02EFC737B0B4AD5
:105E1000EE6023F0040373734FF4046304FB033355
:105E200013442C746B6006B070BD00BFD0360020E8
:105E30007C3D002040530020B9A50200004B00200B
:105E4000BFB50020FFF740FF2D4B83F308882D4D91
:105E50002D4E6B692D4F43F400736B61E02385F881
:105E6000223000242023EB772C766C76AC7685F8F4
:105E700020406B6A43F4E0236B6285F82340F7F718
:105E8000BFF8F7F751FA4FF0FF33AB62EB62F7F769
:105E900025FBF7F76DFAF5F73BFF1D4BB36040F2BA
:105EA00001129A81C3E919441C6704F09EFA01208B
:105EB000FFF70AFF0220174DFFF706FF00F006FE6E
:105EC000154B75610593012314490094CDE90343F3
:105ED0004FF480523B46CDE90144284600F0C4FB14
:105EE0006A7B064622F0040228466A7304F06CFDC1
:105EF0002046FFF76DFF3A4631462846F7F7F6F998
:105F00004053002000ED00E07C3D0020F55C0200E5
:105F1000703800205037002048DB0200C0540020B9
:105F200038B5064C064DAC4201D3002038BDD4E94B
:105F30000112204604F08AFA1434F4E7840F00209A
:105F4000840F002038B5064C064D0020AC4200D32B
:105F500038BD204604F0DFFA0028F9DB1C34F5E7F1
:105F6000300F0020840F002073B50C46EFF3118131
:105F7000402585F31288BFF36F8FC5685DB125603A
:105F80002B68C360836901338361002081F311882A
:105F9000BFF36F8F11E052EA030603D125606FF063
:105FA0000B00F3E7CDE900230246083000F0A6FC21
:105FB00018B9034B9B685B69236002B070BD00BFDA
:105FC0007C3D00202DE9F341044617461E46EFF3C1
:105FD0001188402383F31288BFF36F8FC368334A5D
:105FE0007BB180689168884219D057EA060318D1BE
:105FF00088F31188BFF36F8F6FF00F0002B0BDE818
:10600000F081916891F90E1021610133E36093688A
:10601000A36088F31188BFF36F8F0020EEE721693A
:10602000F2E791F90E1090F90E309942A8BF194687
:106030006FF07E029142B8BF11468B422DDD04F015
:10604000C6FA0546CDE9007619482246414600F0D9
:1060500055FC0028E1D0EFF31186402383F312882A
:10606000BFF36F8FA068D0B1236821699C420AD02A
:106070004BB193F90E309942A8BF19466FF07E03D9
:106080009942B8BF194604F0A2FA40B10848314617
:1060900000F0AEFC6FF00A00B0E70025D2E7002D5B
:1060A000F4D186F31188BFF36F8FF3E77C3D0020B6
:1060B000263F0020F8B583680546002B3FD0234AD1
:1060C000926893423ED1C368012B03D9013BC36060
:1060D0000020F8BDEFF31187402383F31288BFF34C
:1060E0006F8F0169806804F072FA2C68AC4207D1A6
:1060F0000023C5E9023387F31188BFF36F8FE7E709
:10610000002CF5D0D4E9003213605A60637B00267E
:1061100023F002036373C4E90066A66004F118006B
:1061200004F019FDAC6094F90E302B612046E6674F
:1061300004F04AFC0648394600F05AFCC8E76FF004
:106140001500C6E74FF0FF30C3E700BF7C3D0020DD
:10615000263F002037B51146EFF31185402282F328
:106160001288BFF36F8F04689CB12368426823F0E4
:1061700003039442036008BF43600121204604F0FA
:10618000ADFA044685F31188BFF36F8F204603B044
:1061900030BD51EA0302F5D000F10802CDE9001349
:1061A0001046294600F0AAFB0028EFD1014B9B685E
:1061B0005C69EBE77C3D002070B5EFF3118640236E
:1061C00083F31288BFF36F8F0468A0421AD0CCB15A
:1061D000D4E9003213605A60637B002523F0020388
:1061E000C4E900556373A56004F1180004F0B3FC22
:1061F000E567204604F0E8FB31460848BDE87040FA
:1062000000F0F6BBD0E902329A4218BF0133836036
:106210000221103004F079FDEEE700BF263F002098
:1062200013B5EFF31181402484F31288BFF36F8F0D
:10623000846844B1013C846081F31188BFF36F8F9F
:10624000002002B010BD52EA030406D181F3118888
:10625000BFF36F8F6FF00F00F3E7CDE90023024625
:10626000014800F04BFBECE7263F00201FB5094A30
:1062700092E8030002AB83E803004FF4006200934E
:10628000054906484FF0FF3300F04CF9002005B0F7
:106290005DF804FBB8B2020000650020D037002092
:1062A0002DE9FF414F4E04464027EFF3118887F355
:1062B0001288BFF36F8FD4F88050F5B9022104F132
:1062C000980004F04CFA002868D004F190050022F0
:1062D0000121284604F004FC0028F8D10023029391
:1062E0004FF0FF324FF0FF33CDE90023414604F178
:1062F00088023D4800F02AFDD7E7D4F884202B68B7
:10630000C4F88030954208BFC4F88430D4F898307F
:1063100043F00203C4F89830EB6823F0040343F021
:106320000103EB606B6888F31188BFF36F8F284619
:106330009847EFF3118887F31288BFF36F8FEB68EC
:10634000D80623F0010236D4EA60EB689A0716D526
:10635000306823F00203EB6088B10368002170B15C
:106360004268954235D1036869BB726833608242E6
:1063700000D17360002340F8083BFFF71DFFD4F8FD
:10638000983023F00203C4F8983088F31188BFF3E3
:106390006F8FDB0589D400F0A1FB86E7D4F8983035
:1063A000D9069BD5C4F8980088F31188BFF36F8F86
:1063B00004B0BDE8F08123F01103EB6005F110009B
:1063C000FFF7FAFEC1E70B607368834208BF716094
:1063D000D0E723B11A68014618461346BFE71A46AC
:1063E000F9E700BF9C3D0020263F0020F8B5C368B8
:1063F0009A0704460F46C3F340062CD45B071AD411
:106400000B680BB983680B60E368DD0744BFA368C2
:106410003B603D684CBF02260126002D3AD01F4B41
:106420009B68AB420AD0D5F89830D807C3F38002F6
:1064300014D46FF0120600233B6025E004F07FFACD
:10644000D5F898300028F0D1D907C3F3C002F0D5B1
:1064500052B15B0708D46FF00F06ECE7002AFAD1BF
:10646000C3F3C003002BF6D100232360D5F884309A
:1064700063B9C5E92044284604F08CF9E36843F089
:106480000403E3603B68A3603046F8BD1C60C5F8B8
:106490008440F0E76FF01506CDE700BF7C3D00209B
:1064A000F8B5C36803F00503002B06460C4614BF7D
:1064B000012700271CD085680122002104F110006B
:1064C00004F03DF91349204604F0BCF9E36843F0B9
:1064D0001003E360F3685B0712D5336823606BB980
:1064E000D5F8843033B9C5E92044284604F052F980
:1064F0003846F8BD1C60C5F88440F6E73460F4E720
:10650000D5F880302360D5F88430C5F88040002B62
:10651000EBD1F0E775A702000146014804F0BDB9D0
:10652000D0370020F0B589B004460020C4E920002F
:106530000E9D04F18800C4E9220004F19000C4E932
:1065400024004DB32879002840F2011008BF012033
:10655000C4F8980000204FF0FF364FF0FF37CDE928
:106560000330CDE90100CDE906670C4B00942046CD
:1065700000F0C6F855B1296811B1204604F0E5F9DC
:106580006B791BB1237B43F001032373204609B0D1
:10659000BDE8F04000F026BB0120D9E7A16202006F
:1065A00037B501900846EFF31184402181F312883A
:1065B000BFF36F8FC16811F01E0F16D153EA0205A9
:1065C00008D101A9FFF712FF84F31188BFF36F8F81
:1065D00003B030BD41F00801C16001998162103003
:1065E000034900F095FC0120EEE70020ECE700BF36
:1065F00009A8020001460148FFF7D2BFD0370020AA
:10660000F7B50C46019016461D46EFF3118740235F
:1066100083F31288BFF36F8F084604F0ACF855EA95
:10662000060309D101A92046FFF7E0FE87F3118890
:10663000BFF36F8F03B0F0BDE368074943F0080371
:10664000E360019BA36204F1100032462B4600F088
:106650005FFC0120EAE700BF09A8020001460148EB
:10666000FFF7CEBFD03700202DE9F043073285B0C9
:1066700022F007020E461F461099017300F15803DD
:106680007F32C0E916330446002322F03F02042182
:10669000836041733F2A0F98A073C4E90633E37304
:1066A00006F14009A2F1400805D883F31188BFF331
:1066B0006F8F084602DFB51829462046F6F744FAE0
:1066C00007300E9B20F00700E066C4E9199802939A
:1066D0000D9B01932D1A0C9B00932A463B46314695
:1066E0002046F6F7D1FD00236365044B9B6803B198
:1066F0001B6F2367284605B0BDE8F0837C3D002072
:10670000F0B587B000250595109D04950F9D039564
:106710000E9D0295DDE912760D9D01950C9D00956B
:106720000446FFF7A1FFB6F1FF3F08BFB7F1FF3FF7
:1067300005D056EA070305D1204600F053FA20465B
:1067400007B0F0BD03493A46334604F1180000F0A3
:10675000DFFBF4E743AA0200094A93686FF00A01DD
:10676000D967084998674B6843F080534B60002312
:1067700083F31188BFF36F8F9368D86F704700BFA2
:106780007C3D002000ED00E070B590F90D20437BCA
:10679000002A39DBD90637D18269002A34D11D4C51
:1067A00063F07F032246437352F8183F93422CD183
:1067B000E169C0E900210860E06111E09942F8D088
:1067C0001B68002BF5D090F90E5093F90E60B5427E
:1067D000F4D0AE42F2DD5968C0E90031086058607B
:1067E000A569954200D005B9E568A3685A7BD20631
:1067F00004D1DA897F2A01D9AA6942B1AB4202D019
:10680000284600F0E3FA656170BDE169D9E763618C
:10681000FAE700BF7C3D002038B590F90D20437B9E
:10682000002A014604DA03F07F03437304F092F870
:106830000D4D2A46AB6852F8184F944200D004B967
:10684000EC688B4207D05A7BD20604D1DA897F2AC2
:1068500001D9A2692AB1A34202D0204600F0B6FABB
:1068600023466B6138BD00BF7C3D002070B590F9B8
:106870000D20437B002A014604DA03F07F034373B3
:1068800004F068F84B7B1C4C63F07F0322464B738B
:1068900052F8183FE069934207D1C1E90020016036
:1068A000E16111E09842F8D01B68002BF5D091F916
:1068B0000E5093F90E60B542F4D0AE42F2DD586846
:1068C000C1E9003001605960A569A368954200D014
:1068D00005B9E5688B4207D05A7BD20604D1DA8924
:1068E0007F2A01D9AA692AB1AB4202D0284600F01A
:1068F0006DFA2B46636170BD7C3D0020F8B5124BEC
:106900000C461146114A98681060DDE90676EFF3EF
:106910001182402282F31288BFF36F8F9D68284650
:1069200004F02AF8B6F1FF3F08BFB7F1FF3F06D0E9
:1069300007493A46334605F1180000F0E9FA2046C7
:10694000BDE8F840FFF708BF7C3D0020A43D0020D3
:1069500043AA0200F8B50446EFF31186402383F3FF
:106960001288BFF36F8F437BDA0649B217D1826971
:10697000AAB903F07F03437303F0ECFF1B4D437B85
:10698000817363F07F032A46437352F8183F9342A2
:106990002AD1E869C4E900200460EC6116E0A17323
:1069A000002086F31188BFF36F8FF8BD8342F1D0CA
:1069B0001B68002BEED093F90E70B942F6D08F42CF
:1069C000F4DD5968C4E900310C605C60AC69944244
:1069D00000D004B9EC68AB689C4202D0204600F0BD
:1069E000F5F96C610120DCE7E869E2E77C3D002015
:1069F00049B9EFF3058030B9054B5A699B689A4253
:106A000001D0FFF7A9BE81F31188BFF36F8F7047E4
:106A10007C3D0020034648B9EFF3058232B9064AAF
:106A200051699268914201D0FFF796BE83F31188B5
:106A3000BFF36F8F704700BF7C3D0020EFF31181E3
:106A4000402383F31288BFF36F8F054B9A68D37B83
:106A5000013BD37381F31188BFF36F8F704700BF81
:106A60007C3D002070B5EFF31186402383F312883C
:106A7000BFF36F8F144DAB68DA7B0132DA732A46AD
:106A800052F8184F944200D004B9EC685A7BD206F1
:106A900004D1DA897F2A01D9A2692AB1A34202D09E
:106AA000204600F093F923466B6186F31188BFF30B
:106AB0006F8FEFF31180402383F31288BFF36F8F42
:106AC000BDE87040FFF7A6BF7C3D0020024B03F1FC
:106AD0001802C3E9062270477C3D002070B5EFF331
:106AE0001186402383F31288BFF36F8F1B4CA1687C
:106AF000E0690B68814214BF1A46002249680B60A6
:106B00005960A368E1692AB9154AC3E900210B60FD
:106B1000E3610CE093F90E0092F90E50A84218D0F0
:106B2000854216DD5168C3E900210B605360A569F9
:106B30000B4B9D4200D005B9E568A3689D4202D089
:106B4000284600F043F965613046BDE87040FFF724
:106B500003BE8A42D8D01268D5E700BF7C3D002032
:106B6000943D002050EA01032DE9F04105460E4610
:106B700004D1FFF7B3FF0020BDE8F081831C71F161
:106B8000FF3324DB04F008F82C18EFF311884023BE
:106B900083F31288BFF36F8F0F4F104BB8681860E4
:106BA000FFF73AFEB8680E492A463346183000F01F
:106BB000AFF9BA68537B43F0040353734046FFF7C1
:106BC000CBFD03F0E9FF201A20EAE070D4E76FF074
:106BD0000104241AD9E700BF7C3D0020A43D002019
:106BE00043AA020038B50446183003F0B4FFEFF3AF
:106BF0001185402383F31288BFF36F8F637B5A079D
:106C000004D485F31188BFF36F8F38BD23F00403DC
:106C100063732046FFF7B8FDEFF30583002BF0D137
:106C200029460248BDE83840FFF7E2BE263F002073
:106C3000014B9868704700BF7C3D00202DE9F84368
:106C40000446EFF31187402383F31288BFF36F8F5D
:106C5000067B16F001060DD087F31188BFF36F8F06
:106C6000002383F31188BFF36F8F0423184602DFDC
:106C7000BDE8F883437B1A0704D587F31188BFF377
:106C80006F8FF5E7D90943F0080250D14273A3682A
:106C900013B1204603F066FE04F1180003F05BFF19
:106CA000A56D04F15808A84511D04FF0000975B141
:106CB000284603F057FE05F1180003F04CFFC5F815
:106CC0007C902846FFF760FDA56DA845EFD11C4DCF
:106CD000AB689C4204D1EFF30586003E18BF012645
:106CE000D5F81880174A904502D0B8F1000F01D1AD
:106CF000D5F80C80434502D0404600F067F8C5F84F
:106D0000148046B1104BAB6040F201129A81002210
:106D1000C3E919221A67AB689C42AED1EFF3058331
:106D2000002BAAD13846BDE8F843FFF715BD03F0A4
:106D30007F0343F00803437303F00CFEA7E700BF93
:106D40007C3D0020943D002070380020D3B5DDE963
:106D50000667089CCDE90067FFF7D0FD1CB1034B27
:106D60009B685B69236002B0D0BD00BF7C3D002002
:106D7000044BC01A044BC0105843044B01221A5450
:106D8000704700BFF0380020ABAAAAAA263F002017
:106D9000C3897F2B12D80A4B1B6863B1094B90F94A
:106DA0000E201B689A4209DB437BDB0606D1064BAB
:106DB000C31A18BF012303F0010070470023FAE74C
:106DC000AC3D0020A83D0020D036002070B50E4B11
:106DD0000E4C1E7C06EB460304EBC304054620461E
:106DE00003F0B9FE0A4B002228469A55FFF7D0FF60
:106DF00048B1084B08491A68013A2046D317BDE844
:106E0000704000F085B870BD7C3D0020F038002057
:106E1000263F0020AC3D0020716D020038B5EFF335
:106E20001185402383F31288BFF36F8F104B114AF3
:106E30009C681068A04206D1FFF7C8FF85F311884F
:106E4000BFF36F8F38BD00211B7C11600A4AD35CF1
:106E5000002BF3D02046FFF79BFF0028EED0637B8A
:106E6000DB0602D12046FFF701FD2046E4E700BF24
:106E70007C3D0020A43D0020263F00200748084A12
:106E8000084908B5121A03F0DEFA0748074A08490C
:106E9000BDE80840121A03F0D6BA00BFC0040020B3
:106EA00028110020C0DB0200B8040020C00400202C
:106EB000B8DB0200024B1868984208BF00207047F8
:106EC000D80E0020034B1B680BB9FDF7E3BA002076
:106ED000704700BFB03D002030B570B10B4B5B6810
:106EE00098420AD0036843B1D3E90421D0E90445AC
:106EF000121941EB0501C3E90421D0E90032136006
:106F00005A600023C0E9003330BD00BFD80E002016
:106F1000B3F1FF3F08BFB2F1FF3FF8B504461D468D
:106F200016465AD08160EFF31187402383F312880D
:106F3000BFF36F8F013275F1FF3321DA2C49D1E9AC
:106F400000206FF001039B1A4FF0FF3262EB00004C
:106F50009E1B60EB0500012E70F1000301DA012693
:106F60000020C4E90460FFF7A5FF224E8446706844
:106F7000BCF1000F0DD1C4E90060046074601CE036
:106F8000FFF7A0FF013645F10005361845EBE0702C
:106F9000E7E7DCE90425D4E90431934271EB050EFF
:106FA0001CDAD21ADCF8043065EB0105CCE90425C3
:106FB000C4E900C31C60CCF80440FFF77BFF8442A7
:106FC00007D10D4B1C6824B903F0ACFD2146FDF739
:106FD00033FA87F31188BFF36F8FF8BD9B1A61EB0B
:106FE00005018445C4E90431C5D0DCF800C0BFE721
:106FF00008390020D80E0020B03D00202DE9F047D0
:10700000EFF31185402383F31288BFF36F8FDFF80E
:10701000A090DFF8A080C9F80000FFF74BFF002622
:107020000027D9F80030D8E900ECD91750B1D0E9E1
:107030000442A34271EB020A1ADAE41A62EB01027B
:10704000C0E9044213EB0E034CEB01010024C8E934
:107050000031C9F8004003F065FD2146FDF7ECF969
:1070600085F31188BFF36F8FBDE8F047FFF7D6BEF9
:1070700014EB0E024CEBE473C0E90467C8E900238B
:10708000FFF72AFF85F31188BFF36F8F8368984756
:10709000EFF31185402383F31288BFF36F8FD9F884
:1070A00000301B1BC9F80030FFF704FFB9E700BF31
:1070B000B03D00200839002010B5EFF311844023C3
:1070C00083F31288BFF36F8FFFF7FCFE054A034678
:1070D000D2E90001181841EBE37184F31188BFF382
:1070E0006F8F10BD08390020F8B50446EFF3118703
:1070F000402383F31288BFF36F8F026822B187F3B6
:107100001188BFF36F8FF8BDD0E90A36581C46F1DD
:107110000001022871F1000127D3012B76F1000153
:10712000BCBF012316465D1E46F1FF3603F038FD55
:10713000013041F10001401946EB0101012871F1D4
:10714000000139DB03F02CFD013041F100016FF04B
:107150000102401946EB0103121A4FF0FF3161EBB7
:10716000030318492046FFF7D3FE236B0133236343
:10717000236A6BB187F31188BFF36F8F236A2046B0
:107180009847EFF31187402383F31288BFF36F8F83
:1071900054F8185FA542B2D0002DB0D0284603F0B5
:1071A00022FC0023EB6787F31188BFF36F8F28461B
:1071B000BDE8F84003F008BC6FF001024FF0FF3368
:1071C000CFE700BFE97002002DE9F04105461C46FB
:1071D00090461F46EFF31186402383F31288BFF3D6
:1071E0006F8FB4F1FF3F08BFB2F1FF3F05D186F3C7
:1071F0001188BFF36F8FBDE8F081531C74F1FF332A
:1072000009DB012A74F10003BCBF0122002412F142
:10721000FF3844F1FF37284603F09DFCDDE9060105
:107220000023C5E90A012B63034942463B46284631
:10723000FFF76EFEDBE700BFE970020038B50346DA
:10724000EFF31185402282F31288BFF36F8FC16084
:10725000012181600068834206D185F31188BFF364
:107260006F8F0024204638BDD0E9003213605A6089
:107270000023C0E9003303F002FD2946044602481A
:10728000FFF7B6FBEEE700BF273F002073B50646C9
:107290000D4603F054FB78B90B4B9B681C6F7CB117
:1072A0002A1D09D200200021CDE9000146F0040189
:1072B000204603F0D3F808B9002401E00460041D5F
:1072C000204602B070BD00BF7C3D00200CB430B53C
:1072D00089B005460C461C22002101A803F044FD9C
:1072E00002238DF806300E4B0293059523462CB1F0
:1072F000B4F1004F28BF4FF00043013B1D440DAADD
:107300000C99069501A8009200F00CF814B1059BA9
:1073100000221A7009B0BDE8304002B0704700BFCB
:107320005FAE02002DE9F04F8DB043680293837881
:1073300015469A07804640F10D8100240E78002EF4
:1073400000F00A81252E0BD04B1C03930134029BC5
:107350004146304698470028C0F2F6800399EDE791
:107360004E788B1C252E0393F0D00027B946BB46E0
:10737000BBF11F0F38D8A6F12003102B0AD8DFE885
:1073800003F02A0909300909092109090928092DE9
:1073900009091F00A6F13003092B33D92A2E37D152
:1073A0001BF0400F55F8043B40F08280002BA7BF34
:1073B0004BF0200B9946C3F100094BF0280B01E07C
:1073C0004BF0010B039B13F8016B0393002ECFD1FD
:1073D00030E04BF0020B4BF0040BF3E74BF0080BE3
:1073E000F0E74BF0100BEDE7BBF17F0F19D8A6F1DA
:1073F0003003092BD2D81BF0400F03D00A2101FB28
:107400000737DFE70A2101FB09394BF0200BD9E7E9
:107410002E2E06D11BF0400F40F09E804BF0400B0B
:10742000D0E76C2E31D02BD8682E36D06A2E3CD0C7
:107430004C2E3AD0002F46F02003B8BF2BF040026C
:10744000A3F16501BCBF1FFA82FB0027022901D905
:10745000612B2FD1073525F00705DFF8ACA20835E1
:1074600007271BF0080F66D00AEB070B56465E4550
:1074700063D1A4EB0A0A06EB0A02A9EB07096FE144
:10748000742E9FD07A2E9DD0D4E71BF0800F18BFAA
:107490004BF4007B4BF0800B94E71BF4807F18BF0C
:1074A0004BF4007B4BF4807B8CE74BF4207B89E72B
:1074B0001F4687E7A6F16301122900F2F080DFE89A
:1074C00011F013004F00EE00EE00EE00EE004F0052
:1074D000EE00EE00EE00EE00EE00FE00E900EE0031
:1074E000EE001B00EE00AF0055F8043B8DF818309D
:1074F00001270DF1180AB4E755F804AB834BBAF134
:10750000000F08BF9A461BF0400F14BF39464FF0DA
:10751000FF31504603F040FC0746A2E7029B41467C
:107520002020984700280FDB013EB742F6D34C4499
:10753000A41BB14698E74E46F7E716F8010B029BED
:1075400041469847002892DA98F8023043F0040345
:1075500088F802304FF0FF3420460DB0BDE8F08FC0
:107560001BF0800F34D01BF4007F2CD0073525F0A2
:107570000705AA4669685AF8080B2BF01005002980
:10758000ADB237DA404261EB410145F480650DF15F
:10759000180B0A235A4603F00BFCA0EB0B030193D4
:1075A0006B0662D5019B25F001019F4289B240F331
:1075B000A180002E00F0998015F0100240F09C8010
:1075C000BB460D4623E0AA465AF8040BC117D4E780
:1075D000AA461BF4807F5AF8041B01D10846F5E740
:1075E0001BF4007F15BF48B208B241F3C01141F34C
:1075F000C031C2E750EA0103C9D11BF0400FC6D029
:10760000002FC4D12BF0110295B2BB46019740F276
:10761000064115EA01021CBF0BF1010B00222CE010
:107620002BF010021FFA82FB0A231BF0800C49D0BA
:107630001BF400711DBF073525F00705AA46AA46B1
:107640001ABF5AF8080B69685AF8040B50EA01058A
:1076500045D12BF016051BF0400FADB242D0002FE4
:1076600040D12BF0170295B2019715F0100248D0C7
:10767000019B002E42D103F1010B29075AD4EB07DD
:1076800006D5D9456FDD0199A9EB0B035F18CB46F1
:107690005B4649E04BF0100B10237826C5E7782BAA
:1076A00004D1C6F1780343F01003BEE7029B4146C4
:1076B000252098470028FFF647AF023447E6082305
:1076C0000026B2E7AA461BF480715AF8040BBDD01D
:1076D0001BF400711ABFC0B2614680B2B6E72BF04E
:1076E000060295B20DF1180B54E725F01105ADB265
:1076F000BB468CE70D46B8E73B460D4603F1020B4F
:10770000BBE7DDF804B082E7ADDB0200A6DB0200D8
:10771000CDE904324146029B202098470028FFF61D
:1077200013AF049B059A01339945F1DCA4EB0B01DF
:10773000CC189B460AB3029B41463020984700284C
:10774000FFF602AF8EB901342744019B391B9942E1
:1077500024DC1D465DBB019AA9EB0B09224455466A
:107760001446914435E0019F92E702344146304689
:10777000029B98470028E7DAE6E640F206410D4210
:10778000E2D015F0020F14BF2B20202015F4806FDB
:1077900004F10104414618BF2D20E9E7029B414650
:1077A00030209847002804F10104CEDACCE606AB7D
:1077B000013D4146585D029B98470028CADAC3E65E
:1077C000029B414620209847002804F10104FFF65F
:1077D000BBAEA9EB0403002BF2DCBFE57047836866
:1077E00000EBC101B3F5004F2CBF51F8220031F876
:1077F0001200704700EBC1018068B0F5004F2CBF4C
:1078000041F8223021F81230704708B50122FFF705
:10781000E6FFD04008BD8368B3F5004F00EBC1011F
:1078200008D34B681AB143F001034B60704723F053
:107830000103FAE74B881AB143F001034B8070470C
:1078400023F00103FAE753000122FFF7D3BF836857
:10785000B3F5004F34BF04230823C91A081AC0081F
:107860007047B0F5004F34BF04230823481C083389
:10787000A0EBD300B0FA80F0C0F11F0070472DE9F3
:10788000F041174603220E460446FFF7A8FF864242
:10789000054607F104080AD1E3680122BA4023EA49
:1078A0000203E360002344F82830BDE8F08131464C
:1078B00002222046FFF793FF2B460646014644F876
:1078C000285020460322FFF795FF334629462046DD
:1078D0000222BDE8F041FFF78DBF70B50D46866806
:1078E0000446FFF792FFB6F5004F014601D3012889
:1078F00009D03046FFF7B5FF294602462046BDE8CD
:107900007040FFF7BCBF70BD2DE9F04705468068A9
:10791000FFF7A7FF05EB800A8846DAF810900646C5
:10792000B9F1000F1BD00327DAF810402846214692
:10793000FFF76BFF404507D3324621462846FFF745
:107940009EFF2046BDE8F087032221462846FFF728
:1079500046FF013FCAF8100001D08145E4D1EB6831
:1079600001364FF0FF34B4401C40EAD094FAA4F240
:10797000B2FA82F2131D55F82340DEE72DE9F041FB
:10798000144605460E46FFF740FFA4EB0608371BDA
:107990000744424631462846FFF755FF3A462146FE
:1079A0002846FFF750FF4346002221462846FFF7AE
:1079B00021FF21462846FFF728FF3B4621180022D9
:1079C0002846BDE8F041FFF715BF2DE9F041164606
:1079D00004460F46FFF719FF314605462046FFF7DC
:1079E00014FF05442A4639462046FFF72CFF31464E
:1079F0002046FFF70AFF2B46311800222046BDE83B
:107A0000F041FFF7F7BE2DE9F0410D4686680446C8
:107A1000FFF7FBFEB6F5004F014601D3012832D037
:107A20003046FFF71EFF04EB80010E6996B9E3684C
:107A3000012282401343E36002220D612B46294656
:107A40002046FFF7D7FE032229462046BDE8F04135
:107A5000FFF7D0BE022231462046FFF7C0FE29467E
:107A6000034607462046FFF7C5FE03223346294654
:107A70002046FFF7BFFE39462B462046FFF7BAFEE9
:107A800002223146E1E7BDE8F081F8B50C46054633
:107A9000FFF7BBFE2618012231462846FFF79FFE5E
:107AA000C3070CD431462846FFF717FF2146284666
:107AB000FFF7ABFE214622182846FFF786FF00227B
:107AC00021462846FFF78BFE271A01223946284611
:107AD000FFF785FE10EA020613D139462846FFF764
:107AE000FCFE214632462846FFF779FE2246211A3F
:107AF0002846FFF76AFF214632462846FFF76FFE09
:107B0000241A21462846BDE8F840FFF77CBF38B567
:107B100071B105682846FFF79AFE00220446014627
:107B20002846FFF778FE2146BDE83840FFF7ADBF95
:107B300038BD70B5066809B9002070BDB368B3EBF5
:107B4000D10FF9D9B3F5004F34BF04230823CC1D5E
:107B50001C44E40821463046FFF7D6FE05460028BF
:107B6000EAD001463046FFF750FEA04209D92C4426
:107B7000294630462246FFF701FF21463046FFF7EF
:107B800042FF304601222946FFF745FEB368B3F5B0
:107B9000004F34BF0423082303EBC5031844CCE78C
:107BA0002DE9F84306681446B26801F1FF39B2F5D1
:107BB000004F34BF0423082319EA01090F460BD0F4
:107BC000494239408B424F4628BF0B46894654B93B
:107BD00000252846BDE8F8839942F8D82146BDE83B
:107BE000F843FFF7A6BFB2EBD40FF1D9E11DB2F510
:107BF000004F394434BF04220822C91A1144C9086D
:107C00003046FFF781FE80460028E1D0B368B3F527
:107C1000004F34BF0423082309EBC0051D4435443D
:107C20007B1E1D44B5FBF7F57D43A5EB09052946F1
:107C30003046FFF70CFE2C44073424F00704A41B45
:107C4000804507464FEAE40408D2024641463046E2
:107C5000FFF794FE41463046FFF7D5FE39463046E1
:107C6000FFF7D3FD3844844208D2394630462246D5
:107C7000FFF784FE21463046FFF7C5FE0122394654
:107C80003046FFF7C8FDA4E7B2F5802F2CBF0823CC
:107C90000423D21A2DE9F0418C18CD1D25F00705DB
:107CA00024F00704641B0026E40805602146AC604C
:107CB000EE602046FFF7D5FD421D9200013002F133
:107CC00007074FEAD707A2F110023146B8BF324684
:107CD00005F1100003F048F83A4631462846FFF710
:107CE000B2FD3346324631462846FFF783FDA4EB0A
:107CF0000708284631460122FFF78DFD42463946E6
:107D0000FFF7A1FD3B46324639462846FFF772FD94
:107D100021462846FFF797FD43463246214628462E
:107D2000FFF768FD214628460122FFF774FD39461A
:107D3000BDE8F041FFF767BE2DE9F04706460D4666
:107D4000174698462BB398F8004093F80190DB78DB
:107D5000A40004EB430498F802301C4444444FF060
:107D6000000ACA4509D3D8F8042008F108033946A7
:107D70003046AC46BDE8F047604714F8013B48F890
:107D800023402046F2F7D4FF013004440AF1010AEF
:107D9000E7E76FF01500BDE8F08770B500250246F3
:107DA0002846144614F8013B0BB9184609E098B16F
:107DB0008D4207D1702B04D0A3F140023A2A0BD890
:107DC000002070BDA3F140063A2E05D85378013546
:107DD000941C002BE9D00020252B08BF80F0010067
:107DE0002246DEE70020704700F0D3BB0FB407B592
:107DF00004A951F8040B019100F0CBFB03B05DF82E
:107E000004EB04B070470FB407B504A951F8040B94
:107E10000191FFF7E9FF03B05DF804EB04B0704790
:107E200010B50369024613F0080009D11368D4683D
:107E30009C4297BF126AE31AD31A01200B6010BD4F
:107E400000231846FAE713B501A90446FFF7E8FF37
:107E500020B1019BE268013B13440193206A019B1E
:107E6000C01A013802B010BD10B50446501822697E
:107E7000236AD20702D5013B184010BD984228BFA3
:107E8000C01AFAE710B504460A46C168FFF7ECFFCE
:107E90002369E06023F00803236110BD38B50D4667
:107EA000C2698B00016843F0020342F821300446A6
:107EB00001682A46FFF7D8FFE368616820609842AE
:107EC00002BF236943F0080323612A462046FFF7D7
:107ED000CBFF606038BD2DE9F74FC768C6699B4688
:107EE00016F8273003F00303022B04468846914618
:107EF00006EB870A4FF0000309D01360CBF800307F
:107F00002369990710D4002003B0BDE8F08F56F81C
:107F1000271013608908CBF80030F1D0FFF7B2FFCB
:107F2000E368A3600120EFE7A3695046984716F87D
:107F30002730DA070546E6D513F002031DD0B8F165
:107F4000000F03D041462046FFF7A8FF61682A468C
:107F50002046FFF789FFD4E902319942606004D1DD
:107F60002A462046FFF780FFA060A3682360E360F5
:107F7000236943F008032361D4E7014620460193B7
:107F8000FFF780FFE268A260B8F1000F04D021681B
:107F9000E269019B42F8213005EB0802CBF8002092
:107FA00021682046FFF760FF2369206043F0080343
:107FB000236116F827306FF3000306F82730C9F85D
:107FC00000A0AFE770B504461546FFF74DFF2368E4
:107FD000834205D12369216023F00803236170BD2A
:107FE000E269AB0043F0020342F8213020466168A9
:107FF0002A46FFF739FF6060F1E738B503695B0790
:10800000044606D5456AFFF71EFF85422CBF656210
:10801000606238BD38B50D4604461C22002102F0CE
:10802000A3FEEB68A361AB6863612B68E3616B68D7
:108030002362002262622A6923B1591E194208BFD5
:1080400042F001022261012204F128000021BDE872
:10805000384002F074BB2DE9F04F87B00025009343
:10806000036A03958B4204460E4692460595A9463F
:1080700039D3EFF3118B402383F31288BFF36F8F53
:10808000059AD8462AB129462046FFF79BFF0023D0
:10809000059304A92046FFF7C3FE0499B1420746A1
:1080A0002AD32268E36913F8221021F0030103F8B0
:1080B000221003EB8209216832462046FFF7D4FEE6
:1080C000E3682060984212D0002788F31188BFF33C
:1080D0006F8F039929B162690AB120469047002346
:1080E0000393002FC5D1484607B0BDE8F08F236940
:1080F00043F008032361E7E718B12046FFF7CEFEFF
:10810000E3E7009B5AEA03021CD0019102F017FC3E
:108110000199B8B9BBF1000F14D187F31188BFF3EF
:108120006F8F009B524604F12800FEF779F8EFF3B9
:108130001188402383F31288BFF36F8FB0FA80F762
:108140007F09C2E705AB03AA20462568FFF7C3FEF7
:108150000746BAE770B50446836908460D46984756
:108160000246EFF31186402383F31288BFF36F8F2B
:108170002B7843F001032B7061682046FFF774FEF3
:1081800060602046FFF739FF86F31188BFF36F8FD9
:1081900070BD2DE9F04104464027EFF3118687F3C7
:1081A0001288BFF36F8F236913F0080FA36802D101
:1081B0006268934200D9226AE169D21A32B986F321
:1081C0001188BFF36F8F4FF0000833E011F82320C0
:1081D00012F0030001EB8308F1D0022803D151F81B
:1081E0002350AD0805D1D00712D4A3694046984763
:1081F0000546A1682A462046FFF736FE2946A060BC
:108200002046FFF73FFE86F31188BFF36F8FC4E768
:1082100042F0020201F823204046A369A56898476E
:10822000294602462046FFF71FFEA06086F311880C
:10823000BFF36F8F4046BDE8F081F8B5044683690F
:1082400008460D4698470646EFF31187402383F30F
:108250001288BFF36F8F2B786FF300032B702369A5
:108260009B0705D5E268E36903EB82039D421AD1BF
:108270002B786FF341032B70D4E90231994204D17A
:1082800032462046FFF7F0FDA06031462046FFF75A
:10829000F9FD87F31188BFF36F8F04F12800BDE863
:1082A000F840FDF789BF2B6860F39F032B60F0E770
:1082B000EFF31181402383F31288BFF36F8F0369BB
:1082C00013F0080F836802D14268934200D9026A12
:1082D000D31A81F31188BFF36F8F181E18BF0120C6
:1082E0007047A0F13003DBB2092B02D80B700020DD
:1082F0007047A0F16103052B02D85738C3B2F5E7E8
:10830000A0F14103052B01D83738F7E76FF01500CE
:108310007047F7B5054601F0010000EB51069E429B
:108320004FEA510703D90026304603B0F0BD58B1DB
:1083300028780DF10701FFF7D4FF0028F3DB9DF843
:10834000073002F8013B013501351744BA42EBD042
:1083500015F8010C0DF10701FFF7C3FF0028E2DB60
:108360009DF807402401E4B2147015F8020BFFF7E2
:10837000B8FF0028D7DB9DF807301C4402F8014BFA
:10838000E4E7038B13F0070305D10368002B0CBF50
:10839000002003207047022B05D1408BB0FA80F0FB
:1083A000400980007047012B05D10368002B0CBFEA
:1083B0000020052070470020704710B50C4600B122
:1083C00011B96FF0150010BD081D00F093F80028DA
:1083D000F9D1A368032BF6D9F3E72DE9F0410D4657
:1083E00007461946281D90461E4600F097F8044699
:1083F00038B13346424629463846A446BDE8F041E6
:108400006047BDE8F08110B4EFF31182402484F39B
:108410001288BFF36F8F416110BC0121F3F73EBAA0
:1084200038B50C46054658B151B10B6843B14B689D
:1084300033B11C22002102F097FC2C61002038BDD2
:108440006FF01500FBE770B505460E46FFF7B5FF68
:10845000041E14DBEFF31182402383F31288BFF371
:108460006F8F6B8B2C8B4FF6FF718B4204F00704E0
:1084700007D182F31188BFF36F8F6FF00A04204693
:1084800070BD022C0CD101336B8382F31188BFF3D2
:108490006F8F0023224631462846FFF79EFFEEE706
:1084A000062C14D8DFE804F004131313041A040094
:1084B000002333606B683BB9C5E90066ACB90221A3
:1084C0002846F3F7EBF9DAE71E606E60F6E782F311
:1084D0001188BFF36F8F6FF00404D0E782F3118827
:1084E000BFF36F8F6FF08504C9E782F31188BFF384
:1084F0006F8FC4E7034640B1426802F00302022ACC
:1085000006D0032A04D0012A05D06FF01500704769
:108510001A68002AF9D000209860704710B54268A8
:10852000816002F00302022A03464FF0000407D0E4
:10853000032A02D05C60002001E018685C6010BD76
:1085400018685C600028F6D0FEF778FEF3E7704705
:1085500003785B075FBF03684288C3F34A2303EBDA
:1085600012105DBF173020F0070080080020704710
:108570000020704701F0C3BD0346BFF35B8F53E893
:10858000000F421C43E800210029F8D1BFF35B8FA4
:1085900070471FB50023CDE90201CDE900331A462B
:1085A00019461846F3F7B0FD05B05DF804FB01204D
:1085B000F3F754BB0020704770B5D2E901369B1B1E
:1085C0008B420C4615460AD313680A460146981991
:1085D00002F0BCFBAB682344AB60204670BD6FF07B
:1085E0001B00FBE770B50E4615461946044618B940
:1085F000BDE87040F3F732BB33B1C2F34A23103009
:10860000120D184402F0A2FBC4E900562046BDE852
:108610007040F3F7C1BC2DE9F3415F1C4FEA8708B6
:10862000064608F1170020F0070080080C461546A2
:10863000F3F788FB0023ADF805308DF807308DF88F
:10864000047068B10346019A43F8102FA8F10401A1
:108650002A46294452F8045B43F8045F8A42F9D160
:10866000A20102F4E07242EA482222F07F4222F4A0
:108670007002002322F03F02314602B0BDE8F04113
:10868000FFF7B0BF07B50123019201AAFFF7C3FFAF
:1086900003B05DF804FB07B5CDE9002302236A4669
:1086A000FFF7B9FF03B05DF804FB1FB5CDE9012367
:1086B000069B039301AA0323FFF7ADFF05B05DF806
:1086C00004FBF8B506460D4614461F4604B9F8BD2E
:1086D000214628463A46B047241A0544F6E710B525
:1086E000426881680446D2E900230068FFF7E9FF89
:1086F000636800221A6010BD38B54B681A68CB68F1
:108700009A4205460C4602D10846FFF7E8FF636827
:10871000BFF35B8F53E8002F511C43E80010002883
:10872000F8D1BFF35B8FA3689D54002038BD0A28A1
:1087300038B504460D4602D10D20FFF7DDFF29466E
:108740002046FFF7D9FF002038BD2DE9F04305464C
:1087500087B008460E8891F80090D1F808800C4642
:108760001746F3F721FD011EC6F38216C9F3C209AD
:108770001EDB4846F3F722FC03462146608851F889
:10878000102B0196C2F34A22002A01EB0204C0F327
:108790000B1008BF00210022CDE90407CDE9021427
:1087A000009241462846F3F72BFD07B0BDE8F08361
:1087B0000023E2E743681B685B680020996170470B
:1087C00043681B681A685268536070472DE9F0418E
:1087D00043681B685A68012111771D68D5E9013685
:1087E000D3E900482F681CB96B681C60BDE8F081B4
:1087F000214630464246B847241A0644F3E7436808
:108800001B681868F3F766BE70B543681D686B682F
:1088100098690C46F3F7FEF9214603460F222868B3
:10882000BDE87040184701207047F7F733BC014698
:108830000068F4F729B908B5F4F782F9BDE80840F3
:10884000F4F7A2B90A460121FFF71CBF002101205D
:10885000F4F71AB961B662B680F31188BFF36F8F6F
:10886000704772B6002383F31188BFF36F8FBFF395
:108870004F8F30BF62B6BFF36F8F704772B6002361
:1088800083F31188BFF36F8FBFF34F8F20BF80F347
:108890001188BFF36F8F62B67047202809D9B0F1F5
:1088A000004F08D80138B0FA80F0C0F11F00400036
:1088B0007047082070473E20704708B5D1E9043161
:1088C0009847002008BD08B5F4F7E2FE002008BD77
:1088D0007047002303824369C3607047416A896817
:1088E000F4F742BFEFF31182402383F31288BFF302
:1088F0006F8F00230B60436833B9C0E9001182F326
:108900001188BFF36F8F704719604160F7E710B5AA
:108910000346EFF31181402282F31288BFF36F8F79
:10892000006828B15C6802681A60A04208BF5A60FB
:1089300081F31188BFF36F8F10BD027A013202728A
:108940007047034618465B68002BFBD170474268AE
:1089500010B52AB10B461C465B68002BFBD1626048
:10896000416010BD10B5044620B90B7A01330B727B
:10897000084610BD034618465B68002BFBD1FFF785
:10898000E6FF2046F5E783680B4403607047036801
:108990000B6043684B6083688B6070478388026814
:1089A00019448180D018704730B484880568A318B2
:1089B0008380281930BC02F0C9B910B583880268D9
:1089C0005C1C8480D154D01810BD034600689A887E
:1089D000401A11441860998070478288521A0346E1
:1089E00082800068084418607047034600689A88CF
:1089F000521A01449A801960704710B503681C78B8
:108A00000121FFF7EAFF204610BD10B503681C885E
:108A10000221FFF7E2FF204610BD02688068101AAD
:108A200070478388C2888168D21A03685B1AD01A9B
:108A3000704710B50C46017822788A428AB00FD070
:108A40006946F4F7ADFF05A92046F4F7A9FF102207
:108A50000DF115010DF1010002F08EF90AB010BD03
:108A6000012A06D0022A07D072B940886388C01A4A
:108A7000F4E740686368FAE71022611C01300AB02D
:108A8000BDE8104002F078B96FF01500E6E7042A5F
:108A90000AD0102A0DD0022A4FF0000315D103701E
:108AA0000B88438001207047012303700B684360EB
:108AB000F8E7022300F8013B01F1100351F8042B01
:108AC00040F8042B9942F9D1ECE71846704701238E
:108AD00010B50621044600F8013BFCF72FFA18B93F
:108AE000A37963F03F03A37110BD70B504460D4632
:108AF000F2F71EF9112817D10223E25C3A2A13D1AA
:108B00000333112BF9D1053504F1120601232A464E
:108B100002212046FFF7FDFB30B10334B44205F1DA
:108B2000FF35F3D1002070BD6FF01500FBE70B6837
:108B300003608B8883808B798371037823F0020331
:108B4000037070470078C0F34000704738B50446A2
:108B5000807AF4F7DFFD6169054649B1637ADB0786
:108B600004D4436A1B6820469B68984700236361CE
:108B700021462846BDE8384001F0D3BD2DE9F0413B
:108B800001F10C080C46054600F10C014046174661
:108B90001E46FFF7FCFE4046FFF73FFF012310FA99
:108BA00087F068826B722F8239464046FFF715FFC7
:108BB000E3687360628A0023E360728163823460D9
:108BC0002846BDE8F08138B5D1E90032DA600B689B
:108BD0004A895A820C4605460868F4F743FE204647
:108BE0001022002102F0C0F82846BDE83840FFF707
:108BF000ADBF438A23B9C068B0FA80F0400970471E
:108C0000002070470F2807D80D280BD8052808BF6B
:108C1000032018BF02207047132803D01A2808BF6A
:108C20000120F6E701207047FFF72CBDFFF733BDA9
:108C300010B50346BFF35B8F53E8000F40EA010213
:108C400043E80024002CF7D1BFF35B8F10BD0B6805
:108C500003608B8883808B79837170470023F3F7DF
:108C6000CFB9BFF35B8F50E8003F0B4040E80032C4
:108C7000002AF8D1BFF35B8F704738B504460D4624
:108C8000F5F7C6F85F3005D129462046BDE83840E3
:108C9000F5F770B838BD81767047704710B5038816
:108CA0004288934219D8052B17D9B2F5486F14D8CA
:108CB0008388B3F5FA7F10D2C088A0F10A0189B287
:108CC00040F67644A14208D801339BB25343B3EB3C
:108CD000800F34BF0120002010BD0020FCE70020E1
:108CE00070470020704770B506460D4642F22100DD
:108CF0000321F5F76BFB044618B9BDE87040F5F7A2
:108D00002FB803210C30FFF749FE068085702146FD
:108D100042F22100BDE87040F5F7E0BCF6F76EB90D
:108D200070B506460D4640F206400321F5F74EFBAE
:108D3000044668B103210C30FFF730FE06808570D1
:108D400021460022BDE8704040F20640F5F7C0BD64
:108D50006FF0680070BDC368187808B1F6F79EB967
:108D60001846F6F743BA38B50221054642F2160016
:108D7000F5F72CFB044668B102210C30FFF70EFE1C
:108D80002B88038021460022BDE8384042F21600BD
:108D9000F5F79EBD6FF0680038BD2DE9F0478146BC
:108DA000884642F2320007219DF820A017461E4651
:108DB000F5F70CFB0546A0B107210C30FFF7EEFDDF
:108DC000B9F80030038080F80280C7700671A0F8FF
:108DD00005A029460022BDE8F04742F23200F5F72F
:108DE00077BD6FF06800BDE8F08708B5002000216E
:108DF000F5F702FD18B1BDE80840F5F769BCBDE81C
:108E00000840F7F7DFBD08B5072201F0B5FFB0FA5B
:108E100080F0400908BDFFF735BCBFF35B8F0068E9
:108E2000BFF35B8F704708B5F6F734FE20B1103002
:108E3000FFF7F3FFC0F3C01008BD00280CBF0846C1
:108E40000020704718B111B10846F6F779BB6FF0F2
:108E50001500704707B580B906216846FCF76EF823
:108E600040B99DF80530684603F03F038DF80530A2
:108E7000F6F766FB03B05DF804FB6FF01500F9E749
:108E800013B5044680B106216846FCF757F848B987
:108E90009DF80530694603F03F0320468DF8053004
:108EA000FFF7D0FF02B010BD6FF01500FAE708B56C
:108EB000F6F7F0FD10B11030FFF7AFFF012008BD4D
:108EC000BFF35B8F0068BFF35B8F704710B503463D
:108ED000BFF35B8F53E8000F00EA010243E8002470
:108EE000002CF7D1BFF35B8F10BD70B5064686B07E
:108EF0000D4642F20A000121F5F768FA0446B0B1C6
:108F00000C3095B10121FFF758FD06F1100203A9BD
:108F1000204600950723F5F747FA0022214642F242
:108F20000A00F5F7D5FC06B070BD2946EBE76FF0F7
:108F30006800F8E7183001F0EFBCBFF35B8F006802
:108F4000BFF35B8F7047032808B501D0F6F75EFECC
:108F5000BDE80840F6F772BED0F8B000003818BF80
:108F600001207047084689691160C2691A60C27A97
:108F70000021183001F0F8BEBFF35B8F0068BFF32B
:108F80005B8F7047FFF787BB73B50446CDE90032AE
:108F90000D4622B9D0F8A8606B4601AAB047284612
:108FA000F4F760FC019B23B100996FF06D0220463D
:108FB000984702B070BD2438F7F722B9837A072B9F
:108FC00001D1F7F74DB97047036800220BB9184675
:108FD00070478B4210D10B6842B9426803609142DE
:108FE00000D1436000230B60012070471360436889
:108FF000994208BF4260F5E71A461B68E6E710B5DC
:109000000446006918B1F4F72DFC0023236110BD5C
:1090100010B5034600F1C8021046FFF7ADFF80B15E
:10902000BFF35B8F411C52E8004F844204D142E8F9
:10903000001CBCF1000FF6D1BFF35B8FECD11846DA
:1090400010BD0346FBE72DE9F84307460E46904660
:1090500000244FF0D009B44203D100231846BDE8E4
:10906000F88309FB0470FFF7D3FF034658B1857AF4
:10907000012D02D0073D012D03D81A884245EDD0BD
:109080001846F7F7CBFA0134E5E710B5837A023BCF
:109090000446062B25D8DFE803F00D04242424170A
:1090A000220041720021F7F7E3FABDE810400220E8
:1090B000F6F7B0BE8378012B11D1403001F02CFCC3
:1090C000BDE81040F6F774B80088FFF729FE38B9FC
:1090D000A37A072B03D108212046F7F7C9FA00200D
:1090E00010BD6FF07F00FBE737B505460C46FFF774
:1090F00029FD2946A8B16846FFF719FD69460020F9
:10910000F7F708FE58B12388A0F888306388A0F8E4
:109110008A30A388A0F88C30E388A0F88E3003B0A2
:1091200030BDFFF78AFE0346006800909A889B795D
:109130008DF80630ADF80420E0E738B5037A8B42AD
:109140000446154615D100F170010722284601F0AA
:1091500013FE80B1E378072243B904F17E0128466B
:1091600001F00AFEB0FA80F0400938BD04F1770141
:10917000F5E70020F9E70120F7E770307047F8B510
:1091800007460D4642F213000E21F5F71FF9064679
:10919000D0B10E210C30FFF701FC0E220446002155
:1091A00001F0E2FD3B8823802B8863806B88A380DD
:1091B000AB88E380EB88238131460022BDE8F8408C
:1091C00042F21300F5F784BB6FF06800F8BD7047FA
:1091D000704710B400F14C030122BFF35B8F53E8DA
:1091E000001F43E80024002CF9D1BFF35B8F41B985
:1091F000034653F8482B8164D2F8B41029B9C2E968
:109200002C33006810BCF7F75FB90B60C2F8B430BC
:10921000F7E710B50368D3F8B02042B1D3F8B440F3
:109220001168C3F8B010A24208BFC3F8B4104C30A4
:109230000023BFF35B8F50E8002F40E80031002986
:10924000F9D1BFF35B8F10BD70B5D0E9003504468E
:109250004BB3D3F8B020483000216AB1904234D1EA
:10926000A26C51BBD3F8B410C3F8B020884201D12E
:10927000C3F8B4200023A36404F14C030022BFF31D
:109280005B8F53E8001F43E800200028F9D1BFF3AB
:109290005B8F04F13006236BD3B96B680BB12046AA
:1092A000984700232360E3680BB1204698472B6A58
:1092B000B3B12046BDE8704018470A60D3F8B42027
:1092C000904208BFC3F8B410D4E711461268C4E74F
:1092D000002200233046FCF73DFFF4F7C3FADAE73B
:1092E00070BD38B5406B30B150F8084904B1083C46
:1092F000FFF7AAFF04B938BDA5682DB12046083D87
:10930000FFF7A2FF2C46F7E72046BDE83840FFF7FD
:109310009BBFF8B50F4600210546164600234FF4C3
:1093200080320846F7F7DCFF044620B92846BDE83E
:10933000F840F7F747BF04210C30FFF72FFB05700B
:10934000477046802046F8BD406B30B1838B8B421E
:10935000A0F1080001D08068F7E7704710B54AB95E
:1093600089B2FFF7F1FF28B143689B6913B1BDE8EB
:109370001040184710BD38B50D460521FFF7E4FF32
:1093800000231A462946F7F7C3FF044610B12846C2
:10939000F4F768FA204638BD406B30B183898B42C0
:1093A000A0F1080001D08068F7E7704770470346D6
:1093B000006828B1596802681A60884208BF5A607C
:1093C00070470346002003B970471A8A5B6810444F
:1093D000F9E710B5D4682378023113B92170012060
:1093E00010BD8B42FBD0038A023B03820020106138
:1093F000F6E706207047FFF745B973B514460146F6
:1094000005464FF49572206800F0F3FC207500BB10
:10941000237A2068ABB1A3F11802534253419B0059
:109420000193638A0093AE68238AE2682946B047B5
:10943000002808DB238A98420ED1002323750120DF
:1094400008E00223ECE710F1FF0F05D34042C0B261
:109450002075002002B070BD0E20F9E71FB5CDE9E0
:109460000123002300931A46F9F7D0FB05B05DF8FD
:1094700004FBF8B59368166805460F46144663B9B1
:10948000506801210C30FFF789FAA0602B681B7827
:10949000002B14BF022301230370A3681B78012B48
:1094A00003D0022B1FD000201CE02B681B78002B60
:1094B000F9D1606804210C30FFF770FAE060078092
:1094C0002A68E36852885A806168728D738B088AB3
:1094D0009A4294BFC0EB0200C0EB0300042894BF83
:1094E00000200120F8BD2B681B78022BDBD16068BF
:1094F00012210C30FFF752FAE06007802B68E26817
:10950000591C0232113351F8040B42F8040B9942F2
:10951000F9D16168728D738B088A9A4294BFC0EB4F
:109520000200C0EB03001228D9E770B405686A6A2C
:1095300052B3136803B1A83BA2F1A804002211465C
:1095400000E0A83B844207D0668D648BB14238BFEF
:109550003146A24238BF22461C462BB1D3F8A83070
:10956000002BEED18442EFD1438D408B8B4201D84A
:1095700090420BD9824238BF02469942286838BFD0
:10958000194670BCF9F7FCBE1146EDE770BC704798
:10959000D0680378043113B90170012070478B4201
:1095A000FBD091680B8A0020043B0B82106170474E
:1095B0002DE9F04F044685B0104690469946FFF7D6
:1095C00000FF638B628D934228BF134683428B4614
:1095D00040F29380636803934046FFF7B2F94FF07F
:1095E000000A06464046FFF7ECFE628B638D06F1EB
:1095F0000C079A4294BFC0EB0205C0EB0305384646
:10960000FFF70FFA854217D24046FFF7DAFE628B6A
:10961000638D9A4294BFC0EB0205C0EB03058DBB7E
:1096200098F80A00F4F776F800220023FFF756F9BD
:10963000064630B9574636E03846FFF7F2F9054698
:10964000EDE701464046FFF78DF94046FFF7B9FECA
:10965000628D638B06F10C079A4294BFC0EB020542
:10966000C0EB03053846FFF7DCF985421FD24046C0
:10967000FFF7A7FE628D638B9A4294BFC0EB020591
:10968000C0EB0305F168328ACDF80090DBF8047076
:1096900003980A44ABB25946B847071E0CDABAF130
:1096A000000F18BF5746384605B0BDE8F08F384662
:1096B000FFF7B7F90546E5E70E9BB3B9394606F162
:1096C0000C00FFF76BF94046FFF77BFE638D628B62
:1096D000934228BF1346B9448342BA441FFA89F91A
:1096E000A8D9AF423FF47EAFA4E70F9A0E9B39464C
:1096F000304698470028E1D19CE70027D3E703686C
:10970000002203B970478B420FD10B683AB9426807
:109710000360914200D1436000230B6070471360E7
:109720004368994208BF4260F6E71A461B68E8E7BB
:1097300006207047BFF35B8F50E8003F43F00802FC
:1097400040E800210029F7D1BFF35B8FC3F3C000CD
:10975000704773B516680546002370681373144686
:109760002946952200F045FB207380B9CDE9000021
:109770002946A388A2683046FFF71AFF002809DAB5
:1097800010F1FF0F26BF4042C0B20E202073002010
:1097900002B070BD0120FBE72DE9F34116680746D2
:1097A00000237068137314463946952200F021FB9C
:1097B0000546207308BBA068718D728B038A9142A5
:1097C00094BFC3EB0103C3EB0203012B15DD0221A0
:1097D0000C30FFF7E3F8CDE900558046A388A26876
:1097E00039463046FFF7E4FE031E0ADA13F1FF0F95
:1097F00026BF5B42DBB20E232373002002B0BDE81C
:10980000F081A8F800300120F8E72DE9F041044686
:109810008868FFF7D6FD638D628B934228BF13469D
:1098200083420D461DD3E165D1F8088000278F6083
:10983000FDF704F941462046F8F7D6F9064638B157
:10984000C5F80880E765FDF70DF93046BDE8F08101
:10985000618D638B994228BF1946284600F0E9FACA
:10986000F1E76FF07906F0E738B5BFF35B8F0B686F
:10987000BFF35B8FDB07054617D550F8040CA0B18A
:10988000AB6D93B90430FFF792FD044668B1014611
:10989000281FFFF7BAFF002807DA55F8043C5A687A
:1098A00022609A685C6002B99C6038BD2DE9F04185
:1098B000446A07463CB354F8A86906B1A83E0023A1
:1098C0001D4607F1040801E034461646E26D9AB9D8
:1098D00005B98BB94046FFF76AFD054658B1014608
:1098E0002046FFF792FF00280DDA7B682B60BB68EB
:1098F0007D6003B9BD6023462EB1D6F8A820002AAA
:10990000E2D0A83AE0E7BDE8F08170B504460E4623
:10991000002200230846FCF71DFC054658B101460D
:109920002046F8F761F9044618B12946304600F0A0
:10993000F8FE204670BD6FF00104FAE7F8B5054661
:10994000071F00F1540350F8044CBFF35B8F53E83A
:10995000001F21F0040143E80012002AF7D1BFF3F1
:109960005B8F04B3AB6D8BB963687BB1201DFFF7D0
:109970001EFD014606463846FFF747FF002812DA6B
:1099800063683360A368666003B9A66005F15C0193
:109990003846FFF7BAFF30B104F10C013846BDE894
:1099A000F840FFF7B2BFF8BD38B504460D46F8F7EA
:1099B0001BF930B1294604F16000BDE8384000F0E1
:1099C000A5BE38BD2DE9F041884617460121042285
:1099D00005461E46F7F7FAFF044670B104210C3025
:1099E000FEF7DCFF80F80080A0F80170C670214609
:1099F0002846BDE8F041FFF7D7BFBDE8F08137B595
:109A00000C46054601F10C00FEF7FFFF228A019289
:109A1000E26800920346132212212846F8F740FA22
:109A200003B030BD37B50C46054601F10C00FEF71A
:109A3000ECFF228A0192E26800920022034611465E
:109A40002846F8F72DFA03B030BD07B5CA68138869
:109A5000528800920C210D22F8F71EFC03B05DF82D
:109A600004FB07B5CB6800221B8800920A210B2259
:109A7000F8F712FC03B05DF804FB2DE9F041CB6868
:109A80001F88BBB2162B05461BD90321F8F7C0FA75
:109A90000646C0B102210C30FEF780FF00244FF0D3
:109AA000170880F80080447031462846FFF77CFF95
:109AB0002846A5F81A806F85FFF737FD2046BDE8D8
:109AC000F0810420FBE70E20F9E7F9F72FB80A8AA6
:109AD000C9680023F8F780BD70B50E46F8F740FA64
:109AE000044628B93046F3F7BDFE6FF07F0070BD25
:109AF00000F10C052846314600F008FE606A38B1D6
:109B000050F8A84904B1A83C2946FFF7FEFE20B949
:109B10000020ECE71C466FF00100002CF8D0D4F8D0
:109B2000A83023B90230F5D020461C46ECE7A83B0C
:109B3000F8E738B505460C46FCF780FF2846F8F7ED
:109B40000FFA20B9FCF78EFF6FF07F0038BD0023BD
:109B5000236083683BB9C0E90144FFF7A7FEFCF727
:109B600081FF0020F2E71C608460F6E710600020AF
:109B7000704710B5029CA36833B1B1F5807F28BF50
:109B80000E21CAB221469847A37DE268013BDBB2B1
:109B9000A37522B11BB92046BDE81040104710BD87
:109BA0001060918000207047FEF76CBD70B50D46C7
:109BB000064611F8010BF7F7D7F8044610B12C89C7
:109BC000F6F72CFDA87A05F10B01F7F7CDF828B1CF
:109BD0006B8A9C4238BF1C46F6F720FDAB8AA34235
:109BE00007D0AB69AC8223B121463046BDE8704056
:109BF000184770BD10B5144632B900F17001007AF3
:109C0000F8F712FE00B1846010BD70B500F1700667
:109C100005463146007AFFF764F804463146287A53
:109C20003CB1F8F701FE18B1002303604360836084
:109C300070BDF8F7F9FD0028FAD004604460846034
:109C4000F6E7022A10B508D1002300F170011A4688
:109C5000007AF8F709FE022010BDFFF7D6FFFAE7F9
:109C600038B5BDF810409442154611D374B123B9EC
:109C70002046BDE83840F8F747BEA21A8A42A8BF7E
:109C80000A4694B22246591901F060F8204638BDC0
:109C90006FF00600FBE71FB50C461946E3681C7819
:109CA0001046BDF818203CB110240133069404B0CE
:109CB000BDE81040FFF7D4BF5B88ADF80E3002233B
:109CC00000930DF10E03FFF7CBFF04B010BD2DE99B
:109CD000F04114461D46BDF81870F4F7F5FC064631
:109CE000F1F726F880B2069033463A4629462046D8
:109CF000BDE8F041FFF7B4BF30B585B014461D464E
:109D0000FEF7EDFF0223ADF80E000093BDF8202012
:109D10000DF10E0329462046FFF7A2FF05B030BD26
:109D200030B585B0C96814461D46F8F76FFE00B11E
:109D30000089ADF80E0002230093BDF820200DF13C
:109D40000E0329462046FFF78BFF05B030BD13B543
:109D5000044610B9002002B010BD00238DF8043075
:109D6000006842F6030301A9ADF80630FEF761FE74
:109D70000028EFD1E36898880028ECD12046F8F756
:109D800015FF013080B2E6E770B5CC6888B00846B0
:109D90001E46A3798DF80C301546FFF7D8FFADF8B5
:109DA0000D00246823786BB96388ADF80F30052364
:109DB0000093BDF8302003AB31462846FFF750FF33
:109DC00008B070BD631C0DF10F02113453F8041B71
:109DD00042F8041BA342F9D11323E9E71FB5CDE9EB
:109DE0000123002300931A46F8F710FF05B05DF831
:109DF00004FB4B8A12F0010FC3F30E0304D013F0DF
:109E0000950F10D0486870B112F0020F04D013F40F
:109E1000957F0AD0896841B1134013F4DE7F14BFE7
:109E20000520002070470220704703207047012062
:109E3000704770470021F8B54FF0FF324FF0FF3305
:109E400005460846F7F74CFA00F10C0704460121D5
:109E50003846FEF7A3FD0526067001213846FEF7B9
:109E60009DFD002306701A4621462846F7F750FA52
:109E700010B12046F3F7F6FC0020F8BD6FF0850026
:109E80007047002070470369C9B20C2201FB0233FE
:109E9000186C00F00700704770B5C9B20369EFF3A2
:109EA0001185402484F31288BFF36F8F0C2606FBC4
:109EB0000134246C14F0C00408D0A24206D085F30B
:109EC0001188BFF36F8F4FF0FF3070BD71430B44AB
:109ED00001221A6485F31188BFF36F8F43680B4426
:109EE0005B6898470020F0E78022FFF7D5BFF8B500
:109EF000069F0469C9B2EFF31186402585F31288E5
:109F0000BFF36F8F0C2569430C44256C05F0070CDB
:109F1000BCF1010F0BD1276486F31188BFF36F8F5B
:109F2000C4E90E2343685B5898470020F8BD05F04C
:109F3000C005AF4286F31188BFF36F8F0CBF6FF07F
:109F400077004FF0FF30F1E713B580240094FFF75E
:109F5000CEFF02B010BD10B40069CBB21C2403FBCD
:109F60000400002110BC1047002000F08FB91046FB
:109F7000FCF722B90020704708461146F5F712B8E1
:109F800043685B68D3F810350B6000207047436866
:109F90005B6802EA010021EA0201C3F80805C3F880
:109FA0000C150020704743685B680020C3F8081553
:109FB000704743685B680020C3F80C15704743681E
:109FC0005A68D2F8043521EA03000B40C2F80805AC
:109FD000C2F80C350020704710B503695868F8B115
:109FE000884219D19C6808685860A14200D19860E5
:109FF000002008602AB15A680A609A68596002B95C
:10A000009960002010E0814206D1086820609868BD
:10A010008142EDD19C60EBE7044600680028F2D154
:10A02000002AE8D16FF0150010BD30B54368136009
:10A03000057A446804EBC504A34202D36FF0010023
:10A0400030BD5C798C4201D00833F0E70020F7E79F
:10A0500043681B68D3F88004C3F8800470474268E3
:10A060001368D3F8100150B1D269002012780A7039
:10A07000C3F81001D3F8102101221A6070474FF085
:10A08000FF30704702680346D2F8580140B95B6858
:10A09000DB0706D4D2F82001003818BF0120704732
:10A0A0000120704743681B68D3F80423D20517D5F5
:10A0B000D3F82021A2B1EFF31182402181F312885D
:10A0C000BFF36F8FD3F8201131B10021C3F82011F5
:10A0D000D3F820110121D96082F31188BFF36F8F6B
:10A0E000D3F85831704700F150039B009BB203F145
:10A0F000804303F5883300221A601B68704708B557
:10A10000FAF736F808BD10B54FF0FF304FF0FF31C9
:10A11000FAF7CAF9044628B9D6F748FB044618B13D
:10A12000FAF7CAF9204610BDFAF7C6F92046F3F748
:10A13000E5FCF7E738B50B8A0D467BB30B7E012BA8
:10A1400014D0042B2AD14FF0FF304FF0FF31FAF733
:10A15000ABF9044640B9E868ECF789FC0446FAF725
:10A16000ABF9B4B1FAF7AEF9204638BD4FF0FF3085
:10A170004FF0FF31FAF798F904460028F4D1E86867
:10A18000FAF7AAFB0446FAF797F9002CECD1FAF794
:10A1900099F92846F3F766FB0024E5E76FF015040C
:10A1A000E2E7FAF7FBBA10B531220446002100F0CD
:10A1B000DBFD202323708023A3706FF03F036371C6
:10A1C0000423A3722823A3730223E3730423A37538
:10A1D0006FF008036376FF23A376E3767F2323776C
:10A1E000302384F820306FF00F0384F823300123EC
:10A1F00084F82430802384F82630402384F82D30DE
:10A2000010BD002303604360037863F062030370B2
:10A21000437823F0410343F041034370704768469D
:10A2200020F007018D4601B5E9F704FBF2F7ACFC1D
:10A23000BDE801408546704708B54FF0FF314FF04B
:10A24000FF30FAF731F9F0F730FDBDE80840FAF7D2
:10A2500033B9684620F007018D4601B5E9F7B6FA33
:10A26000BDE8014085467047684620F007018D46ED
:10A2700001B5E8F7D7FFF2F787FCBDE80140854656
:10A28000704708B5F0F758FC002008BD012801D13F
:10A29000E8F7D0BD70477047E8F7E2BB4FF0805356
:10A2A000D3F83001421C04BF4FF0704393F8E00F25
:10A2B000831F584258417047004700F092B8C000D1
:10A2C00000F1804000F5F830C0F81015C0F81425F2
:10A2D0007047FBF7DBBB036803F01F025B090260FA
:10A2E0000CBF4FF0A04000207047F7B5019001A8C7
:10A2F000DDE9084716461D46FFF7EDFF019BB6F165
:10A30000000C18BF4FF0010C00EB83000B1E18BFB0
:10A310000123002D43EA4C0314BF4FF00C0C4FF007
:10A32000000C002C43EA0C0314BF4FF4E06C4FF018
:10A33000000C002F43EA0C03D0F8002714BF4FF4A1
:10A34000403C4FF0000C43EA0C0322EA030301B146
:10A3500009780EB13678760019430DB12D78AD002D
:10A3600031430CB12478240229430FB13F783F04D4
:10A370000C433C43C0F8004703B0F0BD1FB50DF1DE
:10A380000F03019300238DF80F1000931A4619460E
:10A39000FFF7ABFF05B05DF804FB024611F00100CA
:10A3A00007D04FF0A041D1F820351360C1F8203517
:10A3B00003B900207047FBF7ADB8FBF78BB808B5C1
:10A3C000FBF7E8FB002008BDEFF31180402383F387
:10A3D0001288BFF36F8F704780F31188BFF36F8FC0
:10A3E000704708B1F3F766BA7047704740B1C36869
:10A3F000587810F001001EBF1878B0FA80F04009BC
:10A400007047EFF31183402383F31288BFF36F8FFC
:10A41000FEE710B5D0E9003433B90020E268537884
:10A4200043F00103537010BD204698470028F4D034
:10A430000028B8BF4042E368FF28A8BFFF2018707B
:10A44000ECE700F091BC00F081BC704710B400F163
:10A450000C04C0E9034410BCFDF716BC2DE9F04F15
:10A4600089B0DDE9126705463B46914606A83246AB
:10A47000059100F097FBDDE9063405F1140ACDE9FA
:10A480000234EFF311844FF0400888F31288BFF3D1
:10A490006F8F05F10C0B05994A462846FDF780FBA6
:10A4A00030B184F31188BFF36F8F09B0BDE8F08F2E
:10A4B0003E43F6D0DDE9022306A800F097FBDDE974
:10A4C00006675A46CDE9006721465046FCF716FA62
:10A4D000EFF3118488F31288BFF36F8FDBE738B591
:10A4E0000446EFF31185402383F31288BFF36F8F87
:10A4F000FDF70DFB04F10C0000F0C5FA30B1294660
:10A5000004F11400BDE83840FCF772BA85F31188F5
:10A51000BFF36F8F38BD4169836843EA010212F0CF
:10A5200003020FD1C2600269013A01FB0233826863
:10A530009A4201D900207047C2681A604269C3601C
:10A540009B1AF4E76FF0150070472DE9F0410546BE
:10A550000F46EFF31188402383F31288BFF36F8F08
:10A56000C668F6B90468A0421BD0D4B1D4E9003261
:10A5700013605A60637BA66023F002036373C4E92F
:10A58000006604F1180000F0E6FA2046E66767610D
:10A5900000F01AFA414605F10800BDE8F041FCF769
:10A5A00027BA3E60AB69EF60013BAB6188F311886D
:10A5B000BFF36F8FBDE8F08108B54024EFF311833E
:10A5C00084F31288BFF36F8FFEF74BF9F6E790F92B
:10A5D0000E308B4201D0FCF7BDB900207047034616
:10A5E0000020C3E90200C3E900337047D0E900321C
:10A5F00013605A60427B002322F00202C0E900335C
:10A600004273836070472DE9F843914604469DF8F4
:10A6100020200D4600F10807EFF31188402181F357
:10A620001288BFF36F8F02B14568A668B74214D095
:10A630009EB13046FFF7DAFF06F1180000F08BFA02
:10A640000023F367C6F81490304600F0BDF9384691
:10A650004146FCF7CDF900200BE0E3B108210020D2
:10A66000FCF714FE38B988F31188BFF36F8F6FF0D1
:10A670000B00BDE8F8830122C0F804900260016875
:10A6800001F003015DB922680A430260626820603C
:10A690006AB960600BE0C9F800304846EFE72A6805
:10A6A000032A10D80160616839B9C4E900000421A7
:10A6B00004F1100000F029FBC9E70A6802F0030268
:10A6C00002430A60E5E722F003020A4302602A68B7
:10A6D00002F0030240EA02032B60E8E710B50446EB
:10A6E00030B10268930703D0446809B100F027FB3A
:10A6F000204610BD0023C0E9003300F10803C0E983
:10A70000023300F11003C0E90433704707B5012399
:10A71000009300230A461946FFF775FF03B05DF862
:10A7200004FB07B500230A4600931946FFF76BFFA9
:10A7300003B05DF804FB00680021FFF7CFBF5AB1FA
:10A740008A4209D300F11003C0E90212C0E90000F7
:10A75000C0E90433002070476FF0150070470268AD
:10A7600001238B4022EA0303036022FA01F000F088
:10A7700001007047704710B5032104460C30FFF705
:10A78000EEFF30B104F1100000F0E5F9B0FA80F00E
:10A79000400910BD20B100221146883000F0A0B958
:10A7A000704770B5C368C3F340069B07044616D4D0
:10A7B000856802210C30FFF7D2FF80B1D5F88020E8
:10A7C0006AB194421DD122689EB9D5F88430C5F88B
:10A7D00080209C4201D1C5F8842000232360E368D7
:10A7E00013F01F001EBF43F00203E36040F00200BD
:10A7F00070BD3260D5F88420944208BFC5F88460EB
:10A80000EBE716461268DBE773B50446EFF31185F4
:10A81000402383F31288BFF36F8F0023A0F110064B
:10A82000032104380193FFF79AFF28B1A36901932C
:10A8300001A93046FBF7DAFD85F31188BFF36F8F6E
:10A8400002B070BD38B504460D461022002100F05C
:10A850008BFA656038BDEFF31183402282F31288D2
:10A86000BFF36F8FC06800F01F0083F31188BFF340
:10A870006F8F704713B501900846EFF311844023A2
:10A8800083F31288BFF36F8F01A9FBF7AFFD84F349
:10A890001188BFF36F8F02B010BD10B5FFF7EAFF4C
:10A8A000041E08DDEFF31180402383F31288BFF309
:10A8B0006F8FFCF7AFF8204610BD70B50D46EFF373
:10A8C0001186402383F31288BFF36F8FFBF7E8FDF7
:10A8D000044686F31188BFF36F8F38B14FF0FF3213
:10A8E0004FF0FF3305F11000FBF79AFC204670BDD6
:10A8F00008B5A022002100F037FA08BD38B5302293
:10A9000004460D46002100F02FFA4FF48073656075
:10A91000E36038BDFFF79FBF38B50446EFF31185FC
:10A92000402383F31288BFF36F8FFFF724FF204685
:10A93000FFF737FF85F31188BFF36F8F38BDEFF353
:10A940000580003818BF012070476FF0570070472E
:10A9500000207047D0E9003213605A600023C0E93C
:10A960000033704708B5FFF7F5FF437B23F0020380
:10A9700043730023836008BD38B504460D46FBF7DA
:10A980004BFF637B43F002036373E5B1A5602B6863
:10A990009D4209D16B68C4E900531C606C6012E0F1
:10A9A0006A689A42F6D01B68002BF3D094F90E2007
:10A9B00093F90E108A42F3D09142F1DD5A68C4E94E
:10A9C000003214605C6038BD10B5EFF31184402391
:10A9D00083F31288BFF36F8FFBF7D6FE84F31188E1
:10A9E000BFF36F8F10BD08B5EFF31181402282F3E2
:10A9F0001288BFF36F8F83680BB1FFF7B3FF81F34A
:10AA00001188BFF36F8F08BD10B50146EFF31184B5
:10AA1000402383F31288BFF36F8F437B13F0280F1B
:10AA20000AD183680BB1FFF79DFF4B7B23F0040332
:10AA30004B730846FBF7A8FE84F31188BFF36F8FB2
:10AA400010BD01211838FFF7DFBF08B50346EFF34B
:10AA50001181402282F31288BFF36F8F0068834216
:10AA600007D008B1FFF77EFF81F31188BFF36F8F26
:10AA700008BD0020F8E710B5FFF7B5FFBDE81040AE
:10AA8000183000F068B838B504680546AC424FF09D
:10AA9000000000D138BD002CFCD02046FFF7EBFFB2
:10AAA0002046FFF791FF2C680120A542F1E738B559
:10AAB0000C460546FCF756F8B4F1FF3F08BFB5F168
:10AAC000FF3F1FBF47F6FF7300224FF47A71C0FBB0
:10AAD00001321ABFD80B40EA42404FF0FF3038BD78
:10AAE00038B5EFF31185402383F31288BFF36F8FDE
:10AAF0000468A04212D09CB1E16762612046FFF772
:10AB000031FF04F1180000F026F82046FBF73CFE68
:10AB1000012085F31188BFF36F8F38BD0020F8E75F
:10AB20002046F6E710B5FCF7C5F90446FCF7CAF96C
:10AB300074B1D4E904321B1A62EBE072B3F1004F36
:10AB400072F1000104DA002AACBF1846002010BDE3
:10AB50006FF00040FBE738B50246EFF31185402364
:10AB600083F31288BFF36F8F036893B1FCF7A2F9E8
:10AB700004461046FCF7B0F9844204D1FFF7D2FF37
:10AB80000021F9F759FC002085F31188BFF36F8F7E
:10AB900038BD6FF01500F7E708B5FCF78DFA08BD72
:10ABA000FCF78ABAB3F1FF3F08BFB2F1FF3F70B5BF
:10ABB00004461D46164613D01A4315D06FF0010205
:10ABC000921B4FF0FF3363EB0501002904DAFCF719
:10ABD00073FA821941EB0501C4E90021204670BDDA
:10ABE0004FF0FF321146F7E70022FBE7B3F1FF3FDA
:10ABF00008BFB2F1FF3FF8B5074616461C4610D015
:10AC000054EA020311D0FCF757FAB0420A46A141B8
:10AC100003460AD2F31A64EB0204C7E9003438464B
:10AC2000F8BD4FF0FF331C46F7E70023FBE7002396
:10AC3000C0E9081200F11802C0E90622C0E9003399
:10AC400003634363704710B50446FFF784FFA8B958
:10AC5000636A0BB12046984704F11800FFF7F5FE30
:10AC600060B1FFF7B1FEEFF31180402383F3128848
:10AC7000BFF36F8FBDE81040FBF7CCBE10BD2DE9D0
:10AC8000F041846805460E46ECB16378012B25D16E
:10AC900014F8533C9A0714D5A4F160073846FFF71F
:10ACA000EAFE082E0CBF6FF003030023E36114F8E3
:10ACB000533CDB0605D154F8483C13B93846FFF73E
:10ACC00083FE00232370EB68C3F386321643002013
:10ACD00066F39433A860EB60BDE8F081022BF0D1FD
:10ACE0002378002BEDD054F8048CB8F1000FE8D095
:10ACF00004F11400FFF72FFFA4F114070023E3620F
:10AD000039464046FFF7B6FDDBE710B50346EFF3E3
:10AD10001184402282F31288BFF36F8F0068834250
:10AD200008D0D0E9003213605A600023C0E9003334
:10AD3000FFF7A5FF84F31188BFF36F8F10BD20B11B
:10AD4000011F50F8040CFFF7CABB70470A44914238
:10AD500000F1FF3300D1704710B511F8014B03F833
:10AD6000014F9142F9D110BD02440346934200D1F4
:10AD7000704703F8011BF9E710B50139024490420E
:10AD800001D1002005E0037811F8014FA34201D062
:10AD9000181B10BD0130F2E710B5024601448A428B
:10ADA000134603D01C780132002CF8D1181A10BDBC
:10ADB000F0B5C3F137070446FFB203F01F03104696
:10ADC000082BE6B233D0102B3ED06508A40844EA25
:10ADD000817445EAC1752D194FEA910242EB510287
:10ADE000290941EA02716D1842EB1212290A41EA5F
:10ADF00002616D1842EB1222290C41EA02416D18E2
:10AE000042EB1242AD1842F10002EC0844EA4274EF
:10AE1000D10804EB8402A6EB4205EDB2092D0CD952
:10AE20000134A5F10A0541F10001EDB212E0E40898
:10AE300044EA417406F00705C908303554EA0102B6
:10AE400000F8015BBCD1F0BD240944EA017406F0AE
:10AE50000F050909092D84BFED19EDB2EDE7D1E920
:10AE6000043293421EBF5A1C0A61187070470000DA
:10AE70000148006870470000AC39002090FEFE7F5A
:10AE8000010000009DD8010000000000893402008C
:10AE90001CAF0200BFA3020000000000215F0200FF
:10AEA00000000000455F020000000000493A020077
:10AEB00030AF0200694F02000000000083A20200D0
:10AEC00000000000759F020058AF020065390200C3
:10AED00044AF02006D3F02006CAF02005137020028
:10AEE00000000000E542020000000000C9D8010097
:10AEF000000000001DBB010000000000B9D60100E9
:10AF0000000000009146020080AF02001D500200C8
:10AF1000000000006D620200000000002CD802005A
:10AF200050BB020000B10200E00E0020843C002073
:10AF300074D8020068BB0200DCB00200E60E0020FC
:10AF40002C3D002055D8020000000000D4B00200C3
:10AF5000E20E0020D83C002065D80200000000006E
:10AF6000CCB00200E40E002000000000A9D80200CE
:10AF700080BB02001CB10200E80E0020383D00201A
:10AF8000FFD9020000000000C4BB0200EA0E00204E
:10AF9000503D002099A20200B9A20200000000006A
:10AFA0004D8802006CAF0200A5A002000000000066
:10AFB0004D880200000000004D88020000000000E3
:10AFC0004D8802002D590200B9A2020000000000C5
:10AFD0004D880200000000004D88020000000000C3
:10AFE0004D880200000000004D88020000000000B3
:10AFF0004D880200000000004D880200D83C00206F
:10B00000D5390200000000004D8802000000000059
:10B010004D880200000000004D8802000000000082
:10B0200075430200000000004D880200000000008F
:10B030004D880200000000004D8802000000000062
:10B040004D880200000000004D8802000000000052
:10B050004D880200000000004D8802000000000042
:10B06000C14F0200000000004D88020000000000F7
:10B070004D880200000000004D8802000000000022
:10B080004D880200000000004D8802000000000012
:10B090004D880200000000004D8802000000000002
:10B0A0004D880200000000004D88020000000000F2
:10B0B0004D880200000000004D88020000000000E2
:10B0C0004D880200000000004D880200799F0200B8
:10B0D000000000000D39020065380200CD3A020080
:10B0E000819F02008F9F0200A79F0200B39F020072
:10B0F000BF9F0200493C0200D99F020000000000EF
:10B10000E1340200E99E0200499F020000000000B5
:10B11000879E020000000000000000005FA0020007
:10B12000B93E020051A00200050000001112020009
:10B130000000000006000000ED33020000000000E7
:10B1400004000000F91702000000000040BA0200ED
:10B150000400000090BA02000700000039BD0200A0
:10B160000300000031CF02000300000074D602008B
:10B1700003000000B4C4020003000000B0D20200CB
:10B1800003000000DEC4020003000000F8D7020044
:10B19000030000006FCD020003000000F5CE0200A6
:10B1A0000300000064D4020003000000E3BF0200BB
:10B1B000030000001CDA0200030000000ADA0200AB
:10B1C0000300000025D8020003000000E0BD0200DB
:10B1D0000300000047D8020003000000F9BD020090
:10B1E00003000000FDBD02000300000035BF0200A7
:10B1F0000300000048DA020003000000D7C3020089
:10B200000300000033C40200030000003BC402003E
:10B2100003000000DFBF0200030000004DDB02005E
:10B22000030000004AC4020003000000B7D8020077
:10B2300003000000C4B702002C39002014BF020034
:10B240000100000008B80200900D002024BF020099
:04B2500001000000F9
:10B26000000160003000000000000000000000004D
:10B2700060006000000000000000000074CC0200CC
:10B2800079CC02007DCC020081CC020085CC02008A
:10B2900089CC02008DCC020091CC020095CC02003A
:10B2A00099CC02009DCC0200A1CC0200A5CC0200EA
:10B2B000A9CC0200ADCC020050DB0200000100006E
:10B2C0000001030200002CA6E0A120A820A8000095
:10B2D000F401FA00960064004B0032001E001400D6
:10B2E0000A000500020001000102040025262700D3
:10B2F0000102040301020303250D0F0F01020400E4
:10B3000000000000141E00003011000060EA000080
:10B3100060EA000000002CA6E0A120A820A8000000
:10B3200000002CA6E0A120A820A800000001030234
:10B3300000002CA6E0A120A820A800000102030321
:10B34000F401FA00960064004B0032001E00140065
:10B350000A0005000200010000002CA6E0A120A8C0
:10B3600020A8000000000000141E000030110000A2
:10B3700060EA000060EA0000F401FA009600640050
:10B380004B0032001E0014000A00050002000100FC
:10B390000102030301010002070001020401000190
:10B3A0000000010100000100010000010001000097
:10B3B0000000F401FA00960064004B0032001E0009
:10B3C00014000A0005000200010001000B00020049
:10B3D0000A00050009000A000800140007001E000A
:10B3E0000600320005004B000400640003009600D4
:10B3F0000200FA000100F40100000102030302034D
:10B4000001000C0802170D010102090901010602E1
:10B4100009181803010109090303050302012302A6
:10B4200002240910040405050B0B040B2B1B1B1530
:10B430001A1A1C021D16130501490D150508061BD5
:10B440000F02020801010000FEFEFEFEFEFEFEFEEF
:10B45000FEFEFEFEFEFEFEFEFE16FEFEFEFEFEFEF4
:10B46000FEFEFEFEFEFEFEFEFE26FEFEFEFEFEFED4
:10B47000FEFEFEFEFEFEFEFEFEFEFEFEEAEA000010
:10B480002CA6E0A120A820A800002CA6E0A120A8BE
:10B4900020A80001020201020400A301B103BF05BC
:10B4A000EF024906A309C505F50B25120E021C047F
:10B4B0005A03B4063006600C0102030301020303C1
:10B4C00000002CA6E0A120A820A80102040102038C
:10B4D000030000002CA6E0A120A820A8F401FA0097
:10B4E000960064004B0032001E0014000A000500A4
:10B4F0000200010000000000141E000030110000D6
:10B5000060EA000060EA000000002CA6E0A120A88C
:10B5100020A800002CA6E0A120A820A80102030377
:10B5200000000000141E00003011000060EA00005E
:10B5300060EA000001020400030000002CA6E0A164
:10B5400020A820A800000000141E000030110000F8
:10B5500060EA000060EA000000002CA6E0A120A83C
:10B5600020A8F401FA00960064004B0032001E008F
:10B5700014000A00050002000100000000002CA6D3
:10B58000E0A120A820A8F401FA00960064004B0076
:10B5900032001E0014000A00050002000100000035
:10B5A00000000000141E00003011000060EA0000DE
:10B5B00060EA00000102030300010202010204002C
:10B5C00000002CA6E0A120A820A800010302000092
:10B5D000E3A3C3000406080A0C0E10121416181C6C
:10B5E0001E20222426282A2C2E30323436383A3C8B
:10B5F0003E40424446484A4C4E021A50000034082D
:10B60000E803280A280A000000002CA6E0A120A8D0
:10B6100020A8000001000000101100400000000000
:10B62000000000000000000000000000000000001A
:10B630002800000018000000500100005001000028
:10B6400000000000141E00003011000060EA00003D
:10B6500060EA000000000000141E0000301100002D
:10B66000B45F00003C730000B80BD0076C396C3934
:10B670000000000000000001000080630000806303
:10B680000000000070170000A00F00003C28000020
:10B690003C2800000000DC05E8030000D41700008F
:10B6A00000000000141E00003011000060EA0000DD
:10B6B00060EA000000010302D8ECF0F4F8FC00029C
:10B6C0000304050607080000000000000000000059
:10B6D0000000000000000000000001010101020262
:10B6E000020203030303040404040505050506061A
:10B6F0000608090000000000000000000000000033
:10B70000000000000000000101010102020202032A
:10B7100003030304040404050505050606070809D8
:10B720000A0B0C0D06080801020600100200FA00C0
:10B7300000000000EDAC0100F9AC0100FDAC01001F
:10B7400005AD010009AD0100000100081200000074
:10B7500000000000000000000000000000000000E9
:10B760000338FDD870470000E1AF01000000000081
:10B770000000000000000000E8220020000100009E
:10B78000AF85020051850200020000004B870200D5
:10B7900000000000000000000000000000000000A9
:10B7A000F4BE0200FCBE0200000000000000000029
:10B7B0000000000004BF020008BF02000CBF02002E
:10B7C00010BF02007DC5010071C50100A1C50100C7
:10B7D00059C501000000000065C50100000000001F
:10B7E000FDC5010034390020DE3D002010000000BE
:10B7F000F8B702004439002085C6010064390020F2
:10B80000EE3D00200100000009880200FF870200D1
:10B81000CD870200C187020000000000B58702004A
:10B8200000000000C00400200000000000000B0623
:10B830000200000038B802000000000024C402002A
:10B8400024000207000000202CC402001E000B117F
:10B8500045D7010000000000D188020050B8020066
:10B8600068B8020047000000A06E002050B8020037
:10B8700078B802002E000000A872002050B8020024
:10B8800088B802000201000088730020B1CC0200D9
:10B89000CFCC0200EACC0200FACC020007CD0200B5
:10B8A00010CD020017CD02001ECD020025CD0200F2
:10B8B0002DCD020007CD020035CD020047CD02009C
:10B8C0005CCD02000E03000099F401000F0400009B
:10B8D00065F401001A010000B9DB01000504000055
:10B8E000D1DB01001301000065E10100FF01000050
:10B8F000B5DF01003E01000095DF010005040000F6
:10B9000025DC010010010000D5DC0100020100006F
:10B9100069FE010001120000F1F301000A1E00009F
:10B92000578D02000309000059E20100040B0000DA
:10B93000BDDD0100060A000039E701000C0500002A
:10B94000A1DC010050B8020050B90200470000001D
:10B95000A87400202FD202003CD202005CD2020068
:10B9600050D2020067D202007ED202008ED20200C4
:10B97000C4D30200A2D2020050B8020084B902006F
:10B98000000000007075002050B8020094B9020059
:10B9900020000000C0750020CF910200D19102006C
:10B9A000000000000000000000000000B5150200CB
:10B9B0000000000000000000000000000000000087
:10B9C000020201007B9A020004040100FD2402002F
:10B9D000060601003D24020008040100292302009C
:10B9E0000A020100639A02000C0401004B9A020053
:10B9F0000E040100FD21020020040100612102006B
:10BA0000100401007120020012020100FF990200DF
:10BA100016040100F393020018010100319702009F
:10BA20001E000400CF9A020052020000259A020074
:10BA300050B802003CBA02002200000098760020B4
:10BA400010BC0200979C0200000000000CBC020029
:10BA50000000010008BC0200899D020000000000F7
:10BA60002C0E00200000010000BC020000000000BD
:10BA7000000000000000000000000000FCBB02000D
:10BA8000219D02005D2A0200340E00200000030008
:10BA90003CBC0200979C02000000000038BC020081
:10BAA0000000010034BC0200899D0200000000007B
:10BAB000680E0020000001002CBC0200CF9C020098
:10BAC00000000000000000000000010028BC02008F
:10BAD000899D020000000000600E002000000100AF
:10BAE00020BC0200F99C02000000000000000000E1
:10BAF000000001001CBC0200899D02000000000043
:10BB0000580E00200000010014BC0200252902008C
:10BB10000000000000000000000001000000000024
:10BB20000000000000000000000000000000000015
:10BB3000359E020000000000000000000000000030
:10BB4000000000004534020015340200000000002F
:10BB5000C1350200413502003BD802001D3502000C
:10BB6000699F020041D80200FFFFFFFF0000005064
:10BB70000000000000000000006000400000000025
:10BB8000002000400100000000000000A0BB0200F7
:10BB90000000D60100000000943E0020933E0020EB
:10BBA00000200040ACBB020001000000B4BB02005A
:10BBB000040000000600000008000001050000026B
:10BBC000070000036545020007A1020035A102003D
:10BBD000FEDA02000CDB020020DB02002FDB020099
:10BBE0003BDB020084AE020084AE0200E4AE020041
:10BBF000F4AE02001CAF02001CAF020000000229DC
:10BC00000000052A0000052A000003280000011892
:10BC1000000000280000042A0000042A0000032875
:10BC20000000012A0000012A000003280000002A69
:10BC30000000002A0000032800000018000000286F
:10BC40004164766572746973696E672064617461BA
:10BC500020282564206279746573293A20002530F4
:10BC6000325820004170706C69636174696F6E2096
:10BC700053746172746564203D3D3D3D3D3D3D3DE5
:10BC80003D3D3D3D3D3D3D3D3D3D3D3D00426C75B5
:10BC900065746F6F746820696E6974206661696C81
:10BCA00065642028657272202564290A003D3D3DA7
:10BCB0003D3D3D3D3D3D3D3D3D3D3D3D3D3D3D3DB4
:10BCC0003D20425420494E495449414C495A45442B
:10BCD0000072616E646F6D0046463A45453A4444D1
:10BCE0003A43433A42423A4141005363616E6E69BE
:10BCF0006E672066696C746572732063616E6E6F27
:10BD00007420626520736574202865727220256432
:10BD1000290A0046696C746572732063616E6E6FE8
:10BD200074206265207475726E6564206F6E2028C1
:10BD3000657272202564290A006170700028756E92
:10BD40007369676E6564292063686172202A2075B3
:10BD500073656420666F7220252570206172677597
:10BD60006D656E742E2049742773207265636F6D44
:10BD70006D656E64656420746F20636173742069FF
:10BD80007420746F20766F6964202A206265636175
:10BD9000757365206974206D6179206361757365C1
:10BDA000206D69736265686176696F7220696E20C3
:10BDB0006365727461696E20636F6E666967757220
:10BDC0006174696F6E732E20537472696E673A22C4
:10BDD00025732220617267756D656E743A25640063
:10BDE00063627072696E74665F7061636B616765D0
:10BDF000006C6F6767696E67006C6F67006C6F67D8
:10BE00005F6D676D74004D657373616765202822EF
:10BE1000257322292064726F7070656420626563E7
:10BE20006175736520697420657863656564732046
:10BE300073697A65206C696D69746174696F6E20CD
:10BE400028257529004D6573736167652064726FDD
:10BE50007070656420626563617573652069742024
:10BE6000657863656564732073697A65206C696DB4
:10BE700069746174696F6E2028257529000D0A00A8
:10BE80001B5B306D00257320005B2530386C755DC1
:10BE900020005B253032753A253032753A25303234
:10BEA000752E253033752C253033755D20002573B4
:10BEB0002F003C25733E200025733A2000253032A8
:10BEC000782000202020007C00256300206D657311
:10BED00073616765732064726F70706564202D2DC7
:10BEE0002D0D0A1B5B306D001B5B313B33316D2D1B
:10BEF0002D2D20001B5B313B33316D001B5B313B33
:10BF000033336D006572720077726E00696E660081
:10BF1000646267006C6F675F6261636B656E645F2C
:10BF2000727474006C6F675F6261636B656E645FEF
:10BF300075617274006C6F675F75617274002A2A94
:10BF40002A20426F6F74696E67206E524620436FDD
:10BF50006E6E6563742053444B2076332E302E3141
:10BF60002D396562353631356461363662202A2ACC
:10BF70002A0A002A2A2A205573696E67205A65709A
:10BF8000687972204F532076342E302E39392D3770
:10BF90003766383635623866386430202A2A2A0AED
:10BFA000007075626C6963007075626C69632D69FD
:10BFB000640072616E646F6D2D69640025303258C3
:10BFC0003A253032583A253032583A253032583AEC
:10BFD000253032583A253032582028257329006EF2
:10BFE00072665F62745F7363616E0072302F6131DD
:10BFF0003A2020307825303878202072312F613275
:10C000003A2020307825303878202072322F613362
:10C010003A20203078253038780072332F61343A56
:10C020002020307825303878207231322F69703AEC
:10C030002020307825303878207231342F6C723AD5
:10C0400020203078253038780020787073723A20BC
:10C0500020307825303878004661756C74696E67D9
:10C0600020696E737472756374696F6E20616464A5
:10C070007265737320287231352F7063293A20302E
:10C08000782530387800556E68616E646C65642080
:10C090004952516E3A202564002A2A2A2A2A20422F
:10C0A0005553204641554C54202A2A2A2A2A00203A
:10C0B00020537461636B696E67206572726F7200E2
:10C0C0002020556E737461636B696E6720657272B0
:10C0D0006F7200202050726563697365206461741B
:10C0E0006120627573206572726F72002020424673
:10C0F000415220416464726573733A203078257828
:10C10000002020496D7072656369736520646174F5
:10C110006120627573206572726F72002020496E13
:10C12000737472756374696F6E20627573206572C3
:10C13000726F72002020466C6F6174696E672D709B
:10C140006F696E74206C617A7920737461746520F4
:10C15000707265736572766174696F6E2065727254
:10C160006F72002A2A2A2A2A205553414745204621
:10C1700041554C54202A2A2A2A2A00202044697634
:10C180006973696F6E206279207A65726F00202072
:10C19000556E616C69676E6564206D656D6F72794F
:10C1A000206163636573730020204E6F20636F709E
:10C1B000726F636573736F7220696E7374727563E7
:10C1C00074696F6E73002020496C6C6567616C2028
:10C1D0006C6F6164206F66204558435F524554552B
:10C1E000524E20696E746F205043002020496C6CC1
:10C1F0006567616C20757365206F662074686520C3
:10C2000045505352002020417474656D7074207441
:10C210006F206578656375746520756E6465666901
:10C220006E656420696E737472756374696F6E00F5
:10C230002A2A2A2A2A204D5055204641554C54205E
:10C240002A2A2A2A2A002020537461636B696E67A8
:10C25000206572726F722028636F6E746578742027
:10C2600061726561206D69676874206265206E6F18
:10C27000742076616C696429002020446174612017
:10C280004163636573732056696F6C6174696F6E87
:10C290000020204D4D464152204164647265737305
:10C2A0003A2030782578002020496E7374727563C7
:10C2B00074696F6E204163636573732056696F6C98
:10C2C0006174696F6E0052657365727665642045AE
:10C2D0007863657074696F6E202800537075726999
:10C2E0006F757320696E7465727275707420284959
:10C2F00052512000535053454C20696E207468728F
:10C30000656164206D6F646520646F6573206E6F76
:10C310007420696E64696361746520505350002A0B
:10C320002A2A2A2A2048415244204641554C54206A
:10C330002A2A2A2A2A002020427573206661756CF9
:10C3400074206F6E20766563746F72207461626C06
:10C350006520726561640020204465627567206510
:10C3600076656E740020204661756C742065736379
:10C37000616C6174696F6E20287365652062656CFD
:10C380006F772900415243485F4558434550542038
:10C390007769746820726561736F6E2025780A0072
:10C3A0002A2A2A2A2A204465627567206D6F6E69E1
:10C3B000746F7220657863657074696F6E202A2AC5
:10C3C0002A2A2A002A2A2A2A2A2025732025642993
:10C3D000202A2A2A2A2A006D7075004661696C6538
:10C3E0006420746F20616C6C6F63617465206E658E
:10C3F00077204D505520726567696F6E2025750A4C
:10C4000000506172746974696F6E2025753A2073EB
:10C41000616E69747920636865636B206661696C1D
:10C4200065642E00464C4153485F30005352414DE5
:10C430005F30006E65745F627566006E65745F6282
:10C4400075665F73696D706C6500736F630000FFE4
:10C45000FFFFFFFFFF00000000000000FFFFFFFFE5
:10C46000FFFF000000000000303132333435363732
:10C4700038396162636465660002FB349B5F80004B
:10C4800000800010000000000000287075626C69D8
:10C490006329002872616E646F6D290028707562CF
:10C4A0006C69632D696429002872616E646F6D2D5B
:10C4B0006964290062745F627566006D616C666F05
:10C4C000726D6564206164766572746973696E6704
:10C4D0002064617461202575202F20257500627409
:10C4E0005F646174610044617461206275666665B1
:10C4F00072206F766572666C6F7720286C696E6B40
:10C500002074797065203078253032782900556E96
:10C5100061626C6520746F206C6F6F6B207570208A
:10C52000636F6E6E20776974682068616E646C65F5
:10C53000202575004572726F72207768696C6520DE
:10C540007570646174696E672074686520736361D7
:10C550006E6E6572202825642900556E61626C65D7
:10C5600020746F206C6F6F6B757020636F6E6E2020
:10C57000666F722068616E646C6520257500486185
:10C58000726477617265206572726F722C206861C7
:10C5900072647761726520636F64653A2025640078
:10C5A000436F756C64206E6F74207375626D69746F
:10C5B0002072785F776F726B3A20256400556E6148
:10C5C000626C6520746F20616C6C6F6361746520B0
:10C5D00062756666657200556E68616E646C65644E
:10C5E000206576656E7420307825303278206C6551
:10C5F0006E2025753A20257300546F6F20736D618E
:10C600006C6C202825752062797465732920657605
:10C61000656E742030782530327800496E76616C12
:10C620006964204843492041434C207061636B6535
:10C63000742073697A6520282575290041434C20B0
:10C6400064617461206C656E677468206D69736DD8
:10C65000617463682028257520213D2025752900F7
:10C66000556E61626C6520746F2066696E6420632C
:10C670006F6E6E20666F722068616E646C65202537
:10C680007500496E76616C6964204843492065767F
:10C69000656E742073697A652028257529005745D1
:10C6A00053545F544F504449522F7A6570687972E1
:10C6B0002F7375627379732F626C7565746F6F7405
:10C6C000682F686F73742F6863695F636F72652E7C
:10C6D000630062745F6863695F6576745F67657441
:10C6E0005F666C616773286864722D3E6576742995
:10C6F0002026202831554C203C3C20283129290077
:10C70000415353455254494F4E204641494C205BBA
:10C7100025735D20402025733A25640A00556E6B11
:10C720006E6F776E2062756620747970652025754E
:10C7300000556E68616E646C65642076656E646F2A
:10C74000722D7370656369666963206576656E74C2
:10C7500020307825303278206C656E2025753A209F
:10C760002573004E6F20636F6D6D616E642073657D
:10C770006E7420666F7220636D6420636F6D706CE1
:10C7800065746520307825303478004F70436F64CD
:10C79000652030782530347820636F6D706C657457
:10C7A000656420696E7374656164206F66206578C6
:10C7B0007065637465642030782530347800657660
:10C7C00074206E756D5F68616E646C657320283DC2
:10C7D00025752920746F6F206C617267652028258C
:10C7E00075203E20257529004E6F20636F6E6E65A3
:10C7F0006374696F6E20666F722068616E646C6529
:10C80000202575007061636B65747320636F756EAE
:10C8100074206D69736D6174636800696E7465720C
:10C8200076616C2065786365656473207468652043
:10C8300076616C69642072616E676520307825309E
:10C840003478006C6174656E637920657863656522
:10C850006473207468652076616C69642072616E0F
:10C8600067652030782530347800737570765F7492
:10C87000696D656F75742065786365656473207490
:10C8800068652076616C69642072616E676520302E
:10C89000782530347800756E6B6E6F776E00657634
:10C8A000745F666C6167732026202831554C203CEC
:10C8B0003C202830292900496E76616C6964206229
:10C8C00075662074797065202575005B305D0049C0
:10C8D00064656E7469747925733A20257300496420
:10C8E000656E746974795B25645D3A202573004830
:10C8F00043493A2076657273696F6E20257320284C
:10C9000030782530327829207265766973696F6EC8
:10C91000203078253034782C206D616E7566616327
:10C92000747572657220307825303478004C4D5023
:10C930003A2076657273696F6E20257320283078EF
:10C94000253032782920737562766572203078251B
:10C95000303478004248415200556E61626C652067
:10C96000746F2073656E6420746F206472697665DD
:10C970007220286572722025642900556E636C65EB
:10C98000617265642070656E64696E672073656EA0
:10C99000745F636D6400737563636573730009632B
:10C9A0006F6D6D616E64206F70636F6465203078A9
:10C9B000253034782074696D656F75740A0065726E
:10C9C00072203D3D20300009436F6E74726F6C6CB5
:10C9D000657220756E726573706F6E736976652C03
:10C9E00020636F6D6D616E64206F70636F6465208E
:10C9F0003078253034782074696D656F75742077D0
:10CA0000697468206572722025640A006F70636F14
:10CA100064652030782530347820737461747573C0
:10CA200020307825303278202573004E6F6E2D4CE3
:10CA3000452063617061626C6520636F6E74726F14
:10CA40006C6C657220646574656374656421004173
:10CA5000434C2042522F45445220627566666572EF
:10CA600073206E6F7420696E697469616C697A6590
:10CA7000640056656E646F7220484349206578747F
:10CA8000656E73696F6E73206E6F74206176616975
:10CA90006C61626C6500485720506C6174666F72FF
:10CAA0006D3A2025732028307825303478290048C5
:10CAB000572056617269616E743A202573202830C0
:10CAC000782530347829004669726D776172653A4D
:10CAD0002025732028307825303278292056657239
:10CAE00073696F6E2025752E2575204275696C64FB
:10CAF000202575004661696C656420746F2072653D
:10CB0000616420737570706F727465642076656EF1
:10CB1000646F7220636F6D6D616E6473004661694E
:10CB20006C656420746F2072656164207375707029
:10CB30006F727465642076656E646F7220666561DD
:10CB40007475726573004843492064726976657232
:10CB5000206973206E6F742072656164790042549D
:10CB60002052582057510048434920647269766525
:10CB700072206F70656E206661696C65642028257F
:10CB80006429004E6F2070656E64696E6720706561
:10CB9000726970686572616C20636F6E6E65637434
:10CBA000696F6E004E6F2070656E64696E672063FA
:10CBB000656E7472616C20636F6E6E656374696F0D
:10CBC0006E00436F6E6E656374696F6E206372658D
:10CBD0006174696F6E2074696D656F75742074720D
:10CBE00069676765726564004661696C6564207495
:10CBF0006F207265737461727420696E6974696103
:10CC0000746F7200556E6578706563746564207327
:10CC10007461747573203078253032782025730064
:10CC20004E6F2070656E64696E6720636F6E6E2054
:10CC3000666F72207065657220257300556E657889
:10CC400070656374656420484F53545F4E554D5F63
:10CC5000434F4D504C455445445F5041434B455420
:10CC6000532C2073746174757320307825303278BA
:10CC700020257300312E306200312E3100312E32EA
:10CC800000322E3000322E3100332E3000342E3060
:10CC900000342E3100342E3200352E3000352E3146
:10CCA00000352E3200352E3300352E3400362E302E
:10CCB000005374616E6461726420426C7565746FB8
:10CCC0006F746820636F6E74726F6C6C657200565F
:10CCD000656E646F72207370656369666963206353
:10CCE0006F6E74726F6C6C6572004669726D7761FD
:10CCF0007265206C6F61646572005265736375655F
:10CD000020696D61676500726573657276656400A0
:10CD10006E5246353178006E5246353278006E528A
:10CD200046353378006E524635344878006E5246A8
:10CD300035344C7800496E74656C20436F72706FA7
:10CD4000726174696F6E004E6F726469632053651F
:10CD50006D69636F6E647563746F72004E58502016
:10CD600053656D69636F6E647563746F727300628F
:10CD7000745F6863695F636F726500636D642064EC
:10CD80006973616C6C6F776564004F6E6C792072AB
:10CD9000616E646F6D20737461746963206964658A
:10CDA0006E7469747920616464726573732073753D
:10CDB00070706F7274656400496E76616C6964208E
:10CDC000696E70757420706172616D6574657273DF
:10CDD000004661696C656420746F2072656164202F
:10CDE0007075626C6963206164647265737300526C
:10CDF0006561642053746174696320416464726581
:10CE00007373657320636F6D6D616E64206E6F74F4
:10CE100020617661696C61626C65004661696C6570
:10CE20006420746F20726561642073746174696337
:10CE300020616464726573736573004E6F20737450
:10CE400061746963206164647265737365732073D0
:10CE5000746F72656420696E20636F6E74726F6C9C
:10CE60006C65720049676E6F72696E6720666169F2
:10CE70006C75726520746F207365742061646472D0
:10CE800065737320666F72207061737369766520B5
:10CE90007363616E20282564290043616E27742026
:10CEA00073657420626F7468204944454E54495438
:10CEB000592026204E52504100556E61626C65200B
:10CEC000746F20736574206964656E746974792069
:10CED0006164647265737300556E61626C65207481
:10CEE0006F207365742072616E646F6D206164647D
:10CEF000726573730062745F696400436F6E74726D
:10CF00006F6C6C65722063616E6E6F7420726573F6
:10CF1000756D6520636F6E6E65637461626C65200C
:10CF20006164766572746973696E67202825642967
:10CF30000062745F61647600556E65787065637435
:10CF4000656420656E64206F662062756666657232
:10CF500000030502000A4661696C65642072656120
:10CF6000642072656D6F74652066656174757265A5
:10CF7000732028256429004661696C6564204C454E
:10CF80002053657420504859202825642900556E87
:10CF90006578706563746564206669727374204C8B
:10CFA00032434150206672616D6500556E65787040
:10CFB0006563746564204C3243415020636F6E7426
:10CFC000696E756174696F6E004E6F7420656E6F67
:10CFD0007567682062756666657220737061636547
:10CFE00020666F72204C32434150206461746100AE
:10CFF000556E65787065637465642041434C2066A6
:10D000006C616773202830782530327829004143DD
:10D010004C206C656E206D69736D617463682028A7
:10D020002575203E202575290028756E6B6E6F775B
:10D030006E29006E6F207472616E736974696F6E11
:10D04000202573004572726F72207768696C6520C5
:10D0500072656D6F76696E6720636F6E6E20757393
:10D0600065722066726F6D207363616E6E657220EB
:10D070002825642900496E76616C6964202825752D
:10D0800029206F6C6420737461746500636F6E6E29
:10D09000202570206661696C656420746F2065735B
:10D0A0007461626C6973682E205246206E6F6973DA
:10D0B000653F006E6F2076616C69642028257529B4
:10D0C00020737461746520776173207365740069DF
:10D0D0006E636F6D70617469626C652068616E6407
:10D0E0006C652025750054696D656F7574206469E1
:10D0F000736361726465642E204E6F20626C6F638F
:10D100006B696E6720696E2073797377712E005595
:10D110006E61626C6520746F20616C6C6F6361740A
:10D1200065206275666665722077697468696E202D
:10D1300074696D656F757400636F6E6E2025703A4B
:10D14000206E6F7420636F6E6E6563746564004655
:10D150006174616C206572726F7220282564292EBB
:10D1600020446973636F6E6E656374696E67202512
:10D170007000466F756E642076616C696420636F21
:10D180006E6E656374696F6E20282570292077693B
:10D190007468206164647265737320257320696EFE
:10D1A00020257320737461746520002A636F6E6E8E
:10D1B0002073686F756C6420626520756E72656699
:10D1C0006572656E63656420616E6420696E697462
:10D1D00069616C697A656420746F204E554C4C000F
:10D1E00053656E64204C4520706172616D207570CE
:10D1F00064617465206661696C656420286572727B
:10D20000202564290053656E64206175746F204C7D
:10D210004520706172616D2075706461746520666F
:10D2200061696C6564202865727220256429006438
:10D230006973636F6E6E65637465640064697363BC
:10D240006F6E6E6563742D636F6D706C65746500D1
:10D250007363616E2D6265666F72652D696E6974A8
:10D26000696174696E6700696E6974696174696E79
:10D27000672D66696C7465722D6C697374006164E6
:10D28000762D636F6E6E65637461626C65006164B8
:10D29000762D6469722D636F6E6E65637461626C66
:10D2A0006500646973636F6E6E656374696E6700B1
:10D2B00062745F636F6E6E00556E61626C652074A0
:10D2C0006F20616C6C6F6361746520627566666562
:10D2D0007220666F72206F702030782530327800AF
:10D2E0004E6F20617661696C61626C65204C3243DF
:10D2F000415020636F6E7465787420666F7220638E
:10D300006F6E6E20257000457870656374696E6776
:10D3100020757020746F20256420726566732C2040
:10D32000676F7420256400616C72656164792068A0
:10D330006176652076696577206F6E202570004CD8
:10D3400032434150206C656E677468206D69736D5F
:10D35000617463682028257520213D2025752900EA
:10D36000496E76616C6964206964656E74207661CB
:10D370006C756520696E204C3243415020504455F5
:10D3800000546F6F20736D616C6C204C4520636F8F
:10D390006E6E20706172616D2072737000546F6FD9
:10D3A00020736D616C6C204C4520636F6E6E207530
:10D3B000706461746520706172616D2072657100C6
:10D3C0004E6F7420636F6E6E6563746564005265A2
:10D3D0006A656374696E6720756E6B6E6F776E2019
:10D3E0004C324341502050445520636F64652030D7
:10D3F000782530327800546F6F20736D616C6C202B
:10D400004C32434150207369676E616C696E6720CE
:10D4100050445500546F6F20736D616C6C204C321A
:10D4200043415020504455207265636569766564B8
:10D430000049676E6F72696E67206461746120666F
:10D440006F7220756E6B6E6F776E206368616E6EA3
:10D45000656C2049442030782530347800636F6E45
:10D460006669670062745F6C32636170004E6F20A2
:10D47000617661696C61626C652041545420636F10
:10D480006E7465787420666F7220636F6E6E2025EF
:10D4900070004E6F20617661696C61626C6520413D
:10D4A0005454206368616E6E656C20666F722063F1
:10D4B0006F6E6E20257000415454204D54552065E8
:10D4C000786365656465642C206D61782025752C12
:10D4D0002077616E74656420257A7500556E6162EF
:10D4E0006C6520746F2063726561746520555549C1
:10D4F000443A2073697A6520257500556E61626C27
:10D500006520746F206372656174652055554944C8
:10D510003A2073697A652025640041545420636879
:10D52000616E6E656C206E6F7420636F6E6E6563E6
:10D53000746564004572726F72207369676E696EFC
:10D540006720646174610052616E206F7574206F92
:10D55000662054582062756666657273206F72206B
:10D56000636F6E74657874732E00476F74206572F4
:10D57000722025642C206E6F742063616C6C696E60
:10D58000672041545420636200546F6F20736D61B3
:10D590006C6C204154542050445520726563656979
:10D5A00076656400556E68616E646C6564204154F4
:10D5B0005420636F64652030782530327800496EDE
:10D5C00076616C6964206C656E20257520666F72CB
:10D5D00020636F64652030782530327800556E61A5
:10D5E000626C6520746F2066696E6420415454201B
:10D5F0006368616E6E656C004E6F20415454206309
:10D6000068616E6E656C20666F72204D54552025E2
:10D610007A75004E6F2070656E64696E67204154A4
:10D6200054207265717565737400415454205469B7
:10D630006D656F757420666F7220646576696365C9
:10D640002025732E20446973636F6E6E6563746961
:10D650006E672E2E2E00446973636F6E6E65637461
:10D66000696E67206661696C656420286572722046
:10D670002564290062745F61747400756E61626C68
:10D680006520746F20736176652053433A206E6F76
:10D6900020636667206C6566740076616C75655FF3
:10D6A0006C656E206F662025752070726F766964D8
:10D6B000656420666F72204E554C4C2076616C7507
:10D6C00065004E6F20737061636520746F20737402
:10D6D0006F7265204343432063666700526561644F
:10D6E000206D6574686F64206E6F742073657400BC
:10D6F0004661696C656420746F20726561642061A5
:10D700007474726962757465202570202865727260
:10D7100020257A642900496E76616C6964207265FF
:10D720006164206C656E6774683A20257A64004CE9
:10D73000696E6B206973206E6F7420656E637279F9
:10D740007074656400446576696365206973206E52
:10D750006F74207375627363726962656420746F9D
:10D7600020636861726163746572697374696300D0
:10D770004E6F2062756666657220617661696C61C4
:10D78000626C6520746F2073656E6420696E6469D5
:10D79000636174696F6E00434343202570206E6F90
:10D7A00074207772697461626C65005343207265FE
:10D7B00073746F726520696E6469636174696F6EFA
:10D7C000206661696C6564004E6F206275666665EF
:10D7D0007220617661696C61626C6520746F207380
:10D7E000656E64206E6F74696669636174696F6EDB
:10D7F0000062742F6363630062745F676174740016
:10D800004E6F20617661696C61626C6520534D508A
:10D8100020636F6E7465787420666F7220636F6E1C
:10D820006E2025700062745F736D7000636C6F63AF
:10D830006B403430303030303030006866636C6BB1
:10D84000006C66636C6B00636C6F636B5F636F6E21
:10D8500074726F6C0072616E646F6D403430303082
:10D860006430303000656E74726F70795F62745F1F
:10D87000686369006770696F403530303030303030
:10D88000300000010203040506074661696C656407
:10D8900020746F20616C6C6F636174652050504917
:10D8A000204368616E6E656C00756172744034303F
:10D8B00030303230303000756172745F6E7266786D
:10D8C0005F756172746500536F6674446576696351
:10D8D0006520436F6E74726F6C6C65722041535398
:10D8E0004552543A2025732C20256400536F6674EA
:10D8F00044657669636520436F6E74726F6C6C6506
:10D9000072206275696C64207265766973696F6EE6
:10D910003A2000456E74726F707920736F75726370
:10D920006520646576696365206E6F742072656139
:10D930006479004661696C656420746F2072656764
:10D9400069737465722072616E6420736F7572639F
:10D9500065202825642900416C6C6F6361746564DF
:10D96000206D656D6F727920746F6F206C6F773AE0
:10D97000202575203C202575004576656E74206253
:10D98000756666657220746F6F20736D616C6C2EA6
:10D99000202575203E20257500556E6578706563DD
:10D9A000746564206D73675F747970653A202575BE
:10D9B0002E20546869732069662D656C7365206E2E
:10D9C000656564732061206E6577206272616E63A5
:10D9D0006800556E6B6E6F776E206572726F722085
:10D9E0007768656E2070726F63657373696E672008
:10D9F000686369206D6573736167652025640062E3
:10DA0000745F6863695F7364630062745F73646307
:10DA10005F6863695F6472697665720062745F73E0
:10DA200064635F63727970746F004D50534C204192
:10DA300053534552543A2025732C202564004D50F1
:10DA4000534C20576F726B006D70736C5F696E6919
:10DA5000740000000000010000000101000001014D
:10DA60000101000000005465726D696E616C000078
:10DA700000000000005454522052454747455300CF
:10DA800048616C74696E672073797374656D0055B5
:10DA90006E6B6E6F776E206572726F72003E3E3EE7
:10DAA000205A455048595220464154414C20455235
:10DAB000524F522025643A202573206F6E20435028
:10DAC00055202564004661756C7420647572696E1A
:10DAD0006720696E746572727570742068616E6417
:10DAE0006C696E670A0043757272656E74207468A3
:10DAF000726561643A2025702028257329004350FF
:10DB00005520657863657074696F6E00556E686145
:10DB10006E646C656420696E7465727275707400F1
:10DB2000537461636B206F766572666C6F77004B20
:10DB300065726E656C206F6F7073004B65726E65F9
:10DB40006C2070616E6963006D61696E006F7300B7
:10DB5000737973776F726B7100899A508A95019C03
:10DB600058FC39D2C11004EE0264CE25BE00FFFF7E
:10DB7000FFFF1F00647261676F6F6E2F6C696273C5
:10DB80002F7363686564756C696E672F7372632F9A
:10DB900072656D5F68616C5F6576656E745F7469F0
:10DBA0006D65722E6300286E756C6C29002A666C98
:08DBB0006F61742A00000000FF
:10DBC000FFFFFFFFFF1F00001F000000000000001C
:10DBD0007FFE0000E4070000DD50000000010000AF
:10DBE000FFFFFFFF1FFF1B00BAABBABA10101010E7
:10DBF000A0354D00FF000000C40900000000000037
:10DC00000080004000000000000000000C00000048
:10DC10000000000000FF7F00000000000000000086
:10DC200000000000000000000000000000000000F4
:10DC300000000000F5370000954A0000C5360000DE
:10DC400095530000C5360000C5360000C5360000FB
:10DC5000C5360000C5360000E94F000049520000FB
:10DC6000C5360000C5360000F5370000954A0000B3
:10DC70006D48000095530000C5360000DD520000DD
:10DC8000CD500000C5360000C5360000E94F000049
:10DC9000495200006551000051500000BD3800009D
:10DCA000614A000091470000ED470000BD380000C8
:10DCB000614A00002555000009550000414E000052
:10DCC000D94E0000894F00002D4F0000255500005F
:10DCD00009550000A94800000D380000093900006E
:10DCE000093900007D45000025380000A9480000E2
:10DCF0000D380000155B0000953A0000F16000004F
:10DD000029610000F142000069430000D14D00008C
:10DD1000953A000000000000715600009C050020AC
:10DD2000B405002068050020F4050020D40500207B
:10DD300061550000AC050020CC0500203405002012
:10DD40000C060020EC050020693F00002140000087
:10DD5000C1510000914E00000000000000000000D2
:10DD600000000000000000000000000000000000B3
:10DD70000000000000000000EDAD00000000000009
:10DD80005B830100000000000D8401000000000022
:10DD9000D783010000000000EF83010000000000B5
:10DDA000F383010000000000BF83010000000000B9
:10DDB000A38301000000000029AE00000000000065
:10DDC000A783010000000000000000000000000028
:10DDD0000000000000000000000000000000000043
:10DDE0000000000000000000000000000000000033
:10DDF0000000000000000000000000000000000023
:10DE00000000000000000000000000000000000012
:10DE10000000000000000000000000000000000002
:10DE200000000000000000000000000000000000F2
:10DE300000000000000000000000000000000000E2
:10DE400000000000000000000000000000000000D2
:10DE500000000000000000000000000000000000C2
:10DE600000000000000000000000000000000000B2
:10DE700000000000000000000000000000000000A2
:10DE80000000000000000000000000000000000092
:10DE90000000000000000000000000000000000082
:10DEA0000000000000000000000000000000000072
:10DEB0000000000000000000000000000000000062
:10DEC0000000000000000000000000000000000052
:10DED0000000000000000000000000000000000042
:10DEE0000000000000000000000000000000000032
:10DEF0000000000000000000000000000000000022
:10DF00000000000000000000000000000000000011
:10DF10000000000000000000000000000000000001
:10DF200000000000000000000000000000000000F1
:10DF300000000000000000000000000000000000E1
:10DF400000000000000000000000000000000000D1
:10DF500000000000000000000000000000000000C1
:10DF600000000000000000000000000000000000B1
:10DF700000000000000000000000000000000000A1
:10DF80000000000000000000000000000000000091
:10DF90000000000000000000000000000000000081
:10DFA0000000000000000000000000000000000071
:10DFB0000000000000000000000000000000000061
:10DFC0000000000000000000000000000000000051
:10DFD0000000000000000000000000000000000041
:10DFE0000000000000000000000000000000000031
:10DFF0000000000000000000000000000000000021
:10E000000000000000000000000000000000000010
:10E010000000000000000000000000000000000000
:10E0200000000000000000000000000000000000F0
:10E0300000000000000000000000000000000000E0
:10E0400000000000000000000000000000000000D0
:10E0500000000000000000000000000000000000C0
:10E0600000000000000000000000000000000000B0
:10E0700000000000000000000000000000000000A0
:10E080000000000000000000000000000000000090
:10E090000000000000000000000000000000000080
:10E0A0000000000000000000000000000000000070
:10E0B0000000000000000000000000000000000060
:10E0C0000000000000000000000000000000000050
:10E0D0000000000000000000000000000000000040
:10E0E0000000000000000000000000000000000030
:10E0F0000000000000000000000000000000000020
:10E10000000000000000000000000000000000000F
:10E1100000000000000000000000000000000000FF
:10E1200000000000000000000000000000000000EF
:10E1300000000000000000000000000000000000DF
:10E1400000000000000000000000000000000000CF
:10E1500000000000000000000000000000000000BF
:10E1600000000000000000000000000000000000AF
:10E17000000000000000000000000000000000009F
:10E18000000000000000000000000000000000008F
:10E19000000000000000000000000000000000007F
:10E1A000000000000000000000000000000000006F
:10E1B000000000000000000000000000000000005F
:10E1C000000000000000000000000000000000004F
:10E1D000000000000000000000000000000000003F
:10E1E000000000000000000000000000000000002F
:10E1F000000000000000000000000000000000001F
:10E20000000000000000000000000000000000000E
:10E2100000000000000000000000000000000000FE
:10E2200000000000000000000000000000000000EE
:10E2300000000000000000000000000000000000DE
:10E2400000000000000000000000000000000000CE
:10E2500000000000000000000000000000000000BE
:10E2600000000000000000000000000000000000AE
:10E27000000000000000000000000000000000009E
:10E28000000000000000000000000000000000008E
:10E29000000000000000000000000000000000007E
:10E2A000000000000000000000000000000000006E
:10E2B000000000000000000000000000000000005E
:10E2C000C40B002067AB01006DAB01006FAB010018
:10E2D00095AB010073AB01009FAB010079AB01006E
:10E2E000ABAB01007FAB0100B1AB01008BAB010018
:10E2F0008FAB010081AB010087AB01009BAB01003C
:10E30000A5AB010034B702000100000000000000CE
:10E3100000000000000000000000000000000000FD
:10E3200000000000000000000000000000000000ED
:10E3300000000000000000000000000000000000DD
:10E3400000000000000000000000000000000000CD
:10E3500000000000000000000000000000000000BD
:10E3600000000000000000000000000000000000AD
:10E37000000000000000000000000000000000009D
:10E38000000000000000000000000000000000008D
:10E39000000000000000000000000000000000007D
:10E3A000000000000000000000000000000000006D
:10E3B000000000000000000000000000000000005D
:10E3C000000000000000000000000000000000004D
:10E3D0000000000000000000BDEE01000000000091
:10E3E000000000000000000000000000000000002D
:10E3F000000000000000000000000000000000001D
:10E40000000000000000000000000000000000000C
:10E4100000000000000000000000000000000000FC
:10E4200000000000000000000000000000000000EC
:10E4300000000000000000000000000000000000DC
:10E4400000000000000000000000000000000000CC
:10E4500000000000000000000000000000000000BC
:10E4600000000000000000000000000000000000AC
:10E4700000000000000000000000000080AF02006B
:10E4800068B7020000000000E57D0200718502000F
:10E49000F0B702000000000019C9010000000000F0
:10E4A0000000000000000000C7880200000000001B
:10E4B0000000000000000000EB8D020000000000E2
:10E4C000000000000000000061DE0100000000000C
:10E4D0000000000000000000110902000000000020
:10E4E0000000000000000000AD010200000000007C
:10E4F00000000000F40D0020F40D002000000000DA
:10E500000000000001170200592602000000000070
:10E510000000000000000000D91D02003D9902002B
:10E5200069980200F51602000000000004BC020019
:10E5300000002000000000000000000000000000BB
:10E5400000000000000000000000000000000000CB
:10E55000439C02000000000018BC02000000020002
:10E5600024BC02000000020030BC020000000200D7
:10E57000000000000000000000000000000000009B
:10E58000000000000000000000000000000000008B
:10E59000000000000000000000000000000000007B
:10E5A000000000000000000000000000000000006B
:10E5B000000000000000000000000000000000005B
:10E5C00008000000FF000000000000000100000043
:10E5D00000000000FFFF0100D80E0020D80E002030
:10E5E000000000000000000000000000000000002B
:10E5F000000000000000000000000000000000001B
:10E60000000000000000000000000000000000000A
:10E6100000000000000000000000000000000000FA
:10E6200000000000000000000000000000000000EA
:10E63000300F0020300F002078770020000000000D
:10E64000020000002C000000000000004C0F002021
:10E650004C0F0020406D0020000000000200000070
:10E66000B000000000000000680F0020680F0020CC
:10E67000D077002000000000030000001000000020
:10E6800000000000840F0020840F00200000000024
:10E69000000000000E000000980F0020980F0020DE
:10E6A00000000000000000000E000000AC0F002081
:10E6B000AC0F00200000000001000000BC0F002093
:10E6C000BC0F0020C40F0020C40F00200000000079
:10E6D000FFFFFFFFD40F0020D40F00200000000038
:10E6E00000000000E40F0020E40F0020EC0F0020E9
:10E6F000EC0F00200000000000000000FC0F0020D4
:10E70000FC0F002004100020041000200300030070
:10E71000100000000000000088B9020020760020F0
:10E720000000000000000000281000202810002039
:10E730003010002030100020030003001000000003
:10E74000C91C020030BA020000770020000000005F
:10E750000000000054100020541000205C10002025
:10E760005C10002003000300010000000000000016
:10E770006CB80200347300200000000000000000AC
:10E7800080100020801000208810002088100020B9
:10E7900002000200100000002901020078B9020006
:10E7A000707500200000000000000000AC10002088
:10E7B000AC100020B4100020B410002002000200B1
:10E7C000010000000000000044B90200387500207C
:10E7D0000000000000000000D8100020D810002029
:10E7E000E0100020E01000200A000A0006000000EF
:10E7F000BDDA01005CB80200687100200000000072
:10E800000000000004110020041100200C11002061
:10E810000C110020010001000100000000000000B8
:0CE820007CB802008C74002015E015E0AC
:00000001FF
