:10000000C02A002069220000CF7C00005522000099
:10001000552200005522000055220000000000007B
:10002000000000000000000000000000E1230000CC
:100030005522000000000000792300005522000036
:10004000CD250000CD250000CD250000CD250000E8
:10005000CD250000CD250000CD250000CD250000D8
:10006000CD250000CD250000CD250000CD250000C8
:10007000CD250000CD250000CD250000CD250000B8
:10008000CD250000CD250000CD250000CD250000A8
:10009000CD250000CD250000CD250000CD25000098
:1000A000CD250000CD250000CD250000CD25000088
:1000B000CD250000CD250000CD250000CD25000078
:1000C000CD250000CD250000CD250000CD25000068
:1000D000CD250000CD250000CD25000053B94AB93B
:1000E000002908BF00281CBF4FF0FF314FF0FF3040
:1000F00000F00CB8ADF1080C6DE904CE00F010F87A
:10010000DDF804E0DDE9022304B07047704700BF6A
:10011000034613F8012B002AFBD1181A0138704747
:100120002DE9F04786468C460846089E15467446DB
:100130001946002B40F0C2808542B2FA82F245D9BE
:100140004AB1C2F1200300FA02FC2EFA03F39540F3
:1001500043EA0C0C94404FEA154EA8B2BCFBFEF8E3
:10016000230C0EFB18CC08FB00F943EA0C4399451D
:1001700028D9EB1808F1FF3704D2994502D9A8F124
:1001800002072B44A3EB0903A4B2B3FBFEFC0EFB56
:100190001C330CFB00F044EA0344A04214D92C1990
:1001A0000CF1FF3304D2A04202D9ACF102032C447B
:1001B000241A43EA07401EB1D44000233460736020
:1001C000BDE8F0874746DDE76346F1E792BB431B96
:1001D00001214FEA154EAFB2B3FBFEFC200C0EFB23
:1001E0001C330CFB07F840EA0343984562D9EB182F
:1001F0000CF1FF3004D2984502D9ACF102002B4437
:10020000A3EB0803A4B2B3FBFEFC0EFB1C330CFBF8
:1002100007F744EA0344A7424ED92C190CF1FF33E7
:1002200004D2A74202D9ACF102032C44E41B43EAF6
:100230000040C0E7C2F1200320FA03F1954090404E
:100240002EFA03F303434FEA154EAFB2B1FBFEFCA7
:100250000EFB1C10190C0CFB07F841EA0041884505
:1002600004FA02F422D969180CF1FF3004D288454F
:1002700002D9ACF102002944A1EB08019BB2B1FB09
:10028000FEFC0EFB1C110CFB07F743EA01439F42E7
:100290000ED9EB180CF1FF3104D29F4202D9ACF118
:1002A00002012B44DB1B41EA004192E76046E3E791
:1002B0006146F7E76046A3E76346B7E7834206D99E
:1002C00016B9002108467BE7C6E900E0F9E7B3FA72
:1002D00083F78FB9834201D3724508D8BEEB02047D
:1002E00060EB030301209C461EB9002168E73846F5
:1002F000FAE7C6E9004CF8E7C7F1200CBB4022FA48
:100300000CF41C432EFA0CF120FA0CF3B840014314
:100310004FEA14490EFA07F5B3FBF9F81FFA84FE09
:1003200009FB18300B0C08FB0EFA43EA00439A4510
:1003300002FA07F240D9E31808F1FF3004D29A45D7
:1003400002D9A8F102002344A3EB0A0389B2B3FB4C
:10035000F9F809FB183308FB0EFE41EA03418E450C
:100360002CD9611808F1FF3304D28E4502D9A8F1C7
:100370000203214443EA0040A0FB0298A1EB0E01D6
:100380004145CE46434602D306D14D4504D2B9EB92
:10039000020E68EB04030138002EA6D0B5EB0E0266
:1003A00061EB030101FA0CFC22FA07F34CEA0303A8
:1003B000F940C6E9003198E74046C5E74346D9E72A
:1003C00038B5836805699C697CB112F4000F06D0CA
:1003D0002D6801238B401D4201D082F0C062044B86
:1003E000134002F0B072A04738BD6FF05700FBE732
:1003F0004000000608B5024804F0CAFC08BD00BF72
:1004000074060020F0B587B01A4E1B4B02930024EF
:1004100001940094234603223146204606F049F811
:100420004FF0FF324FF0FF33144804F0F5FC144F47
:100430000121384601F0E2F9124D134A29462046BF
:1004400006F038FF2146384601F0D8F9B5F90030FA
:10045000B5F90220B5F904100591049203930B4BF2
:10046000029301940094234603223146204606F06D
:1004700020F8C9E7F89F0000B8A00000740600202B
:100480002C9E0000C00A002028050020CCA00000FF
:1004900070B590B00E4615468DF83F000DF13F0344
:1004A0000D9301230E930DAA0B920C93154A0992FA
:1004B000EA180A9209AA0792089307AA0BA91248F8
:1004C00005F0DEFF002801DB002314E09DF83F303B
:1004D000049303900D4B029300200190009003467B
:1004E00001220B4905F0E5FFEEE70133054C14F856
:1004F00003C006F800C01846AB42F6D3002010B087
:1005000070BD00BFD80A002048050020E0A0000010
:10051000F89F000010B58AB08DF824000B788DF894
:10052000253009AB07930132089207AB05930123ED
:10053000069305A90A4805F0AEFF041E02DB002061
:100540000AB010BD0394074B029300200190009065
:1005500003460122044905F0ACFF60B2F0E700BF9A
:10056000480500200CA10000F89F0000F8B5114CD0
:1005700000272770104E32460121204600F008F96E
:100580000623A3700125E5702771A77125723246F5
:100590002946204600F0C2F8084C277065703146A5
:1005A000284606F04FFE32462946204600F020F944
:1005B000F8BD00BFA80A002028050020BC0A0020C2
:1005C00010B584B0214805F083FF50B3204809F0EE
:1005D0001EF8002834D04FF480311E4805F03BFF50
:1005E000002830DB1A4C4FF0A86204212046FFF7A8
:1005F000E7FE1949194B4B6010238B60204605F02C
:1006000035FF174806F029FBFFF7B0FF002115481A
:1006100001F0F4F84FF0FF304FF0FF3109F01DFA10
:10062000F8E70390104B02930024019400942346B2
:1006300001220E49204605F03CFF204604B010BDC3
:100640004FF0FF30FAE74FF0FF30F7E748050020A2
:10065000149E000070A10000CC0A0020F5030000E9
:10066000280500202C9E00002CA10000F89F00000F
:1006700030B583B004460D46274B1B68ADF80430F7
:100680001B0C8DF806300B46032201A9192006F039
:10069000ABFA08B103B030BD9DF80430627903F0C5
:1006A0007F0343EAC213DBB28DF804302279520192
:1006B00002F0600223F0600313438DF804309DF8CC
:1006C0000520637802F03F0242EA8312D2B28DF82D
:1006D0000520E3781B0103F0300322F030021A43B7
:1006E0008DF80520237822F00F0203F00F031A4340
:1006F0008DF805209DF80630A278920002F00C02D9
:1007000023F00C0313438DF806302B46032201A976
:10071000192006F00AF9BDE7A0A00000F0B583B0EB
:1007200006460F461546194B9B88ADF8043000234A
:100730008DF80630104605F0D9FE08BB1EB32B46D7
:10074000032201A9212006F04FFA08B103B0F0BD41
:100750000024BC420BD250B904EB84012A4606EBBC
:10076000810101A806F050FB0134A4B2F1E7002892
:10077000ECD12B46032201A9212006F0D6F8E5E7AB
:100780004FF0FF30E2E74FF0FF30DFE7A0A00000BE
:10079000F0B583B006460F461546144B9B88ADF85E
:1007A000043000238DF80630104605F09FFEA8B9EE
:1007B000C6B12B46032201A9212006F015FA002418
:1007C000BC420DD260B904EB84012A4606EB8101DC
:1007D00001A806F0A8FC0134A4B2F1E74FF0FF3005
:1007E00003B0F0BD4FF0FF30FAE700BFA0A000005B
:1007F000F0B583B005460E461746104605F076FE66
:10080000002840F0D180002D00F0D1803B4602222C
:1008100001A91F2006F0E8F9002800F0B98003B014
:10082000F0BD9DF8043003F07F0343EACC138DF84C
:1008300004300134E4B2B44280F0AC8005EB440CE7
:100840009CF801C015F814E0BEF10B0F00F29D807A
:1008500001A353F82EF000BF230800008908000010
:10086000A3080000BD080000D7080000F108000040
:100870000B0900001D0900003709000051090000A4
:100880006B090000810900009DF804304FEA8C1CC0
:100890000CF0400C23F0400343EA0C038DF80430C5
:1008A000C7E79DF804304FEA4C1C0CF0200C23F0F5
:1008B000200343EA0C038DF80430BAE79DF80430B6
:1008C0004FEACC0C0CF0080C23F0080343EA0C03AD
:1008D0008DF80430ADE79DF804304FEA8C0C0CF035
:1008E000040C23F0040343EA0C038DF80430A0E762
:1008F0009DF804304FEA4C0C0CF0020C23F002037C
:1009000043EA0C038DF8043093E79DF8053003F0BB
:100910007F0343EACC138DF805308AE79DF8053054
:100920004FEA0C1C0CF0100C23F0100343EA0C03EC
:100930008DF805307DE79DF805304FEACC0C0CF0C2
:10094000080C23F0080343EA0C038DF8053070E728
:100950009DF805304FEA8C0C0CF0040C23F00403D6
:1009600043EA0C038DF8053063E79DF8053023F06A
:1009700001030CF0010C43EA0C038DF8053058E735
:100980003946604606F03EFC53E76FF0030050E73F
:10099000002450E700287FF442AF3B46022201A921
:1009A0001F2005F0C2FF3AE74FF0FF3037E74FF066
:1009B000FF3034E72DE9F04F91B0059202931346D2
:1009C00002F004020092C3F3C20210F00303019389
:1009D00040F02B8280468A460132041D00284FD009
:1009E000B8F1000F05D0A4EB08030433534500F21F
:1009F0001F82029B5D1E019B0493069303930026B6
:100A00004FF0FF3B0427B946B8F1000F01D0029B1D
:100A10002360531E0793002A40F35D81059B13F06A
:100A2000020228D00120A4EB08018B081AB1B1F50D
:100A3000007F80F0038203990F2900F20282B8F14F
:100A4000000F00F06081DBB201F140026A4402F85D
:100A5000103C02F820BC002800F0518163F07F03B5
:100A600001F140026A4402F8103C049B01330493F4
:100A7000039B0133039304340022CC4640463DE0FF
:100A800001F0070A5444CAF1080AA9E7002634E035
:100A9000002632E0002630E00827BC462DE025295C
:100AA0002BD10BF1010B01260427BC4625E0472979
:100AB000EED82A2914D32A39C9B24FF0010E0EFA02
:100AC00001F14FF6DA7E11EA0E0F16D111F0625FD6
:100AD00040F0C08011F0010F40F08C8000260CE047
:100AE000252903D10BF1FF3B002606E001D90026A2
:100AF00003E0202901D02329CCD11D466B1C697845
:100B0000002900F01981002EC9D07A29BED84C29BD
:100B1000CDD34C392E2961D80FF2040E5EF821F0A6
:100B2000FB0A0000DD0B0000DD0B0000DD0B000008
:100B3000DD0B0000DD0B0000DD0B0000DD0B000015
:100B4000DD0B0000DD0B0000DD0B0000DD0B000005
:100B5000ED0B0000DD0B0000DD0B0000DD0B0000E5
:100B6000DD0B0000DD0B0000DD0B0000DD0B0000E5
:100B7000DD0B0000550C0000DD0B0000ED0B00004C
:100B8000ED0B0000550C0000550C0000550C00004A
:100B9000FB0A0000ED0B0000990A0000DD0B0000CD
:100BA000FB0A0000DD0B0000B10C0000ED0B0000A3
:100BB000B10C0000DD0B0000DD0B0000B90C0000E3
:100BC000E70B0000ED0B0000DD0B0000DD0B00006B
:100BD000ED0B0000DD0B0000E10B000000268CE7B0
:100BE0000427BC4689E70427BC4686E729786C2998
:100BF00024D000263C44013CB4FBF7F407FB04F48A
:100C000020B1211A6144514500F21581002A58D1C2
:100C1000BCF1040F00F08880BCF1080F40F0148193
:100C20001A99073121F0070101F108051A95D1E958
:100C3000008908B1C4E9008908345EE713F8021C92
:100C40006C2903D000260427BC46D3E700260827DA
:100C5000BC46CFE729784C291AD01A99073121F0E0
:100C6000070101F108061A96D1E90067073424F05C
:100C7000070440B1211A0831514513D829784C296D
:100C800013D0C4E90067083400260827BC4634E7BF
:100C90001A99073121F0070101F108061A96D1E9E6
:100CA0000067E3E76FF01B00BCE0C4E90067EAE718
:100CB00000260427BC469DE7324600260427BC4692
:100CC00098E7E14680461A9A111D1A91126802921D
:100CD000079A1D4698E6624B029A9A4204D3614BEA
:100CE0009A420AD3002300E00023002B7FF496AE43
:100CF000059B03F00202002095E60123F5E7069B21
:100D000001330693B4E610B10AF1010AB0E6009B84
:100D100013B10AF1020AABE60298FFF7F9F90AEB00
:100D2000000303F1020AA3E61A990D1D1A9509683A
:100D300000B121600434E0E68046231AB3F5806FE9
:100D400080F0858090B1002202609B080370009BB8
:100D500083B1069BC370049B88F802301BBB019DC6
:100D6000DDF80C90DDF810B0029F3DE05344A3F194
:100D7000080057E0069B4370EDE701339842EED937
:100D800003F140026A4412F8101C12F9102C002AD8
:100D9000F3DA01F07F01A4EB08020132524559D881
:100DA00004F8011BE9E7019B0398E7E7009B43B3C5
:100DB00005F140036B4413F8203C04F8013B019E0D
:100DC000A4EB080333440133534546D805F14003EF
:100DD0006B4413F8103C04F8013B32463946204678
:100DE00008F054FF34440135A94519D9BBF1000F6F
:100DF000DCD005F140036B4413F9103C002BD5DA2D
:100E0000F1E705F140036B4413F8103C58F82370E8
:100E1000002248F823203846FFF77AF9461CCFE72E
:100E2000A4EB080011B0BDE8F08F6FF00D00F9E7FA
:100E30006FF01B00F6E76FF01B00F3E76FF0150093
:100E4000F0E76FF01500EDE76FF01500EAE76FF0DF
:100E50001500E7E76FF01B00E4E76FF01B00E1E728
:100E6000B49D000034AD000080B505460E4617461F
:100E7000984604F05FFD034608F092FF0446DFF851
:100E8000189049F80030424639463046A84754F891
:100E9000090001F057FA00BF080000002DE9F043F7
:100EA00083B0044608461546238B13F0080F05D17E
:100EB00003F0070600230093019354E0012909D0B1
:100EC00043F02003238385F31188BFF36F8F03B0B2
:100ED000BDE8F08343F010032383F4E7204606F0D7
:100EE00086FB42E0D4F814904A466946204606F054
:100EF00097FB4FF00008238B03F00707B74269D038
:100F0000A268002A66D0012243F00803238385F3F8
:100F10001188BFF36F8F002A64D1009B2BB14B4621
:100F20003A466946204606F0F4FBB8F1000F02D0BD
:100F300034492046C047EFF31185202383F31288FC
:100F4000BFF36F8F238B23F008032383238B13F0CE
:100F5000100F4DD023F0100323830120268B06F0C1
:100F600007060028AFD00228B8D00028ABD001383F
:100F700004282BD801A353F820F000BFE50E000091
:100F8000CD0F0000910F0000A50F0000B90F000069
:100F90002369D3F800800621204606F0FEFA4FF0C0
:100FA0000009A8E72369D3F804800421204606F04D
:100FB000F4FA4FF000099EE72369D3F80880052171
:100FC000204606F0EAFA4FF0000994E74FF00008D7
:100FD000C14690E7009A0AB1002295E7B8F1000FE8
:100FE00092D1B3E74A463946204606F0DEFA94E746
:100FF00013F0200F04D023F0200323830220ADE759
:101000000020ABE74177000038B505460B4C00E007
:1010100010340B4B9C420FD263685B79002BF7D0E6
:101020002946204606F03DFC0028F1D023681B68C5
:10103000294620469847EBE738BD00BF48A000008E
:1010400058A000002DE9F041074605460AE007EAEE
:101050000807144B03EB06135B680422196820464B
:1010600000F00CF9D5B195FAA5F6B6FA86F60D4C56
:1010700004EB06140123B3406FEA030825EA0305D5
:10108000237B002BEED03301064AD3581B69002B7B
:10109000DDD0204698470028E4D1D8E73846BDE89F
:1010A000F08100BF48A000002DE9F04180460F46C6
:1010B000204BBFF35B8F53E8005F6A1C43E80021BD
:1010C0000029F8D1BFF35B8F002D2FD11A4C0026D9
:1010D00007E0636804221968204600F0CFF8013663
:1010E0001034164B9C4213D2237B002BF7D023687D
:1010F000DB680BB12046984723681B69002BE8D0BA
:10110000204698470028E4D00123B3401D43E6E77A
:10111000B8F1000F0BD055B12846FFF793FF0546F5
:10112000002FF8D00A2006F0C7FBF4E70025284678
:10113000BDE8F081640B002048A0000058A000002A
:10114000014B53F8200070478CA1000048B108B54E
:10115000054A1060054B1960084600F0B3FA0020FC
:1011600008BD6FF01500704760050020580B002087
:1011700008B50023054A1370054A1360054A136039
:101180004FF400410448FFF7E1FF08BDB50C002013
:101190005C0B0020600B0020B17800000D4B1B7829
:1011A00003B1704710B500210120FFF77DFF0A4C05
:1011B00000E01034094B9C4208D263685B79002B35
:1011C000F7D023689B6820469847F2E7014B01223D
:1011D0001A7010BDB50C002048A0000058A00000F7
:1011E000014B01221A707047B40C00200D4BBFF365
:1011F0005B8F53E8001F013143E80012002AF8D149
:10120000BFF35B8F00B97047074BBFF35B8F53E8A9
:10121000001F013943E80012002AF8D1BFF35B8FA9
:10122000F1E700BF5C0B0020600B002010B5044606
:10123000044B1B689847A0602146034806F033FB27
:1012400010BD00BF60050020380600200248034B97
:10125000C01AC008704700BF48A00000F89F0000F7
:1012600010B50C46FFF7F2FFA04203D9024B53F82A
:10127000340010BD0020FCE7F89F000008B5094BC2
:10128000C31A1B110133D0F804C08CF80430436832
:101290009A7143681960436801225A71FFF7A0FFF1
:1012A00008BD00BF48A000002DE9F04F87B004AF93
:1012B00081460D4690461E46D7F830B0D7F838A084
:1012C000BAF1000F19D0FB6B7B60009353467A6B29
:1012D00010210020FFF76EFBB0F5006F0ED340F237
:1012E000FF7303931D4B029300200190009003466F
:1012F00002221B4906F025FB2CE00020014600EBF2
:101300000B03173300246FF300046FF341046FF3F2
:10131000820469F3C50468F3881460F353246BF303
:101320001F5423F00703ADEB030D0DF110086B46BE
:1013300013F1200008D0BAF1000F05D0FB6B009329
:1013400053467A6BFFF736FB334622462946404622
:1013500006F0E0FA0C37BD46BDE8F08FACA1000006
:1013600010A00000406820B1034BC01A40F3CF002A
:1013700070474FF0FF307047F89F00000EB400B583
:1013800082B0014603AB53F8042B0193034801F0EC
:101390003BFA02B05DF804EB03B070478F790000B0
:1013A00010B584B011F0440F05D01A4B1B6833B947
:1013B000002004B010BD1849FFF7E0FFF9E7174916
:1013C0000968B2FBF1F2B2FBF3FC03FB1C224FF401
:1013D0007A7E0EFB02F2B2FBF3F403FB14210EFB48
:1013E00001F1B1FBF3F10E4AA2FB0C32D20A4FF429
:1013F000616303FB12CC0B4BA3FB0CE35B09029173
:101400000194C3EB0311ACEB810100910649FFF796
:10141000B5FFCEE76C0B0020E4A10000680B0020B4
:10142000C5B3A29189888888F0A1000061B108B590
:101430002AB1064A52F8232012B9054A00E0044AAC
:101440000449FFF79BFF08BD704700BF6CA2000076
:101450000CA2000014A200002DE9F0410546174639
:10146000069EDDF81C8081B900242EB13246114958
:101470002846FFF783FF0444B8F1000F14D06FB182
:10148000099B042B13D00C4909E00C4B099A53F823
:1014900022200B49FFF772FF0446E6E70649424661
:1014A0002846FFF76BFF04442046BDE8F08105495C
:1014B000F5E700BF2CA200001CA2000080A20000E3
:1014C00024A2000018A200002DE9F04F87B00546C5
:1014D0000C46049205939DF84C7001F0020B01F04C
:1014E000010AC1F3C00801F4807906F011FA18B3BB
:1014F000024616492846FFF741FF0646BBF1000F9A
:101500001CD13A465146284606F05FFAB9F1000F61
:1015100001D0002311930397129B0293119B019317
:10152000109B00930023049A41462846FFF794FF3E
:10153000304407B0BDE8F08F0026DFE7059A21466A
:101540002846FFF72DFF0644DBE700BF30A200006E
:1015500011F0100F0BD108B511F0200F03D0044982
:10156000FFF70CFF08BD0349FFF708FFFAE77047D4
:101570005CA3000034A200002DE9F04105460F46AF
:10158000164698460699FFF7E3FF0024444505DA1E
:1015900024492846FFF7F2FE0134F7E7002409E06A
:1015A00020492846FFF7EAFE0BE01F492846FFF7CF
:1015B000E5FE01340F2C0CDC002C02DD14F0070FCB
:1015C000EED0B442F1D23A5D18492846FFF7D6FE74
:1015D000EFE717492846FFF7D1FE002409E011493B
:1015E0002846FFF7CBFE0BE012492846FFF7C6FE60
:1015F00001340F2C13DC002C02DD14F0070FEED0A9
:10160000B44207D23A5D0C4B9B5C13F0970FEBD1C1
:101610002E22E9E703492846FFF7B0FEE8E7BDE8D8
:10162000F08100BF28A2000040A2000038A2000004
:1016300044A2000048A2000022AC00002DE9F041C5
:1016400084B004469DF82C500C9F0E9E95B9012B3A
:101650001ED019484FF0000827B13B4622461749D3
:1016600005F059FFC6B905BB204606F079F904B06C
:10167000BDE8F08103950A980290019300920B4611
:1016800000220F992046FFF71FFF80460C48E3E732
:101690000B484FF00008DFE70F9B009343463246AC
:1016A0000D99204606F0A9F9DDE72A460F99204654
:1016B00006F097F9D8E700BFAD79000009280000CF
:1016C0008F790000074B01221A6004E04008054AA8
:1016D00013685B001360044B9842F7D8034B186003
:1016E000704700BF680B002040420F006C0B0020C9
:1016F000034B01221A70034B034A1A60704700BF64
:10170000B60C00208C0B0020900B002008B5034B7A
:1017100001221A70024806F0BEF908BDB70C00207D
:10172000C0A20000014B196000207047840B00200C
:1017300008B518B9044B00221A7008BD41F2883070
:1017400007F05FFFF9E700BFB60C002038B504468C
:101750000A4B01221A700A4B1B782BB938BD651E43
:101760002046FFF7E5FF2C46002003F0F7F800289D
:10177000F4D0024B1B78002BF1D1EFE7B60C002020
:10178000B70C0020F8B506460D46042706E038469B
:10179000FFF7DCFF9CB90D4B1B7883B12A4631461D
:1017A000002003F073F804460028F0D1074B1B78A3
:1017B000002BEFD0013F3846FFF7BAFFEAE714B934
:1017C000024B1B7803B92C462046F8BDB60C00200E
:1017D00010B50C46044B1868FFF7B2FC03460F2205
:1017E00021460248984710BD840B0020C0A200008B
:1017F000014B036000207047D0A2000070B545691E
:10180000002D41D00C462B79244A565CB3423ED081
:10181000234A525C93423DD1AB689847002804DBD1
:101820002E71022C16D000202DE0022C10D0032C9B
:1018300029D110F1860F0BD0BFF35B8F55E8003F25
:1018400043F0020345E80032002AF7D1BFF35B8F73
:101850002E7118E0BFF35B8F55E8003F23F00403BF
:1018600045E80032002AF7D1BFF35B8FBFF35B8FEF
:1018700055E8003F23F0020345E80032002AF7D183
:10188000BFF35B8F002070BD6FF05700FBE76FF078
:101890007700F8E76FF08500F5E700BFD4A20000FD
:1018A000D0A200002DE9F04184B00E4690461F46BC
:1018B00044690521204606F062F900284AD0284BE9
:1018C0001B78ABB90025E16829B30139E16041B962
:1018D00073BBA368002160699847051E31DB0123B3
:1018E00023711F4B1B7883BB284604B0BDE8F081F1
:1018F00004F1180507F0AAFF40B100220023284692
:1019000003F08AFA051E27DB3346DCE74FF0FF328F
:101910004FF0FF33F3E7134B029300200190009048
:1019200003460222104906F037F96FF07705D8E731
:101930000223237142463B4604F1380003F01AFCAF
:10194000CFE7E3680133E360CBE704F1180003F06D
:101950001FFAC9E70025C7E76FF00F05C4E700BF0E
:10196000BB0C0020E4A2000030A0000038B54469A0
:10197000002C4FD005460521204606F000F910B195
:101980000025284638BD284606F0A9F8002844D18D
:101990000821686906F0F3F828BB214B1B783BBB94
:1019A000636973B323799BBBA3680021606998477F
:1019B000051E0FDB012323710023E360BFF35B8F60
:1019C00054E8003F43F0200344E80032002AF7D1F6
:1019D000BFF35B8F124B1B78002BD2D004F11800A1
:1019E00003F0D6F9CDE7284606F0AAF80546C8E781
:1019F00004F118004FF0FF324FF0FF3303F00CFA00
:101A0000CEE76561074904F1380007F0D4FEC9E765
:101A10000025D1E76FF08505B3E76FF00F05B0E75C
:101A2000BB0C0020177C000008B5034805F0A7FD9B
:101A3000024805F0A4FD08BDF8A2000030A3000094
:101A400070B586B005460368426881681C4E0591F2
:101A5000049203931B4B02930024019400942346A9
:101A600001223146204606F01DF9EB682A696969B2
:101A7000059104920393144B02930194009423461E
:101A800001223146204606F00DF9EB6903930F4B16
:101A9000029301940094234601223146204606F029
:101AA00001F9AB6903930A4B029301940094234616
:101AB00001223146204606F0F5F806B070BD00BFA1
:101AC00028A0000060A3000090A30000C0A30000B5
:101AD000D0A3000030B585B004460D4611B10846CC
:101AE000FFF7AEFF012C05D02946204602F098FFF3
:101AF00005B030BDEFF30583103B0393054B029314
:101B000000200190009003460122034906F0CAF824
:101B1000EAE700BF00A4000028A0000030BFFFF7E4
:101B2000FDBF00BF38B50446054D2A46054908F0FB
:101B3000ADF8054A0021601908F0B6F838BD00BFBD
:101B4000000000009CA000000400000070B50646E4
:101B5000064D074B1D444C1B2046FFF7E3FF083C96
:101B6000C6F8B44005F1080070BD00BF00000000D9
:101B700004000000074B9B6893F90E20002A08DB45
:101B8000044A5269934204D0034A536843F0805395
:101B900053607047740C002000ED00E081690D4B2C
:101BA0005A6942F480725A61BFF34F8FBFF36F8F4F
:101BB00031F8021C5A6922F480725A61BFF34F8FC8
:101BC000BFF36F8F4DF60273994201D0002070472A
:101BD0000120704700ED00E010B584B000241C70B7
:101BE00002F07F44B4F17F4F19D102F00C04082CAD
:101BF00005D012F0080F0FD0084604B010BD094BF5
:101C000002930024019400942346012206492046B1
:101C100006F065F82046F0E701221A70EDE7002093
:101C2000EBE700BF14A4000028A00000F0B585B0C9
:101C300005460F4614464C4B02930020019000903D
:101C400003460122494906F04AF8494B9B6A13F4BE
:101C5000805F26D11626464B9B6A13F4006F2CD169
:101C6000434B9B6A13F4007F33D1414B9B6A13F4BF
:101C7000806F55D13E4B9B6A13F4807F5CD13C4B07
:101C80009B6A13F4005F63D1394A936A43F47F433C
:101C900093620121284606F020F82070304605B0F6
:101CA000F0BD344B029300200190009003460122C6
:101CB0002E4906F014F81726CDE72F4B029300208B
:101CC0000190009003460122284906F008F81826E2
:101CD000C6E72A4B029300200190009003460122A0
:101CE000224905F0FCFF224B9A6B9B6A13F4004FCC
:101CF00001D11926B9E70392214B029300200190EC
:101D0000009003460122194905F0E9FF37B1184A4E
:101D1000936A23F4004393621926A6E71926A4E7E1
:101D2000184B0293002001900090034601220F49B6
:101D300005F0D5FF1A269DE7134B02930020019072
:101D4000009003460122094905F0C9FF1B269BE7C5
:101D50000E4B02930020019000900346012203499C
:101D600005F0BDFF1C268FE740A4000028A000005E
:101D700000ED00E058A400006CA4000080A4000066
:101D80009CA40000B4A40000D0A40000E8A40000BB
:101D900000B585B03D4B02930020019000900346B2
:101DA00001223B4905F09BFF3A4B9B6A13F0007FF1
:101DB00023D11D20374B9B6A13F0807F29D1354BEF
:101DC0009B6A13F4002F30D1324B9B6A13F4802F9F
:101DD00037D1304B9B6A13F4003F3ED12D4B9B6AA9
:101DE00013F4803F45D12B4A936A6FEA03436FEAAD
:101DF0001343936205B05DF804FB274B0293002068
:101E00000190009003460122214905F068FF1E2041
:101E1000D0E7224B0293002001900090034601225C
:101E20001B4905F05CFF1F20C9E71D4B02930020F2
:101E30000190009003460122154905F050FF212032
:101E4000C2E7184B02930020019000900346012244
:101E50000F4905F044FF2220BBE7134B02930020FB
:101E60000190009003460122094905F038FF232024
:101E7000B4E70E4B0293002001900090034601222C
:101E8000034905F02CFF2420ADE700BF18A5000092
:101E900028A0000000ED00E030A5000044A50000EF
:101EA00060A5000080A50000A8A50000C4A5000052
:101EB00000B585B000200870054B0293019000909A
:101EC00003460122034905F00AFF05B05DF804FB53
:101ED000F0A5000028A0000000B587B00F2910DC95
:101EE000094B103904910393084B02930020019091
:101EF000009003460122064905F0F1FE07B05DF8A7
:101F000004FB044BEDE700BF14A6000048A6000048
:101F100028A000002CA600002DE9F04184B0044662
:101F20000F461546584B029300200190009003463F
:101F30000122564905F0D3FE554B9B6A13F0100F52
:101F40003DD11026524B9B6A13F0080F43D1504BE2
:101F50009B6A13F0020F4AD16FF015084C4B9B6A35
:101F600013F0010F6ED14A4B9B6A13F0200F75D10D
:101F7000474B9B6A13F0100F04D1454B9B6A13F03B
:101F8000020F04D0424B5B6813F4006F72D1404BD8
:101F90009B6A13F0200F04D03D4A536A23F4005388
:101FA00053623B4A936A43F0FF0393620121204648
:101FB00005F093FE2870304604B0BDE8F081354B43
:101FC0000293002001900090034601222F4905F062
:101FD00086FE1126B6E7304B029300200190009058
:101FE00003460122294905F07AFE1226AFE72B4B62
:101FF000029300200190009003460122234905F03E
:102000006EFE234BD3F834809B6A13F0800F03D10C
:102010006FF015081326A1E7CDF80C80204B029332
:1020200000200190009003460122184905F057FE58
:1020300037B1174A936A23F08003936213268DE722
:1020400013268BE7174B0293002001900090034664
:1020500001220E4905F043FE142684E7124B029339
:1020600000200190009003460122084905F037FE48
:1020700015267DE72146404600F044FA002886D028
:1020800080F30988022682E75CA6000028A00000F1
:1020900000ED00E074A600006CA40000A8A60000FB
:1020A000C0A60000D8A60000E8A4000070B584B067
:1020B00005460E46384B02930024019400942346B3
:1020C00001223649204605F00AFE3470344BDC6AA2
:1020D00014F002040BD1324BDB6A002B13DB304BC4
:1020E000DC6A14F0804419D1204604B070BD2D4B39
:1020F000029300240194009423460122274920469C
:1021000005F0EDFDF0E7284B0293002001900090D0
:1021100003460122214905F0E2FDE5E7234B029346
:10212000002001900090034601221C4905F0D7FDD4
:102130002846FFF733FD98B9194B9B6A13F0FF0F40
:102140001CD1174B9C6A14F47F441ED1144B9B6A1C
:10215000B3F5803FC8D32846FFF71AFE0446C3E70D
:102160002B680393124B02930020019000900346CA
:1021700001220A4905F0B3FD2C68B5E7324601217A
:102180002846FFF7C9FE0446AEE73246012128463D
:10219000FFF74CFD0446A7E7F8A6000028A00000C2
:1021A00000ED00E010A7000034A7000044A70000E5
:1021B00064A7000030B58BB01F4B5D68C5F3080500
:1021C000002383F31188BFF36F8F0DF12603FFF710
:1021D00003FD04460DF12702294605F08FFD9DF809
:1021E00027300BB10BB030BD05460DF1040C206853
:1021F0006168A268E368ACE80F0020696169A269C0
:10220000E369ACE80F009DF826304BB1089BC3F39F
:1022100008025AB96FEA53236FEA4323089305E093
:10222000089B23F4FF7323F00103089301A92846B8
:10223000FFF750FCD6E700BF00ED00E0044B5A6901
:1022400042F010025A615A6922F008025A6170473E
:1022500000ED00E0EFF30880EFF3098101B572466D
:10226000FFF7A8FF01BD00BF002080F31488BFF373
:102270006F8F114880F3088800201049087001F022
:1022800085FC00200E490860BFF34F8F00F030F846
:10229000202080F311880B484FF40461401880F32C
:1022A0000988EFF314800221084380F31488BFF3F8
:1022B0006F8F00F0E9F80000C02A0020BB0C00205E
:1022C00094ED00E0001D0020084BD3F89000C0F30F
:1022D0000720002306E0054AC2F898300021C2F822
:1022E000A01001338342F6DB704700BF00ED00E031
:1022F00010B572B6002484F31388FFF7E5FF234678
:1023000008E003F120010E4A4FF0FF3042F82100AF
:102310000133DBB2072BF4D9002308E003F160019D
:10232000074A4FF0FF3042F821000133DBB2072BA0
:10233000F4D962B6BFF34F8FBFF36F8F10BD00BFEC
:1023400000E100E008B50A4B9B68834202D003F02D
:10235000F7FA08BDEFF30583002BF8D0054B5A6858
:1023600042F080525A605A6A22F400425A62EEE702
:10237000740C002000ED00E016498A684FF0300030
:102380001044EFF3098C80E8F01F202080F31288BE
:10239000BFF36F8F104F4FF000664A698A603E604E
:1023A0004FF0B404141920680C4C2060D2F8B80027
:1023B0000023C2F8B83080F3118804B5104600F04D
:1023C00023F9BDE8044002F1300090E8F01F8CF3DF
:1023D00009887047740C002004ED00E0A80B002071
:1023E0001EF0040F0CBFEFF30880EFF30980816942
:1023F00011F8021C0229FFD001B5724605F061FCFC
:1024000001BD00BF002807DB00F01F0240090123C7
:102410009340024A42F82030704700BF00E100E0DC
:1024200000280CDB00F01F024009012393402030FC
:10243000034A42F82030BFF34F8FBFF36F8F7047CE
:1024400000E100E0002808DB4901C9B200F160406A
:1024500000F5614080F80013704700F00F0049015B
:10246000C9B2014B1954704714ED00E04209054B05
:1024700053F8222000F01F00012303FA00F010405F
:10248000704700BF00E100E008B50B4B0B4A22F09B
:102490007F029A60BFF34F8FBFF36F8FD3F888200E
:1024A00022F47002C3F8882002F0C8FB03F0BEFBE0
:1024B00000F072F802F022FC00ED00E000000000E5
:1024C00010B4A2F120040E4942F8081C21F00101C9
:1024D00042F8081C42F8203C019B42F81C3C029B3D
:1024E00042F8183C039B42F8143C4FF0807342F8CA
:1024F000043C04650023C0F8B83010BC704700BF2E
:10250000690E0000104B9B68BBB110F1160F0BD089
:10251000D3F8A420A2F1400C844510D8824210D9EF
:102520008A4207D800207047D3F8A4208A4201D8F5
:1025300000207047D3F8A4007047002070470020A7
:1025400070470020704700BF740C002008B50E468D
:1025500015460A4A9060D0F8B420094B1A6000F082
:1025600053F82C4686F309880020064B98472046EE
:10257000002100220023044C204700BF740C0020DF
:10258000A80B0020737D0000690E0000014B102293
:102590001A61704700ED00E0002206E003F00F032F
:1025A0000949194420230B760132262A0ADC53B24A
:1025B000002BF3DB03F1604303F56143202183F833
:1025C0000013F1E7704700BFFCEC00E008B5EFF343
:1025D0000583103B044A02EBC301496852F83300FB
:1025E0008847FFF7C7FA08BD449E000008B5034BB3
:1025F000034A0121034805F0F6FC08BD0000012054
:102600000000002080A7000008B5D0F8A430403BAF
:102610000448036040234360034B8360012105F0BD
:10262000E6FC08BDAC0B002000000B15084AC2F800
:1026300098000B6823F01F03034343F01003C2F814
:102640009C308B6843F00103C2F8A030704700BF94
:1026500000ED00E010B584B004460D4BD3F8903087
:10266000C3F30723013B984204D8FFF7DFFF20465E
:1026700004B010BD0390074B02930020019000901E
:1026800003460122044905F0A8FB6FF01500EFE7AF
:1026900000ED00E090A7000020A000002DE9F0432D
:1026A00085B080460F4699461646002509E021462A
:1026B000F0B205F0A1FB064610F1160F1ED0013650
:1026C0000135BD421ADA05EB450408EB8404626863
:1026D000002AF5D0B9F1000FE9D0204605F06CFBD7
:1026E0000028E4D10395074B029301900090034624
:1026F0000122054905F071FB6FF01506304605B063
:10270000BDE8F083B8A7000020A0000010B5034C7E
:1027100001232278FFF7C2FF207010BDB80C002003
:1027200008B500230B4A1278FFF7B8FF10F1160F17
:102730000FD0024606E0084BC3F898200021C3F8EA
:10274000A0100132044BD3F89030C3F30723934217
:10275000F1DC08BDB80C002000ED00E0044B0522C0
:10276000C3F89420BFF34F8FBFF36F8F704700BF44
:1027700000ED00E0BFF35F8F024B0022C3F894200E
:10278000704700BF00ED00E038B51C4B1D681C4BC6
:10279000D3F89030C3F307239D422BD8FFF7EAFF0D
:1027A000002409E0154B5B6804EB440103EB810155
:1027B0002046FFF73BFF0134A542F3D811480570CE
:1027C00005F039FB10F1160F13D00E4B1A780C4B95
:1027D000D3F89030C3F307239A4207DA084BC3F8C3
:1027E00098200021C3F8A0100132F0E7FFF7B6FFF0
:1027F000002038BD4FF0FF30FBE700BFDCA7000032
:1028000000ED00E0B80C002030B587B00D46114651
:1028100000240094019402940394049405940222E9
:102820008DF80220044A0192049005951A466846E4
:1028300003F08CFB07B030BDF77F000008B50649F8
:1028400021F00701C1F1005202F58032034804F083
:10285000DDFD002008BD00BF472F0020B80B002081
:102860000123044AC2F840354FF08042C2F878355F
:102870000020704700E0014030B108B5034B8001F3
:1028800043F00103984708BD704700BFB0A00000A7
:1028900000487047180C0020034BC01A8010034BEF
:1028A00003FB00F0704700BFD80B0020B76DDBB60C
:1028B00038B505460C46FFF7EFFF014640220348B6
:1028C00005F02FFC01462846A04738BDFC9D0000BE
:1028D00030B583B005460C46FFF7DEFF01464023C6
:1028E00000932346054A064805F035FC011E01DB2E
:1028F00003B030BD2846A047FAE700BF9F81000023
:10290000FC9D000008B510B101280DD008BD0021C4
:10291000084805F092FB836813F0070FF6D10021F9
:10292000044805F0ECFBF1E70121024805F0E7FB64
:10293000ECE700BFFC9D000010B582B0EFF31184FE
:10294000202383F31288BFF36F8F154A136843F077
:102950000201116013F0010F09D1002384F31188E3
:10296000BFF36F8FB3B905F022FC02B010BD0DF1BB
:10297000070201214FF0804005F043FB9DF807302E
:10298000012B01D00023E9E7FFF782FF05F0A5FB4B
:102990000123E3E70021034805F0B1FBE5E700BFB1
:1029A000280C0020FC9D000010B5EFF311842023BB
:1029B00083F31288BFF36F8F074A136823F0020175
:1029C000116013F0010F04D084F31188BFF36F8FEF
:1029D00010BD05F0F1FBF7E7280C002070B582B0C0
:1029E0000546012807D14FF08043D3F81C3403F08B
:1029F0000303012B4BD006F029FF044618B9284BDE
:102A00001B78002B38D1EFF31186202383F3128833
:102A1000BFF36F8F012424B94FF080430222C3F823
:102A2000082301AA00214FF0804005F0EAFA20B106
:102A3000019B012B26D0012D24D0FCB1304605F09E
:102A4000ACF94FF08043D3F81835002BE9D14FF0A3
:102A50008043D3F80431002BE3D04FF080430022B1
:102A6000C3F80421D3F804210122C3F818250D4925
:102A7000C1F880219A60D4E70026CCE7012005F058
:102A8000A5FBDEE72CB186F31188BFF36F8F02B090
:102A900070BD4FF080430222C3F80423F7E700BF64
:102AA000BB0C002000E100E000B585B0CDF800D0FF
:102AB000CDF804D000230293012303936B46074A09
:102AC00005F065FB002805DB4FF4804200236846D3
:102AD00002F0A2F905B05DF804FB00BFF981000027
:102AE00008B5064B1B7803B108BD4FF4A57006F07E
:102AF00088FD024B01221A70F6E700BFB90C0020D6
:102B000070B5064600220121104605F026F911484D
:102B100001F0D4F9104B984219D101F0E3F90024E7
:102B2000012C12D82146304605F087FA0546214689
:102B3000304605F08FFA094904F010FE002805DB45
:102B40000123AB601C44E4B2EAE7002070BD6FF0E3
:102B50000400FBE7052900000000AD0B10A80000F1
:102B600010B50446104B0121BFF35B8F53E8002FD3
:102B700043E800100028F9D1BFF35B8F1AB1631E40
:102B8000012B0DD910BD094805F064FA084900234E
:102B90004B608B60CB6001238B6004F0FCFDEEE7A3
:102BA0002046FFF71BFFEDE7D40B0020FC9D000043
:102BB000C40B002008B9024870470020704700BFCE
:102BC000149E00002DE9F04786B0884615469946C8
:102BD000446801F01F06237B46EA4316204605F0B1
:102BE000C8FB00285DD0B5F5001F2AD00DF10C0AF6
:102BF0000027039704974946284605F02FFC8DF8D7
:102C00000C00009701970297CDF804A0A36823FA5F
:102C100008F313F0010F02D1B5F1A07F18D01034E2
:102C20006A463146204606F0E7FB214B98423BD1ED
:102C300001223146204606F003FC002006B0BDE824
:102C4000F087314604F1100006F0FEFB0020F5E7A6
:102C500006F01F03720917D14FF0A04203F5E0738D
:102C600052F8233013F0010FD9D104F110050DF102
:102C700017023146284606F0CBFB0E4B984205D092
:102C80000DF117030493CAE73A46E7E70DF1170180
:102C9000284606F0D1FB064B9842F1D06FF00B00AE
:102CA000CCE76FF08500C9E76FF01500C6E700BFFD
:102CB0000000AD0B0400AD0B2DE9F04389B00746D1
:102CC00089461446456801F01F082B7B48EA4318E3
:102CD000104605F053FB8DF81E0040F206332340EA
:102CE000B3F5837F5ED016D8062B57D006D9B3F53F
:102CF000807F0DD101238DF81D3024E003B3022B1A
:102D000003D104238DF81D301DE06FF015076FE02F
:102D10006FF015076CE040F20222934246D0B3F503
:102D2000407F03D103238DF81D300CE0B3F5007F05
:102D300003D102238DF81D3005E06FF0150757E031
:102D400000238DF81D30012606FA09F63146384673
:102D500005F022FB071E4BDB14F4002F2AD06B6812
:102D6000C3F80865284605F004FB50B310350DF193
:102D70001F024146284606F04BFB064614F4403F2E
:102D80003AD14146284606F04FFB3A4B9E422FD19E
:102D90009DF81F10284606F04BFB29E006238DF80E
:102DA0001D30D0E707238DF81D30CCE705238DF8C3
:102DB0001D30C8E714F4802FD4D06B68C3F80C65BD
:102DC000D0E7C4F340438DF8083014F4803F0CBFC3
:102DD000012300238DF81030002301930DF11D0312
:102DE00000930DF11E0304AA02A9404605F033FA30
:102DF000384609B0BDE8F08302AA0023029303938A
:102E0000049305930693059204AA4146284606F0CA
:102E1000F3FA184B984202D06FF01507E8E714F464
:102E2000003F1AD09DF81D308DF8103014F4803F0B
:102E30000CBF012300238DF811309DF81E308DF852
:102E40001230002304AA4146284606F0D9FA094B5D
:102E500098429AD06FF01507CAE7002304930593B0
:102E600006930DF11E03049304AA4146284606F07A
:102E7000C3FAECE70000AD0B10B54468204605F03E
:102E800078FA08B9002010BD1034204606F0C8FAC0
:102E900008B10020F7E70021204606F0BDFA094BF3
:102EA00098420BD100220849204606F0ADFA0022D4
:102EB0000521062004F051FF0020E4E76FF0040034
:102EC000E1E700BF0000AD0B9584000030B500F0D5
:102ED0001F0C400917D14FF0A04E0CF5E0705EF8C2
:102EE00020500A4C2C4041EA420141EA83039DF8FC
:102EF0000C2043EA02239DF8102043EA02432343B7
:102F00004EF8203030BD4FF0000EE6E7F0F8FCFF41
:102F10002DE9F04F85B0074688469146002420E011
:102F20004FF0FF3633E0C9F808650295012303939B
:102F30000021B6F1FF3F12D0002942D057F80A30E5
:102F400013F4004F41D1039D00220192CDF800B04F
:102F5000C3F34123029A29463046FFF7B7FF0134F5
:102F6000E4B2444534D24FEA840A57F82430C3F31C
:102F7000C725C3F3C322C3F3080615F0080529D1FA
:102F8000164911F802B040F2FF129642C8D01B0E4B
:102F9000052B08D0062B0DD0042BC4D06FF0850074
:102FA00005B0BDE8F08FC9F80C65012302930393C7
:102FB0000021BEE7C9F81065029503954FF0FF3177
:102FC000B7E7304605F08EFAB8E701220292BBE778
:102FD0000020E5E76FF01500E2E700BF8CA80000D5
:102FE000134B984211D9134B984211D9124B984266
:102FF00011D9124B984211D9114B984211D9114B4A
:10300000984211D24FF0804070474FF000707047E7
:103010004FF0806070474FF0006070474FF0805075
:1030200070474FF0005070474FF00040704700BFAE
:103030008FD003001FA107003F420F007F841E00B6
:10304000FF083D0000127A0070B58AB00C46056991
:10305000466895F85D301BB12B68994200F0B2804C
:10306000A38813F4006F4AD113F0010F54D113F069
:10307000080F60D1C3F34513082B69D12268524B66
:103080009A4272D90DF1140C06F1080EBEE80F0039
:10309000ACE80F00DEF80030CCF800302068FFF715
:1030A0009FFF0790A38813F0020F6BD013F0040F5B
:1030B0006DD003238DF82030A38813F0100F6AD051
:1030C00001238DF821303368D3F80805A188C1F3B6
:1030D000400105F072FA95F85D30002B5DD12B466A
:1030E0003A4A05A9304601F0B1FA394B98425BD112
:1030F000012385F85D302C6000200AB070BD354B8F
:10310000029300200190009003460122324905F00D
:103110002EFB6FF08500F0E7036803932F4B0293BB
:10312000002001900090034601222B4905F01FFB6F
:103130006FF01500E1E72A4B029300200190009008
:1031400003460122244905F012FB6FF01500D4E775
:10315000244B0293002001900090034601221E4957
:1031600005F005FB6FF01500C7E71F4B0293002029
:103170000190009003460122174905F0F8FA6FF01C
:103180001500BAE713F0040F03D0012392E70223DE
:1031900090E700238EE7002393E7304601F08AFA98
:1031A000002385F85D309AE70390104B02930020CE
:1031B0000190009003460122074905F0D8FA6FF00C
:1031C00004009AE7002098E747E80100FD3200007C
:1031D0000000AD0B94A8000040A00000B0A80000C3
:1031E000D4A80000F4A8000024A9000058A90000F9
:1031F00030B585B004460020034605E0626B02EB63
:10320000C302526810440133A26B9342F6D30022EA
:10321000134605E0E16B01EBC30149680A44013341
:10322000216C8B42F6D3824238BF02464FF4FA53E8
:1032300003FB02F0254655F8203B1B68B0FBF3F07A
:10324000C830410CC00340F2E733C0184FF47A7223
:103250004FF0000341F10001FCF740FF02460B462E
:10326000284601F0D9FD10B9206B05B030BD064BE2
:10327000029300200190009003460122034905F0CB
:1032800076FA6FF07300F0E780A9000040A000001C
:1032900030B585B0044640682269916C01B3136D66
:1032A00003B38B4228BF0B4623B39365556C00953F
:1032B000D5B1D9B90191D16C0291C9B1126D02B9E0
:1032C000134603930022694601F038FA0A4B9842EC
:1032D00004D06FF00401204605F012FA05B030BDAD
:1032E000136DE1E70B46DFE70021E3E71946E1E76D
:1032F0000023E6E70021EEE70000AD0B0378002B8A
:103300005ED110B584B00C468A6DE2B18B6C43B1CE
:103310009A421ED89B1A8B6433B34B6C0BB1134487
:103320004B64A26D236D4BB19A422DD89B1A236535
:10333000002B34D0E36C0BB11344E364606DFFF7F2
:10334000A7FF04B010BD6FF07301606D05F0D8F9F0
:10335000F7E71C4B029300200190009003460122E6
:10336000194905F004FADCE74B6B08334B638B6BB0
:10337000013B8B63012301F14802383104F1340031
:1033800005F036F96064CCE70E4B02930020019003
:103390000090034601220C4905F0E9F9CEE7E36B02
:1033A0000833E363236C013B2364012304F15002DF
:1033B00004F1400104F13C0005F01AF9E064BDE7B6
:1033C000704700BFA8A9000040A000002DE9F0430D
:1033D00085B004460E4690461F460569D0F8049015
:1033E00000910E9B0D9A9DF83010284605F0A0F92B
:1033F00031462046FFF728FE064608BB012385F824
:103400005C30D9F82410B1F1FF3F21D101233A46B5
:103410004146284605F003F900220121284605F01F
:103420002EF92046FFF734FF2846FFF7E1FE064657
:1034300010F1740F1ED000221146284605F01FF926
:103440003146284605F067F9304605B0BDE8F083FF
:1034500009F1280005F0E4F910F1740FD6D10E4BF4
:103460000293002001900090034602220B4905F0D0
:103470007EF9CBE70027AF65484601F01BF985F8D8
:103480005D706FF07301204605F03AF905F12000F8
:1034900001F0EAFCCFE700BFC8A9000040A000008F
:1034A00030B587B00546846811E023681B6822792F
:1034B00004920393114B0293019000900346012262
:1034C0000F4905F054F96FF0120014E00834AB68AE
:1034D000EA6803EBC2039C420CD2206806F097F81E
:1034E0000028E2D04FF4B011204605F03EF8002845
:1034F000ECDA00E0002007B030BD00BFF4A9000006
:1035000040A0000070B584B0456806690021286AB3
:1035100005F046F9041E0EDB696AB1F1FF3F0DD1DB
:10352000EB6998473046FFF7BBFF041E03DB3046CC
:1035300005F0C5F80024204604B070BD05F1280050
:1035400000F046F8044610F1130F0DD010F1050FEE
:10355000E6D10B4B0293002001900090034601221C
:10356000084905F004F9E6E7074B029300200190B3
:10357000009003460122034905F0F9F8DBE700BF9C
:1035800044AA000040A0000018AA000030B500F0D6
:103590001F0C400917D14FF0A04E0CF5E0705EF8FB
:1035A00020500A4C2C4041EA420141EA83039DF835
:1035B0000C2043EA02239DF8102043EA02432343F0
:1035C0004EF8203030BD4FF0000EE6E7F0F8FCFF7B
:1035D00030B587B004460D4601238DF8173002231D
:1035E0008DF80C300DF1160104910DF117030093C5
:1035F00003AB01930023029305F01EFF0C4B98428E
:1036000012D16A462946204605F0F6FE084B98423C
:1036100002D1002007B030BD9DF81610204605F0FD
:1036200007FF6FF00400F5E76FF01200F2E700BF4C
:103630000000AD0B21F07F4100F5A870014B43F86D
:1036400020107047001001404FF480338340024A3D
:10365000C2F84433704700BF001001404FF480337C
:103660008340024AC2F84833704700BF001001404F
:10367000014BD3F804057047001001402DE9F843D1
:10368000054689469046FFF7E9FF284605F054F9BC
:103690004E46032710E0FFF7EBFF0446494605F0CE
:1036A0003AF9B0F5000F26D9284605F045F9B8F1EA
:1036B000000F22D13E19013731462846FFF7BAFFE5
:1036C0002846FFF7C1FFFFF7D3FF0446C11C304671
:1036D00005F021F90A4B98420AD9284605F01FF94E
:1036E0000028D8D1B8F1000FE4D06FF0150000E049
:1036F0000020BDE8F8830020FBE76FF01500F8E735
:10370000FDFF7F00034B044AC3F80823C3F8482396
:10371000704700BF0010014003000F0010B50123E7
:1037200083406FEA030C0E4ABFF35B8F52E8001F21
:1037300001EA0C0E42E800E4002CF7D1BFF35B8FE6
:103740004FF4803282400748C0F80823BFF35F8FF0
:10375000BFF36F8F0B4214BF0120002010BD00BFCC
:103760003C0C0020001001404FF480338340144A89
:10377000D2F80423134201D10020704710B504464B
:1037800001238340DB430F49BFF35B8F51E8002FD8
:1037900002EA030041E8000CBCF1000FF6D1BFF3D0
:1037A0005B8F22FA04F313F0010F03D1204605F0DA
:1037B000B6F818B1204605F0BFF8012010BD00BFD3
:1037C00000100140380C002001B9704701238340EC
:1037D000114ABFF35B8F52E800CF4CEA030C42E87A
:1037E00000C10029F7D1BFF35B8F4FF480338340D2
:1037F0000A4AC2F80433BFF35B8F094B1B68BFF35F
:103800005B8FC34013F0010FDFD0064B4FF4003243
:10381000C3F80021D9E700BF3C0C00200010014094
:10382000380C002000E100E038B514461046194677
:1038300005F08EF802460D490B68E01A1B184C681B
:1038400044F100040B604C60A2F50013B3F5400F87
:1038500009D2074B1B68190A1B06D41841F1000551
:10386000044BC3E9004502F0A3FA38BD5807002015
:10387000400C00206007002038B50D4B1C68250A5D
:103880002406BFF35F8FFFF7F3FE0346001945F1EF
:103890000001B3F5801F0AD2064BD3E90023904202
:1038A00071EB030303D210F1807041F1000138BDC8
:1038B000400C0020600700202DE9F0410646144628
:1038C0001D469DF820801046194605F041F8074630
:1038D000FFF7D2FFA04271EB050319D2201A65EB66
:1038E00001011D4B984271F100012FD21B4B03EBDC
:1038F0000613D3E90223AB4208BFA24201D1002044
:1039000018E0424639463046FFF7B8FE90B11BE05A
:10391000B8F1000F1DD10123B340114ABFF35B8FF3
:1039200052E8000F184342E800010029F8D1BFF324
:103930005B8F0020094B320103EB0616C6E90245F6
:1039400006999950079B7360BDE8F0816FF01500F0
:10395000FAE76FF01500F7E7010080004807002044
:10396000380C002030B585B0FFF7CCFE00231E4A8E
:10397000C2F80835002B25DD1B4C0225C4F8045382
:103980001A4B4FF40032C3F880210022012111208C
:1039900004F0E3F9112004F0D6F90123A3602360B9
:1039A000134A1360002402940194124B0093124AAC
:1039B0000023204604F0DCFF2846FFF7D1F820461C
:1039C00005B030BD0D4A02EB03124FF0FF304FF04F
:1039D000FF31C2E902014FF480329A400249C1F836
:1039E00004230133C6E700BF0010014000E100E0FE
:1039F0003C0C002029380000FFFF7F004807002012
:103A00002DE9F04782B00446FFF7AEFE10B902B0D0
:103A1000BDE8F087FFF730FF82460D4604F09BFFBC
:103A20000646154B03EB0413D3E90289C24575EB37
:103A300009050BD20025304604F095FF002DE6D095
:103A4000009742464B462046A847E0E70A4A230132
:103A500002EB0411D5584F680020D0504FF0FF32D0
:103A60004FF0FF33C1E902232046FFF7F7FD204660
:103A700004F062FFDFE700BF4807002010B50D4BE0
:103A8000D3F8043313F0020F03D10024002C0BDD14
:103A900010BD0221074804F008FF0028F5D0064AAF
:103AA000136801331360F0E72046FFF7A9FF0134E4
:103AB000ECE700BF00100140400C002010B584B0BE
:103AC000B0F1FF3F18D001281BDD154B9842A8BF6D
:103AD00018460446134B01221A70FFF7CDFE124B15
:103AE0001A685B68801AB0F5000F0CD20444B4F574
:103AF000000F09D30A4C07E00A4B00221A70084C49
:103B0000EBE70124E6E7064C002012190290019031
:103B10000649009143F1000304F02AFF04B010BDF0
:103B2000FFFF7F00BA0C0020580700202938000052
:103B300008B5FFF7A1FE024B1B68C01A08BD00BF05
:103B400058070020BFF34F8F0549CA6802F4E062AE
:103B5000044B1343CB60BFF34F8F00BFFDE700BFA3
:103B600000ED00E00400FA05024BD3F80034002B0E
:103B7000FAD0704700E0014008B5034BC3F80405D4
:103B8000FFF7F2FF08BD00BF00E0014038B504F0C8
:103B90000FFF40B14FF08053D3F82433C3F3042315
:103BA0006B4AC2F8403504F015FF10B1694B6A4A00
:103BB0005A6704F025FF48B14FF08053D3F84432E0
:103BC000C3F342334FF08042C2F83C3504F02AFF81
:103BD00030B1624AD2F8FC3023F08073C2F8FC3076
:103BE00004F036FF40B14FF080430022C3F80C21AF
:103BF000C3F81021C3F8382504F03CFF20B14FF082
:103C000080430322C3F8A02504F04AFF60B1544B5F
:103C10000522C3F810260122C3F888260022C3F823
:103C200018263F22C3F8142604F050FF002846D07F
:103C30004FF08052D2F804144A4BC3F82015D2F842
:103C40000814C3F82415D2F80C14C3F82815D2F8B8
:103C50001014C3F82C15D2F81414C3F83015D2F888
:103C60001814C3F83415D2F81C14C3F84015D2F850
:103C70002014C3F84415D2F82414C3F84815D2F818
:103C80002814C3F84C15D2F82C14C3F85015D2F8E8
:103C90003014C3F85415D2F83414C3F86015D2F8B0
:103CA0003814C3F86415D2F83C14C3F86815D2F878
:103CB0004014C3F86C15D2F84424C3F8702504F0FE
:103CC00027FF48B14FF08053D3F8583203F04F0329
:103CD0004FF08042C2F8E43E04F02CFF60B14FF098
:103CE0008043D3F8003413F0010F05D04FF0804328
:103CF0006FF00102C3F8002404F02EFF30B11A4A1D
:103D0000D2F83C3743F48063C2F83C3704F04CFFF0
:103D10004FF01023D3F80032002B06DB4FF01023B6
:103D2000D3F80432002B00DB38BD0120FFF724FF5D
:103D30004FF010241525C4F80052FFF715FFC4F802
:103D40000452FFF711FF0020FFF716FFFFF7FAFEFE
:103D50000030014000C007400DF0ADBA00ED00E0BA
:103D60000050004000C000400010004010B5046842
:103D7000CCB1B4FA84F3C3F11F03DBB201229A4041
:103D800024EA0202BFF35B8F50E800CFA44504D1C0
:103D900040E8002EBEF1000FF6D1BFF35B8FE6D1F5
:103DA0000B70024810BD0248FCE700BF0000AD0BDD
:103DB0000200AD0B0368CB4013F0010F15D100B525
:103DC000026801238B401343BFF35B8F50E800CFA1
:103DD000944504D140E8003EBEF1000FF6D1BFF398
:103DE0005B8FEDD102485DF804FB0248704700BFCD
:103DF0000000AD0B0400AD0B0D4BD3F8FC1041F0EF
:103E00008072C3F8FC20A3F55D43186840F00102FE
:103E10001A605A68074B5B689B1AB3F50A5FF9D3BF
:103E2000044B186003F55D43C3F8FC10704700BFF6
:103E300000ED00E0001000E070B582B00646C0B1B1
:103E4000012832D104224FF4807301214FF08040C9
:103E5000C0F80813024401211160034400221A60D3
:103E60001B688DF807108E4208D0002542F21074AE
:103E70000CE00C224FF482730221E7E70DF10705F5
:103E8000F4E7012004F0A0FE013C0CD02A463146A4
:103E90004FF0804004F09CFE28B1002DF1D09DF839
:103EA0000730012BEDD0012E01D002B070BD024BC6
:103EB00000225A71F9E700BF440C0020064B1B7921
:103EC0003BB9054B186001221A7100225A71034850
:103ED00070470348704700BF440C00200000AD0B42
:103EE0000C00AD0B08B5064B1B680BB104F08EFE41
:103EF00004F08AFE4FF08043C3F8180508BD00BFE8
:103F0000440C002070B582B018B1012848D002B02E
:103F100070BD4FF08043D3F81824D3F8183403F061
:103F20000303019312F4803F13D14FF08043D3F881
:103F3000143413F0010F10D104F066FE0190019AC1
:103F40004FF08043C3F8182508254FF482730226EA
:103F50002AE001A804F063FEF1E74FF08043D3F8B4
:103F60001C3403F00303019301A804F058FE002859
:103F7000E5D01C4B1B682BB14FF080430222C3F8E5
:103F80000423C4E74FF08043D3F80431002BF9D069
:103F90004FF080430022C3F80421D3F80431B6E780
:103FA00000254FF48073012603F180440022226033
:103FB0002268B3F5827F0BD005F1804501232B6089
:103FC000084B1B683BB14FF08043C3F804639EE786
:103FD000FFF712FFF0E72368002BFCD000232360DB
:103FE000236894E7440C002010B54FF08043D3F8C9
:103FF000044308E01D4B5B792BB91C4B01225A711D
:104000001A4B1B68984784B3B4FA84F0C0F11F00C0
:104010000122824083009BB203F580739BB2C0B241
:10402000D2B224EA020403F1804319680029EAD0DD
:10403000002119601B684FF08043C3F80823012A50
:10404000D8D0022ADCD14FF08043D3F81814D3F82B
:10405000183413F0030FD3D14FF080430121C3F87C
:104060001815C3F804239960CDE710BD440C002057
:1040700000F01F0240090CD14FF0A04102F5E072A0
:1040800051F82200044B034043F0020341F8223070
:1040900070470021F2E700BFF0F8FCFF00487047CE
:1040A000C40500202DE9F04184B005460C461646B3
:1040B0001F46084604F09FFE804656B32146284618
:1040C00004F0EAFE28B12146284604F0A5FE0028A7
:1040D00041D12146284604F0AEFE10B17378012B81
:1040E00039D001238DF80F30002301930096B31CC3
:1040F000721C0DF10F01204604F01EFE2879FFF717
:10410000CDFF08F1080230F8123043F0030320F825
:104110001230002F39D02146284604F0BDFE002879
:1041200035D13E782B6806F5A272002143F82210A3
:104130002879FFF7B3FF08F1080230F8123023F0B6
:104140002003DB04DB0C20F812307B782BB91148FC
:1041500004B0BDE8F0811048FAE7BA780092224630
:104160003146286804F08EFD2879FFF797FF024654
:1041700008F1080032F810307603B6B2334343F04A
:10418000200322F810300348E2E70248E0E7024843
:10419000DEE700BF0000AD0B0400AD0B70B50646B6
:1041A0000D46144604F038FE68B13079FFF776FF0B
:1041B0000646284604F01FFE083036F810305B0B28
:1041C0002370024870BD0248FCE700BF0000AD0B41
:1041D0000400AD0B2DE9F04182B005468846164635
:1041E0001F4604F0F4FFAEB33A463146284604F0C9
:1041F000C1FE041E20DB2879FFF750FF40F8346031
:104200002879FFF74BFF00EBC40047602879FFF7E0
:1042100045FF0546404604F0EEFD083035F8103005
:10422000E4B26402A4B2234343F4807325F810304F
:10423000094802B0BDE8F0812879FFF72FFF0DF1A2
:1042400007015830FFF792FD034B9842F1D19DF8DA
:104250000740D0E70048ECE70000AD0B2DE9F04344
:1042600085B004460D461746084604F0C4FD0646D0
:10427000D7F80080B8F1000F28D02946204604F076
:10428000FAFD00284FD100238DF80E308DF80F3045
:104290000193009343460DF10F020DF10E012846E4
:1042A00004F04AFD2079FFF7F9FE06F1080830F81E
:1042B000183023F0020320F818302079FFF7EEFEC3
:1042C00030F8183043F0010320F818307B68F3B160
:1042D00093F80080D3F804902946204604F0BCFDF2
:1042E00018B3B9F1000F65D12079FFF7D7FE083672
:1042F00030F8163023F01C0320F816302079FFF731
:10430000CDFE30F8163043EA880320F81630BA683C
:10431000002A53D05368126829462046FFF75AFFF7
:1043200005B0BDE8F0832648FAE72079FFF7B6FE2E
:1043300006F1080230F8123023F02003DB04DB0C16
:1043400020F81230B9F1000FCED0B8F1030F33D8F6
:104350007B685B6893F80090B8F1000F06D1236882
:1043600009F5A279002243F82920BDE7404604F070
:104370009BFD0346216809F5A27C51F82C2022F010
:10438000030241F82C202A464946206804F061FCCB
:104390002079FFF783FE06F1080230F812304FEA69
:1043A00049391FFA89F943EA090343F0200320F849
:1043B000123099E70248B3E70148B1E70148AFE797
:1043C0000400AD0B0000AD0B38B505460C4604F0FB
:1043D00014FD08B9074838BD2146284604F095FD6C
:1043E0002146284604F01EFF2046FFF741FE024802
:1043F000F1E700BF0400AD0B0000AD0B70B582B05B
:1044000005460E460079FFF749FE90F8603013B17B
:104410000B4802B070BD044640220021103005F068
:1044200043FC236D0093002332464FF0004128687F
:1044300004F022FF012384F86030A3650148E8E717
:104440000C00AD0B0000AD0B08B50249024804F0AA
:10445000B9FF08BDC40500200060004030B500F081
:104460001F0C400917D14FF0A04E0CF5E0705EF81C
:1044700020500A4C2C4041EA420141EA83039DF856
:104480000C2043EA02239DF8102043EA0243234311
:104490004EF8203030BD4FF0000EE6E7F0F8FCFF9C
:1044A00000F01F0240090CD14FF0A04102F5E0726C
:1044B00051F82200044B034043F0030341F822303B
:1044C00070470021F2E700BFF0F8FCFF00F01F0288
:1044D00040090CD14FF0A04102F5E07251F82200E2
:1044E000044B034043F0020341F82230704700219F
:1044F000F2E700BFF0F8FCFFC37B002B5ED110B5E4
:104500000446037B012B3FD9037803F01F025B09AC
:1045100048D14FF0A04101239340C1F808352378DA
:1045200003F01F025B093FD14FF0A04102F5E0729A
:1045300051F82200224B034043F0010341F822309E
:104540006378FF2B0CD003F01F025B092ED14FF0D4
:10455000A04101239340C1F80C356078FFF7A0FF1C
:10456000A078FF2824D1E378FF2B0CD003F01F02A2
:104570005B0921D14FF0A04101239340C1F80835D8
:10458000E078FFF78DFF10BD037803F01F025B0991
:1045900006D14FF0A04101239340C1F80C35BEE78E
:1045A0000021F8E70021B6E70021BFE70021D0E7AE
:1045B000A17B04F066FFD6E70021DDE7704700BF6E
:1045C000F0F8FCFF38B505460C460846FFF794FFA7
:1045D0002B79E17803EB83031B4A02EBC303997742
:1045E000237C73B96378FF2B28D01A46A378FF2B5E
:1045F00027D029682078C1F80805C1F80C25C1F832
:1046000010352B68A268C3F82425627B217B2868BB
:1046100004F022FF2B7961790B4A03EB830302EB51
:10462000C303D9772B7903EB830352F8333023B1DB
:10463000286840F3073003F086FB38BD4FF0FF32A7
:10464000D4E74FF0FF33D4E74C0C002038B50546D3
:10465000047904EB840C144800EBCC00007F08BB09
:10466000114800EBCC0E40F83C20CEF8043059B194
:10467000C87B8EF82500CA788EF81E204A798EF8FD
:104680001F202846FFF79EFF2B680121C3F8001565
:10469000054B04EB840203EBC20200205077117734
:1046A000024838BD0248FCE74C0C00200000AD0B6E
:1046B0000C00AD0B38B50479056804EB84021E4B81
:1046C00053F8323033B145F3073003F041FB042394
:1046D000C5F808330023C5F8003504EB8402164BF7
:1046E00003EBC20393F825303BB104EB8404124B77
:1046F00003EBC40300221A7738BDD5F80805FFF78D
:10470000E5FED5F81005B0F1FF3F0FD1D5F80C0547
:10471000B0F1FF3F0DD104EB8402074B03EBC20362
:10472000987FFF28E1D0FFF7D1FEDEE7FFF7CEFE4E
:10473000ECE7FFF7CBFEEEE74C0C00202DE9F04153
:1047400090F804C00CEB8C03204D05EBC3056B7F88
:10475000002B39D104468E4617460CEB8C031B4ABE
:1047600052F833300BB101226A770CEB8C03174EF1
:1047700006EBC30606F10C089EE80F0088E80F0060
:10478000002386F82430B37FFF2B09D003F01F01EC
:104790005B0910D14FF0A04201238B40C2F80C35C9
:1047A0005FB10CEB8C0C094B03EBCC0300225A7766
:1047B0000748BDE8F0810022EEE7724629462068EE
:1047C00004F0C0FE0348F4E70348F2E74C0C002075
:1047D0000300AD0B0000AD0B0B00AD0B08B503499A
:1047E0004FF0402004F0F5FE08BD00BF4C0C002047
:1047F00010B5134CA8220021204605F055FA0323DA
:10480000236163610F4AA2610F4BE3614FF4806340
:1048100023620023A3626362E36222660B4A62663C
:104820001022A2662367E366636706E0C3F10F0206
:104830000749895C024AD15401330F2BF6D910BDC8
:1048400010040020F0AA000010000020000000204A
:10485000FCAA000008B500230F2B0AD8094AD25C35
:10486000D2B2C3F10F010848415C8A4204D101333E
:10487000F2E7002313B908BD0123FBE7FFF7B8FFF8
:10488000F9E700BF10040020FCAA00002DE9F8435E
:1048900004460E461546304B00EB400003EBC000CB
:1048A000826A476A601C00EB400003EBC003586853
:1048B0003844BA423CD804EB4401274B03EBC10314
:1048C000D3F82080A8EB070909F1FF339D4204D9F2
:1048D00013449D420ED900202FE02A46314605F0B0
:1048E000D5F92F4404EB44041B4B03EBC4035F6274
:1048F000012022E04A46314605F0C8F9A7EB080836
:1049000018EB050507D104EB4404134B03EBC40378
:104910005D62012011E0631C03EB43030E4A02EBCE
:10492000C3032A4606EB0901586805F0AFF9EAE728
:10493000D21B013AAA4202D20020BDE8F8832A46DF
:1049400005F0A4F92F4404EB4404034B03EBC40328
:104950005F620120F1E700BF10040020064B00EB6E
:10496000400203EBC202926A00EB400003EBC0037B
:10497000586A801A704700BF10040020034B00E003
:104980001833034A9342FBD3704700BFFC9D0000DD
:10499000449E000004280CD8DFE800F0030D050752
:1049A00009000648704706487047064870470648A1
:1049B0007047064870470648704700BF10AB0000BC
:1049C00034AB000044AB000050AB000060AB000013
:1049D00020AB000030B108B504F03EFF20B10378F1
:1049E00023B108BD024870470148FAE70048F8E7DC
:1049F00070AB000010B584B00446FCF7CFFB064B4B
:104A0000029300200190009003460122034904F024
:104A10000EFE204604F01AFE78AB000028A000002D
:104A20002DE9F04186B005460C46EFF311882023AE
:104A300083F31288BFF36F8F1F4FBE68FFF7AAFF83
:104A40003B7C0593049003951C4B0293002001903E
:104A50000090034601221A4904F0E9FD1CB1E36904
:104A6000C3F30803E3B93046FFF7B4FF049003969D
:104A7000144B02930020019000900346012210493C
:104A800004F0D5FD21462846FFF7B4FF88F31188CE
:104A9000BFF36F8F3046FDF755FC06B0BDE8F081DF
:104AA000094B029300200190009003460122044923
:104AB00004F0BDFDD7E700BF740C002088AB0000F8
:104AC00028A00000D4AB0000B0AB000038B505460C
:104AD0000A4B53F8204002E02368984708346B1CC7
:104AE000064A52F82330A34206D96368002BF3D05C
:104AF000204604F0B3FDF1E738BD00BFFCAB000079
:104B0000F0B587B0044600EB4006114D05EB861664
:104B100000EB400004EB84020E4B03EB82030E4AD1
:104B20000592012204920F22039200220292019226
:104B300000930A4B4FF4A072094901EBC0113046B3
:104B400000F040FB737B23F00403737307B0F0BDE8
:104B500068070020740C0020ECAB0000AD9600004C
:104B60004025002008B553EA020102D100F0B8FE4A
:104B700008BD0249183001F095F8F9E7319A0000B4
:104B800010B586B0184C14E0636A0593236A049349
:104B9000E3690393A3690293636901932369009313
:104BA000E368A2686168206800F00CFB23685C651C
:104BB00030340E4B9C42E7D300F066FD0A4C00E017
:104BC00030340A4B9C420BD2A26AE36AB3F1FF3F36
:104BD00008BFB2F1FF3FF3D02068FFF7C3FFEFE754
:104BE00000F06AFD06B010BD809F0000B09F00007D
:104BF00008B50B4B01221A700320FFF767FFFCF783
:104C000013FF04F052FD0420FFF760FFFFF7B8FF29
:104C1000FBF7D6FC034A137B23F00103137308BD93
:104C2000BB0C00202808002008B50146014A0248B4
:104C3000FDF78CFCF14B00002808002008B5034864
:104C4000034A121A002104F028FD08BD880600203E
:104C5000BC0C002010B50446FFF752FF04EB4403E0
:104C60000B4901EB83110B4A04EB840302EB830332
:104C7000D9601C7404EB4411074B03EB811303F55B
:104C8000046304EB840402EB8402536010BD00BF94
:104C900068070020740C0020001D002070B586B04D
:104CA00000F042FD104D114B5D61114B0593012346
:104CB0000493002403940294019400940D4B4FF448
:104CC00080620D49284600F07DFA06466B7B23F092
:104CD00004036B73284604F056FE2046FFF7BAFF24
:104CE000304606B070BD00BF28080020740C0020BC
:104CF000F4AB0000F14B0000C026002008B50020F6
:104D0000FFF7E4FE1E4B83F308881E4C636943F4EF
:104D100000736361E02384F822300025E57725766F
:104D20006576A57684F82050636A43F4E0236362D5
:104D300084F82350FDF782FAFDF728FC4FF0FF338B
:104D4000A362E362FDF720FDFDF750FCFCF710FACB
:104D50000D4B01245C731C73C3F8A450C3F8A85016
:104D6000C3F8B050094A9360FFF708FE2046FFF7EA
:104D7000ADFE0220FFF7AAFEFFF790FFFFF754FFFA
:104D80004025002000ED00E0E8080020740C002021
:104D9000F8B50446EFF31187202383F31288BFF39D
:104DA0006F8F0568A84212D02E1E18BF012685B944
:104DB00006BBA368E268934224D001221344A36097
:104DC00000230BBB87F31188BFF36F8FF8BD00255D
:104DD000EAE76A682B6813605A6000232B606B60F7
:104DE0006A7B22F002026A73AB6005F1180004F0DE
:104DF000F7FEDDE70023C5F8BC30284604F0C3FD0C
:104E00000123DEE70022D9E73946024800F010FC12
:104E1000DCE700BF980C002010B582B0EFF31181E1
:104E2000202484F31288BFF36F8F846844B1013C5F
:104E3000846081F31188BFF36F8F002002B010BD32
:104E400053EA020406D0009201930246054800F09E
:104E5000D3FBF3E781F31188BFF36F8F6FF00F007F
:104E6000ECE700BF980C002070B50546EFF3118603
:104E7000202383F31288BFF36F8F18E0002419E01A
:104E80006268236813605A60002323606360627B5A
:104E900022F002026273A36004F1180004F0A0FE85
:104EA0006FF00A03C4F8BC30204604F06CFD2C6897
:104EB000A542E3D0002CE3D1002CF1D10023AB605C
:104EC0003146024800F0B4FB70BD00BF980C0020D2
:104ED00070B338B50D4604461B4B9B6883421BD00C
:104EE00000231A46D4F8D830C3F38001C3F3C000BE
:104EF00013F0010F1FD001B102B300B109B30023B9
:104F00002B60D4F8C43073B11D60C4F8C45020467F
:104F100004F0ECFB012038BD04F098FC08B9012333
:104F2000DFE70023DDE7C4F8C450C4F8C050EEE763
:104F30006FF0150070476FF01200ECE76FF00F0094
:104F4000E9E76FF00F00E6E7740C002010B5C368C6
:104F500023F00203C360134B1C687CB1236803B1C8
:104F60000CB100210FE02346FBE722460D4804F078
:104F7000AAFB04F10800FFF70BFF10BD2346F0E782
:104F80001A461C461346002CF7D062688242ECD0C9
:104F90002146002BF4D01A68002AF2D0002BF0D161
:104FA0001A46EEE7980C002070B584B00546EFF382
:104FB0001186202383F31288BFF36F8FD5F8C0408A
:104FC000002C3FD02368C5F8C030D5F8C4209442E7
:104FD0004DD0D5F8D83043F00203C5F8D830E36897
:104FE00043F00102E26023F0040343F00103E360B5
:104FF000636886F31188BFF36F8F20469847EFF3FD
:105000001186202383F31288BFF36F8FE36823F0A8
:105010000103E36013F0100F44D1E36813F0020FB3
:1050200044D1D5F8D83023F00203C5F8D830C3F303
:10503000002386F31188BFF36F8F002BB7D100F0E8
:105040007BFBB4E7D5F8D83023F00402C5F8D820AC
:1050500013F0040F0ED112F0100F14D00023C5F876
:10506000D83086F31188BFF36F8F04B070BDC5F8D8
:10507000C430AEE705F1D00400220121204604F03F
:1050800016FD0028F8D1002302934FF0FF324FF0B5
:10509000FF33CDE9002305F1C8023146054800F091
:1050A000F9FC84E7204604F07DFBB6E72046FFF7D5
:1050B0004DFFB6E7A00C002008B58446084653EA29
:1050C00002010CD0C16841F00801C160DCF8001099
:1050D00081620549103000F0E5FD012008BD614600
:1050E00004F00EFBFAE700BF61970000F0B589B04D
:1050F00004460E9D0020C4F8C000C4F8C40004F1AA
:10510000C800C4F8C800C4F8CC0004F1D000C4F84A
:10511000D000C4F8D4002DB3287928BB0120C4F8EE
:10512000D8004FF0FF364FF0FF37CDE9066700207B
:10513000049003930290019000940D4B204604F0DC
:1051400098FB55B1296811B1204600F029F86B7918
:105150001BB1237B43F001032373204600F0C0FB07
:1051600009B0F0BD0120DAE740F20110D7E700BF37
:10517000A94F000008B50146014804F028FB08BD0E
:10518000C809002008B553EA020102D100F0A8FBCB
:1051900008BD0249183000F085FDF9E7319A00009A
:1051A00010B5044640B11F2204F1840004F084FDD0
:1051B000002084F8A30010BD014B9C68F3E700BFFA
:1051C000740C00202DE9F04F85B004460F461546BB
:1051D0001E46DDF838A0DDF83C90DDF84080DDF8B3
:1051E0004CB000F158038365C365129B04221199EA
:1051F00004F034FB2A463946204604F001FB0546FC
:10520000CDF80880CDF80490CDF800A033460246D2
:1052100039462046FDF754F90023636584F86C3065
:105220002667C4F874A0C4F87890C4F87C80EFF3C3
:105230001182202383F31288BFF36F8F134B196AF7
:10524000C4F880101C6282F31188BFF36F8FBBF12A
:10525000000F13D01F22594604F1840004F02CFDE6
:10526000002384F8A330094B9B685BB1D3F8B030BE
:10527000C4F8B030284605B0BDE8F08F002384F8AC
:105280008430F0E7C4F8B030F4E700BF740C0020BD
:105290000A4A9368C3F8B8006FF00A01C3F8BC105B
:1052A00007494B6843F080534B60002383F3118818
:1052B000BFF36F8F9368D3F8BC007047740C002065
:1052C00000ED00E0427B90F90D30002B04DB12F082
:1052D0001F0F01D1816901B1704710B562F07F02E3
:1052E0004273264A52F8183F93420ED10B460CE007
:1052F0005A6842600360106058601FE01A461F4CF5
:10530000E469A24210D01B6883B17BB190F90EC052
:1053100093F90E209445F1D0A2EB0C02002AE7DCB1
:105320001A46002BEBD1EFE70B46EDE7134BDA699A
:1053300003F11801016042601060D8610F4B53F80F
:10534000184F9C420ED06CB10C4B9B685A7B12F0EC
:105350001F0F0AD1DA897F2A07D9A2692AB9074A19
:10536000536109E0054BDC68EEE7A34202D020461A
:1053700000F0DAFB014B5C6110BD00BF740C002033
:1053800010B5437B90F90D20002A14DB154B9A6869
:1053900053F8184F9C4219D0C4B1824219D0537BA4
:1053A00013F01F0F15D1D3897F2B12D9A36983B9AD
:1053B0000C4B5A6114E003F07F03437342680368A7
:1053C00013605A60002303604360DFE7054BDC682D
:1053D000E3E7A24202D0204600F0A6FB014B5C614D
:1053E00010BD00BF740C00202DE9F84305460C46A3
:1053F000454B9E68737B13F0600F28D013F0200F8D
:105400002AD008271F4222D13B43737313F0800F29
:1054100024D1082F2DD04FF000093B4B53F8188FA3
:1054200098454BD0B8F1000F48D0374B9B684345A7
:1054300002D0404600F078FB334BC3F81480102FA5
:1054400005D0304600F0D0FBB9F1000F3AD184F31B
:105450001188BFF36F8F50E01027D3E703F07F036D
:1054600073737268336813605A600023336073602B
:10547000CFE7B3685BB17268336813605A6000238A
:1054800033607360727B22F002027273B360304645
:1054900004F045FA06F1580004F046FA1A4B9B68EE
:1054A0009E4202D04FF00009B7E7EFF3058313B92E
:1054B0004FF00009B1E74FF00109AEE7124BD3F806
:1054C0000C80B2E7114B01225A731A730022C3F801
:1054D000A420C3F8A820C3F8B0200B4A9360B6E715
:1054E000EFF31184202383F31288BFF36F8F04F04E
:1054F000E8F884F31188BFF36F8F6B7B13F0600FB4
:10550000EED1BDE8F88300BF740C0020E80800204D
:10551000B3F1FF3F08BFB2F1FF3F00D1704708B5BC
:105520000249183000F0BEFB08BD00BF319A0000F0
:1055300010B5437B90F90D20002A0ADB437B63F012
:105540007F0343732B4A52F8183F934219D100232B
:1055500017E003F07F0343734268036813605A60E7
:10556000002303604360E9E75A684260036010600B
:1055700058601EE01A461F49C9698A420FD01B684D
:105580007BB173B190F90E1093F90E209142F1D0D6
:10559000521A002AE8DC1A46002BECD1F0E700236F
:1055A000EEE7144BDA6903F1180101604260106004
:1055B000D861104B9A6853F8184F9C420ED06CB1CA
:1055C00082420ED0537B13F01F0F0AD1D3897F2B59
:1055D00007D9A3692BB9074B5A6109E0054BDC6871
:1055E000EEE7A24202D0204600F09EFA014B5C6139
:1055F00010BD00BF740C002010B50C4611460A48BF
:1056000082680A4B1A60EFF31183202383F3128818
:10561000BFF36F8FDDE90223806804F0A8F920460C
:10562000FFF736FE10BD00BF740C0020A00C002058
:1056300008B50B4659B9EFF3058242B9064A5069DD
:105640009268904203D00846FFF722FE03E083F3FE
:105650001188BFF36F8F08BD740C002008B5034696
:1056600050B9EFF305823AB9064A516992689142FE
:1056700002D0FFF70DFE03E083F31188BFF36F8FB5
:1056800008BD00BF740C00200023EFF3118120221D
:1056900082F31288BFF36F8F09E0064B9A68D37BC1
:1056A000013BD37381F31188BFF36F8F0123002B6C
:1056B000F3D07047740C002038B50023EFF3118548
:1056C000202282F31288BFF36F8F0EE0154BDC6847
:1056D00017E0A24202D0204600F026FA114B5C618E
:1056E00085F31188BFF36F8F0123BBB90D4B9A6807
:1056F000D17B0131D17353F8184F9C42E6D0002C76
:10570000E4D0537B13F01F0FE3D1D3897F2BE0D973
:10571000A369002BDDD1034B5A61E1E704F08EF958
:1057200038BD00BF740C002008B5024804F091F9A0
:1057300008BD00BF880C002038B5EFF3118420238A
:1057400083F31288BFF36F8F224B9A68DB699A420A
:1057500005D01368516812680A60516006E00023A2
:10576000F8E71C4AD269934212D01B6893B1194AD8
:10577000906890F90E1093F90E209142F1D0521AD0
:10578000002AEEDD5A6842600360106058600AE04B
:105790000023EBE70F4B9A68D96903F118001060FA
:1057A00051600A60DA610B4B53F8185F9D420DD0CF
:1057B00065B1084B9B689D4202D0284600F0B4F9C1
:1057C000044B5D612046FFF763FD38BD014BDD688A
:1057D000EFE700BF740C00202DE9F04150EA01030F
:1057E00033D004460D466FF001031B1A4FF0FF3211
:1057F00062EB0102012B72F100022ADB6FF001065D
:10580000361AEFF31188202383F31288BFF36F8FCA
:10581000124FB868124B1860FFF7B2FDB868224605
:105820002B461049183000F03DFABA68537B43F01C
:10583000040353734046FFF72BFD04F0F9F9301AC7
:10584000002800DC0020BDE8F081FFF775FF002094
:10585000F9E704F0EDF90619D3E700BF740C002056
:10586000A00C0020319A000008B5C117C90341EA15
:105870005041C003184BC018184A4FF0000341F1C3
:105880000001FAF72BFCC117FFF7A6FF4FEAE07CF7
:105890004FEA4C1343EAD0634201121A63EB0C0344
:1058A0005B0243EAD253520212184CEB03014FEA57
:1058B000811E4EEA926E93019B1A6EEB010E181830
:1058C0004CEB0E0C47F6FF73C0184CF1000CC00BEC
:1058D00040EA4C4008BD00BF3F420F0040420F006D
:1058E00038B50446183004F07BF9EFF31185202316
:1058F00083F31288BFF36F8F637B13F0040F04D11F
:1059000085F31188BFF36F8F38BD23F004036373F1
:105910002046FFF7D7FCEFF3058323B185F3118809
:10592000BFF36F8FF0E729460148FFF781FEEBE7F1
:10593000A00C0020014B9868704700BF740C002039
:105940002DE9F041EFF31186202383F31288BFF392
:105950006F8F037B13F0010F15D10446457B15F0C3
:10596000080F1ED1B04600F1580703F0A4FF30B372
:1059700045F020056573EFF30583BBB13146204642
:10598000FFF732FD0BE086F31188BFF36F8F002322
:1059900083F31188BFF36F8F0423184602DFBDE83D
:1059A000F08186F31188BFF36F8FF8E73946374BE4
:1059B000986803F082FF3046FFF76AFCEFE745F096
:1059C0000803637313F0800F33D1A3685BB162687F
:1059D000236813605A60002323606360627B22F0B7
:1059E00002026273A36004F1180004F0F9F838466B
:1059F00003F09AFF254B9A68944227D00027234B47
:105A000053F8185F9D4228D03DB3AA4202D02846E1
:105A100000F08AF81D4B5D61204600F0E5F8FFB903
:105A20001A4B9B689C4229D088F31188BFF36F8F73
:105A3000B5E705F07F0545F00805657362682368E2
:105A400013605A60002323606360BEE7EFF30583B1
:105A50000BB90027D3E70127D1E70C4BDD68D4E76A
:105A60000B4B01225A731A730022C3F8A420C3F807
:105A7000A820C3F8B020054A9360D1E7EFF305836F
:105A8000002BD1D13046FFF703FC88E7740C0020CF
:105A9000E80800202DE9104883B0089CDDE906BC29
:105AA000CDE900BCFFF7A8FD1CB1034B9B685B6907
:105AB000236003B0BDE81088740C0020044BC01AAA
:105AC000C010044B03FB00F0034B01221A54704733
:105AD000A8090020ABAAAAAAA40C0020C3897F2B86
:105AE00011D80E4B1B687BB190F90E200C4B1B6834
:105AF0009A420CDB437B13F01F0F0AD1094B9842EB
:105B000009D0012300E0002303F0010070470023C7
:105B1000FAE70023F8E70023F6E700BFAC0C00200B
:105B2000A80C00206807002070B505460D4B1E7CB0
:105B300006EB46030C4C04EBC304204604F050F87B
:105B40000A4B00229A552846FFF7C8FF00B970BDDE
:105B5000074B1A68013AD3170649204600F0A2F80D
:105B6000F5E700BF740C0020A8090020A40C002059
:105B7000AC0C0020BD5A000038B5EFF3118520238E
:105B800083F31288BFF36F8F144B9C68144B1B6810
:105B9000A34217D0124B00221A60104B1B7C114AF3
:105BA000D35C53B12046FFF799FF30B1637B13F00C
:105BB0001F0F0FD02046FFF7B7FF85F31188BFF303
:105BC0006F8F38BD2046FFF7AFFF85F31188BFF315
:105BD0006F8FF6E72046FFF7ABFCEBE7740C002075
:105BE000A00C0020A40C0020EFF31181202383F3EC
:105BF0001288BFF36F8F0C4B1B6A834205D1D3F819
:105C00008020094B1A620AE013461BB1D3F88020AA
:105C10008242F9D11BB1D0F88020C3F8802081F3F3
:105C20001188BFF36F8F7047740C002008B50648C9
:105C3000064A121A064903F034FD0648064A121AAB
:105C4000064903F02EFD08BDC00400208406002094
:105C50003CAD0000B8040020C004002034AD0000BA
:105C6000034B1868984200D070470020FCE700BF43
:105C70002806002030B1044A5268904201D00068E2
:105C800070470020704700BF2806002008B5044B6D
:105C90001B680BB1002008BDFDF74AFFFBE700BF02
:105CA000B00C0020B3F1FF3F08BFB2F1FF3F77D047
:105CB0002DE9F047044692461D4681600023EFF32C
:105CC0001187202282F31288BFF36F8F26E01AF12A
:105CD000010845F10009FFF7D9FF18EB000349EB74
:105CE000E070236160613BE0521A66EB03030261DE
:105CF00043614368636020601C60446005E0294B99
:105D00005A682360626014605C60FFF7A9FF8442F8
:105D10003AD087F31188BFF36F8F0123002B3DD159
:105D200053466FF00101B1EB0A014FF0FF3060EB19
:105D30000502002ACBDB1C4A116852685B1842EB53
:105D400005026FF00101C91A60EB020308461A460A
:105D5000012973F1000301DA012000222061626150
:105D6000FFF77EFF0028CAD002694669216963698E
:105D7000914273EB060EB7DB891A63EB06032161D0
:105D80006361FFF777FFEDE7084B1B68002BC0D17D
:105D900003F009FF0021FDF791FEBAE7BDE8F087A7
:105DA000704700BF28060020C0090020B00C00206A
:105DB00070B5EFF31186202383F31288BFF36F8F42
:105DC0002A4B1860FFF74CFF044623E0284A13686B
:105DD00051685B1941EBE5711360516000220023AB
:105DE000C4E90423204603F0C7FE86F31188BFF3FD
:105DF0006F8FA36820469847EFF31186202383F323
:105E00001288BFF36F8F194A13685B1B1360FFF78B
:105E100027FF04463CB125696169144B1A68D31702
:105E2000AA428B41D2DA44B1236962690F490968F9
:105E30005B1A62EBE172236162610D4A0B4D2868C7
:105E4000136851681B1841EBE07113605160002426
:105E50002C6003F0A8FE2146FDF730FE86F3118882
:105E6000BFF36F8FFFF788FE70BD00BFB00C00203E
:105E7000C009002010B50022EFF31184202383F322
:105E80001288BFF36F8F134611460CE0FFF7FEFE3A
:105E9000074A13685168C31841EBE07184F3118815
:105EA000BFF36F8F0122002AF0D0184610BD00BF4B
:105EB000C00900202DE9F04182B00024009400F1D7
:105EC0000C07EFF31188202484F31288BFF36F8F3F
:105ED000856805EA0206694011404D4085600195DC
:105EE0006A460B4903F019FE009C4CB10021C4F82E
:105EF000BC1065662046246E03F060FD002CF5D1D1
:105F000041463846FFF794FB304602B0BDE8F081C9
:105F1000519C000000B585B0094A02AB92E803002D
:105F200083E8030000934FF0FF334FF4806205498C
:105F30000548FFF7DBF8002005B05DF804FB00BF63
:105F4000A8A00000002B0020C80900202DE9F04F78
:105F50008DB043680293837815469A07804640F1D6
:105F60000D8100240E78002E00F00A81252E0BD022
:105F70004B1C03930134029B41463046984700284E
:105F8000C0F2F6800399EDE74E788B1C252E039323
:105F9000F0D00027B946BB46BBF11F0F38D8A6F199
:105FA0002003102B0AD8DFE803F02A090930090979
:105FB000092109090928092D09091F00A6F1300343
:105FC000092B33D92A2E37D11BF0400F55F8043B4B
:105FD00040F08280002BA7BF4BF0200B9946C3F105
:105FE00000094BF0280B01E04BF0010B039B13F869
:105FF000016B0393002ECFD130E04BF0020B4BF03E
:10600000040BF3E74BF0080BF0E74BF0100BEDE758
:10601000BBF17F0F19D8A6F13003092BD2D81BF0A2
:10602000400F03D00A2101FB0737DFE70A2101FBFC
:1060300009394BF0200BD9E72E2E06D11BF0400F6B
:1060400040F09E804BF0400BD0E76C2E31D02BD827
:10605000682E36D06A2E3CD04C2E3AD0002F46F017
:106060002003B8BF2BF04002A3F16501BCBF1FFAAB
:1060700082FB0027022901D9612B2FD1073525F09A
:106080000705DFF8ACA2083507271BF0080F66D01C
:106090000AEB070B56465E4563D1A4EB0A0A06EBF2
:1060A0000A02A9EB07096FE1742E9FD07A2E9DD0CA
:1060B000D4E71BF0800F18BF4BF4007B4BF0800B34
:1060C00094E71BF4807F18BF4BF4007B4BF4807B7C
:1060D0008CE74BF4207B89E71F4687E7A6F1630135
:1060E000122900F2F080DFE811F013004F00EE00FB
:1060F000EE00EE00EE004F00EE00EE00EE00EE00CF
:10610000EE00FE00E900EE00EE001B00EE00AF0026
:1061100055F8043B8DF8183001270DF1180AB4E743
:1061200055F804AB834BBAF1000F08BF9A461BF039
:10613000400F14BF39464FF0FF31504603F0CCFDFD
:106140000746A2E7029B41462020984700280FDB24
:10615000013EB742F6D34C44A41BB14698E74E46E5
:10616000F7E716F8010B029B41469847002892DAA0
:1061700098F8023043F0040388F802304FF0FF34FF
:1061800020460DB0BDE8F08F1BF0800F34D01BF41B
:10619000007F2CD0073525F00705AA4669685AF814
:1061A000080B2BF010050029ADB237DA404261EB45
:1061B000410145F480650DF1180B0A235A4603F09E
:1061C00097FDA0EB0B0301936B0662D5019B25F0B5
:1061D00001019F4289B240F3A180002E00F0998016
:1061E00015F0100240F09C80BB460D4623E0AA4605
:1061F0005AF8040BC117D4E7AA461BF4807F5AF85B
:10620000041B01D10846F5E71BF4007F15BF48B217
:1062100008B241F3C01141F3C031C2E750EA0103B3
:10622000C9D11BF0400FC6D0002FC4D12BF01102F2
:1062300095B2BB46019740F2064115EA01021CBF28
:106240000BF1010B00222CE02BF010021FFA82FB55
:106250000A231BF0800C49D01BF400711DBF0735C9
:1062600025F00705AA46AA461ABF5AF8080B69681E
:106270005AF8040B50EA010545D12BF016051BF026
:10628000400FADB242D0002F40D12BF0170295B293
:10629000019715F0100248D0019B002E42D103F166
:1062A000010B29075AD4EB0706D5D9456FDD0199B3
:1062B000A9EB0B035F18CB465B4649E04BF0100B94
:1062C00010237826C5E7782B04D1C6F1780343F074
:1062D0001003BEE7029B4146252098470028FFF6A1
:1062E00047AF023447E608230026B2E7AA461BF46C
:1062F00080715AF8040BBDD01BF400711ABFC0B2F4
:10630000614680B2B6E72BF0060295B20DF1180B8C
:1063100054E725F01105ADB2BB468CE70D46B8E752
:106320003B460D4603F1020BBBE7DDF804B082E704
:1063300029AD000022AD0000CDE904324146029BA8
:10634000202098470028FFF613AF049B059A0133DD
:106350009945F1DCA4EB0B01CC189B460AB3029BD8
:106360004146302098470028FFF602AF8EB901342D
:106370002744019B391B994224DC1D465DBB019AD1
:10638000A9EB0B09224455461446914435E0019F80
:1063900092E7023441463046029B98470028E7DAEC
:1063A000E6E640F206410D42E2D015F0020F14BFBE
:1063B0002B20202015F4806F04F10104414618BF02
:1063C0002D20E9E7029B414630209847002804F140
:1063D0000104CEDACCE606AB013D4146585D029B96
:1063E00098470028CADAC3E6029B41462020984716
:1063F000002804F10104FFF6BBAEA9EB0403002B57
:10640000F2DCBFE5704738B513468568046912F4BD
:10641000801F07D012F4402F04D012F0010F01D0DA
:1064200082F4402323F4801213F0010F0AD0236872
:106430004FF0010C0CFA01FC43EA0C0323602B68BB
:10644000984738BD23684FF0010C0CFA01FC23EA91
:106450000C032360F3E708B503468C4600681979FE
:10646000DA8842EA0C02FFF7CEFF08BD08B5836860
:10647000DB6913B10122984708BD6FF05700FBE7B5
:1064800010B58C461346014651F8040B8268146817
:106490006246A04710BD10B50A46014651F8040BEC
:1064A00083681C680023A04710BD08B5FFF7DCF91E
:1064B00008BD10B586B00BAC059403940A9C0294F9
:1064C000099C0194089C0094FAF7EEFE06B010BDFA
:1064D00010B50446006803F09AF8034620B1E0685E
:1064E00010B103F094F80346184610BD50B1C268CD
:1064F0005AB1026962B143680BB1002070474FF096
:10650000FF3070474FF0FF3070474FF0FF3070475B
:106510004FF0FF30704701390A291BD8DFE811F02E
:106520000B002E0050009400B700DA00FD0020019F
:10653000410162017200012A0DD0022A10D03AB93D
:10654000037803F07F030370437803F07F03437005
:10655000032A0AD07047037843F080030370ECE706
:10656000437843F080034370E9E7037843F0800306
:106570000370437843F0800343707047012A15D0BD
:10658000022A18D03AB9037803F0BF0303704378A6
:1065900003F0BF034370032ADCD1037843F04003C8
:1065A0000370437843F0400343707047037843F02F
:1065B00040030370E4E7437843F040034370E1E7AE
:1065C000012A15D0022A18D03AB9037803F0DF0364
:1065D0000370437803F0DF034370032ABAD10378D2
:1065E00043F020030370437843F020034370704767
:1065F000037843F020030370E4E7437843F020037B
:106600004370E1E7012A15D0022A18D03AB903787D
:1066100003F0EF030370437803F0EF034370032AA2
:1066200098D1037843F010030370437843F01003CC
:1066300043707047037843F010030370E4E7437836
:1066400043F010034370E1E7012A16D0022A19D063
:106650003AB9037803F0F7030370437803F0F703C4
:106660004370032A7FF476AF037843F00803037086
:10667000437843F0080343707047037843F00803FE
:106680000370E3E7437843F008034370E0E7012A2F
:1066900016D0022A19D03AB9037803F0FB0303702D
:1066A000437803F0FB034370032A7FF453AF03786E
:1066B00043F004030370437843F0040343707047CE
:1066C000037843F004030370E3E7437843F00403E3
:1066D0004370E0E7012A16D0022A19D03AB90378AC
:1066E00003F0FD030370437803F0FD034370032AB6
:1066F0007FF430AF037843F002030370437843F034
:10670000020343707047037843F002030370E3E72A
:10671000437843F002034370E0E7012A16D0022ACF
:1067200019D03AB9037803F0FE030370437803F0FD
:10673000FE034370032A7FF40DAF037843F0010397
:106740000370437843F0010343707047037843F0CC
:1067500001030370E3E7437843F001034370E0E78C
:10676000012A14D0022A17D032B9837803F0F70136
:10677000817003F077038370032A7FF4EBAE837894
:1067800043F00802827043F0880383707047837877
:1067900043F008038370E5E7837843F08003837058
:1067A000E2E7012A14D0022A17D032B9837803F025
:1067B000FB01817003F0BB038370032A7FF4CAAE30
:1067C000837843F00402827043F04403837070477F
:1067D000837843F004038370E5E7837843F0400354
:1067E0008370E2E7012A14D0022A17D032B98378E5
:1067F00003F0FE01817003F0EE038370032A7FF43F
:10680000A9AE837843F00102827043F011038370D4
:10681000A0E6837843F001038370E5E7837843F0D3
:1068200010038370E2E7012809D008B901290BD0D1
:1068300001280CD010B909B9002313707047002942
:10684000F3D101231370F0E702231370F0E701295D
:10685000F0D103231370EDE708B501390A290DD8EB
:10686000DFE801F0060D161F28313A434A525A005C
:1068700003784178C909D809FFF7D5FF08BD037827
:106880004178C1F38011C3F38010FFF7CCFFF5E727
:1068900003784178C1F34011C3F34010FFF7C3FF01
:1068A000ECE703784178C1F3C001C3F3C000FFF700
:1068B000BAFFE3E703784178C1F38001C3F38000B6
:1068C000FFF7B1FFDAE703784178C1F34001C3F382
:1068D0004000FFF7A8FFD1E70378417801F00101FC
:1068E00003F00100FFF79FFFC8E78078C109C0F3FC
:1068F000C000FFF798FFC1E78078C0F38011C0F3B4
:106900008000FFF790FFB9E78078C0F3001100F036
:106910000100FFF788FFB1E703784178C1F3001168
:10692000C3F30010FFF77FFFA8E72DE9F843054602
:10693000894617461E461846FFF7D8FD60BB8046BD
:10694000B9F1000F2DD0012F03D0012F26D900243B
:106950000DE0346973683A4649462846A0473077C7
:106960000028F2D06FF00108EFE70134E4B22146CD
:10697000BC4213D2B8F1000F10D173680122494410
:106980002846D6F810C0E04730770135EDB2002830
:10699000EBD06FF00108E8E74FF0FF384046BDE864
:1069A000F8834FF0FF38F9E700B583B00B460022BB
:1069B000ADF8042002788DF8042042785201D2B25A
:1069C0008DF8052090F802C04FEA0C1C0CF0100C5A
:1069D00042EA0C028DF80520C07800F00F00024357
:1069E0008DF80520022201A95520FFF79EFF03B074
:1069F0005DF804FB10B584B00B46002201920292B0
:106A0000CDF80B2002795201D2B28DF8042090F813
:106A100005C04FEA0C1C0CF0100C42EA0C028DF879
:106A20000420047AA10001F00C010A438DF804202F
:106A3000417A01F003010A438DF804208279520063
:106A400002F002028DF80520C17901F001010A432C
:106A50008DF8052002788DF806204288110A8DF8FD
:106A600007108DF80820C4B942898DF80920120A50
:106A70008DF80A2082898DF80B20120A8DF80C20DF
:106A8000C2898DF80D20120A8DF80E200B2201A963
:106A90003F20FFF74AFF04B010BD052201A93F20A7
:106AA000FFF743FFF7E710B584B00B4600220192D1
:106AB0000292CDF80B2002795201D2B28DF8042057
:106AC00090F805C04FEA0C1C0CF0100C42EA0C02C6
:106AD0008DF80420047AA10001F00C010A438DF81E
:106AE0000420417A01F003010A438DF804208279E1
:106AF000520002F002028DF80520C17901F0010177
:106B00000A438DF8052002788DF806204288110A84
:106B10008DF807108DF80820C4B942898DF8092036
:106B2000120A8DF80A2082898DF80B20120A8DF83E
:106B30000C20C2898DF80D20120A8DF80E200B2230
:106B400001A94A20FFF7F1FE04B010BD052201A9FA
:106B50004A20FFF7EAFEF7E710B584B00B460022A3
:106B600001920292ADF80C2002785201D2B28DF857
:106B7000042090F801C04FEA0C1C0CF0100C42EA03
:106B80000C028DF804208478A10001F00C010A4366
:106B90008DF80420C2788DF8052002798DF8062042
:106BA00042798DF80720C4B9C2888DF80820120AEE
:106BB0008DF8092002898DF80A20120A8DF80B2021
:106BC00042898DF80C20120A8DF80D200A2201A9A5
:106BD0003520FFF7AAFE04B010BD04220DEB020120
:106BE0003520FFF7A2FEF6E72DE9F041A0B0804680
:106BF0000E4615461C461846FFF778FC38BB07467C
:106C000046B36378012B01D048F08008227A63688C
:106C10002A4469464046D4F80CC0E047207708B9BA
:106C200000200EE06FF001070DE094F808C08444E6
:106C30000CF180030DEB030C1CF8803C3354013045
:106C400080B2A842F1D3384620B0BDE8F0814FF0C1
:106C5000FF37F8E74FF0FF37F5E730B583B004466C
:106C600000238DF80730FFF741FC054648B96369FA
:106C7000616841F28830984763782BB10023237212
:106C800065B1284603B030BD0122227223460DF1C2
:106C900007010020FFF7A8FF0546F1E72346012280
:106CA0000DF107010020FFF79FFF05460028E8D1FE
:106CB0009DF80730902B01D12370E2E76FF00205B9
:106CC000DFE730B585B00C461346002101910291F3
:106CD0008DF80C100546002839D001284BD1092227
:106CE00001A90420FFF780FF78BB9DF804309DF8D0
:106CF000052003EB02239AB21BB22380B3F5006F89
:106D000002DBA2F5805222809DF806309DF8072014
:106D100043EA02231BB26380B3F5006F03DB9BB22F
:106D2000A3F5805363809DF808309DF8092043EA5D
:106D300002231BB2A380B3F5006F03DB9BB2A3F564
:106D40008053A3804DB90023A36005B030BD062257
:106D500001A90420FFF748FFC6E7012DF5D19DF8F2
:106D60000A209DF80B109DF80C301B0403EB012347
:106D70001344A360E9E76FF00300E6E730B583B0A2
:106D800005460C460023ADF804300B46022201A94B
:106D90005720FFF729FF08B103B030BD9DF804303C
:106DA0002A78D20002F0180223F0180313438DF85A
:106DB00004306A7823F0070302F0070213438DF8CA
:106DC00004309DF805202B791B0103F0300322F0DD
:106DD00030021A438DF80520EB789B0003F00C037A
:106DE00022F00C021A438DF80520AB7822F0030242
:106DF00003F003031A438DF805202346022201A95C
:106E00005720FFF792FDC7E72DE9F04107460C46F2
:106E100016460B78DBB1002211466FF0030523788C
:106E2000012B1CD02378022B21D02378032B26D0D2
:106E300094F80080B8F1040F29D02378052B2ED0C8
:106E40002378062B33D0B5B32846BDE8F081114630
:106E5000A01CF9F70DFC0546227A0121DFE7314637
:106E6000A01CFFF78BFF0546E2790921DAE73146DE
:106E7000A01CFFF799FD0546A2790821D5E7314608
:106E8000A01CFFF7B7FD0546A27C0521D0E73146DF
:106E9000A01CFFF708FE0546A27C4146CDE731461F
:106EA000A01CFFF759FE0546A27B0621C8E7A27881
:106EB0000A210025C7E73846FFF72DFBC4E710B5C8
:106EC00082B004460B46032201A91920FFF78CFE6D
:106ED000A8B99DF80430DA096271C3F34113237134
:106EE0009DF805309A096270C3F30112E27003F055
:106EF0000F0323709DF80630C3F38103A37002B023
:106F000010BD10B582B004460B46022201A95720DD
:106F1000FFF76AFE90B99DF80430C3F3C1022270F6
:106F200003F0070363709DF80530C3F3011222716B
:106F3000C3F38102E27003F00303A37002B010BD3B
:106F400010B582B004460B46022201A95520FFF776
:106F50004BFE60B99DF8043023709DF805305A0946
:106F60006270C3F30012A27003F00F03E37002B06B
:106F700010BD10B584B004460B460B2201A93F207A
:106F8000FFF732FE00283FD19DF804305A092271E4
:106F9000C3F300126271C3F38102227203F0030390
:106FA00063729DF8053003F00102E271C3F3400300
:106FB000A3719DF8063023709DF807209DF80830D6
:106FC00043EA022363809DF80A3003F00F038DF833
:106FD0000A309DF8092042EA032363819DF80C30B2
:106FE00003F00F038DF80C309DF80B2042EA0323C9
:106FF000A3819DF80E3003F00F038DF80E309DF83D
:107000000D2042EA0323E38104B010BD10B584B023
:1070100004460B460B2201A94A20FFF7E5FD002894
:107020003FD19DF804305A092271C3F300126271F6
:10703000C3F38102227203F0030363729DF80530EB
:1070400003F00102E271C3F34003A3719DF806301F
:1070500023709DF807209DF8083043EA02236380DF
:107060009DF80A3003F00F038DF80A309DF80920CF
:1070700042EA032363819DF80C3003F00F038DF87F
:107080000C309DF80B2042EA0323A3819DF80E30BB
:1070900003F00F038DF80E309DF80D2042EA032314
:1070A000E38104B010BD10B584B004460B460A223B
:1070B00001A93520FFF798FD98BB9DF804305A09C7
:1070C0002270C3F300126270C3F38103A3709DF8B2
:1070D0000530E3709DF8063023719DF80730637129
:1070E0009DF8093003F00F038DF809309DF8082052
:1070F00042EA0323E3809DF80B2002F00F038DF892
:1071000009309DF80A3043EA022323819DF80D20BF
:1071100002F00F038DF809309DF80C3043EA02238A
:10712000638104B010BD2DE9F04182B007460C46E2
:10713000164600238DF807300B78CBB100216FF095
:1071400003052378012B1DD02378022B24D023782C
:10715000032B2BD094F80080B8F1040F30D02378A3
:10716000052B37D02378062B3ED0002D46D140E0AA
:107170001146A01CFFF7A3FE0546237A8DF80730C1
:107180000121DEE73146A01CFFF7BBFE0546E3798F
:107190008DF807300921D7E73146A01CFFF7D0FE54
:1071A0000546A3798DF807300821D0E73146A01CA9
:1071B000FFF7DFFE0546A37C8DF807300521C9E700
:1071C0003146A01CFFF722FF0546A37C8DF807304F
:1071D0004146C4E73146A01CFFF765FF0546A37B87
:1071E0008DF807300621BDE7A3788DF807300A2116
:1071F00000250DF107023846FFF72EFB284602B0A6
:10720000BDE8F08130B583B004460D460B4601223F
:107210000DF107012D20FFF7E7FC08B103B030BDE9
:107220009DF80730600000F0020023F002030343E2
:107230008DF807302B4601220DF107012D20FFF7B5
:1072400074FBEBE770B582B006460C4600238DF860
:1072500007300846FFF74AF9054610B1284602B044
:1072600070BD234601220DF107011920FFF7BCFC78
:1072700005460028F2D19DF8072006F0030322F00E
:10728000030213438DF80730234601220DF1070155
:107290001920FFF74AFB0546012E05D06369616896
:1072A00042F210709847D9E76369616849F6404037
:1072B0009847D3E770B506460D4614461046FFF7CB
:1072C00015F930B945B1224629463046FFF7F9FC99
:1072D00070BD4FF0FF30FBE74FF0FF30F8E700EBF9
:1072E000C1018368B3F5004F0AD322B14B6843F064
:1072F00001034B6070474B6823F001034B607047FC
:1073000022B14B8843F001034B8070474B8823F038
:1073100001034B807047131D50F82330DBB9C3685D
:107320004FF0010C0CFA02FC43EA0C03C360043278
:1073300040F8221000EBC1038268B2F5004F06D37B
:1073400099608268B2F5004F03D3D9607047998085
:10735000F7E7D980704710B500EBC30C8468B4F52B
:10736000004F1CD3DCF8082000EBC10EB4F5004F31
:1073700018D3CEF808208468B4F5004F15D3CEF8A2
:107380000C3000EBC2028368B3F5004F10D3D1601C
:107390008368B3F5004F0DD3CCF8081010BDBCF8CE
:1073A0000420E1E7AEF80420E5E7AEF80630E8E7B0
:1073B000D180EDE7ACF80410F0E708B58368B3F5C9
:1073C000004F07D300EBC10252685208012A02D0D5
:1073D000002200E00022A2B900EBC102B3F5004F89
:1073E00010D352685208B3F5004F0DD30823083369
:1073F000A2EBD3020132B2FA82F2C2F11F02FFF70E
:107400008AFF08BD5288EDE70423F0E7F8B5B2F52E
:10741000802F23D30823D21ACC1D24F0070401EBBC
:10742000020C2CF0070CACEB040C4FEADC010460FE
:10743000A1600023E360BCF5802F11D3082308333B
:10744000A1EBD3030133B3FA83F3C3F1200EC3F1ED
:1074500024039B00DE1DF508002308E00423DAE77F
:107460000423ECE71A1D002044F822000133734581
:10747000F8DB6B00BCF5802F32D36360BCF5802F46
:1074800030D300232360BCF5802F2ED3636843F0F4
:10749000010363604A1B570026F00703E018BCF5A0
:1074A000802F27D34760A068B0F5004F24D3E55064
:1074B0002CF00703A444A068B0F5004F1ED30020B1
:1074C000CCF80400A068B0F5004F1BD3E2500122B5
:1074D0002046FFF704FF29462046FFF76EFFF8BD60
:1074E0006380CBE700232380CDE7638843F001036B
:1074F0006380CFE74780D6E7E552D9E70020ACF8B4
:107500000200DFE7E252E2E710B50C4611461A46E8
:10751000029BA04710BD5BB32DE9F04782B0074640
:10752000884691461D461A785E789C78DB7804EB95
:10753000820404EB43042C444FF0000A0AE014F8E0
:10754000013B45F823402046F8F7E2FD01300444B2
:107550000AF1010AB245F2D305F1080300936B6802
:107560004A4641463846FFF7CFFF02B0BDE8F087F4
:107570006FF01500704708B500F0BBF908BD0FB4F7
:1075800000B583B004A951F8040B0191FFF7F3FF94
:1075900003B05DF804EB04B0704701F00701038B02
:1075A00023F007030B43038370472DE9F0410646A0
:1075B0000F469046816821B10C683CB131B90C4648
:1075C00004E00C4602E0234621461C4669B14D68A2
:1075D00043463A463046A847002CF4D02368002B97
:1075E000F2D0002CF0D12346EEE7BDE8F081038B0A
:1075F00013F0070303D102680AB103207047022B7E
:1076000003D0012B06D000207047428B002AF8D10E
:107610000420704703680BB10520704700207047B5
:1076200010B504468C46038B002A07DB03F00703E2
:107630005A1F012A0ED9042B36D010BDD0E9000103
:107640008CE8030000232360636001212046FFF7DC
:10765000A4FFF2E7D0E900018CE8030000222260D9
:107660006260062B1BD1DCF8003053B1628B013213
:1076700062831A461B68002BF7D0002AF5D1134607
:10768000F3E702212046FFF788FF2046FFF7AFFF10
:107690000028D2D0238B43F020032383CDE70021A1
:1076A0002046FFF77AFFF0E70021FFF776FF20463C
:1076B000FFF79DFF0028C0D0238B43F020032383D6
:1076C000BBE750B110B50C4651B1081D00F0C2F82F
:1076D00010B9A368032B06D810BD6FF015007047D2
:1076E0006FF01500F8E76FF01500F5E72DE9F041B0
:1076F00007460C4616461D461946201D00F0C1F8E7
:1077000028B180462B46324621463846C047BDE860
:10771000F0812DE9F04180460C4617461E4604E0F4
:1077200033463A464046FFF7E1FF216831B10D6824
:10773000256063688B42F3D16560F1E7BDE8F081B5
:1077400008B5EFF311824FF0200C8CF31288BFF3D1
:107750006F8F41610121F9F7A1FB08BD034670B1AC
:1077600081B10A688AB14A6892B1002018605860F5
:107770009860D860186158619861196170476FF01E
:10778000150070476FF0150070476FF015007047D7
:107790006FF01500704770B505460E46FFF791FF74
:1077A000041E2EDBEFF31182202383F31288BFF334
:1077B0006F8FB5F818C00CF0070C6B8B4FF6FF718C
:1077C0008B422CD06446BCF1020F08D0BCF1060FEE
:1077D00019D8DFE80CF01E1818181E2A1E000133F5
:1077E0006B8301230021084628B1002030606868BF
:1077F00008B306606E6009BB82F31188BFF36F8F18
:107800000BBB204670BD6FF00404002319461846D8
:10781000EAE7BCFA8CF1490900230120E4E76FF0A4
:107820000A04002319461846DEE76FF0850400239A
:1078300019461846D8E76E602E60DCE7022128461C
:10784000F9F72CFBDDE70023624631462846FFF7B7
:107850004DFFD6E7024658B1436803F00303012BFE
:1078600003D0032B07D1036843B100209060704719
:107870006FF0150070476FF0150070476FF015003E
:1078800070470346426802F003028160032A03D175
:10789000006800225A6070470020FAE77047002015
:1078A00070470120704708B50846F9F7ADFB08BDE1
:1078B00008B501F079F808BD08B520EAE070C117F5
:1078C000C90341EA5041C00340F2E733C0184FF406
:1078D0007A724FF0000341F10001F8F7FFFB02F06C
:1078E000BCF808BD08B500210846F9F7DDFB00200B
:1078F00008BD00B585B00391029000200190009072
:10790000034602460146F9F7CFFC05B05DF804FBDB
:107910000020704770B588B10E46144619460546DA
:1079200033B11030C2F34A23120D184402F0AEF9FD
:107930002C606E602846F9F779FC70BDF9F756FCAB
:10794000FBE710B586B00BAC059403940A9C029437
:10795000099C0194089C0094F9F7A6FC06B010BDA0
:107960002DE9F04180460768856843681C685E68B9
:1079700005E0324621462846B847241A0544002C23
:10798000F7D1D8F8043000221A60BDE8F08100B5C4
:1079900083B08DF807000B684A68526801210DF129
:1079A00007009847002003B05DF804FB38B5044693
:1079B0000D460A2805D029462046FFF7E8FF00209B
:1079C00038BD0D20FFF7E3FFF5E708B513460122A8
:1079D000F9F72CFD08BD08B513460022F9F726FD7E
:1079E00008BD38B505460C4601F00101FFF7F3FF6D
:1079F00021462846F9F7ACFD38BD2DE9F04383B0A8
:107A000080460E4615461F46DDF828902C46102D60
:107A100028BF1024CDF800903B4622463146404610
:107A2000F9F7AAFD26442D1BF0D103B0BDE8F08381
:107A30002DE9F04387B006460C469046D1F80890F1
:107A40000F88C7F382170878C0F3C2050846F9F714
:107A500089FC011E1ADA0023214651F8105BC5F398
:107A60004A256288C2F30B12481905B90021CDF8E6
:107A700014800492039002910197002200924946DB
:107A80003046F9F7DBFD07B0BDE8F0832846F9F78B
:107A9000E7FB0346E0E72DE9F0418046076885688B
:107AA00043681C685E6805E0324621462846B847B0
:107AB000241A0544002CF7D1D8F8043000221A60AB
:107AC000BDE8F0814B09BFF35B8F50F82300BFF393
:107AD0005B8F01F01F01084100F001007047406911
:107AE00020B108B50021FFF7EDFF08BD0020704769
:107AF00038B503464469256815F020001CD0E268BB
:107B0000B2B1013AE260B2B9A268002118469047CA
:107B1000002811DB0123237115F0040F0CD020691C
:107B200043691B6813F4807F07D0FFF7E1FF03E090
:107B30006FF0770000E0002038BD6FF00A00FBE72F
:107B400038B54469EFF31185202383F31288BFF31E
:107B50006F8F23793BB9A36800219847002809DB80
:107B60000123237100E00020236843F020032360F9
:107B70000023E36085F31188BFF36F8F38BD4B0995
:107B8000BFF35B8F50F82300BFF35B8F01F01F0141
:107B9000084100F00100704710B586B00BAC0594A9
:107BA00003940A9C0294099C0194089C0094F9F7A0
:107BB0007BFB06B010BD70B50446406948B3082190
:107BC000FFF7DDFF80B1EFF31186202383F31288E6
:107BD000BFF36F8F2046FFF78BFF054686F31188B2
:107BE000BFF36F8F284670BD00220023002120467E
:107BF000F9F758FE05460028F4D102216069FFF725
:107C0000BEFF0028EED063691869FFF7D4FF054670
:107C1000E8E70025E6E770B5044650F8303C00215F
:107C200050F8240C98470546A4F120064FF0FF3287
:107C30004FF0FF333046FDF7EFF8002D0FDB012347
:107C400004F8343CA4F1100014F8343C01219940AC
:107C500002F016F83046FDF79BF84DB170BD54F8B0
:107C60002C3C013344F82C3C002304F8343CE9E775
:107C70000221A4F13800FFF782FF0028EED054F86B
:107C8000280CFFF798FFE9E710B50446406918B1E2
:107C90000721FFF774FF08B9002010BD2046F9F74F
:107CA00065FEFAE710B586B00BAC059403940A9C08
:107CB0000294099C0194089C0094F9F7F5FA06B027
:107CC00010BD08B501460068F9F704FF08BD08B506
:107CD000F9F724FFF9F74EFF08BD0020704710B5F3
:107CE00086B00BAC059403940A9C0294099C019401
:107CF000089C0094F9F7D8FA06B010BD08B5002327
:107D00001370CB1E092B1AD8DFE803F005090D11FB
:107D10001919191919141146FAF7C8F908BD0021E3
:107D2000FAF7FAF8FAE70021F9F780FFF6E7FAF731
:107D30002FF8F3E71146FAF7BBF80020EEE7FAF761
:107D4000CBF80020EAE708B540B2FAF75BFB08BDC4
:107D500008B540B2FAF764FB08BD08B5013140B27E
:107D6000FAF770FB08BD08B500210120F9F7B2FE53
:107D700008BD61B662B680F31188BFF36F8F70479C
:107D800072B6002383F31188BFF36F8FBFF34F8F59
:107D900030BF62B6BFF36F8F704772B6002383F3B4
:107DA0001188BFF36F8FBFF34F8F20BF80F311880F
:107DB000BFF36F8F62B6704743685A1E134206D1F5
:107DC0001F2B06D903681A4205D0002070470020F7
:107DD0007047002070470120704710B586B00BAC8B
:107DE000059403940A9C0294099C0194089C0094B5
:107DF000F9F75AFA06B010BD00B585B00B680193CB
:107E00004B688A68202B12D9B3F1004F11D8013B7F
:107E1000B3FA83F3C3F11F035B0003F03E03134384
:107E2000039301A9FAF716FC05B05DF804FB0823DB
:107E3000F5E73E23F3E7F0B585B0054603A8F9F76B
:107E4000D7FC0646002424E0B3F5801F20D15768F4
:107E500009589368202B64D9B3F1004F63D8013BD4
:107E6000B3FA83F3C3F11F035B0003F03E0343F057
:107E7000885343F430230097019102936946287890
:107E8000FAF7E8FB0028C0F2A8802B7801332B70AA
:107E90000134B44280F0A4802001039901EB041264
:107EA000D3681B0D1B05B3F5000F5ED01DD8B3F5CD
:107EB000001F3AD0B3F5800FC6D1576809589368B0
:107EC000202B4ED9B3F1004F4DD8013BB3FA83F3C9
:107ED000C3F11F035B0003F03E0343F0E06343F490
:107EE0000033009701910293C8E7B3F1807F56D029
:107EF000B3F1007FCCD1576809589368202B68D91B
:107F0000B3F1004F67D8013BB3FA83F3C3F11F030A
:107F10005B0003F03E0343F480230097019102933A
:107F2000ACE70823A3E73E23A1E757680958936805
:107F3000202B12D9B3F1004F11D8013BB3FA83F3D0
:107F4000C3F11F035B0003F03E0343F0885343F487
:107F5000002300970191029390E70823F5E73E2361
:107F6000F3E70823B9E73E23B7E757680958936852
:107F7000202B10D9B3F1004F0FD8013BB3FA83F394
:107F8000C3F11F035B0003F03E0343F082730097CD
:107F90000191029372E70823F7E73E23F5E757685C
:107FA00009589368202B10D9B3F1004F0FD8013B2B
:107FB000B3FA83F3C3F11F035B0003F03E0343F006
:107FC000887300970191029358E70823F7E73E234F
:107FD000F5E708239FE73E239DE76FF0150000E0DB
:107FE000002005B0F0BD08B5FAF790FB08BD08B554
:107FF000FAF796FB08BD08B50B6949699847002058
:1080000008BD034619B101290CD000207047D3F8F0
:108010001804C0F300407AB1D3F8183403F0030316
:1080200013607047D3F80C04C0F3004022B1D3F8BA
:108030000C3403F0010313707047006901EB410138
:108040008900383108447047406801EB410100EB7A
:10805000810070470069C1EBC10100EB81007047EE
:1080600008B5C9B2FFF7E9FF806800F0070008BD56
:10807000EFF31182202383F31288BFF36F8F03681D
:1080800013F0C00301D08B4207D10123036000200D
:1080900082F31188BFF36F8F70474FF0FF30F7E71F
:1080A000EFF31182202383F31288BFF36F8F0368ED
:1080B00003F0C00C03F00703012B08D08C4509D056
:1080C0004FF0FF3082F31188BFF36F8F704701606C
:1080D0000020F7E76FF07700F4E7EFF31182202339
:1080E00083F31288BFF36F8F036803F0C00343F07C
:1080F0000203036082F31188BFF36F8F7047F8B5F6
:1081000006460C46FFF799FF05684768002340F8CC
:10811000083BFFF7E2FF1DB13A4621463046A8472B
:10812000F8BD70B506461546CCB22146FFF785FF6F
:1081300029460830FFF79CFF002806DB2146304621
:10814000FFF782FF43689847002070BD08B5802282
:10815000FFF7E7FF08BD2DE9F041064690461F46B0
:10816000CDB22946FFF769FF044606990830FFF7AC
:1081700097FF002809DBC4F8008067602946304675
:10818000FFF762FF036898470020BDE8F08110B553
:1081900082B080240094FFF7DEFF02B010BD10B55E
:1081A0001446C9B2FFF756FF0021A04710BD08B51D
:1081B0000120FBF7A7FE08BD08B5012000F045FD32
:1081C00008BD08B5002000F040FD08BD08B520EA54
:1081D000E070C117C90341EA5041C00340F2E733E0
:1081E000C0184FF47A724FF0000341F10001F7F725
:1081F00075FF01F032FC08BD08B51046FCF7C8FD5C
:1082000008BD08B5FAF76CFC0020FBF77BFE08BD43
:108210000B4639B11168196041688A4209D00023C0
:10822000136070471368036041688A42F7D1436066
:10823000F5E74360F3E708B50A460368002101E06B
:1082400019461B682BB19342FAD1FFF7E1FF0120D9
:1082500000E0002008BDF0B51C46059E069D00F01C
:108260001F0C40092FD14FF0A04E0CF5E0735EF8C3
:10827000233059B301205AB30227384354B30C2793
:1082800038434EB34FF4E06738433DB34FF44037C3
:10829000384323EA000019B30B781AB3127852005E
:1082A00013430CB3227892001343FEB132781202CA
:1082B0001343EDB12A781204134303430CF5E07C19
:1082C0004EF82C30F0BD4FF0000ECEE70020D2E784
:1082D0000027D2E70027D3E70027D5E70027D7E715
:1082E0000023DAE70022DBE70022DDE70022DFE7F8
:1082F0000022E1E770B504460D461646036833B127
:10830000FFF799FF70B91EB96FF0150006E032B1A2
:1083100023682B602560636843B1002070BD6FF057
:108320001500FBE7002EF3D10020F7E76560002081
:10833000F4E770B50E461546016821B10C683CB1F2
:1083400031B90C4604E00C4602E0234621461C46A7
:1083500071B18A682A4002D04B6830469847002C99
:10836000F3D02368002BF1D0002CEFD12346EDE7AA
:1083700070BD0069003818BF0120704710F0100F61
:1083800004D110F0200F03D1002070470320704764
:1083900001207047002070470020704743685B68E9
:1083A000D3F810350B60002070472DE9F0410546E9
:1083B0000C4643685F6802EA010821EA0206FFF7FB
:1083C000EBFF002809DBC7F80885C7F80C654FF4F8
:1083D000003221462846FFF7DDFFBDE8F08170B589
:1083E00004460D4643685E68FFF7D6FF002807DBAA
:1083F000C6F808554FF4003229462046FFF7CAFF59
:1084000070BD70B504460D4643685E68FFF7C4FF53
:10841000002807DBC6F80C554FF4003229462046E9
:10842000FFF7B8FF70BD2DE9F04105460C464368E3
:108430005F68D7F8046521EA06080E40FFF7ACFF35
:10844000002809DBC7F80885C7F80C654FF400322F
:1084500021462846FFF79EFFBDE8F081B0F5800F6A
:1084600007D0B1F1C06F0DD0B1F1007F08D001206D
:108470007047B1F1007F01D005207047042070479C
:10848000022070470320704708B500690430FFF7E9
:1084900031FF08BD10B500F01F044009FAF78AFB50
:1084A00030B1014600690122A2400430FFF741FFCC
:1084B00010BD00B54368136001E008331360136812
:1084C00090F808C0D0F804E00EEBCC0C634505D260
:1084D00093F805C08C45F0D1002001E06FF0010059
:1084E0005DF804FB61B900F01F01400906D14FF0AF
:1084F000A04201238B40C2F80C3570470022F8E7F8
:1085000000F01F01400906D14FF0A04201238B402B
:10851000C2F8083570470022F8E738B51346856879
:10852000046912F4801F07D012F4402F04D012F017
:10853000010F01D082F4402323F4801213F0010FC5
:108540000AD023684FF0010C0CFA01FC43EA0C033B
:1085500023602B68984738BD23684FF0010C0CFA54
:1085600001FC23EA0C032360F3E708B503468C46BD
:1085700000681979DA8842EA0C02FFF7CEFF08BDDD
:1085800008B532B1012303FA01F18368DB6898472B
:1085900008BD012303FA01F183681B699847F7E7D7
:1085A00010B503691C6801238B401C4202D0B2FA4B
:1085B00082F25209FFF7E4FF10BD61B900F01F011C
:1085C000400906D14FF0A04201238B40C2F80C3580
:1085D00070470022F8E700F01F01400906D14FF074
:1085E000A04201238B40C2F8083570470022F8E70B
:1085F00030B404E0083404600C68013C0C600C6882
:108600004CB1046865689D42F4D3B5FBF3F5156081
:108610000368186801E00020106030BC704770B536
:10862000044615461E460A4609B30B68636303B346
:108630005368A363334604F1480204F1380104F19E
:108640003400FFF7D5FF6064ADB12B68E363A3B1DD
:108650006B682364334604F1500204F1400104F1D5
:108660003C00FFF7C5FFE0640023236370BD0B46A9
:10867000DCE70023DDE72B46E8E70023E9E70368B2
:10868000E3B110B50446986870B171B91AB99A8807
:1086900012F4805F08D1186900F0B3FF236800224C
:1086A000197B9868FFF77CFF10BD0122197BFFF74B
:1086B00077FF2368186900F0A4FFF5E7704710B54D
:1086C000044601220021FFF7DAFFA36903B110BDC0
:1086D000636004F11000FCF75BFBF8E708B5006984
:1086E00003688B4206D190F85C3033B9FFF7E7FF9F
:1086F000002008BD6FF01500FBE76FF00F00F8E7F2
:1087000010B50469216304F12000FCF741FB00234C
:1087100084F85C3010BD08B503689B8813F4005FD3
:1087200000D008BD002343601030FCF731FBF8E7B0
:1087300038B50446049DAB8813F4005F08D0836904
:108740004BB94368AB4201D0002302E0012300E0B3
:10875000002313B138BD0023FBE704F110004FF0F4
:10876000FF324FF0FF33FCF757FB6560F2E710B5BF
:1087700086B00BAC059403940A9C0294099C019466
:10878000089C0094F8F790FD06B010BD10B584B0B9
:108790000024029401940094FAF718FE04B010BD6E
:1087A00010B582B0044601AAFFF783FE002805DB5E
:1087B000019B226819791868FAF7AAFB02B010BD6C
:1087C00038B50569446831B1012913D10021206A07
:1087D000FFF7E6FF10E095F85D3023B90121206A2C
:1087E000FFF7DEFF08E02046FBF764FF002385F873
:1087F0005D30F3E76FF0850038BD08B50022012138
:108800000420FFF7AAFA08BD00B583B00B4600218B
:10881000019100910A46FAF7B9FE03B05DF804FB36
:10882000F8B504460F4600F013FE0546002239460F
:10883000204600F005FE03213846FFF7E5FF00F073
:10884000B3F8064623685B593BB900F0ADF8831BCB
:10885000062BF7D96FF0730500E000253946204656
:1088600000F0F2FD01213846FFF7CEFF2846F8BDA3
:1088700000B5A2F5807E4FEA9E0E4FF0010C0CFA77
:108880000EFC1CEA010F0DD0815809B900200AE046
:108890000021815082581BB11A684CEA02021A600A
:1088A000012000E000205DF804FB70B582B00646B0
:1088B0000D460024019409E0A20001AB02F5A0726C
:1088C00029463046FFF7D4FF0134E4B2032CF3D934
:1088D00015F0010F02D0D6F8003143B915F0020FA0
:1088E00002D0D6F8043163B9019802B070BD0023FC
:1088F000C6F80031D6F80031019B43F00103019323
:10890000ECE70023C6F80431D6F80431019B43F0AC
:1089100002030193E8E7401A20F07F40704700F11E
:1089200050039B009BB203F1804303F58833186822
:10893000003818BF0120704700F150039B009BB224
:1089400003F1804303F5883300221A601B687047E7
:1089500020F07F407047EFF31180202383F31288CB
:10896000BFF36F8F704780F31188BFF36F8F70472D
:10897000F0B585B0044617461D46FAF7CFFE064609
:108980009DF8303002930B9B01930A9B00933A466B
:108990002B462046FAF790FF054631462046FAF767
:1089A00013FF284605B0F0BD08B5FAF765FF08BD0E
:1089B0004FF08053D3F83031B3F1FF3F03D0062B93
:1089C00006D0002070474FF0704393F8E03FF6E781
:1089D000012070474FF0704393F8E02FD3F8E83F41
:1089E000C3F30313062A01D000207047033B002B7A
:1089F00004D8DFE803F00100012070470020704731
:108A00004FF08053D3F83031B3F1FF3F03D0062B42
:108A100006D0002070474FF0704393F8E03FF6E730
:108A2000012070474FF0704393F8E02FD3F8E83FF0
:108A3000C3F30313062A01D000207047033B002B29
:108A400004D8DFE803F001000120704700207047E0
:108A50004FF08053D3F83031B3F1FF3F03D0062BF2
:108A600006D0002070474FF0704393F8E03FF6E7E0
:108A7000012070474FF0704393F8E02FD3F8E83FA0
:108A8000C3F30313062A01D000207047033B002BD9
:108A900004D8DFE803F00100012070470020704790
:108AA0004FF0704393F8E02FD3F8E83FC3F303137C
:108AB000062A01D000207047033B002B04D8DFE8D2
:108AC00003F0010001207047002070474FF08053F1
:108AD000D3F83031B3F1FF3F07D04FF08052D2F8D6
:108AE0003421062B0AD0002070474FF0704292F8D4
:108AF000E03FD2F8E82FC2F30312F2E7033A012A6B
:108B000004D8DFE802F0010100207047012070471F
:108B10004FF08053D3F83031B3F1FF3F03D0062B31
:108B200006D0002070474FF0704393F8E03FF6E71F
:108B3000012070474FF08053D3F83031B3F1FF3F3D
:108B400003D0062B06D0002070474FF0704393F8F7
:108B5000E03FF6E7012070474FF08053D3F8302113
:108B6000D3F83431062A01D000207047052B03D8F2
:108B7000032B03D30020704701207047012070476A
:108B80004FF08053D3F83021D3F83431062A01D086
:108B900000207047062B03D8032B03D30020704717
:108BA000012070470120704708B5FFF7E9FF38B191
:108BB0004FF01023D3F808224FF08043C3F8582514
:108BC00008BD08B5804708BD08B500F01AFD08BD0E
:108BD000034619B101290CD000207047D3F81804BE
:108BE000C0F300407AB1D3F8183403F003031360E4
:108BF0007047D3F80C04C0F3004022B1D3F80C3412
:108C000003F00103137070470020704708B500207F
:108C1000F9F72CFC00B108BDFFF795F8FBE738B574
:108C200004460368012B02D033B9012300E001237D
:108C30001D461BB1284638BD0023F9E70020FBF78D
:108C4000FBF8FFF7E1FF2060F4E708B5FBF7F4F865
:108C500008BD10B401F5A27150F8214024F4473446
:108C600024F4407440F8214050F82140120202F4EC
:108C7000F8521B0403F440331A43144340F82140D4
:108C800010BC704710B401F5A27150F8214024F4D3
:108C9000981424F4F85440F8214050F8214012026E
:108CA00002F4F8521B0403F440331A439DF80430D5
:108CB0001B0503F480131A43144340F8214010BCF1
:108CC000704700B5A2F5807E4FEA9E0E4FF0010C72
:108CD0000CFA0EFC1CEA010F0DD0815809B90020D6
:108CE0000AE00021815082581BB11A684CEA020246
:108CF0001A60012000E000205DF804FBF0B583B0AD
:108D000005460E4617460024019409E0E2B292009F
:108D100001AB02F5807231462846FFF7D2FF0134DD
:108D2000BC42F3D301AB4FF4BE7231462846FFF785
:108D3000C8FF019803B0F0BDF0B51C46059E069D26
:108D400000F01F0C40092FD14FF0A04E0CF5E0733E
:108D50005EF8233059B301205AB30227384354B385
:108D60000C2738434EB34FF4E06738433DB34FF41C
:108D70004037384323EA000019B30B781AB312784E
:108D8000520013430CB3227892001343FEB13278A1
:108D900012021343EDB12A781204134303430CF576
:108DA000E07C4EF82C30F0BD4FF0000ECEE70020F6
:108DB000D2E70027D2E70027D3E70027D5E700272F
:108DC000D7E70023DAE70022DBE70022DDE7002215
:108DD000DFE70022E1E700B585B08DF80F100DF157
:108DE0000F030193002100910B460A46FFF7A4FFF1
:108DF00005B05DF804FBC0B2704738B50D46007988
:108E0000FBF74CF904462846FFF7F5FF083034F825
:108E1000100000F0010038BD38B50D460079FBF7B1
:108E20003DF904462846FFF7E6FF083034F8100005
:108E3000C0F3401038BD38B50D460079FBF72EF968
:108E400004462846FFF7D7FF083034F8100010F02A
:108E50001C0018BF012038BD38B50D460079FBF75E
:108E60001DF904462846FFF7C6FF083034F8100005
:108E7000C0F3400038BD38B504460D46FFF7ECFF9F
:108E800030B129462046FFF7C7FF18B1012000E0A6
:108E9000002038BD0020FCE708B5FFF7DDFF80F0BB
:108EA0000100C0B208BD7047704738B50D46007963
:108EB000FBF7F4F804462846FFF79DFF083034F826
:108EC0001000400B38BD032894BF002001207047DC
:108ED00070B506460D46002404E04FF0FF33AB4268
:108EE00011D001341F2C0CD83079FBF7D7F804F1DE
:108EF000080330F8133013F4807FEED0C3F343231C
:108F0000EDE7002000E0012070BD38B504460D46B5
:108F1000FFF782FFB8B129462046FFF7BDFF90B1A9
:108F200029462046FFF7C1FF226801238340C2F88B
:108F30000833226800F5A27052F8203023F00303B2
:108F400042F8203003E000212846FFF744FF38BDF7
:108F500038B504460D46FFF75FFF10B94FF4BE70F9
:108F600038BD29462046FFF7A0FF800000F580703D
:108F700080B2F5E7F8B506460F4615460024002CEA
:108F800003DD4FF0FF342046F8BD3079FBF786F85B
:108F900050F83430BB4201D00134F0E700EBC40399
:108FA0005B68AB42F8D1EEE738B50C460079FBF7C9
:108FB00075F805462046FFF71EFF083035F81030DB
:108FC000C3F38203042B11D0052B11D004F01F0230
:108FD000640909D14FF0A043D3F81035D34013F002
:108FE000010F07D0032002E00023F5E7032038BD7E
:108FF0000220FCE70220FAE710B504460846FFF716
:10900000FAFE083034F8103013F4807F04D0C3F334
:10901000432304EBC30010BD0020FCE770B50446F9
:109020000E4615460079FBF739F886602079FBF784
:1090300035F8C56070BD08B50079FBF72FF890F8DA
:109040006000003818BF012008BD70B504460D4609
:1090500016460368D3F80423002A03DB4FF00042CE
:10906000C3F8042329462046FFF7D6FE00B329465D
:109070002046FFF711FFD8B129462046FFF715FF1C
:109080002268830003F580739BB2002199509B589E
:10909000226800F5A27152F8213043F0010342F832
:1090A00021306EB1226801238340C2F8043307E007
:1090B00029462046FFF778FF01462846FFF78BFE3A
:1090C00070BDF8B504460D461646FFF795FF20B172
:1090D0000768426831462846B847A3681BB1E26872
:1090E000314628469847F8BDF8B507460E4614465F
:1090F0001D461046FFF7E7FE60B9022D28D0022179
:109100003046FFF768FE032C26D0022D22D0032D17
:1091100028D0F8BD224631463846FFF7D2FF06F088
:109120001F03720912D14FF0A04203F5E07352F809
:109130002330C3F301439D42EBD100213046FFF7BA
:109140004AFE29463046FFF746FEE2E70022ECE7FA
:109150000321D5E7012CDAD1224631463846FFF704
:10916000B0FFD6E7022CD4D1F6E70023D3B100201C
:10917000704711F0010F0ED01AE04FF0A04CDCF850
:1091800020454EF8044BCCF8204501325C1CA2422D
:10919000F3D3425922B90133002BEAD0002030BD6D
:1091A0000120FCE711F0010F01D10133DEE730B5FA
:1091B0009D001A4600EB830EE8E710B50C460079D7
:1091C000FAF76CFF21465430FAF7D0FD10BD70B5A8
:1091D00005460846FFF70FFE04462879FAF75EFFBA
:1091E00004F1080330F8133013F4807F0BD0C3F37D
:1091F0004326083423F4F85320F814303146284627
:10920000FFF766FE00B170BD2879FAF747FF00232B
:1092100040F836302879FAF741FF31465830FAF7EE
:10922000C9FDF0E770B504460D46FFF7F5FD48B1FE
:10923000266829462046FFF738FE00F5A270002375
:1092400046F8203029462046FFF7C1FF2079FAF77B
:1092500025FF04462846FFF7CEFD0830002324F8FA
:10926000103070BD10B50C460079FAF717FF214693
:109270005430FAF79FFD10BD70B504460D461E46EA
:1092800004984FF0000C01E00CF1010C84450ED263
:109290005FFA8CF2920002F580719208012303FAC2
:1092A00002F21542F0D0002363506358ECE7002D22
:1092B00004DA0023C4F87C31D4F87C3144F307305D
:1092C000FEF741FD0EB1C4F8045370BD2DE9F04125
:1092D00082B080460F4600230193C96D01A8FFF7B5
:1092E00044FF002676B13A6D4FF000414046FFF74B
:1092F00005FDF96D01A8FFF738FF0028F1D102B094
:10930000BDE8F08197F85C3013F0010F10D1013601
:10931000E8E7002405F5E07354F82330C3F3014374
:1093200029463846FFF7E0FE0123AB40C4F820355C
:1093300002AB03EB860353F8044C002CE7D094FAFD
:10934000A4F4B4FA84F404F01F052846FFF753FD93
:10935000083037F81020C2F3820201AB03EB86031A
:109360004FEAD40C04F0070413F80C100120A040BD
:1093700021EA000103F80C106B09CAD14FF0A04498
:10938000C8E7F8B506460F46144618E094FAA4F369
:10939000B3FA83F301229A4024EA020403F5A2738C
:1093A00056F82350C5F3042556F82300C0F30140B6
:1093B000FFF779FD024629463846FFF782FE002C6A
:1093C000E4D1F8BD70B505460E46D0F80413C9B215
:1093D000326D41F00041FFF791FC041E05DB22468F
:1093E00031462846FFF7CDFF70BD31462846FFF7CE
:1093F0006DFF24F00044F2E708B5FAF72FFF08BD2F
:1094000008B5FAF74FFE08BD08B5FFF707FE08BD1F
:1094100008B5FAF7C3FE08BD08B5FAF7EFFF08BDB7
:1094200008B5FFF708FE08BD08B5FAF7CDFF08BD7F
:1094300008B5FFF717FF08BD08B5FFF7BEFE08BD6A
:1094400008B5FFF702FE08BD08B5FFF75EFD08BDD1
:1094500008B5FFF77DFD08BD003A18BF01220229BB
:1094600009D003290AD0012902D0C0F85425704739
:1094700042F00202F9E742F00402F6E742F0060287
:10948000F3E700B583B00B460021019100910A4635
:10949000FAF7E4FF03B05DF804FB08B50346827FEA
:1094A000FF2A09D002F01F0152090ED14FF0A0404F
:1094B00001228A40C0F8082500225A771A721846FD
:1094C00050F8082B5968904708BD0020F0E730B4E9
:1094D00082B0D0F81835DBB28DF807300B6A8A6994
:1094E000934203D24A699DF80740D4540B6A5A1C30
:1094F0000A62023391F824403CB10C699C4200D9C5
:109500000B618C699C4200D98B610C699C4208D824
:109510008D699D420DD8A24210D3AA4210D20120DB
:1095200004E0CA68D35CC0F81C35012002B030BC2E
:109530007047CB7FC0F81C350120F7E70120F5E725
:109540000020F3E738B504460D4600230B620421E2
:10955000C0F80813C0F80831D0F80831536883B157
:1095600013681B78C4F81C355368012B0BD913689A
:109570005B78C4F81C352B6863B10423C4F804334A
:1095800038BDEB7FEEE7D368012BF4D9EB7FC4F84D
:109590001C35F0E7D4F80831002BFBD00023C4F8C9
:1095A0000831D4F8083129462046FFF790FF0028FB
:1095B000F0D1AB7FFF2BE3D003F01F025B0906D194
:1095C0004FF0A04101239340C1F80835D8E70021AE
:1095D000F8E710B50C460022C0F80821D0F8083191
:1095E000FFF775FF00B110BD2046FFF756FFFAE701
:1095F00008B5FBF72FF908BD08B5FFF7F9FF002004
:1096000008BD00B9704708B5F9F736F908BD60B173
:10961000C3685A7812F0010F03D01B781BB10020E9
:10962000704700207047012070470020704710B538
:1096300086B00BAC059403940A9C0294099C019497
:10964000089C0094F7F730FE06B010BDEFF31183CD
:10965000202383F31288BFF36F8FFEE738B5456888
:109660000368A3B128469847044630B100280CDBB4
:10967000FF2C00DDFF24EB681C70EA68537843F090
:10968000010353702CB1204638BD4442F0E700245A
:10969000F3E72846FEF7F8FAF5E708B500F004FB13
:1096A00008BD08B500F0F2FA08BD704708B5EFF341
:1096B0001183202383F31288BFF36F8FFEF760FBC3
:1096C000F5E700BF70470B4639B111681960416872
:1096D0008A4209D000231360704713680360416811
:1096E0008A42F7D14360F5E74360F3E730B108B54C
:1096F00000221146C83000F0DAF908BD002070479A
:1097000070B50D46C36813F0020F22D1044613F062
:10971000040F23D10B68ABB1E36813F0010F14D031
:10972000A3682B60022621462868FBF7D1FB00289E
:1097300011DBE36843F00403E3602B68A36036B1F8
:1097400030460AE083680B60E6E70126EBE7304627
:1097500001E06FF00F0000232B6070BD0020FAE7DE
:1097600010B582B00346EFF31184202282F31288F1
:10977000BFF36F8F0022019250F8042C22F00801F1
:1097800040F8041C12F0080F05D184F31188BFF3D0
:109790006F8F02B010BD10389B69019301A9FFF7CC
:1097A000AFFFF2E708B5C36823F01003C3601030C1
:1097B000FBF7EEFA08BD38B504460D46302200210D
:1097C00000F072FA65604FF48073E36038BD10B545
:1097D00082B00190EFF31184202080F31288BFF350
:1097E0006F8FC86810F01E0F06D0002084F3118818
:1097F000BFF36F8F02B010BD01A8FBF75DFCF5E76A
:10980000F8B50546D31D23F007037F3323F03F034C
:1098100001F14007A3F140063F2B07D8002282F355
:109820001188BFF36F8F0422104602DFCC18214647
:109830002846F8F78BF9073020F00700C5F8A47028
:10984000C5F8A860C5F8AC00201AF8BDEFF3058094
:10985000003818BF012070478430704710B40024CE
:109860008460037342738173C4738461C46110BCE8
:109870007047F0B587B00446129E139D00270597E8
:10988000109F04970F9F03970E9F02970D9F0197BC
:109890000C9F0097FBF796FCB5F1FF3F08BFB6F1B0
:1098A000FF3F02D1204607B0F0BD32462B4620468E
:1098B000FBF768FCF6E70020704738B504460D4614
:1098C000FBF75EFD637B43F00203637335B3A56072
:1098D0002B689D420DD100230BE05A686260236023
:1098E00014605C601AE01A4669688A420FD01B68EF
:1098F0007BB173B194F90E1093F90E209142F2D01E
:10990000521A002AE9DC1A46002BEDD1F0E70023B9
:10991000EEE76B68256063601C606C6038BD08B55D
:10992000183000F05DF908BD70B506460468844241
:109930001AD0DCB16268236813605A600025256084
:109940006560637B23F002036373A56004F1180074
:1099500000F046F9C4F8BC502046FBF7B3FC34686D
:10996000A642E6D10024E4E70024E2E770BD70B52A
:10997000044616461D46FFF7A0FF32462B462046FA
:10998000FBF7C6FD70BD38B504460023EFF3118523
:10999000202282F31288BFF36F8F04E085F31188D1
:1099A000BFF36F8F012343B92046FFF784FF0028E0
:1099B000F4D12046FBF786FCF0E738BD70B50446CD
:1099C0000E460023EFF31185202282F31288BFF3A5
:1099D0006F8F0BE0637B23F0040363732046FBF778
:1099E00071FC85F31188BFF36F8F01231A46F3B919
:1099F000637B03F0280394F86C1009B106B10122CF
:109A0000002084F86C0012F0010FEAD1002BE8D19D
:109A1000A368002BDED06268236813605A60206060
:109A20006060627B22F002026273A060D2E770BDC8
:109A300008B501211838FFF7C1FF08BD08B5EFF3DD
:109A40001180202383F31288BFF36F8FFBF706FE8C
:109A500008BD031D43608360704738B505460C465A
:109A6000FBF7BAFEB4F1FF3F08BFB5F1FF3F1BD0D3
:109A7000C217510141EAD06143011B1A61EB020197
:109A8000890041EA93719B001B1842EB0102D2004E
:109A900042EA5372DB0047F6FF71581842F10002A8
:109AA000C00B40EA424038BD4FF0FF30FBE72DE9E4
:109AB000F0410546884617460023EFF31186202221
:109AC00082F31288BFF36F8F184604E086F3118883
:109AD000BFF36F8F0123F3B92C68A542F6D0002C99
:109AE000F4D0C4F8BC8067616268236813605A6070
:109AF00000232360636094F80DC02CF0020C84F8FE
:109B00000DC0A36004F1180000F06AF82046FBF7CE
:109B1000D9FB0120DAE7BDE8F0812DE9F0410546E7
:109B20000F4616460023EFF31188202282F3128895
:109B3000BFF36F8F194616E000247CB131462046F2
:109B4000B847014650B922466B689C42F4D024685D
:109B5000002CF2D0002AF0D11446EEE788F31188E9
:109B6000BFF36F8F012323B92C68A542E5D10024F0
:109B7000E3E70846BDE8F08110B50446FCF77AF843
:109B800048B102460369416920691B18606941EBCD
:109B90000001136151616268236813605A600023F9
:109BA0002360636010BD10B5FCF75AF80446FCF75B
:109BB0006DF87CB1236962691B1A62EBE072B3F144
:109BC000004F72F1000108DA002A01DB184610BDCF
:109BD0000023FBE76FF00040F9E76FF00040F6E785
:109BE000F8B504460023EFF31187202282F3128890
:109BF000BFF36F8F6FF015000AE0FFF7D4FF00216D
:109C0000F9F75CFF304687F31188BFF36F8F0123AC
:109C10001E4663B92368002BF5D0FCF721F80546F2
:109C20002046FFF7A9FFA542E7D03046EBE7F8BD95
:109C300008B5FCF71FF908BD0140012A03D0081E32
:109C400018BF01207047884214BF002001207047D0
:109C500038B504460D46826E02F001024968406E36
:109C6000FFF7EAFF08B9002038BD012384F86C3003
:109C70002B6823662C6004F11800FFF7B1FFF2E7B0
:109C800008B54FF0FF32FCF715F908BD0A449142C0
:109C900000F1FF3300D1704710B511F8014B03F804
:109CA000014F9142F9D110BD02440346934200D1C5
:109CB000704703F8011BF9E710B50139044632B1CA
:109CC00011F8013F00F8013B013A002BF7D10021C8
:109CD000FFF7EAFF204610BD10B5024601448A4254
:109CE000134603D01C780132002CF8D1181A10BD8D
:109CF000F0B5C3F137070446FFB203F01F03104667
:109D0000082BE6B233D0102B3ED06508A40844EAF5
:109D1000817445EAC1752D194FEA910242EB510257
:109D2000290941EA02716D1842EB1212290A41EA2F
:109D300002616D1842EB1222290C41EA02416D18B2
:109D400042EB1242AD1842F10002EC0844EA4274C0
:109D5000D10804EB8402A6EB4205EDB2092D0CD923
:109D60000134A5F10A0541F10001EDB212E0E40869
:109D700044EA417406F00705C908303554EA010287
:109D800000F8015BBCD1F0BD240944EA017406F07F
:109D90000F050909092D84BFED19EDB2EDE70000AB
:109DA0000148006870470000A80B00206463FF7F33
:109DB000010000006128000000000000012B0000ED
:109DC000FC9D0000F995000000000000792E0000C5
:109DD000149E00006539000000000000E5780000D6
:109DE000000000003D28000000000000155F00009A
:109DF00000000000053500002C9E00001CA800009B
:109E00004CA80000DC9F000031060020D80B002089
:109E10000000000064A8000074A80000B09F0000CB
:109E2000330600202C0C00200000000064AA000073
:109E300084AA0000D49F000035060020640500209D
:109E4000C0040020E93F0000C38B000000000000B8
:109E5000677D000000000000677D0000000000003A
:109E6000677D0000DD470000C38B0000000000009C
:109E7000677D000049440000C38B00000000000023
:109E8000677D000000000000677D0000000000000A
:109E9000677D000000000000677D000000000000FA
:109EA000677D000000000000677D000000000000EA
:109EB000677D000000000000677D000000000000DA
:109EC000677D000000000000677D000000000000CA
:109ED0007D3A000000000000677D000000000000E7
:109EE000677D000000000000677D000000000000AA
:109EF000677D000000000000677D0000000000009A
:109F0000677D000000000000677D00000000000089
:109F1000677D000000000000677D00000000000079
:109F2000677D000000000000677D00000000000069
:109F3000677D000000000000677D00000000000059
:109F4000677D000000000000677D00000000000049
:109F5000677D000000000000677D00000000000039
:109F6000677D000000000000677D00000000000029
:0C9F7000677D000000000000677D00001D
:109F800088060020C00C002000100000050400001E
:109F900000000000000000000000000007000000BA
:109FA0000000000054A100000000000000000000BC
:109FB000B92C00009D830000AB830000DF8300000C
:109FC0000384000027840000C52B00008984000062
:109FD000000000008D870000DD860000A92A000037
:109FE0004D8100008F8100000000000061800000B2
:109FF00000000000000000006CA100000400000050
:10A0000078A10000030000003CA80000030000004D
:10A010009CA1000003000000A0A1000003000000BC
:10A020008CA700000300000014AC00000300000037
:10A03000D8A20000030000000CA8000003000000EC
:10A0400074AA000003000000A4A20000700B00200E
:10A0500094A2000001000000040000000F000000B6
:10A060000100000008000000200000007000000057
:10A07000800000000D0000000C0000000E00000039
:10A080005000000084000000B8000000FFFFFFFF48
:0CA09000FFFFFFFFFFFFFFFFFFFFFFFFD0
:10A0A0000000E0000000000018AC0000000100000B
:10A0B0000338FDD870470000496E2074686520722F
:10A0C000656164207468726561640000583A2025F7
:10A0D000642C20593A2025642C205A3A202564000B
:10A0E0007370695F7472616E7363656976655F64CE
:10A0F000742829206661696C65642C206572723A47
:10A100002025642C20307825303258007370695F28
:10A1100077726974655F64742829206661696C656B
:10A12000642C206572722025640000004572726FF5
:10A13000723A2053504920646576696365206973DB
:10A14000206E6F742072656164792C206572723A9A
:10A15000202564007468726561645F726561645F84
:10A16000626D613430305F696400000061707000BE
:10A17000149E00000400200063627072696E7466B1
:10A180005F7061636B61676500000000317A0000F9
:10A190000000000000000000000000006C6F67007D
:10A1A0006C6F675F6D676D74000000004D657373C1
:10A1B0006167652064726F707065642062656361B9
:10A1C00075736520697420657863656564732073B1
:10A1D000697A65206C696D69746174696F6E202895
:10A1E000257529005B2530386C755D200000000066
:10A1F0005B253032753A253032753A253032752E6E
:10A20000253033752C253033755D20001B5B306D98
:10A21000000000002573000025732E0025733A20EE
:10A22000000000003C25733E2000000025732F0035
:10A23000257320000D0A0000253032782000000030
:10A24000202020007C000000256300001B5B313BC8
:10A2500033316D001B5B313B33336D00657272002F
:10A2600077726E00696E660064626700000000002D
:10A270004CA2000054A200000000000000000000FA
:10A28000000000005CA2000060A2000064A20000C8
:10A2900068A200006C6F675F6261636B656E645FEC
:10A2A00072747400D1170000000000000D17000048
:10A2B000F11600000000000025170000000000005B
:10A2C00085170000780B0020880B0020010000009B
:10A2D0000001010301000301706D5F64657669632D
:10A2E00065000000556E62616C616E636564207389
:10A2F000757370656E6400002A2A2A20426F6F749D
:10A30000696E67206E524620436F6E6E65637420DF
:10A3100053444B2076332E302E312D39656235363D
:10A3200031356461363662202A2A2A0A000000008C
:10A330002A2A2A205573696E67205A6570687972D7
:10A34000204F532076342E302E39392D373766384A
:10A350003635623866386430202A2A2A0A0000001E
:10A3600072302F61313A2020307825303878202023
:10A3700072312F61323A2020307825303878202011
:10A3800072322F61333A202030782530387800003F
:10A3900072332F61343A202030782530387820729B
:10A3A00031322F69703A2020307825303878207289
:10A3B00031342F6C723A2020307825303878000004
:10A3C00020787073723A2020307825303878000079
:10A3D0004661756C74696E6720696E73747275631B
:10A3E00074696F6E206164647265737320287231C2
:10A3F000352F7063293A20307825303878000000F6
:10A40000556E68616E646C6564204952516E3A20E5
:10A4100025640000535053454C20696E20746872C7
:10A42000656164206D6F646520646F6573206E6F75
:10A430007420696E64696361746520505350000034
:10A440002A2A2A2A2A20425553204641554C542074
:10A450002A2A2A2A2A0000002020537461636B698B
:10A460006E67206572726F72000000002020556ECA
:10A47000737461636B696E67206572726F7200003E
:10A480002020507265636973652064617461206285
:10A490007573206572726F720000000020204246C2
:10A4A000415220416464726573733A203078257894
:10A4B000000000002020496D70726563697365209B
:10A4C0006461746120627573206572726F7200003E
:10A4D0002020496E737472756374696F6E206275A3
:10A4E00073206572726F72002020466C6F61746910
:10A4F0006E672D706F696E74206C617A7920737449
:10A5000061746520707265736572766174696F6ECF
:10A51000206572726F7200002A2A2A2A2A20555357
:10A52000414745204641554C54202A2A2A2A2A00D0
:10A5300020204469766973696F6E206279207A659C
:10A54000726F00002020556E616C69676E65642033
:10A550006D656D6F727920616363657373000000D0
:10A5600020204E6F20636F70726F636573736F721C
:10A5700020696E737472756374696F6E7300000086
:10A580002020496C6C6567616C206C6F6164206F82
:10A5900066204558435F52455455524E20696E74AB
:10A5A0006F205043000000002020496C6C656761FB
:10A5B0006C20757365206F66207468652045505364
:10A5C000520000002020417474656D707420746F17
:10A5D000206578656375746520756E646566696E5F
:10A5E000656420696E737472756374696F6E0000C0
:10A5F0002A2A2A2A2A204465627567206D6F6E69AF
:10A60000746F7220657863657074696F6E202A2A92
:10A610002A2A2A005265736572766564204578633C
:10A62000657074696F6E20280000000053707572A9
:10A63000696F757320696E74657272757074202805
:10A6400049525120000000002A2A2A2A2A20257374
:10A6500020256429202A2A2A2A2A00002A2A2A2A8E
:10A660002A204D5055204641554C54202A2A2A2A4A
:10A670002A0000002020537461636B696E672065B7
:10A6800072726F722028636F6E74657874206172C5
:10A690006561206D69676874206265206E6F742043
:10A6A00076616C6964290000202044617461204156
:10A6B00063636573732056696F6C6174696F6E00B4
:10A6C00020204D4D46415220416464726573733AB7
:10A6D00020307825780000002020496E7374727550
:10A6E0006374696F6E204163636573732056696F8D
:10A6F0006C6174696F6E00002A2A2A2A2A20484158
:10A700005244204641554C54202A2A2A2A2A000025
:10A710002020427573206661756C74206F6E207600
:10A720006563746F72207461626C65207265616428
:10A730000000000020204465627567206576656E24
:10A740007400000020204661756C7420657363619D
:10A750006C6174696F6E20287365652062656C6F2B
:10A7600077290000415243485F45584345505420E3
:10A770007769746820726561736F6E2025780A00AE
:10A78000C00400200000000000000B066D70750082
:10A790004661696C656420746F20616C6C6F6361E5
:10A7A0007465206E6577204D505520726567696F1E
:10A7B0006E2025750A000000506172746974696F1B
:10A7C0006E2025753A2073616E697479206368651F
:10A7D000636B206661696C65642E000002000000F6
:10A7E000F4A70000464C4153485F30005352414D9E
:10A7F0005F30000000000000E4A700002400020712
:10A8000000000020ECA700001E000B11736F630016
:10A81000D1280000B128000000000000636C6F63C5
:10A820006B40343030303030303000006866636C5C
:10A830006B0000006C66636C6B000000636C6F6300
:10A840006B5F636F6E74726F6C00000039290000DB
:10A85000A92900002CA8000003820000C381000089
:10A8600034A800006770696F4035303030303030C8
:10A8700030000000FFFFFFFF00000050FFFFFFFF60
:10A880000000000000600040000000000001020322
:10A890000405060748616C662D6475706C65782048
:10A8A0006E6F7420737570706F7274656400000051
:10A8B000536C617665206D6F6465206973206E6FDF
:10A8C0007420737570706F72746564206F6E2025CC
:10A8D000730000004C6F6F706261636B206D6F647A
:10A8E00065206973206E6F7420737570706F727459
:10A8F00065640000576F72642073697A6573206F16
:10A9000074686572207468616E203820626974739F
:10A9100020617265206E6F7420737570706F727431
:10A92000656400004672657175656E6369657320C4
:10A930006C6F776572207468616E20313235206BE0
:10A94000487A20617265206E6F7420737570706F25
:10A9500072746564000000004661696C656420746F
:10A960006F20696E697469616C697A65206E7266C0
:10A9700078206472697665723A2025303878000054
:10A9800054696D656F75742077616974696E6720AD
:10A99000666F72207472616E7366657220636F6D8C
:10A9A000706C6574650000005570646174652065A5
:10A9B0007863656564732063757272656E74206276
:10A9C000756666657200000057616974696E67207C
:10A9D000666F722057414B452061636B6E6F776CD9
:10A9E0006564676D656E742074696D6564206F754C
:10A9F000740000004353204750494F20706F727419
:10AA00002025732070696E202564206973206E6F85
:10AA100074207265616479004661696C65642074B4
:10AA20006F20616C6C6F63617465204750494F54AF
:10AA300045206368616E6E656C20666F72205741B9
:10AA40004B4500004661696C656420746F20636F3C
:10AA50006E6669677572652057414B452070696E57
:10AA600000000000737069403430303034303030D2
:10AA7000000000007370695F6E7266785F737069C2
:10AA8000000000000040004000000000000000FF47
:10AA900000FF0000000000000000000101000000B5
:10AAA000FB870000B4AA0000FFFFFFFF00000000CA
:10AAB0000000000000400040C0AA000002000000AA
:10AAC000DCAA000003000000D0AA0000030100007F
:10AAD00007800004058000050680000607000004CA
:10AAE0000500000506000006149E00000800010095
:10AAF0005465726D696E616C00000000000000001A
:10AB0000000054545220524547474553000000006E
:10AB100043505520657863657074696F6E0000005E
:10AB2000556E68616E646C656420696E74657272DE
:10AB300075707400537461636B206F766572666C18
:10AB40006F7700004B65726E656C206F6F707300DD
:10AB50004B65726E656C2070616E69630000000069
:10AB6000556E6B6E6F776E206572726F72000000AB
:10AB7000756E6B6E6F776E0048616C74696E6720DE
:10AB800073797374656D00003E3E3E205A4550480F
:10AB9000595220464154414C204552524F52202593
:10ABA000643A202573206F6E2043505520256400A1
:10ABB0004661756C7420647572696E6720696E7485
:10ABC0006572727570742068616E646C696E670A74
:10ABD0000000000043757272656E742074687265BF
:10ABE00061643A20257020282573290069646C650A
:10ABF000000000006D61696E00000000B49D00005F
:10AC0000B49D0000D49D0000DC9D0000FC9D000070
:10AC1000FC9D00006F730000737973776F726B7126
:10AC2000000020202020202020202028282828283C
:10AC30002020202020202020202020202020202014
:10AC4000202088101010101010101010101010106C
:10AC5000101004040404040404040404101010106C
:10AC60001010104141414141410101010101010127
:10AC70000101010101010101010101010110101097
:10AC800010101042424242424202020202020202FA
:10AC9000020202020202020202020202021010106A
:10ACA0001020000000000000000000000000000074
:10ACB0000000000000000000000000000000000094
:10ACC0000000000000000000000000000000000084
:10ACD0000000000000000000000000000000000074
:10ACE0000000000000000000000000000000000064
:10ACF0000000000000000000000000000000000054
:10AD00000000000000000000000000000000000043
:10AD10000000000000000000000000000000000033
:10AD20000000286E756C6C29002A666C6F61742AAD
:04AD3000000000001F
:10AD3C000000000000000000C187000000000000BF
:10AD4C000000000000000000D8040020D8040020FF
:10AD5C000100000001000000E8040020E8040020CD
:10AD6C0000000000000000000000000000000000D7
:10AD7C0000000000000000000000000000000000C7
:10AD8C0000000000000000000000000000000000B7
:10AD9C000000000000000000000000003006002051
:10ADAC00000000009104000015050000AB640000D9
:10ADBC0000000800000000002C9E000040420F0024
:10ADCC0000010000149E00000800010000000000BB
:10ADDC009F7800000000000000000000E8AA0000BE
:10ADEC000100000074050020740500200000000024
:10ADFC0001000000840500208405002000000000F4
:10AE0C000100000000000000000000000000000035
:10AE1C000000000000000000000000000000000026
:10AE2C0000000000000000002C9E0000000000004C
:10AE3C000000000000000000000000000000000006
:10AE4C0000000000000000000000000000000000F6
:10AE5C0000000000000000000000000000000000E6
:10AE6C0000000000000000000000000000000000D6
:10AE7C0000000000000000000000000000000000C6
:10AE8C000000000008000000FF00000000000000AF
:10AE9C000100000000000000280600202806002009
:07AEAC001F00000000000080
:10AEB400000000000000000000000000000000008E
:10AEC400000000000000000000000000000000007E
:10AED400000000000000000000000000000000006E
:10AEE40000000000000000000000000074060020C4
:10AEF40074060020000000000100000015E015E0C9
:00000001FF
